﻿Organisation Chain,Tender Reference Number,Tender ID,Withdrawal Allowed,Tender Type,Form of contract,Tender Category,No. of Covers,General Technical Evaluation Allowed,ItemWise Technical Evaluation Allowed,Payment Mode,Is Multi Currency Allowed For BOQ,Is Multi Currency Allowed For Fee,Allow Two Stage Bidding,Cover No,Cover,Document Type,Description,Publish Date,Bid Opening Date,Document Download / Sale Start Date,Document Download / Sale End Date,Clarification Start Date,Clarification End Date,Bid Submission Start Date,Bid Submission End Date,Financial Bid Opening Date,EMD Amount in ₹,EMD Exemption Allowed,EMD Fee Type,EMD Percentage,EMD Payable To,EMD Payable At,S.No,Corrigendum Title,Corrigendum Type,View,S.No.1,Bank Name,Tender Fee in ₹,Fee Payable To,Fee Payable At,Tender Fee Exemption Allowed,Name,Address,Title,Work Description,Pre Qualification Details,Independent External Monitor/Remarks,Tender Value in ₹,Product Category,Sub category,Contract Type,Bid Validity(Days),Period Of Work(Days),Location,Pincode,Pre Bid Meeting Place,Pre Bid Meeting Address,Pre Bid Meeting Date,Bid Opening Place,Should Allow NDA Tender,Allow Preferential Bidder,Organisation Chain,Tender Reference Number,Tender ID,Withdrawal Allowed,Tender Type,Form of contract,Tender Category,No. of Covers,General Technical Evaluation Allowed,ItemWise Technical Evaluation Allowed,Payment Mode,Is Multi Currency Allowed For BOQ,Is Multi Currency Allowed For Fee,Allow Two Stage Bidding,Cover No,Cover,Document Type,Description,Publish Date,Bid Opening Date,Document Download / Sale Start Date,Document Download / Sale End Date,Clarification Start Date,Clarification End Date,Bid Submission Start Date,Bid Submission End Date,Financial Bid Opening Date,EMD Amount in ₹,EMD Exemption Allowed,EMD Fee Type,EMD Percentage,EMD Payable To,EMD Payable At,S.No,Corrigendum Title,Corrigendum Type,View,S.No.1,Bank Name,Tender Fee in ₹,Fee Payable To,Fee Payable At,Tender Fee Exemption Allowed,Name,Address,Title,Work Description,Pre Qualification Details,Independent External Monitor/Remarks,Tender Value in ₹,Product Category,Sub category,Contract Type,Bid Validity(Days),Period Of Work(Days),Location,Pincode,Pre Bid Meeting Place,Pre Bid Meeting Address,Pre Bid Meeting Date,Bid Opening Place,Should Allow NDA Tender,Allow Preferential Bidder,Contract Date :,Contract Value :,Work Completion Period in days :,Updated By :,Updated on :,AOC document :,Type :,Summary :,Updated By :.1,Updated On :,Document :,Committee Chairperson/Co-ordinator Name :,Committee Chairperson/Co-ordinator Type :,Committee Members :,Updated By :.2,Updated on :.1,Document :.1,Type :.1,Summary :.1,Updated By :.3,Updated On :.1,Document :.2,Committee Chairperson/Co-ordinator Name :.1,Committee Chairperson/Co-ordinator Type :.1,Committee Members :.1,Updated By :.4,Updated On :.2,Financial Bid Opening Date:,Document :.3,Tender ID :,Tender Ref No :,Tender Title :
Assam Electricity Grid Corporation Ltd||CGM (T and T),AEGCL/MD/CGMUAR/TEqp/2022/BID,2023_AEGCL_32388_1,Yes,Open Tender,Supply,Goods,2.0,No,No,Online,No,No,No,1.0,Fee/PreQual/Technical,.rar,Technical Documents,07-Sep-2023 12:00 PM,17-Oct-2023 02:00 PM,07-Sep-2023 12:00 PM,16-Oct-2023 12:00 PM,07-Sep-2023 12:00 PM ,15-Sep-2023 12:00 PM ,15-Sep-2023 12:00 PM,16-Oct-2023 12:00 PM,08-Jan-2024 03:00 PM,"1,21,436",Yes,fixed,,Nil,Nil,1.0,Time Extension-I,Date,,1.0,SBI Bank,"2,000",Nil,Nil,No,CGM OnM UAR,"1st Floor, Bijulee Bhawan, Paltan Bazar",Supply of Current Transformers for Upper Assam Region of AEGCL,Supply of Current Transformers for Upper Assam Region of AEGCL,Please refer Tender documents. ,NA ,"60,71,808",Supply of Materials,NA ,Tender,180.0,180.0,Upper Assam Region of AEGCL,786001.0,NA ,NA ,NA ,"1st Floor, Bijulee Bhawan, Paltan Bazar",No ,No,Assam Electricity Grid Corporation Ltd||CGM (T and T),AEGCL/MD/CGMUAR/TEqp/2022/BID,2023_AEGCL_32388_1,Yes,Open Tender,Supply,Goods,2.0,No,No,Online,No,No,No,1.0,Fee/PreQual/Technical,.rar,Technical Documents,07-Sep-2023 12:00 PM,17-Oct-2023 02:00 PM,07-Sep-2023 12:00 PM,16-Oct-2023 12:00 PM,07-Sep-2023 12:00 PM ,15-Sep-2023 12:00 PM ,15-Sep-2023 12:00 PM,16-Oct-2023 12:00 PM,08-Jan-2024 03:00 PM,"1,21,436",Yes,fixed,,Nil,Nil,1.0,Time Extension-I,Date,,1.0,SBI Bank,"2,000",Nil,Nil,No,CGM OnM UAR,"1st Floor, Bijulee Bhawan, Paltan Bazar",Supply of Current Transformers for Upper Assam Region of AEGCL,Supply of Current Transformers for Upper Assam Region of AEGCL,Please refer Tender documents. ,NA ,"60,71,808",Supply of Materials,NA ,Tender,180.0,180.0,Upper Assam Region of AEGCL,786001.0,NA ,NA ,NA ,"1st Floor, Bijulee Bhawan, Paltan Bazar",No ,No,16-Jul-2024,"INR 5,138,900",180.0,Rahul Satnami,16-Jul-2024 04:48 PM,CA_CT_upload.pdf,Finance,Financial bids have been opened.,Rahul Satnami,08-Jan-2024 03:16 PM,None,CGM OnM UAR,Internal,,Rahul Satnami,16-Jul-2024 04:43 PM,finsummary_52030.pdf,Technical,Techno-commercial bids have been opened.,Rahul Satnami,17-Oct-2023 04:10 PM,None,CGM OnM UAR,Internal,,Rahul Satnami,08-Jan-2024 12:38 PM,08-Jan-2024 03:00 PM,techsummary_52030.pdf,,,
,,,,,,,,,,,,,,,,.rar,MA and GTP,,,,,,,,,,,,,,,,2.0,Corrigendum-II,Technical Bid,,,,,,,,,,,,,,,,,,,,,,,,,,,,,,,,,,,,,,,,,,,,.rar,MA and GTP,,,,,,,,,,,,,,,,2.0,Corrigendum-II,Technical Bid,,,,,,,,,,,,,,,,,,,,,,,,,,,,,,,,,,,,,,,,,,,,,,,,,,,,,,,,,,,
,,,,,,,,,,,,,,,,.rar,Financial Documents,,,,,,,,,,,,,,,,,,,,,,,,,,,,,,,,,,,,,,,,,,,,,,,,,,,,,,,,,,,,,,.rar,Financial Documents,,,,,,,,,,,,,,,,,,,,,,,,,,,,,,,,,,,,,,,,,,,,,,,,,,,,,,,,,,,,,,,,,,,,,,,,,,,,,
,,,,,,,,,,,,,,,,.rar,Others,,,,,,,,,,,,,,,,,,,,,,,,,,,,,,,,,,,,,,,,,,,,,,,,,,,,,,,,,,,,,,.rar,Others,,,,,,,,,,,,,,,,,,,,,,,,,,,,,,,,,,,,,,,,,,,,,,,,,,,,,,,,,,,,,,,,,,,,,,,,,,,,,
,,,,,,,,,,,,,,2.0,Finance,.xls,BOQ,,,,,,,,,,,,,,,,,,,,,,,,,,,,,,,,,,,,,,,,,,,,,,,,,,,,,,,,,,,,2.0,Finance,.xls,BOQ,,,,,,,,,,,,,,,,,,,,,,,,,,,,,,,,,,,,,,,,,,,,,,,,,,,,,,,,,,,,,,,,,,,,,,,,,,,,,
,,,,,,,,,,,,,,,,,,,,,,,,,,,,,,,,,,,,,,,,,,,,,,,,,,,,,,,,,,,,,,,,,,,,,,,,,,,,,,,,,,,,,,,,,,,,,,,,,,,,,,,,,,,,,,,,,,,,,,,,,,,,,,,,,,,,,,,,,,,,,,,,,,,,,,,,,,,2023_AEGCL_32388_1,AEGCL/MD/CGMUAR/TEqp/2022/BID,Supply of Current Transformers for Upper Assam Region of AEGCL
