﻿Organisation Chain,Tender Reference Number,Tender ID,Withdrawal Allowed,Tender Type,Form of contract,Tender Category,No. of Covers,General Technical Evaluation Allowed,ItemWise Technical Evaluation Allowed,Payment Mode,Is Multi Currency Allowed For BOQ,Is Multi Currency Allowed For Fee,Allow Two Stage Bidding,Cover No,Cover,Document Type,Description,Publish Date,Bid Opening Date,Document Download / Sale Start Date,Document Download / Sale End Date,Clarification Start Date,Clarification End Date,Bid Submission Start Date,Bid Submission End Date,EMD Amount in ₹,EMD Exemption Allowed,EMD Fee Type,EMD Percentage,EMD Payable To,EMD Payable At,Tender Fee in ₹,Fee Payable To,Fee Payable At,Tender Fee Exemption Allowed,Name,Address,Title,Work Description,Pre Qualification Details,Independent External Monitor/Remarks,Tender Value in ₹,Product Category,Sub category,Contract Type,Bid Validity(Days),Period Of Work(Days),Location,Pincode,Pre Bid Meeting Place,Pre Bid Meeting Address,Pre Bid Meeting Date,Bid Opening Place,Should Allow NDA Tender,Allow Preferential Bidder,Organisation Chain,Tender Reference Number,Tender ID,Withdrawal Allowed,Tender Type,Form of contract,Tender Category,No. of Covers,General Technical Evaluation Allowed,ItemWise Technical Evaluation Allowed,Payment Mode,Is Multi Currency Allowed For BOQ,Is Multi Currency Allowed For Fee,Allow Two Stage Bidding,Cover No,Cover,Document Type,Description,Publish Date,Bid Opening Date,Document Download / Sale Start Date,Document Download / Sale End Date,Clarification Start Date,Clarification End Date,Bid Submission Start Date,Bid Submission End Date,EMD Amount in ₹,EMD Exemption Allowed,EMD Fee Type,EMD Percentage,EMD Payable To,EMD Payable At,Tender Fee in ₹,Fee Payable To,Fee Payable At,Tender Fee Exemption Allowed,Name,Address,Title,Work Description,Pre Qualification Details,Independent External Monitor/Remarks,Tender Value in ₹,Product Category,Sub category,Contract Type,Bid Validity(Days),Period Of Work(Days),Location,Pincode,Pre Bid Meeting Place,Pre Bid Meeting Address,Pre Bid Meeting Date,Bid Opening Place,Should Allow NDA Tender,Allow Preferential Bidder,Contract Date :,Contract Value :,Work Completion Period in days :,Updated By :,Updated on :,AOC document :,S.No,Bid Number,Bidder Name,Awarded Currency,Awarded Value,S.No.1,Bid Number.1,Bidder Name.1,Submitted Date,Status,Remarks,Status Updated On,Type :,Summary :,Updated By :.1,Updated On :,Document :,Committee Chairperson/Co-ordinator Name :,Committee Chairperson/Co-ordinator Type :,Committee Members :,Updated By :.2,Updated on :.1,Document :.1,S.No.2,Bid Number.2,Bidder Name.2,Value,Rank,Committee Chairperson/Co-ordinator Name :.1,Committee Chairperson/Co-ordinator Type :.1,Committee Members :.1,Updated By :.3,Updated On :.1,Document :.2,Tender ID :,Tender Ref No :,Tender Title :
Cooperation Department||Assam State Co-operative Housing Federation Ltd.(HOUSEFED),HF/ENGG-3531/21-22/62,2022_CD_25879_1,Yes,Open Tender,EOI,Services,1.0,No,No,Not Applicable,No,No,No,1.0,Fee/PreQual/Technical/Finance,.pdf,Technical Qualification,08-Jun-2022 11:30 AM,13-Jun-2022 04:00 PM,08-Jun-2022 11:30 AM,13-Jun-2022 02:00 PM,NA ,NA ,08-Jun-2022 11:30 AM,13-Jun-2022 02:00 PM,0.0,No,fixed,,Nil,Nil,0.0,Nil,Nil,No,"Managing Director, Housefed","Managing Director, Housefed, Dispur, Guwahati-6",Expression of Interest for Consultancy service,Expression of Interest for consultancy service,Please refer Tender documents. ,NA ,,Consultancy,NA ,Tender,180.0,60.0,Guwahati,781006.0,NA ,NA ,NA ,"O/o. Managing Director, Housefed",No ,No,Cooperation Department||Assam State Co-operative Housing Federation Ltd.(HOUSEFED),HF/ENGG-3531/21-22/62,2022_CD_25879_1,Yes,Open Tender,EOI,Services,1.0,No,No,Not Applicable,No,No,No,1.0,Fee/PreQual/Technical/Finance,.pdf,Technical Qualification,08-Jun-2022 11:30 AM,13-Jun-2022 04:00 PM,08-Jun-2022 11:30 AM,13-Jun-2022 02:00 PM,NA ,NA ,08-Jun-2022 11:30 AM,13-Jun-2022 02:00 PM,0.0,No,fixed,,Nil,Nil,0.0,Nil,Nil,No,"Managing Director, Housefed","Managing Director, Housefed, Dispur, Guwahati-6",Expression of Interest for Consultancy service,Expression of Interest for consultancy service,Please refer Tender documents. ,NA ,,Consultancy,NA ,Tender,180.0,60.0,Guwahati,781006.0,NA ,NA ,NA ,"O/o. Managing Director, Housefed",No ,No,20-Sep-2024,"INR 884,944",60.0,HEMANTA KALITA,20-Sep-2024 05:39 PM,AOC.pdf (602.00 KB),1.0,150193.0,AESTHETIC CREATION,INR,"884,944",1.0,150266.0,ACORN,12-Jun-2022 07:49 PM,Rejected-AOC,L2 Bidder,20-Sep-2024 05:40 PM,Finance,Minutes,HEMANTA KALITA,20-Sep-2024 05:19 PM,finance_39968.pdf,Members,Internal,,HEMANTA KALITA,20-Sep-2024 05:26 PM,finsummary_39968.pdf (488.98 KB),1.0,150172.0,architects collaborative,"4,92,312.00",III,Members,Internal,,HEMANTA KALITA,20-Sep-2024 05:23 PM,techsummary_39968.pdf (498.62 KB),,,
,,,,,,,,,,,,,,,,.pdf,EOI,,,,,,,,,,,,,,,,,,,,,,,,,,,,,,,,,,,,,,,,,,,,,,,,,,,,,,,.pdf,EOI,,,,,,,,,,,,,,,,,,,,,,,,,,,,,,,,,,,,,,,,,,,,,,,,,,2.0,150193.0,AESTHETIC CREATION,10-Jun-2022 09:11 PM,Accepted-AOC,L1 Bidder,20-Sep-2024 05:40 PM,,,,,,,,,,,,2.0,150193.0,AESTHETIC CREATION,"2,33,016.00",I,,,,,,,,,
,,,,,,,,,,,,,,,,,,,,,,,,,,,,,,,,,,,,,,,,,,,,,,,,,,,,,,,,,,,,,,,,,,,,,,,,,,,,,,,,,,,,,,,,,,,,,,,,,,,,,,,,,,,,,,,,,,,,,,,,,,,3.0,150172.0,architects collaborative,10-Jun-2022 03:52 PM,Rejected-AOC,L3 Bidder,20-Sep-2024 05:40 PM,,,,,,,,,,,,3.0,150266.0,ACORN,"4,23,400.00",II,,,,,,,,,
,,,,,,,,,,,,,,,,,,,,,,,,,,,,,,,,,,,,,,,,,,,,,,,,,,,,,,,,,,,,,,,,,,,,,,,,,,,,,,,,,,,,,,,,,,,,,,,,,,,,,,,,,,,,,,,,,,,,,,,,,,,,,,,,,,,,,,,,,,,,,,,,,,,,,,,,2022_CD_25879_1,HF/ENGG-3531/21-22/62,Expression of Interest for Consultancy service
