﻿Organisation Chain,Tender Reference Number,Tender ID,Withdrawal Allowed,Tender Type,Form of contract,Tender Category,No. of Covers,General Technical Evaluation Allowed,ItemWise Technical Evaluation Allowed,Payment Mode,Is Multi Currency Allowed For BOQ,Is Multi Currency Allowed For Fee,Allow Two Stage Bidding,Cover No,Cover,Document Type,Description,Publish Date,Bid Opening Date,Document Download / Sale Start Date,Document Download / Sale End Date,Clarification Start Date,Clarification End Date,Bid Submission Start Date,Bid Submission End Date,Financial Bid Opening Date,EMD Amount in ₹,EMD Exemption Allowed,EMD Fee Type,EMD Percentage,EMD Payable To,EMD Payable At,S.No,Bank Name,Tender Fee in ₹,Fee Payable To,Fee Payable At,Tender Fee Exemption Allowed,Name,Address,Title,Work Description,Pre Qualification Details,Independent External Monitor/Remarks,Tender Value in ₹,Product Category,Sub category,Contract Type,Bid Validity(Days),Period Of Work(Days),Location,Pincode,Pre Bid Meeting Place,Pre Bid Meeting Address,Pre Bid Meeting Date,Bid Opening Place,Should Allow NDA Tender,Allow Preferential Bidder,Organisation Chain,Tender Reference Number,Tender ID,Withdrawal Allowed,Tender Type,Form of contract,Tender Category,No. of Covers,General Technical Evaluation Allowed,ItemWise Technical Evaluation Allowed,Payment Mode,Is Multi Currency Allowed For BOQ,Is Multi Currency Allowed For Fee,Allow Two Stage Bidding,Cover No,Cover,Document Type,Description,Publish Date,Bid Opening Date,Document Download / Sale Start Date,Document Download / Sale End Date,Clarification Start Date,Clarification End Date,Bid Submission Start Date,Bid Submission End Date,Financial Bid Opening Date,EMD Amount in ₹,EMD Exemption Allowed,EMD Fee Type,EMD Percentage,EMD Payable To,EMD Payable At,S.No,Bank Name,Tender Fee in ₹,Fee Payable To,Fee Payable At,Tender Fee Exemption Allowed,Name,Address,Title,Work Description,Pre Qualification Details,Independent External Monitor/Remarks,Tender Value in ₹,Product Category,Sub category,Contract Type,Bid Validity(Days),Period Of Work(Days),Location,Pincode,Pre Bid Meeting Place,Pre Bid Meeting Address,Pre Bid Meeting Date,Bid Opening Place,Should Allow NDA Tender,Allow Preferential Bidder,Contract Date :,Contract Value :,Work Completion Period in days :,Updated By :,Updated on :,AOC document :,S.No.1,Bid Number,Bidder Name,Awarded Currency,Awarded Value,S.No.2,Bid Number.1,Bidder Name.1,Submitted Date,Status,Remarks,Status Updated On,Type :,Summary :,Updated By :.1,Updated On :,Document :,BOQ Comparative Chart :,Committee Chairperson/Co-ordinator Name :,Committee Chairperson/Co-ordinator Type :,Committee Members :,Updated By :.2,Updated on :.1,Document :.1,S.No.3,Bid Number.2,Bidder Name.2,Value,Rank,Type :.1,Summary :.1,Updated By :.3,Updated On :.1,Document :.2,Committee Chairperson/Co-ordinator Name :.1,Committee Chairperson/Co-ordinator Type :.1,Committee Members :.1,Updated By :.4,Updated On :.2,Financial Bid Opening Date:,Document :.3,Tender ID :,Tender Ref No :,Tender Title :
Assam Power Generation Company Limited,MSHEP SOPD 29 44,2023_APGCL_30152_1,Yes,Open Tender,Works,Works,2.0,No,No,Online,No,No,No,1.0,Fee/PreQual/Technical,.pdf,NIT,28-Mar-2023 09:00 AM,18-Apr-2023 03:00 PM,28-Mar-2023 09:00 AM,18-Apr-2023 11:00 AM,NA ,NA ,28-Mar-2023 09:00 AM,18-Apr-2023 11:00 AM,06-Jul-2023 03:00 PM,"95,916",Yes,fixed,,Nil,Nil,1.0,SBI Bank,"1,000",Nil,Nil,No,CGM Generation,Third Floor Bijulee Bhawan Paltanbazar ghy 01,Civil works of MSHEP,12 nos of various works at MSHEP,Please refer Tender documents. ,NA ,"47,95,785",Civil Works,NA ,Tender,180.0,90.0,Myntriang West Karbi Anglong,782450.0,NA ,NA ,NA ,Third Floor Bijulee Bhawan Paltanbazar ghy 01,No ,No,Assam Power Generation Company Limited,MSHEP SOPD 29 44,2023_APGCL_30152_1,Yes,Open Tender,Works,Works,2.0,No,No,Online,No,No,No,1.0,Fee/PreQual/Technical,.pdf,NIT,28-Mar-2023 09:00 AM,18-Apr-2023 03:00 PM,28-Mar-2023 09:00 AM,18-Apr-2023 11:00 AM,NA ,NA ,28-Mar-2023 09:00 AM,18-Apr-2023 11:00 AM,06-Jul-2023 03:00 PM,"95,916",Yes,fixed,,Nil,Nil,1.0,SBI Bank,"1,000",Nil,Nil,No,CGM Generation,Third Floor Bijulee Bhawan Paltanbazar ghy 01,Civil works of MSHEP,12 nos of various works at MSHEP,Please refer Tender documents. ,NA ,"47,95,785",Civil Works,NA ,Tender,180.0,90.0,Myntriang West Karbi Anglong,782450.0,NA ,NA ,NA ,Third Floor Bijulee Bhawan Paltanbazar ghy 01,No ,No,09-Jul-2024,"INR 4,318,671",90.0,JYOTI TAPARIA,09-Jul-2024 01:33 PM,Workorder12works.pdf (53.00 KB),1.0,183277.0,M. K. ENTERPRISE,INR,"4,318,671",1.0,183498.0,ANUPAM DAS,17-Apr-2023 11:30 PM,Rejected-Technical,Technically Irregular,06-Jul-2023 11:06 AM,Finance,Both the bidders found regular,JYOTI TAPARIA,31-Jul-2023 02:36 PM,None,BOQ Comparative Chart,"MD, APGCL",Internal,,JYOTI TAPARIA,31-Jul-2023 02:45 PM,finsummary_48445.pdf (423.41 KB),1.0,183277.0,M. K. ENTERPRISE,"43,18,671.00",L1,Technical,All bidders accepted for Technical Evaluation,JYOTI TAPARIA,02-May-2023 11:06 AM,None,"MD, APGCL",Internal,,JYOTI TAPARIA,06-Jul-2023 11:06 AM,06-Jul-2023 03:00 PM,techsummary_48445.pdf (764.72 KB),,,
,,,,,,,,,,,,,,2.0,Finance,.xls,BOQ,,,,,,,,,,,,,,,,,,,,,,,,,,,,,,,,,,,,,,,,,,,,,,,,,,,,,,,,2.0,Finance,.xls,BOQ,,,,,,,,,,,,,,,,,,,,,,,,,,,,,,,,,,,,,,,,,,,,,,,,,,,,,2.0,183503.0,BISHAL ENGINEERING,17-Apr-2023 11:46 PM,Rejected-Technical,Technically Irregular,06-Jul-2023 11:06 AM,,,,,,,,,,,,,2.0,183497.0,KULDEEP BORA,"49,97,032.00",L2,,,,,,,,,,,,,,,
,,,,,,,,,,,,,,,,,,,,,,,,,,,,,,,,,,,,,,,,,,,,,,,,,,,,,,,,,,,,,,,,,,,,,,,,,,,,,,,,,,,,,,,,,,,,,,,,,,,,,,,,,,,,,,,,,,,,,,,,,,,,,,,,,3.0,183497.0,KULDEEP BORA,17-Apr-2023 11:20 PM,Rejected-AOC,L2,09-Jul-2024 01:34 PM,,,,,,,,,,,,,,,,,,,,,,,,,,,,,,,,
,,,,,,,,,,,,,,,,,,,,,,,,,,,,,,,,,,,,,,,,,,,,,,,,,,,,,,,,,,,,,,,,,,,,,,,,,,,,,,,,,,,,,,,,,,,,,,,,,,,,,,,,,,,,,,,,,,,,,,,,,,,,,,,,,4.0,183277.0,M. K. ENTERPRISE,18-Apr-2023 01:29 AM,Accepted-AOC,L1,09-Jul-2024 01:34 PM,,,,,,,,,,,,,,,,,,,,,,,,,,,,,,,,
,,,,,,,,,,,,,,,,,,,,,,,,,,,,,,,,,,,,,,,,,,,,,,,,,,,,,,,,,,,,,,,,,,,,,,,,,,,,,,,,,,,,,,,,,,,,,,,,,,,,,,,,,,,,,,,,,,,,,,,,,,,,,,,,,5.0,183499.0,MR.BIKASH THAKURIA,18-Apr-2023 01:24 AM,Rejected-Technical,Technically Irregular,06-Jul-2023 11:06 AM,,,,,,,,,,,,,,,,,,,,,,,,,,,,,,,,
,,,,,,,,,,,,,,,,,,,,,,,,,,,,,,,,,,,,,,,,,,,,,,,,,,,,,,,,,,,,,,,,,,,,,,,,,,,,,,,,,,,,,,,,,,,,,,,,,,,,,,,,,,,,,,,,,,,,,,,,,,,,,,,,,6.0,183516.0,Shom kharka,18-Apr-2023 10:52 AM,Rejected-Technical,Technically Irregular,06-Jul-2023 11:06 AM,,,,,,,,,,,,,,,,,,,,,,,,,,,,,,,,
,,,,,,,,,,,,,,,,,,,,,,,,,,,,,,,,,,,,,,,,,,,,,,,,,,,,,,,,,,,,,,,,,,,,,,,,,,,,,,,,,,,,,,,,,,,,,,,,,,,,,,,,,,,,,,,,,,,,,,,,,,,,,,,,,,,,,,,,,,,,,,,,,,,,,,,,,,,,,,,,,,,,,2023_APGCL_30152_1,MSHEP SOPD 29 44,Civil works of MSHEP
