﻿S.No,Corrigendum Title,Corrigendum Type,View,Cover No,Cover,Document Type,Description,Organisation Chain,Tender Reference Number,Tender ID,Tender Type,Form of contract,Tender Category,No. of Covers,General Technical Evaluation Allowed,ItemWise Technical Evaluation Allowed,Payment Mode,Is Multi Currency Allowed For BOQ,Is Multi Currency Allowed For Fee,Allow Two Stage Bidding,Name,Address,S.No,Instrument Type,Title,Work Description,Pre Qualification Details,Independent External Monitor/Remarks,Tender Value in ₹,Product Category,Sub category,Contract Type,Bid Validity(Days),Period Of Work(Days),Location,Pincode,Pre Bid Meeting Place,Pre Bid Meeting Address,Pre Bid Meeting Date,Bid Opening Place,Should Allow NDA Tender,Allow Preferential Bidder,Tender Fee in ₹,Fee Payable To,Fee Payable At,Tender Fee Exemption Allowed,EMD Amount in ₹,EMD through BG/ST or EMD Exemption Allowed,EMD Fee Type,EMD Percentage,EMD Payable To,EMD Payable At,Publish Date,Bid Opening Date,Document Download / Sale Start Date,Document Download / Sale End Date,Clarification Start Date,Clarification End Date,Bid Submission Start Date,Bid Submission End Date,Financial Bid Opening Date
1.0,Corrigendum Notice,Date,,1.0,Fee/PreQual/Technical,.pdf,Tender Fee,Welfare of Plain Tribes and Backward Classes||Directorate of Welfare of Scheduled Caste,DSC/Tender/157/2015-16/Pt. I/8 Dtd. 16/12/2016,2016_WPTBC_1327_1,Open Tender,Supply,Goods,2.0,No,No,Offline,No,No,No,Director,"Director Welfare of Scheduled Castes, Assam Ghy-6",1.0,DD - Demand Draft,THE SUPPLY OF POWER TILLER FOR Pkg2,E-BIDDING DOCUMENT FOR THE SUPPLY OF POWER TILLER For Pkg2,Please refer Tender documents. ,NA ,"2,00,00,000",Machineries,NA ,Tender,90.0,180.0,All Assam,781006.0,NA ,NA ,NA ,"Director Welfare of Scheduled Castes, Assam",No ,No,"3,000","Director, Welfare of Scheduled Castes, Assam",Guwahati,No,"4,00,000",Yes,fixed,,"Director, Welfare of Scheduled Castes, Assam",Guwahati,17-Dec-2016 05:00 PM,30-Dec-2016 04:00 PM,17-Dec-2016 05:00 PM,30-Dec-2016 02:00 PM,NA ,NA ,17-Dec-2016 05:00 PM,30-Dec-2016 02:00 PM,01-Feb-2017 03:00 PM
2.0,Pre bid Meeting Minutes,Other,,,,.pdf,EMD,,,,,,,,,,,,,,,,,,,,,,,,,,,,,,,,,,,,,,,,,,,,,,,,,,,,,,
,,,,,,.pdf,Bidding document,,,,,,,,,,,,,,,,,,,,,,,,,,,,,,,,,,,,,,,,,,,,,,,,,,,,,,
,,,,,,.pdf,Technical Qualification Criteria,,,,,,,,,,,,,,,,,,,,,,,,,,,,,,,,,,,,,,,,,,,,,,,,,,,,,,
,,,,,,.pdf,Technical Specification,,,,,,,,,,,,,,,,,,,,,,,,,,,,,,,,,,,,,,,,,,,,,,,,,,,,,,
,,,,2.0,Finance,.pdf,Price Bid,,,,,,,,,,,,,,,,,,,,,,,,,,,,,,,,,,,,,,,,,,,,,,,,,,,,,,
