﻿Publish Date,Bid Opening Date,Document Download / Sale Start Date,Document Download / Sale End Date,Clarification Start Date,Clarification End Date,Bid Submission Start Date,Bid Submission End Date,Financial Bid Opening Date,Organisation Chain,Tender Reference Number,Tender ID,Tender Type,Form of contract,Tender Category,No. of Covers,General Technical Evaluation Allowed,ItemWise Technical Evaluation Allowed,Payment Mode,Is Multi Currency Allowed For BOQ,Is Multi Currency Allowed For Fee,Allow Two Stage Bidding,S.No,Instrument Type,Name,Address,Tender Fee in ₹,Fee Payable To,Fee Payable At,Tender Fee Exemption Allowed,Cover No,Cover,Document Type,Description,EMD Amount in ₹,EMD through BG/ST or EMD Exemption Allowed,EMD Fee Type,EMD Percentage,EMD Payable To,EMD Payable At,Title,Work Description,Pre Qualification Details,Independent External Monitor/Remarks,Tender Value in ₹,Product Category,Sub category,Contract Type,Bid Validity(Days),Period Of Work(Days),Location,Pincode,Pre Bid Meeting Place,Pre Bid Meeting Address,Pre Bid Meeting Date,Bid Opening Place,Should Allow NDA Tender,Allow Preferential Bidder
10-Sep-2016 01:00 PM,26-Sep-2016 11:30 AM,10-Sep-2016 01:00 PM,23-Sep-2016 05:00 PM,NA ,NA ,10-Sep-2016 01:00 PM,23-Sep-2016 05:00 PM,26-Sep-2016 02:30 PM,Assam Police Housing Corporation Ltd,APHC/CS/34/2016-17/,2016_APHC_1038_1,Open Tender,Item Rate,Works,2.0,No,No,Offline,No,No,No,1.0,DD - Demand Draft,"Chief Engineer, APHCL","Assam Police Housing Corporation Ltd., Rehabari, Guwahati","4,000",Assam Police Housing Corporation Ltd.,"Rehabari, Guwahati",No,1.0,Fee/PreQual/Technical,.pdf,NIT,"1,56,231",Yes,percentage,2.0%,Assam Police Housing Corporation Ltd.,"Rehabari, Guwahati",Construction of 2-storied RCC Police Station Building,"Construction 2-storied RCC Police Station Building Civil works, Sanitary and Water Supply works, Site preparation etc. at Nilambazar PS in Karimganj District under MPF Scheme for the year 2014-15.",Please refer Tender documents. ,NA ,"78,11,532",Civil Works,NA ,Tender,60.0,270.0,Nilambazar P.S. in Karimganj District,788722.0,NA ,NA ,NA ,"Rehabari, Guwahati",No ,No
,,,,,,,,,,,,,,,,,,,,,,,,,,,,,,,,.pdf,Bid Documents,,,,,,,,,,,,,,,,,,,,,,,,
,,,,,,,,,,,,,,,,,,,,,,,,,,,,,,,,.pdf,Technical Documents,,,,,,,,,,,,,,,,,,,,,,,,
,,,,,,,,,,,,,,,,,,,,,,,,,,,,,,2.0,Finance,.xls,BOQ,,,,,,,,,,,,,,,,,,,,,,,,
