﻿Cover No,Cover,Document Type,Description,Tender Fee in ₹,Fee Payable To,Fee Payable At,Tender Fee Exemption Allowed,Organisation Chain,Tender Reference Number,Tender ID,Tender Type,Form of contract,Tender Category,No. of Covers,General Technical Evaluation Allowed,ItemWise Technical Evaluation Allowed,Payment Mode,Is Multi Currency Allowed For BOQ,Is Multi Currency Allowed For Fee,Allow Two Stage Bidding,S.No,Corrigendum Title,Corrigendum Type,View,Publish Date,Bid Opening Date,Document Download / Sale Start Date,Document Download / Sale End Date,Clarification Start Date,Clarification End Date,Bid Submission Start Date,Bid Submission End Date,Financial Bid Opening Date,S.No,Instrument Type,Title,Work Description,Pre Qualification Details,Independent External Monitor/Remarks,Tender Value in ₹,Product Category,Sub category,Contract Type,Bid Validity(Days),Period Of Work(Days),Location,Pincode,Pre Bid Meeting Place,Pre Bid Meeting Address,Pre Bid Meeting Date,Bid Opening Place,Should Allow NDA Tender,Allow Preferential Bidder,EMD Amount in ₹,EMD through BG/ST or EMD Exemption Allowed,EMD Fee Type,EMD Percentage,EMD Payable To,EMD Payable At,Name,Address
1.0,Fee/PreQual/Technical,.pdf,Tender Fee,"1,000","Managing Director, ASC Ltd.",Guwahati,No,Directorate of Agriculture and Assam Seed Corporation,T-10(F)/2016-17,2016_DAASC_1025_1,Open Tender,Supply,Goods,2.0,No,No,Offline,No,No,No,1.0,Corrigendum for extension of date,Date,,01-Sep-2016 03:30 PM,17-Sep-2016 03:00 PM,01-Sep-2016 03:30 PM,17-Sep-2016 03:00 PM,NA ,NA ,01-Sep-2016 03:30 PM,17-Sep-2016 03:00 PM,06-Oct-2016 11:00 AM,1.0,DD - Demand Draft,THE SUPPLY OF MINOR TOOLS and AGRIL IMPLEMENTS Group-F,THE SUPPLY OF MINOR TOOLS and AGRIL IMPLEMENTS Group-F,Please refer Tender Document ,NA ,0.0,Miscellaneous Goods,Minor Tools And Agril Implements ,Tender,90.0,365.0,Assam and North Eastern State,781022.0,"Conference Hall, Farmers Hostel, Agril Campus, Ghy ","Conference Hall, Farmers Hostel, Agril Campus, Ghy ",07-Sep-2016 12:30 PM ,"Conference Hall, Farmers Hostel, Agril Campus, Ghy",No ,No,0.0,No,fixed,,Nil,Nil,"Managing Director, ASC Ltd.","Assam Seeds Corporation Ltd., Agriculture Campus, Khanapara, Ghy-22"
,,.pdf,Bid Security,,,,,,,,,,,,,,,,,,2.0,Corrigendum cum addendum,Other,,,,,,,,,,,2.0,FDR - Fixed Deposit Receipt,,,,,,,,,,,,,,,,,,,,,,,,,,
,,.pdf,Technical Qualification Details,,,,,,,,,,,,,,,,,,,,,,,,,,,,,,,,,,,,,,,,,,,,,,,,,,,,,,,,,,
,,.pdf,Tender Document,,,,,,,,,,,,,,,,,,,,,,,,,,,,,,,,,,,,,,,,,,,,,,,,,,,,,,,,,,
2.0,Finance,.pdf,Bid Form and Price Schedule,,,,,,,,,,,,,,,,,,,,,,,,,,,,,,,,,,,,,,,,,,,,,,,,,,,,,,,,,,
