﻿S.No,Instrument Type,Name,Address,Tender Fee in ₹,Fee Payable To,Fee Payable At,Tender Fee Exemption Allowed,Organisation Chain,Tender Reference Number,Tender ID,Tender Type,Form of contract,Tender Category,No. of Covers,General Technical Evaluation Allowed,ItemWise Technical Evaluation Allowed,Payment Mode,Is Multi Currency Allowed For BOQ,Is Multi Currency Allowed For Fee,Allow Two Stage Bidding,Title,Work Description,Pre Qualification Details,Independent External Monitor/Remarks,Tender Value in ₹,Product Category,Sub category,Contract Type,Bid Validity(Days),Period Of Work(Days),Location,Pincode,Pre Bid Meeting Place,Pre Bid Meeting Address,Pre Bid Meeting Date,Bid Opening Place,Should Allow NDA Tender,Allow Preferential Bidder,S.No,Conversion rate in ₹,1,NA,2,NA.1,3,NA.2,EMD Amount in ₹,EMD through BG/ST or EMD Exemption Allowed,EMD Fee Type,EMD Percentage,EMD Payable To,EMD Payable At,Publish Date,Bid Opening Date,Document Download / Sale Start Date,Document Download / Sale End Date,Clarification Start Date,Clarification End Date,Bid Submission Start Date,Bid Submission End Date,Cover No,Cover,Document Type,Description,S.No,Corrigendum Title,Corrigendum Type,View
1.0,DD - Demand Draft,"Chief Engineer, PWD (Bulding), Assam_Chandmari, Gu","Office of the Chief Engineer, PWD (Building), Assam_Chandmari, Guwahati-3","8,800",Assam State Road Board Maintenance_Roads_Fund,Guwahati,No,Public Works Building and NH Department||Chief Engineer-Building - PWBNH,CEB/MECH/11/2016/5 dtd. 13/12/2016,2016_PWBNH_1331_1,Global Tenders,Works,Goods,2.0,No,No,Offline,Yes,No,No,Planetarium Equipments for North Lakhimpur,Construction of Proposed Sub Regional Science Centre and Planetarium at North Lakhimpur _Supply installation and commissioning of digital planetarium projection system and show production system at North Lakhimpur_ Assam,Refer tender document ,NA ,"2,93,00,000",Mechanical Engg Items,NA ,Tender,180.0,180.0,North Lakhimpur,787001.0,"Office of the Chief Engineer, PWD (Building), Assa ","Office of the Chief Engineer, PWD (Building), Assam_Chandmari, Guwahati-3 ",22-Dec-2016 11:00 AM ,"Office of the Chief Engineer, PWD (Building), Assa",No ,No,Currency,US Dollar,European Dollar,Japanese Yen,,,,,"5,86,000",No,fixed,,"EE,PWD,North Lakhimpur Bldg division,N.Lakhimpur",North Lakhimpur,17-Dec-2016 03:00 PM,20-Jan-2017 03:00 PM,17-Dec-2016 03:00 PM,20-Jan-2017 02:00 PM,NA ,NA ,17-Dec-2016 05:00 PM,20-Jan-2017 02:00 PM,1.0,Fee/PreQual/Technical,.pdf,Cost of Bid,1.0,Extension Notice,Date,
2.0,BC - Bankers Cheque,,,,,,,,,,,,,,,,,,,,,,,,,,,,,,,,,,,,,,,,,,,,,,,,,,,,,,,,,,,,,,.pdf,Bid security,,,,
3.0,BG - Bank Guarantee Irrevocable,,,,,,,,,,,,,,,,,,,,,,,,,,,,,,,,,,,,,,,,,,,,,,,,,,,,,,,,,,,,,,.pdf,Tender document,,,,
4.0,FDR - Fixed Deposit Receipt,,,,,,,,,,,,,,,,,,,,,,,,,,,,,,,,,,,,,,,,,,,,,,,,,,,,,,,,,,,,2.0,Finance,.xls,BOQ,,,,
,,,,,,,,,,,,,,,,,,,,,,,,,,,,,,,,,,,,,,,,,,,,,,,,,,,,,,,,,,,,,,,.pdf,Form of Bid,,,,
,,,,,,,,,,,,,,,,,,,,,,,,,,,,,,,,,,,,,,,,,,,,,,,,,,,,,,,,,,,,,,,.pdf,Abstract of Price Components,,,,
,,,,,,,,,,,,,,,,,,,,,,,,,,,,,,,,,,,,,,,,,,,,,,,,,,,,,,,,,,,,,,,.pdf,Comprehensive Maintenance Contract,,,,
