﻿EMD Amount in ₹,EMD through BG/ST or EMD Exemption Allowed,EMD Fee Type,EMD Percentage,EMD Payable To,EMD Payable At,Publish Date,Bid Opening Date,Document Download / Sale Start Date,Document Download / Sale End Date,Clarification Start Date,Clarification End Date,Bid Submission Start Date,Bid Submission End Date,Financial Bid Opening Date,Organisation Chain,Tender Reference Number,Tender ID,Tender Type,Form of contract,Tender Category,No. of Covers,General Technical Evaluation Allowed,ItemWise Technical Evaluation Allowed,Payment Mode,Is Multi Currency Allowed For BOQ,Is Multi Currency Allowed For Fee,Allow Two Stage Bidding,Name,Address,Cover No,Cover,Document Type,Description,S.No,Corrigendum Title,Corrigendum Type,View,Tender Fee in ₹,Fee Payable To,Fee Payable At,Tender Fee Exemption Allowed,Title,Work Description,Pre Qualification Details,Independent External Monitor/Remarks,Tender Value in ₹,Product Category,Sub category,Contract Type,Bid Validity(Days),Period Of Work(Days),Location,Pincode,Pre Bid Meeting Place,Pre Bid Meeting Address,Pre Bid Meeting Date,Bid Opening Place,Should Allow NDA Tender,Allow Preferential Bidder,S.No,Instrument Type
"46,058",Yes,fixed,,"EE,PWD, Guwahati Electrical Division,Guwahati-3",Guwahati,08-Mar-2017 01:00 PM,14-Mar-2017 02:30 PM,08-Mar-2017 01:00 PM,14-Mar-2017 02:00 PM,NA ,NA ,08-Mar-2017 01:00 PM,14-Mar-2017 02:00 PM,28-Mar-2017 12:00 PM,Public Works Building and NH Department||Chief Engineer-Building - PWBNH,CE/BLD/ELECT/6/93/Pt-III /6 Date 07/03/2017,2017_PWBNH_1871_1,Open Tender,Item Rate,Works,2.0,No,No,Offline,No,No,No,"Addl. CE, PWD (Elect), Assam, Chandmari, Ghy-3","Office Chamber of the Addl. Chief Engineer, PWD (Elect), Assam, Chandmari, Guwahati-3",1.0,Fee/PreQual/Technical,.pdf,DOCUMENT COST,1.0,Cancellation Notice,Cancellation of Tender,,700.0,Assam State Road Board Maintenance Roads Fund,Guwahati,No,Installation of Individual Digital Energy Meter to the Govt Quarters under GAD Group_5,Installation of Individual Digital Energy Meter to the Govt Quarters under GAD Group_5,Please refer Tender documents. ,NA ,"23,02,930",Electrical Works,NA ,Tender,180.0,90.0,Dispur Guwahati,781006.0,"Office Chamber of the Addl. CE, PWD (Elect), Assam ","Office Chamber of the Addl. Chief Engineer, PWD (Elect), Assam, Chandmari, Guwahati-3  ",10-Mar-2017 12:00 PM ,"Office Chamber of the Addl. CE, PWD (Elect), Assam",No ,No,1.0,DD - Demand Draft
,,,,,,,,,,,,,,,,,,,,,,,,,,,,,,,,.pdf,BID SECURITY,,,,,,,,,,,,,,,,,,,,,,,,,,,2.0,BG - Bank Guarantee Irrevocable
,,,,,,,,,,,,,,,,,,,,,,,,,,,,,,,,.pdf,BIDDING DOCUMENT,,,,,,,,,,,,,,,,,,,,,,,,,,,3.0,FDR - Fixed Deposit Receipt
,,,,,,,,,,,,,,,,,,,,,,,,,,,,,,,,.pdf,TECHNICAL QUALIFICATION,,,,,,,,,,,,,,,,,,,,,,,,,,,,
,,,,,,,,,,,,,,,,,,,,,,,,,,,,,,2.0,Finance,.xls,BOQ,,,,,,,,,,,,,,,,,,,,,,,,,,,,
,,,,,,,,,,,,,,,,,,,,,,,,,,,,,,,,.pdf,FORM OF BID,,,,,,,,,,,,,,,,,,,,,,,,,,,,
