﻿Cover No,Cover,Document Type,Description,Name,Address,Organisation Chain,Tender Reference Number,Tender ID,Tender Type,Form of contract,Tender Category,No. of Covers,General Technical Evaluation Allowed,ItemWise Technical Evaluation Allowed,Payment Mode,Is Multi Currency Allowed For BOQ,Is Multi Currency Allowed For Fee,Allow Two Stage Bidding,S.No,Instrument Type,Tender Fee in ₹,Fee Payable To,Fee Payable At,Tender Fee Exemption Allowed,EMD Amount in ₹,EMD through BG/ST or EMD Exemption Allowed,EMD Fee Type,EMD Percentage,EMD Payable To,EMD Payable At,Publish Date,Bid Opening Date,Document Download / Sale Start Date,Document Download / Sale End Date,Clarification Start Date,Clarification End Date,Bid Submission Start Date,Bid Submission End Date,Financial Bid Opening Date,Title,Work Description,Pre Qualification Details,Independent External Monitor/Remarks,Tender Value in ₹,Product Category,Sub category,Contract Type,Bid Validity(Days),Period Of Work(Days),Location,Pincode,Pre Bid Meeting Place,Pre Bid Meeting Address,Pre Bid Meeting Date,Bid Opening Place,Should Allow NDA Tender,Allow Preferential Bidder
1.0,Fee/PreQual/Technical,.pdf,Cost of Bid,SEPWDGRC,O/O SEPWDGRC,Public Works Roads Department,T/GRC/ARMF(PBMC)/2016-17/493/,2017_PWD_3570_1,Open Tender,Item Rate,Works,2.0,No,No,Offline,No,No,No,1.0,DD - Demand Draft,"1,500",Nil,Nil,No,"1,00,000",Yes,fixed,,Nil,Nil,18-Oct-2017 11:00 AM,27-Oct-2017 11:00 AM,18-Oct-2017 11:00 AM,25-Oct-2017 02:00 PM,18-Oct-2017 11:00 AM ,20-Oct-2017 02:00 PM ,18-Oct-2017 11:00 AM,25-Oct-2017 02:00 PM,09-Nov-2017 12:00 PM,KAM(R)/PBMC/ GRC/187,"Repairs and Maintenance of Road from Panitema Kendukona ( Ch.0.00 to Ch.3000.00m ) under Assam Road Maintenanace Fund for the financial year 2017-18 under Rangia Rural Road Division, Kamalpur LAC",please refer tenders ,NA ,"50,00,000",Civil Works – Roads,NA ,Tender,90.0,NA ,Kamalpur,781323.0,NA ,NA ,NA ,online,No ,No
,,.pdf,Bid security,,,,,,,,,,,,,,,,2.0,BC - Bankers Cheque,,,,,,,,,,,,,,,,,,,,,,,,,,,,,,,,,,,,,
,,.pdf,Technical qualification details,,,,,,,,,,,,,,,,3.0,FDR - Fixed Deposit Receipt,,,,,,,,,,,,,,,,,,,,,,,,,,,,,,,,,,,,,
,,.pdf,SBD,,,,,,,,,,,,,,,,,,,,,,,,,,,,,,,,,,,,,,,,,,,,,,,,,,,,,,
2.0,Finance,.xls,BOQ,,,,,,,,,,,,,,,,,,,,,,,,,,,,,,,,,,,,,,,,,,,,,,,,,,,,,,
,,.pdf,FOB,,,,,,,,,,,,,,,,,,,,,,,,,,,,,,,,,,,,,,,,,,,,,,,,,,,,,,
