﻿Name,Address,Cover No,Cover,Document Type,Description,Title,Work Description,Pre Qualification Details,Independent External Monitor/Remarks,Tender Value in ₹,Product Category,Sub category,Contract Type,Bid Validity(Days),Period Of Work(Days),Location,Pincode,Pre Bid Meeting Place,Pre Bid Meeting Address,Pre Bid Meeting Date,Bid Opening Place,Should Allow NDA Tender,Allow Preferential Bidder,Publish Date,Bid Opening Date,Document Download / Sale Start Date,Document Download / Sale End Date,Clarification Start Date,Clarification End Date,Bid Submission Start Date,Bid Submission End Date,Financial Bid Opening Date,Organisation Chain,Tender Reference Number,Tender ID,Tender Type,Form of contract,Tender Category,No. of Covers,General Technical Evaluation Allowed,ItemWise Technical Evaluation Allowed,Payment Mode,Is Multi Currency Allowed For BOQ,Is Multi Currency Allowed For Fee,Allow Two Stage Bidding,Tender Fee in ₹,Fee Payable To,Fee Payable At,Tender Fee Exemption Allowed,S.No,Instrument Type,EMD Amount in ₹,EMD through BG/ST or EMD Exemption Allowed,EMD Fee Type,EMD Percentage,EMD Payable To,EMD Payable At
"Addl. CE cum Director, PWD, BTC, Kokrajhar","O/o the Addl. CE cum Director, PWD, BTC, Kokrajhar",1.0,Fee/PreQual/Technical,.pdf,EMD,TN_190_8,TN_190_8 Construction of Inter Locking Concrete Block Pavement Road from East Bhatopara village to Lankeswar Brahma M.E School to under AOP in BTC for 2016-2017.,Please refer Tender documents. ,NA ,"95,49,715",Civil Works,NA ,Tender,180.0,365.0,Kokrajhar,788730.0,NA ,NA ,NA ,"O/o the Addl. CE cum Director, PWD, BTC, Kokrajhar",No ,No,01-Jun-2017 10:30 AM,15-Jun-2017 02:00 PM,01-Jun-2017 10:30 AM,14-Jun-2017 04:30 PM,01-Jun-2017 10:30 AM ,14-Jun-2017 04:00 PM ,01-Jun-2017 10:30 AM,14-Jun-2017 04:30 PM,29-Jun-2017 04:30 PM,Bodoland Territorial Council-PWD||Director Cum CHD - PWD BTC,ACE-05/TECH/CHN/IFB/2017-18/36,2017_BTC_2338_8,Open Tender,Item Rate,Works,2.0,No,No,Offline,No,No,No,"2,900","Principal Secretary BTC, Kokrajhar","SBI, Kokrajhar",No,1.0,DD - Demand Draft,"1,91,000",Yes,fixed,,"EE, PWD, Chirang R and B Division",Kajalgaon
,,,,.pdf,Cost of Tender Document,,,,,,,,,,,,,,,,,,,,,,,,,,,,,,,,,,,,,,,,,,,,,2.0,BC - Bankers Cheque,,,,,,
,,,,.pdf,SBD,,,,,,,,,,,,,,,,,,,,,,,,,,,,,,,,,,,,,,,,,,,,,3.0,BG - Bank Guarantee Irrevocable,,,,,,
,,,,.pdf,Technical Qualification Details,,,,,,,,,,,,,,,,,,,,,,,,,,,,,,,,,,,,,,,,,,,,,4.0,FDR - Fixed Deposit Receipt,,,,,,
,,2.0,Finance,.xls,BOQ,,,,,,,,,,,,,,,,,,,,,,,,,,,,,,,,,,,,,,,,,,,,,,,,,,,,
,,,,.pdf,FOB,,,,,,,,,,,,,,,,,,,,,,,,,,,,,,,,,,,,,,,,,,,,,,,,,,,,
