﻿Name,Address,EMD Amount in ₹,EMD through BG/ST or EMD Exemption Allowed,EMD Fee Type,EMD Percentage,EMD Payable To,EMD Payable At,Organisation Chain,Tender Reference Number,Tender ID,Tender Type,Form of contract,Tender Category,No. of Covers,General Technical Evaluation Allowed,ItemWise Technical Evaluation Allowed,Payment Mode,Is Multi Currency Allowed For BOQ,Is Multi Currency Allowed For Fee,Allow Two Stage Bidding,Title,Work Description,Pre Qualification Details,Independent External Monitor/Remarks,Tender Value in ₹,Product Category,Sub category,Contract Type,Bid Validity(Days),Period Of Work(Days),Location,Pincode,Pre Bid Meeting Place,Pre Bid Meeting Address,Pre Bid Meeting Date,Bid Opening Place,Should Allow NDA Tender,Allow Preferential Bidder,Publish Date,Bid Opening Date,Document Download / Sale Start Date,Document Download / Sale End Date,Clarification Start Date,Clarification End Date,Bid Submission Start Date,Bid Submission End Date,Financial Bid Opening Date,S.No,Instrument Type,Cover No,Cover,Document Type,Description,Tender Fee in ₹,Fee Payable To,Fee Payable At,Tender Fee Exemption Allowed
CEWRD,CEWRD Guwahati,"92,494",Yes,percentage,2.0%,"The Executive Engineer, Barpeta WR Division",Barpeta,Department of Water Resources||Chief Engineer - DoWR,BAR/MnR/17-18/2,2017_DoWR_4637_1,Open Tender,Works,Works,3.0,No,No,Offline,No,No,No,Bahari MnR,MnR to recoupment of B Dyke from Bahari to Baghbar at different reaches for the year 2017 18,Please refer Tender documents. ,NA ,"46,24,687",Civil Works,NA ,Tender,180.0,45.0,Barpeta,781329.0,NA ,NA ,NA ,Guwahati,No ,No,25-Dec-2017 06:00 PM,04-Jan-2018 02:00 PM,25-Dec-2017 06:00 PM,04-Jan-2018 02:00 PM,NA ,NA ,30-Dec-2017 10:00 AM,04-Jan-2018 02:00 PM,11-Jan-2018 02:30 PM,1,DD - Demand Draft,1.0,Fee,.pdf,FEE and EMD,"1,000","The Executive Engineer, Barpeta WR Division",Barpeta,No
,,,,,,,,,,,,,,,,,,,,,,,,,,,,,,,,,,,,,,,,,,,,,,,,2,BC - Bankers Cheque,2.0,PreQual/Technical,.pdf,TECHNICAL DOC,,,,
,,,,,,,,,,,,,,,,,,,,,,,,,,,,,,,,,,,,,,,,,,,,,,,,3,BG - Bank Guarantee Irrevocable,3.0,Finance,.xls,BILL OF QUANTITIES,,,,
,,,,,,,,,,,,,,,,,,,,,,,,,,,,,,,,,,,,,,,,,,,,,,,,4,FDR - Fixed Deposit Receipt,,,,,,,,
,,,,,,,,,,,,,,,,,,,,,,,,,,,,,,,,,,,,,,,,,,,,,,,,5,DCR - Deposit at call receipt,,,,,,,,
