﻿Name,Address,Title,Work Description,Pre Qualification Details,Independent External Monitor/Remarks,Tender Value in ₹,Product Category,Sub category,Contract Type,Bid Validity(Days),Period Of Work(Days),Location,Pincode,Pre Bid Meeting Place,Pre Bid Meeting Address,Pre Bid Meeting Date,Bid Opening Place,Should Allow NDA Tender,Allow Preferential Bidder,S.No,Instrument Type,Tender Fee in ₹,Fee Payable To,Fee Payable At,Tender Fee Exemption Allowed,Publish Date,Bid Opening Date,Document Download / Sale Start Date,Document Download / Sale End Date,Clarification Start Date,Clarification End Date,Bid Submission Start Date,Bid Submission End Date,Financial Bid Opening Date,Organisation Chain,Tender Reference Number,Tender ID,Tender Type,Form of contract,Tender Category,No. of Covers,General Technical Evaluation Allowed,ItemWise Technical Evaluation Allowed,Payment Mode,Is Multi Currency Allowed For BOQ,Is Multi Currency Allowed For Fee,Allow Two Stage Bidding,EMD Amount in ₹,EMD through BG/ST or EMD Exemption Allowed,EMD Fee Type,EMD Percentage,EMD Payable To,EMD Payable At,Cover No,Cover,Document Type,Description
"Chief Engineer, PWD Roads Assam","O/o the Chief Engineer, PWD Roads Assam, Chandmari, Guwahati, 781003",BR-1000/LAC-40/040,BR-1000/LAC-40/040 Const. of RCC Br. No. 1/1 on Uttar Burikhamar to Suliakata Road under conversion of 1000 Nos. of SPT bridges to RCC bridges for the year 2017-18.,Please refer Tender documents. ,NA ,"2,39,70,000",Civil Works - Bridges,NA ,Tender,180.0,548.0,Barpeta,781003.0,NA ,NA ,NA ,"O/o the Chief Engineer, PWD Roads Assam",No ,No,1.0,DD - Demand Draft,"7,200",Empowered Officer ASRB,Guwahati,No,16-Dec-2017 06:30 PM,27-Dec-2017 11:00 AM,16-Dec-2017 06:30 PM,26-Dec-2017 02:00 PM,16-Dec-2017 06:30 PM ,26-Dec-2017 02:00 PM ,16-Dec-2017 06:30 PM,26-Dec-2017 02:00 PM,12-Jan-2018 04:00 PM,Public Works Roads Department||CE PWD(R) - PWD||Traffic Engineering Cell - PWD,CE/STBR/14/2017-18/101,2017_PWD_4394_41,Open Tender,Item Rate,Works,2.0,No,No,Offline,No,No,No,"4,79,400",Yes,fixed,,"Chief Engineer, PWD (Roads), Assam",Guwahati,1.0,Fee/PreQual/Technical,.pdf,Bid Security
,,,,,,,,,,,,,,,,,,,,2.0,BC - Bankers Cheque,,,,,,,,,,,,,,,,,,,,,,,,,,,,,,,,,,,.pdf,Cost of Tender Document
,,,,,,,,,,,,,,,,,,,,3.0,BG - Bank Guarantee Irrevocable,,,,,,,,,,,,,,,,,,,,,,,,,,,,,,,,,,,.pdf,Technical Qualification Details
,,,,,,,,,,,,,,,,,,,,4.0,FDR - Fixed Deposit Receipt,,,,,,,,,,,,,,,,,,,,,,,,,,,,,,,,,,,.pdf,SBD
,,,,,,,,,,,,,,,,,,,,,,,,,,,,,,,,,,,,,,,,,,,,,,,,,,,,,,2.0,Finance,.xls,BOQ
,,,,,,,,,,,,,,,,,,,,,,,,,,,,,,,,,,,,,,,,,,,,,,,,,,,,,,,,.pdf,FOB
