﻿EMD Amount in ₹,EMD through BG/ST or EMD Exemption Allowed,EMD Fee Type,EMD Percentage,EMD Payable To,EMD Payable At,Publish Date,Bid Opening Date,Document Download / Sale Start Date,Document Download / Sale End Date,Clarification Start Date,Clarification End Date,Bid Submission Start Date,Bid Submission End Date,Financial Bid Opening Date,Cover No,Cover,Document Type,Description,Title,Work Description,Pre Qualification Details,Independent External Monitor/Remarks,Tender Value in ₹,Product Category,Sub category,Contract Type,Bid Validity(Days),Period Of Work(Days),Location,Pincode,Pre Bid Meeting Place,Pre Bid Meeting Address,Pre Bid Meeting Date,Bid Opening Place,Should Allow NDA Tender,Allow Preferential Bidder,Tender Fee in ₹,Fee Payable To,Fee Payable At,Tender Fee Exemption Allowed,S.No,Instrument Type,Organisation Chain,Tender Reference Number,Tender ID,Tender Type,Form of contract,Tender Category,No. of Covers,General Technical Evaluation Allowed,ItemWise Technical Evaluation Allowed,Payment Mode,Is Multi Currency Allowed For BOQ,Is Multi Currency Allowed For Fee,Allow Two Stage Bidding,Name,Address
"1,01,600",Yes,fixed,,"EE, PWD, Chirang R and B Division",Kajalgaon,27-Jul-2017 10:30 AM,17-Aug-2017 02:00 PM,27-Jul-2017 10:30 AM,16-Aug-2017 04:30 PM,27-Jul-2017 10:30 AM ,16-Aug-2017 04:30 PM ,27-Jul-2017 10:30 AM,16-Aug-2017 04:30 PM,09-Sep-2017 05:25 PM,1.0,Fee/PreQual/Technical,.pdf,EMD,TN_230_13,TN_230_13 Construction of road and widening from NH-31 ( C ) Dhaligaon to Lakhi Mandir with the provision of S.D.B.C and R.C.C Drainage system under B.T.C area for 2016-17. (Only Draingae system). (Remaining length).,Please refer Tender documents. ,NA ,"50,72,055",Civil Works,NA ,Tender,180.0,365.0,Kokrajhar,788730.0,NA ,NA ,NA ,"O/o the Addl. CE cum Director, PWD, BTC, Kokrajhar",No ,No,"1,600",Principal Secretary BTC Kokrajhar,"SBI, Kokrajhar",No,1.0,DD - Demand Draft,Bodoland Territorial Council-PWD||Director Cum CHD - PWD BTC,ACE-05/TECH/CHN/IFB/17-18/112,2017_BTC_2799_13,Open Tender,Item Rate,Works,2.0,No,No,Offline,No,No,No,"O/o the Addl. CE cum Director, PWD, BTC, Kokrajhar","O/o the O/o the Addl. CE cum Director, PWD, BTC, Kokrajhar"
,,,,,,,,,,,,,,,,,.pdf,Cost of Tender Document,,,,,,,,,,,,,,,,,,,,,,,2.0,BC - Bankers Cheque,,,,,,,,,,,,,,,
,,,,,,,,,,,,,,,,,.pdf,Technical Qualification Details,,,,,,,,,,,,,,,,,,,,,,,3.0,BG - Bank Guarantee Irrevocable,,,,,,,,,,,,,,,
,,,,,,,,,,,,,,,,,.pdf,SBD,,,,,,,,,,,,,,,,,,,,,,,4.0,FDR - Fixed Deposit Receipt,,,,,,,,,,,,,,,
,,,,,,,,,,,,,,,2.0,Finance,.xls,BOQ,,,,,,,,,,,,,,,,,,,,,,,,,,,,,,,,,,,,,,,
,,,,,,,,,,,,,,,,,.pdf,FOB,,,,,,,,,,,,,,,,,,,,,,,,,,,,,,,,,,,,,,,
