﻿Title,Work Description,Pre Qualification Details,Independent External Monitor/Remarks,Tender Value in ₹,Product Category,Sub category,Contract Type,Bid Validity(Days),Period Of Work(Days),Location,Pincode,Pre Bid Meeting Place,Pre Bid Meeting Address,Pre Bid Meeting Date,Bid Opening Place,Should Allow NDA Tender,Allow Preferential Bidder,S.No,Instrument Type,EMD Amount in ₹,EMD through BG/ST or EMD Exemption Allowed,EMD Fee Type,EMD Percentage,EMD Payable To,EMD Payable At,Cover No,Cover,Document Type,Description,Name,Address,Publish Date,Bid Opening Date,Document Download / Sale Start Date,Document Download / Sale End Date,Clarification Start Date,Clarification End Date,Bid Submission Start Date,Bid Submission End Date,Financial Bid Opening Date,Tender Fee in ₹,Fee Payable To,Fee Payable At,Tender Fee Exemption Allowed,Organisation Chain,Tender Reference Number,Tender ID,Tender Type,Form of contract,Tender Category,No. of Covers,General Technical Evaluation Allowed,ItemWise Technical Evaluation Allowed,Payment Mode,Is Multi Currency Allowed For BOQ,Is Multi Currency Allowed For Fee,Allow Two Stage Bidding
DIFFERENT WORKS UNDER DHANSIRI IRRIGATION PROJECT UNDER NABARD LTIF UNDER DHANSIRI PROJECT WEIR DIVISION IRRIGATION BHAIRABKUNDA DHANSIRI PROJECT CANAL I DIVISION UDALGURI DHANSIRI PROJECT CANAL II DIVISION UDALGURI GROUP 14,Reshaping Regrading at various reaches of canal K1D2B1M from ch 0m 11120 m of canal K2D2B1M from ch 700m to 3500m,Please refer Tender documents. ,NA ,"1,33,72,000",Civil Works - Others,NA ,Rate Contract,180.0,180.0,Dhansiri,784509.0,NA ,NA ,NA ,"O/o the Chief Engineer, Irrigation, Assam, Ghy-03",No ,No,1.0,DD - Demand Draft,"2,67,440",Yes,percentage,2.0%,"E.E Dhansiri Project Div(I), Canal I",Udalguri,1.0,Fee/PreQual/Technical,.pdf,Pre Qualification,"O/o the Chief Engineer, Irrigation, Assam, Ghy-03","Chief Engineer, Irrigation, Assam, Ghy-03",14-Jul-2017 01:00 PM,24-Jul-2017 03:00 PM,14-Jul-2017 01:00 PM,24-Jul-2017 02:00 PM,NA ,NA ,14-Jul-2017 01:00 PM,24-Jul-2017 02:00 PM,03-Aug-2017 11:55 AM,"1,000","Chief Engineer, Irrigation, Assam, Ghy-03",Guwahati,No,Irrigation Department||Chief Engineer(Major)-Irrigation Dept,No.DDP/VI/11/2017/1 Dt.07/07/2017,2017_ID_2729_1,Open Tender,Percentage,Works,2.0,No,No,Offline,No,No,No
,,,,,,,,,,,,,,,,,,2.0,FDR - Fixed Deposit Receipt,,,,,,,,,.pdf,Bid documents,,,,,,,,,,,,,,,,,,,,,,,,,,,,
,,,,,,,,,,,,,,,,,,,,,,,,,,,,.pdf,Cost of Bid Documents,,,,,,,,,,,,,,,,,,,,,,,,,,,,
,,,,,,,,,,,,,,,,,,,,,,,,,,,,.pdf,Earnest money,,,,,,,,,,,,,,,,,,,,,,,,,,,,
,,,,,,,,,,,,,,,,,,,,,,,,,,2.0,Finance,.xls,BOQ,,,,,,,,,,,,,,,,,,,,,,,,,,,,
