﻿Tender Fee in ₹,Fee Payable To,Fee Payable At,Tender Fee Exemption Allowed,Cover No,Cover,Document Type,Description,EMD Amount in ₹,EMD through BG/ST or EMD Exemption Allowed,EMD Fee Type,EMD Percentage,EMD Payable To,EMD Payable At,Organisation Chain,Tender Reference Number,Tender ID,Tender Type,Form of contract,Tender Category,No. of Covers,General Technical Evaluation Allowed,ItemWise Technical Evaluation Allowed,Payment Mode,Is Multi Currency Allowed For BOQ,Is Multi Currency Allowed For Fee,Allow Two Stage Bidding,Title,Work Description,Pre Qualification Details,Independent External Monitor/Remarks,Tender Value in ₹,Product Category,Sub category,Contract Type,Bid Validity(Days),Period Of Work(Days),Location,Pincode,Pre Bid Meeting Place,Pre Bid Meeting Address,Pre Bid Meeting Date,Bid Opening Place,Should Allow NDA Tender,Allow Preferential Bidder,Name,Address,S.No,Instrument Type,Publish Date,Bid Opening Date,Document Download / Sale Start Date,Document Download / Sale End Date,Clarification Start Date,Clarification End Date,Bid Submission Start Date,Bid Submission End Date,Financial Bid Opening Date
"2,600",empowered officer assam state road board,guwahati,No,1.0,Fee/PreQual/Technical,.pdf,Cost of Bid,"1,72,420",Yes,fixed,,Chief Engineer PWD Roads Assam Guwahati 3,Guwahati,Public Works Roads Department,RRRD/TECH/SOPD-G/17-18/337,2017_PWD_4526_1,Open Tender,Item Rate,Works,2.0,No,No,Offline,No,No,No,Road works under SOPD G for the FY 2017 18 under Rangia LAC,MT and BT of Road from Dwarkuchi Market to Chiknibari Chowk via Septi Supa (ch 0 m to 1850 m ) under SOPD G for the Financial year 2017-18 under Rangia Rural Road Division.,Please refer tender documents ,NA ,"86,21,000",Civil Works – Roads,NA ,Tender,90.0,180.0,Dwarkuchi,781354.0,NA ,NA ,NA ,O/o Executive Engineer PWD Rangia Rural Road Div,No ,No,Executive Engineer PWD Rangia Rural Road Division,O/o Executive Engineer PWD Rangia Rural Road Div,1.0,DD - Demand Draft,20-Dec-2017 10:50 AM,27-Dec-2017 11:00 AM,20-Dec-2017 11:00 AM,26-Dec-2017 12:00 PM,20-Dec-2017 11:00 AM ,22-Dec-2017 02:00 PM ,20-Dec-2017 11:00 AM,26-Dec-2017 12:00 PM,03-Jan-2018 12:15 PM
,,,,,,.pdf,Bid Security,,,,,,,,,,,,,,,,,,,,,,,,,,,,,,,,,,,,,,,,2.0,BC - Bankers Cheque,,,,,,,,,
,,,,,,.pdf,Technical Qualification Details,,,,,,,,,,,,,,,,,,,,,,,,,,,,,,,,,,,,,,,,3.0,SS - Small Savings Instrument,,,,,,,,,
,,,,,,.pdf,SBD,,,,,,,,,,,,,,,,,,,,,,,,,,,,,,,,,,,,,,,,4.0,FDR - Fixed Deposit Receipt,,,,,,,,,
,,,,2.0,Finance,.xls,BOQ,,,,,,,,,,,,,,,,,,,,,,,,,,,,,,,,,,,,,,,,,,,,,,,,,,
,,,,,,.pdf,Form of Bid,,,,,,,,,,,,,,,,,,,,,,,,,,,,,,,,,,,,,,,,,,,,,,,,,,
