﻿S.No,Instrument Type,EMD Amount in ₹,EMD through BG/ST or EMD Exemption Allowed,EMD Fee Type,EMD Percentage,EMD Payable To,EMD Payable At,Publish Date,Bid Opening Date,Document Download / Sale Start Date,Document Download / Sale End Date,Clarification Start Date,Clarification End Date,Bid Submission Start Date,Bid Submission End Date,Financial Bid Opening Date,Name,Address,Organisation Chain,Tender Reference Number,Tender ID,Tender Type,Form of contract,Tender Category,No. of Covers,General Technical Evaluation Allowed,ItemWise Technical Evaluation Allowed,Payment Mode,Is Multi Currency Allowed For BOQ,Is Multi Currency Allowed For Fee,Allow Two Stage Bidding,Title,Work Description,Pre Qualification Details,Independent External Monitor/Remarks,Tender Value in ₹,Product Category,Sub category,Contract Type,Bid Validity(Days),Period Of Work(Days),Location,Pincode,Pre Bid Meeting Place,Pre Bid Meeting Address,Pre Bid Meeting Date,Bid Opening Place,Should Allow NDA Tender,Allow Preferential Bidder,Tender Fee in ₹,Fee Payable To,Fee Payable At,Tender Fee Exemption Allowed,Cover No,Cover,Document Type,Description
1.0,DD - Demand Draft,"59,500",Yes,fixed,,EE PWD Mushalpur R and B Division Mushalpur,Mushalpur,13-Feb-2017 02:00 PM,23-Feb-2017 02:00 PM,13-Feb-2017 02:00 PM,22-Feb-2017 04:30 PM,13-Feb-2017 02:00 PM ,22-Feb-2017 04:00 PM ,13-Feb-2017 02:00 PM,22-Feb-2017 04:30 PM,27-Feb-2017 04:40 PM,"Addl. CE cum Director, PWD, BTC, Kokrajhar","O/o the Addl. CE cum Director, PWD, BTC, Kokrajhar",Bodoland Territorial Council-PWD||Director Cum CHD - PWD BTC,ACE77/TECH/IFB/SA/BTC/Pt-1/16,2017_BTC_1713_3,Open Tender,Item Rate,Works,2.0,No,No,Offline,No,No,No,TN_126_3,"TN_126_3 Construction of Sports Play Ground at Karemura Sports Filed, Karemura under One Time Special Assistance to Bodoland Territorial Council For the Financial year 2015-16.",Please refer Tender documents. ,NA ,"29,70,145",Civil Works,NA ,Tender,180.0,180.0,Kokrajhar,783370.0,NA ,NA ,NA ,"O/o the Addl. CE cum Director, PWD, BTC, Kokrajhar",No ,No,"1,000",Principal Secretary BTC Kokrajhar,SBI Kokrajhar,No,1.0,Fee/PreQual/Technical,.pdf,EMD
2.0,BC - Bankers Cheque,,,,,,,,,,,,,,,,,,,,,,,,,,,,,,,,,,,,,,,,,,,,,,,,,,,,,,,.pdf,Cost of Tender Document
3.0,BG - Bank Guarantee Irrevocable,,,,,,,,,,,,,,,,,,,,,,,,,,,,,,,,,,,,,,,,,,,,,,,,,,,,,,,.pdf,SBD
4.0,FDR - Fixed Deposit Receipt,,,,,,,,,,,,,,,,,,,,,,,,,,,,,,,,,,,,,,,,,,,,,,,,,,,,,,,.pdf,Technical Qualification Details
,,,,,,,,,,,,,,,,,,,,,,,,,,,,,,,,,,,,,,,,,,,,,,,,,,,,,,2.0,Finance,.xls,BOQ
,,,,,,,,,,,,,,,,,,,,,,,,,,,,,,,,,,,,,,,,,,,,,,,,,,,,,,,,.pdf,FOB
