﻿Title,Work Description,Pre Qualification Details,Independent External Monitor/Remarks,Tender Value in ₹,Product Category,Sub category,Contract Type,Bid Validity(Days),Period Of Work(Days),Location,Pincode,Pre Bid Meeting Place,Pre Bid Meeting Address,Pre Bid Meeting Date,Bid Opening Place,Should Allow NDA Tender,Allow Preferential Bidder,S.No,Instrument Type,EMD Amount in ₹,EMD through BG/ST or EMD Exemption Allowed,EMD Fee Type,EMD Percentage,EMD Payable To,EMD Payable At,Name,Address,Publish Date,Bid Opening Date,Document Download / Sale Start Date,Document Download / Sale End Date,Clarification Start Date,Clarification End Date,Bid Submission Start Date,Bid Submission End Date,Financial Bid Opening Date,Cover No,Cover,Document Type,Description,Tender Fee in ₹,Fee Payable To,Fee Payable At,Tender Fee Exemption Allowed,Organisation Chain,Tender Reference Number,Tender ID,Tender Type,Form of contract,Tender Category,No. of Covers,General Technical Evaluation Allowed,ItemWise Technical Evaluation Allowed,Payment Mode,Is Multi Currency Allowed For BOQ,Is Multi Currency Allowed For Fee,Allow Two Stage Bidding
SUPPLY OF VST SHAKTI (130DI) POWER TILLER,"SUPPLY OF VST SHAKTI (130DI) POWER TILLER WITH ALL ACCESORRIES UNDER SOPD, 2017-18",Refer to Bidding Document ,NA ,"1,29,97,600",Farm Machinery and Equipments,NA ,Tender,180.0,45.0,Kokrajhar,783370.0,NA ,NA ,NA ,"EE (Agri.), Kokrajhar",No ,No,1,DD - Demand Draft,"2,59,952",Yes,percentage,2.0%,"EE (Agri.), Kokrajhar Division, BTC, Kokrajhar",Kokrajhar,"EE (Agri.), Kokrajhar Div., BTC, Kokrajhar","EE (Agri.), Kokrajhar Div., BTC, Kokrajhar",20-Dec-2017 12:00 PM,29-Dec-2017 02:00 PM,20-Dec-2017 12:30 PM,28-Dec-2017 04:30 PM,21-Dec-2017 10:30 AM ,27-Dec-2017 04:00 PM ,21-Dec-2017 10:30 AM,28-Dec-2017 04:30 PM,04-Jan-2018 02:00 PM,1.0,Fee/PreQual/Technical,.pdf,Tender Fee and EMD,"3,000","Principal Secretary, BTC, Kokrajhar","SBI, Kokrajhar",No,Bodoland Territorial Council||Agriculture-BTC,EE(Agri)/Koj/BTC/e- Tender/2017-18/1576dt.18/12/17,2017_BoTC_4494_1,Open Tender,Supply,Goods,2.0,No,No,Offline,No,No,No
,,,,,,,,,,,,,,,,,,2,BC - Bankers Cheque,,,,,,,,,,,,,,,,,,,,.pdf,Technical qualification Documents,,,,,,,,,,,,,,,,,
,,,,,,,,,,,,,,,,,,3,FDR - Fixed Deposit Receipt,,,,,,,,,,,,,,,,,,,,.pdf,Bidding Documents Seal and Signed in each Page,,,,,,,,,,,,,,,,,
,,,,,,,,,,,,,,,,,,4,DCR - Deposit at call receipt,,,,,,,,,,,,,,,,,,2.0,Finance,.pdf,Price Bid,,,,,,,,,,,,,,,,,
