﻿Cover No,Cover,Document Type,Description,S.No,Instrument Type,EMD Amount in ₹,EMD through BG/ST or EMD Exemption Allowed,EMD Fee Type,EMD Percentage,EMD Payable To,EMD Payable At,Tender Fee in ₹,Fee Payable To,Fee Payable At,Tender Fee Exemption Allowed,Title,Work Description,Pre Qualification Details,Independent External Monitor/Remarks,Tender Value in ₹,Product Category,Sub category,Contract Type,Bid Validity(Days),Period Of Work(Days),Location,Pincode,Pre Bid Meeting Place,Pre Bid Meeting Address,Pre Bid Meeting Date,Bid Opening Place,Should Allow NDA Tender,Allow Preferential Bidder,Publish Date,Bid Opening Date,Document Download / Sale Start Date,Document Download / Sale End Date,Clarification Start Date,Clarification End Date,Bid Submission Start Date,Bid Submission End Date,Name,Address,Organisation Chain,Tender Reference Number,Tender ID,Tender Type,Form of contract,Tender Category,No. of Covers,General Technical Evaluation Allowed,ItemWise Technical Evaluation Allowed,Payment Mode,Is Multi Currency Allowed For BOQ,Is Multi Currency Allowed For Fee,Allow Two Stage Bidding
1.0,Fee/PreQual/Technical,.pdf,EMD,1.0,DD - Demand Draft,"99,050",Yes,fixed,,"EE, PWD, Udalguri Rural Road Division",Udalguri,"1,500",Principal Secretary BTC Kokrajhar,SBI Kokrajhar,No,TN_121_4,TN_121_4 Improvement of Road (with C.C. Block) from Kalaigaon Kundarbil PWD link road to Sandhyabari L.P. School in Udalguri Rural Road Division for the year 2016-17,Please refer Tender documents. ,NA ,"49,50,502",Civil Works,NA ,Tender,180.0,180.0,Kokrajhar,783370.0,NA ,NA ,NA ,"O/o the Addl. CE cum Director, PWD, BTC, Kokrajhar",No ,No,08-Feb-2017 04:00 PM,20-Feb-2017 02:00 PM,08-Feb-2017 04:00 PM,18-Feb-2017 04:30 PM,08-Feb-2017 04:00 PM ,18-Feb-2017 04:00 PM ,08-Feb-2017 04:00 PM,18-Feb-2017 04:30 PM,"Addl. CE cum Director, PWD, BTC, Kokrajhar","O/o the Addl. CE cum Director, PWD, BTC, Kokrajhar",Bodoland Territorial Council-PWD||Director Cum CHD - PWD BTC,ACE11/TECH/UDL(R)/IFB/16-17/56,2017_BTC_1708_4,Open Tender,Item Rate,Works,2.0,No,No,Offline,No,No,No
,,.pdf,Cost of Tender Document,2.0,BC - Bankers Cheque,,,,,,,,,,,,,,,,,,,,,,,,,,,,,,,,,,,,,,,,,,,,,,,,,,,
,,.pdf,SBD,3.0,BG - Bank Guarantee Irrevocable,,,,,,,,,,,,,,,,,,,,,,,,,,,,,,,,,,,,,,,,,,,,,,,,,,,
,,.pdf,Technical Qualification Details,4.0,FDR - Fixed Deposit Receipt,,,,,,,,,,,,,,,,,,,,,,,,,,,,,,,,,,,,,,,,,,,,,,,,,,,
2.0,Finance,.xls,BOQ,,,,,,,,,,,,,,,,,,,,,,,,,,,,,,,,,,,,,,,,,,,,,,,,,,,,,
,,.pdf,FOB,,,,,,,,,,,,,,,,,,,,,,,,,,,,,,,,,,,,,,,,,,,,,,,,,,,,,
