﻿Cover No,Cover,Document Type,Description,Organisation Chain,Tender Reference Number,Tender ID,Tender Type,Form of contract,Tender Category,No. of Covers,General Technical Evaluation Allowed,ItemWise Technical Evaluation Allowed,Payment Mode,Is Multi Currency Allowed For BOQ,Is Multi Currency Allowed For Fee,Allow Two Stage Bidding,S.No,Instrument Type,EMD Amount in ₹,EMD through BG/ST or EMD Exemption Allowed,EMD Fee Type,EMD Percentage,EMD Payable To,EMD Payable At,Publish Date,Bid Opening Date,Document Download / Sale Start Date,Document Download / Sale End Date,Clarification Start Date,Clarification End Date,Bid Submission Start Date,Bid Submission End Date,Financial Bid Opening Date,Name,Address,Title,Work Description,Pre Qualification Details,Independent External Monitor/Remarks,Tender Value in ₹,Product Category,Sub category,Contract Type,Bid Validity(Days),Period Of Work(Days),Location,Pincode,Pre Bid Meeting Place,Pre Bid Meeting Address,Pre Bid Meeting Date,Bid Opening Place,Should Allow NDA Tender,Allow Preferential Bidder,Tender Fee in ₹,Fee Payable To,Fee Payable At,Tender Fee Exemption Allowed
1.0,Fee/PreQual/Technical,.pdf,Fees,Health and Family Welfare Department||Directorate of Medical Education-HFWD||Jorhat Medical College and Hospital-HFWD,IFB NO SMEJ/JMCH/989/Pt.VII/2017/1486 Date 07/06,2017_HFWD_2489_36,Open Tender,Supply,Goods,2.0,No,No,Offline,No,No,No,1.0,DD - Demand Draft,"10,000",No,fixed,,Society for Medical Education Jorhat,State Bank of India JMC Branch,29-Aug-2017 06:50 PM,07-Sep-2017 12:00 PM,29-Aug-2017 06:50 PM,07-Sep-2017 12:00 PM,NA ,NA ,29-Aug-2017 06:50 PM,07-Sep-2017 12:00 PM,21-Oct-2017 01:00 PM,"Principal cum Chief Sueprintendent, JMCH","Administrative Building, JMCH",Supply and installation of Neurosurgery and Anaesthesia Equipments at JMCH,Supply and Installation of Operating Chair for Surgeon and Assistant (Group A),Please refer Tender documents ,NA ,"9,50,00,000",Machineries,NA ,Tender,365.0,45.0,"Jorhat Medical College and Hospital, Jorhat",785001.0,NA ,NA ,NA ,"Administrative Building, JMCH",No ,No,"1,000",Society for Medical Education Jorhat,State Bank of India JMC Branch,Yes
,,.pdf,Pre-Qualifications,,,,,,,,,,,,,,2.0,BC - Bankers Cheque,,,,,,,,,,,,,,,,,,,,,,,,,,,,,,,,,,,,,,,
,,.pdf,Tech. Qualifications,,,,,,,,,,,,,,3.0,BG - Bank Guarantee Irrevocable,,,,,,,,,,,,,,,,,,,,,,,,,,,,,,,,,,,,,,,
2.0,Finance,.xls,BOQ,,,,,,,,,,,,,,4.0,FDR - Fixed Deposit Receipt,,,,,,,,,,,,,,,,,,,,,,,,,,,,,,,,,,,,,,,
,,.pdf,supplementary BOQ,,,,,,,,,,,,,,,,,,,,,,,,,,,,,,,,,,,,,,,,,,,,,,,,,,,,,,
