﻿Tender Fee in ₹,Fee Payable To,Fee Payable At,Tender Fee Exemption Allowed,Publish Date,Bid Opening Date,Document Download / Sale Start Date,Document Download / Sale End Date,Clarification Start Date,Clarification End Date,Bid Submission Start Date,Bid Submission End Date,Financial Bid Opening Date,Cover No,Cover,Document Type,Description,Organisation Chain,Tender Reference Number,Tender ID,Tender Type,Form of contract,Tender Category,No. of Covers,General Technical Evaluation Allowed,ItemWise Technical Evaluation Allowed,Payment Mode,Is Multi Currency Allowed For BOQ,Is Multi Currency Allowed For Fee,Allow Two Stage Bidding,EMD Amount in ₹,EMD through BG/ST or EMD Exemption Allowed,EMD Fee Type,EMD Percentage,EMD Payable To,EMD Payable At,Title,Work Description,Pre Qualification Details,Independent External Monitor/Remarks,Tender Value in ₹,Product Category,Sub category,Contract Type,Bid Validity(Days),Period Of Work(Days),Location,Pincode,Pre Bid Meeting Place,Pre Bid Meeting Address,Pre Bid Meeting Date,Bid Opening Place,Should Allow NDA Tender,Allow Preferential Bidder,Name,Address,S.No,Corrigendum Title,Corrigendum Type,View,S.No,Instrument Type
"9,000",Empowered Officer ASRB,Guwahati,No,10-Nov-2017 10:30 AM,27-Nov-2017 11:00 AM,11-Nov-2017 10:30 AM,23-Nov-2017 02:00 PM,11-Nov-2017 10:30 AM ,15-Nov-2017 04:00 PM ,11-Nov-2017 10:30 AM,23-Nov-2017 02:00 PM,14-Dec-2017 04:30 PM,1.0,Fee/PreQual/Technical,.pdf,Bid Security,Public Works Roads Department||CE PWD(R) - PWD||Traffic Engineering Cell - PWD,CE/STBR/14/2017-18/69,2017_PWD_3776_7,Open Tender,Item Rate,Works,2.0,No,No,Offline,No,No,No,"6,00,000",Yes,fixed,,"Chief Engineer, PWD, Roads, Assam",Guwahati,BR-1000/LAC-5/008,BR-1000/LAC-5/008 Const. of RCC Br. No. 1/3 over River Kachua on Chakirmukh Baniargool Road under conversion of 1000 Nos. of SPT bridges to RCC bridges for the year 2017-18.,Please refer Tender documents. ,NA ,"3,00,00,000",Civil Works - Bridges,NA ,Tender,180.0,548.0,Karimganj,788710.0,NA ,NA ,NA ,"O/o the CE, PWD Roads, Assam",No ,No,"CE, PWD Roads, Assam","O/o the CE, PWD Roads, Assam, Chandmari, Guwahati, 781003",1.0,Bid Submission Date Extension for the Package No. BR-1000/LAC-5/008,Date,,1.0,DD - Demand Draft
,,,,,,,,,,,,,,,.pdf,Cost of Tender Document,,,,,,,,,,,,,,,,,,,,,,,,,,,,,,,,,,,,,,,,,,,,2.0,BG - Bank Guarantee Irrevocable
,,,,,,,,,,,,,,,.pdf,Technical Qualification Details,,,,,,,,,,,,,,,,,,,,,,,,,,,,,,,,,,,,,,,,,,,,3.0,FDR - Fixed Deposit Receipt
,,,,,,,,,,,,,,,.pdf,Standard Bidding Document,,,,,,,,,,,,,,,,,,,,,,,,,,,,,,,,,,,,,,,,,,,,,
,,,,,,,,,,,,,2.0,Finance,.xls,Bill of Quantities,,,,,,,,,,,,,,,,,,,,,,,,,,,,,,,,,,,,,,,,,,,,,
,,,,,,,,,,,,,,,.pdf,Form of Bid,,,,,,,,,,,,,,,,,,,,,,,,,,,,,,,,,,,,,,,,,,,,,
