﻿Publish Date,Bid Opening Date,Document Download / Sale Start Date,Document Download / Sale End Date,Clarification Start Date,Clarification End Date,Bid Submission Start Date,Bid Submission End Date,Financial Bid Opening Date,Cover No,Cover,Document Type,Description,S.No,Instrument Type,Organisation Chain,Tender Reference Number,Tender ID,Tender Type,Form of contract,Tender Category,No. of Covers,General Technical Evaluation Allowed,ItemWise Technical Evaluation Allowed,Payment Mode,Is Multi Currency Allowed For BOQ,Is Multi Currency Allowed For Fee,Allow Two Stage Bidding,Title,Work Description,Pre Qualification Details,Independent External Monitor/Remarks,Tender Value in ₹,Product Category,Sub category,Contract Type,Bid Validity(Days),Period Of Work(Days),Location,Pincode,Pre Bid Meeting Place,Pre Bid Meeting Address,Pre Bid Meeting Date,Bid Opening Place,Should Allow NDA Tender,Allow Preferential Bidder,Name,Address,Tender Fee in ₹,Fee Payable To,Fee Payable At,Tender Fee Exemption Allowed,EMD Amount in ₹,EMD through BG/ST or EMD Exemption Allowed,EMD Fee Type,EMD Percentage,EMD Payable To,EMD Payable At
11-Nov-2017 10:30 AM,22-Nov-2017 11:00 AM,13-Nov-2017 10:30 AM,20-Nov-2017 02:00 PM,13-Nov-2017 10:30 AM ,16-Nov-2017 04:00 PM ,13-Nov-2017 10:30 AM,20-Nov-2017 02:00 PM,11-Dec-2017 05:45 PM,1.0,Fee/PreQual/Technical,.pdf,Bid Security,1.0,DD - Demand Draft,Public Works Roads Department||CE PWD(R) - PWD||Traffic Engineering Cell - PWD,CE/STBR/14/2017-18/72,2017_PWD_3779_28,Open Tender,Item Rate,Works,2.0,No,No,Offline,No,No,No,BR-1000/LAC-115/152,BR-1000/LAC-115/152 Cost. of RCC Br.No. 3/1 alongwith Approaches and protection works on Borphukan Ali to Silsili Demow kinar Road under Conversion of 1000 Nos. SPT Bridges in to RCC Bridges for the year 2017-18.,Please refer Tender documents. ,NA ,"1,89,96,000",Civil Works - Bridges,NA ,Tender,180.0,548.0,Moran,785670.0,NA ,NA ,NA ,"O/O the C.E, PWD (Roads) Assam",No ,No,"C.E, PWD (Roads) Assam","O/O the C.E, PWD (Roads) Assam, Chandmari, Ghy-03","5,700","Empowered Officer, ASRB",Guwahati,No,"3,79,920",Yes,fixed,,"Chief Engineer, PWD (Roads)",Guwahati
,,,,,,,,,,,.pdf,Cost of Tender Document,2.0,BG - Bank Guarantee Irrevocable,,,,,,,,,,,,,,,,,,,,,,,,,,,,,,,,,,,,,,,,,,,
,,,,,,,,,,,.pdf,Technical Qualification Details,3.0,FDR - Fixed Deposit Receipt,,,,,,,,,,,,,,,,,,,,,,,,,,,,,,,,,,,,,,,,,,,
,,,,,,,,,,,.pdf,SBD,,,,,,,,,,,,,,,,,,,,,,,,,,,,,,,,,,,,,,,,,,,,,
,,,,,,,,,2.0,Finance,.xls,BOQ,,,,,,,,,,,,,,,,,,,,,,,,,,,,,,,,,,,,,,,,,,,,,
,,,,,,,,,,,.pdf,FOB,,,,,,,,,,,,,,,,,,,,,,,,,,,,,,,,,,,,,,,,,,,,,
