﻿Publish Date,Bid Opening Date,Document Download / Sale Start Date,Document Download / Sale End Date,Clarification Start Date,Clarification End Date,Bid Submission Start Date,Bid Submission End Date,Financial Bid Opening Date,S.No,Instrument Type,Tender Fee in ₹,Fee Payable To,Fee Payable At,Tender Fee Exemption Allowed,EMD Amount in ₹,EMD through BG/ST or EMD Exemption Allowed,EMD Fee Type,EMD Percentage,EMD Payable To,EMD Payable At,S.No,Category,Sub Category,Sub Category Description,Format/File,Name,Address,Organisation Chain,Tender Reference Number,Tender ID,Tender Type,Form of contract,Tender Category,No. of Covers,General Technical Evaluation Allowed,ItemWise Technical Evaluation Allowed,Payment Mode,Is Multi Currency Allowed For BOQ,Is Multi Currency Allowed For Fee,Allow Two Stage Bidding,Cover No,Cover,Document Type,Description,Title,Work Description,Pre Qualification Details,Independent External Monitor/Remarks,Tender Value in ₹,Product Category,Sub category,Contract Type,Bid Validity(Days),Period Of Work(Days),Location,Pincode,Pre Bid Meeting Place,Pre Bid Meeting Address,Pre Bid Meeting Date,Bid Opening Place,Should Allow NDA Tender,Allow Preferential Bidder
20-Oct-2017 10:00 AM,31-Oct-2017 11:00 AM,23-Oct-2017 10:00 AM,30-Oct-2017 04:30 PM,23-Oct-2017 10:00 AM ,30-Oct-2017 04:00 PM ,23-Oct-2017 02:00 PM,30-Oct-2017 04:30 PM,08-Nov-2017 10:00 AM,1.0,DD - Demand Draft,"1,800","Empowered officer,ASRB",Guwahati,No,"1,17,900",Yes,percentage,2.0%,"The Chief Engineer,PWD Roads",Guwahati,1,Balance Sheet ,Year 5 ,Year 5 Balance Sheet ,,"A.Y. S.Islam, EE,PWD (Rds)","office of the Ex En,PWD ,Goalpara R R Division",Public Works Roads Department,GLP/RRD/37/36/ARMF/40,2017_PWD_3418_1,Open Tender,Item Rate,Works,2.0,No,No,Offline,No,No,No,1.0,Fee/PreQual/Technical,.pdf,Cost of tender documents,Repairs and maintenance of Darrangiri Nandeswar Road (Br.approach RCC Br no 10/1) and repairs and maintenance of Darrangiri-Nandeswar Road under ARMF (Batch-II) for the year 2016-17,As per tender documents,Please refer Tender documents. ,NA ,"58,95,000",Civil Works – Roads,NA ,Tender,90.0,150.0,In Goalpara District,783121.0,NA ,NA ,NA ,"Office of the Ex Engineer,PWD",No ,No
,,,,,,,,,2.0,BC - Bankers Cheque,,,,,,,,,,,2,Dept Certificate ,PWD ,Registration certificate with PWD ,,,,,,,,,,,,,,,,,,,.pdf,Bid security,,,,,,,,,,,,,,,,,,
,,,,,,,,,3.0,FDR - Fixed Deposit Receipt,,,,,,,,,,,3,General Certificate ,IT ,Income Tax certificate ,,,,,,,,,,,,,,,,,,,.pdf,SBD,,,,,,,,,,,,,,,,,,
,,,,,,,,,,,,,,,,,,,,,4,General Certificate ,Workdone ,Work Done certificate ,,,,,,,,,,,,,,,,,,,.pdf,Technical qualification details,,,,,,,,,,,,,,,,,,
,,,,,,,,,,,,,,,,,,,,,5,General Certificate ,CST ,CST Registration Certificate ,,,,,,,,,,,,,,,,,2.0,Finance,.xls,BOQ,,,,,,,,,,,,,,,,,,
,,,,,,,,,,,,,,,,,,,,,6,Machineries ,Machineries Details ,Machineries Details Description ,,,,,,,,,,,,,,,,,,,.pdf,Form of Bid,,,,,,,,,,,,,,,,,,
,,,,,,,,,,,,,,,,,,,,,7,Manpower ,Manpower Details ,Manpower Details Description ,,,,,,,,,,,,,,,,,,,,,,,,,,,,,,,,,,,,,,
,,,,,,,,,,,,,,,,,,,,,8,Profit and Loss ,Year 5 ,Year 5 Profit and Loss Statement ,,,,,,,,,,,,,,,,,,,,,,,,,,,,,,,,,,,,,,
,,,,,,,,,,,,,,,,,,,,,9,Works ,Order 3 ,Order 3 executed ,,,,,,,,,,,,,,,,,,,,,,,,,,,,,,,,,,,,,,
