﻿EMD Amount in ₹,EMD through BG/ST or EMD Exemption Allowed,EMD Fee Type,EMD Percentage,EMD Payable To,EMD Payable At,Publish Date,Bid Opening Date,Document Download / Sale Start Date,Document Download / Sale End Date,Clarification Start Date,Clarification End Date,Bid Submission Start Date,Bid Submission End Date,Financial Bid Opening Date,S.No,Instrument Type,Name,Address,Title,Work Description,Pre Qualification Details,Independent External Monitor/Remarks,Tender Value in ₹,Product Category,Sub category,Contract Type,Bid Validity(Days),Period Of Work(Days),Location,Pincode,Pre Bid Meeting Place,Pre Bid Meeting Address,Pre Bid Meeting Date,Bid Opening Place,Should Allow NDA Tender,Allow Preferential Bidder,Cover No,Cover,Document Type,Description,Tender Fee in ₹,Fee Payable To,Fee Payable At,Tender Fee Exemption Allowed,Organisation Chain,Tender Reference Number,Tender ID,Tender Type,Form of contract,Tender Category,No. of Covers,General Technical Evaluation Allowed,ItemWise Technical Evaluation Allowed,Payment Mode,Is Multi Currency Allowed For BOQ,Is Multi Currency Allowed For Fee,Allow Two Stage Bidding
"79,954",Yes,percentage,2.0%,"Executive Engineer, Kokrajhar Water Resources Divi",Kokrajhar,22-May-2017 10:00 AM,09-Jun-2017 03:00 PM,22-May-2017 10:05 AM,09-Jun-2017 02:00 PM,NA ,NA ,01-Jun-2017 10:00 AM,09-Jun-2017 02:00 PM,10-Jun-2017 12:00 PM,1.0,DD - Demand Draft,Addl. Chief Engineer,"Addl.Chief Engineer, Kokrajhar Zone, W.R. Deptt., B.T.C. Kokrajhar",Protection of Gorumara Char from the erosion of river Sonkosh on,Protection of Gorumara Char from the erosion of river Sonkosh on R/B Ph-I Under BTC Plan for 2016-17,please refer tender documents ,NA ,"39,97,713",Civil Works,NA ,Tender,180.0,90.0,"Gorumara Char, Kokrajhar",783370.0,NA ,NA ,NA ,"O/O the Addl. Chief Engineer, Kokrajhar Zone, W.R.",No ,No,1.0,Fee/PreQual/Technical,.pdf,Tender fees and EMD,"2,000","Executive Engineer, Kokrajhar Water Resources Divi",Kokrajhar,No,Bodoland Territorial Council-WRD,"Addl. CE/KZ/WR/Acctt/101/873, dt.15.05.2017",2017_BTCWR_2289_1,Open Tender,Item Rate,Works,2.0,No,No,Offline,No,No,No
,,,,,,,,,,,,,,,2.0,BG - Bank Guarantee Irrevocable,,,,,,,,,,,,,,,,,,,,,,,.pdf,Technical qualification documents,,,,,,,,,,,,,,,,,
,,,,,,,,,,,,,,,3.0,FDR - Fixed Deposit Receipt,,,,,,,,,,,,,,,,,,,,,,,.pdf,Tender documents sign in each page,,,,,,,,,,,,,,,,,
,,,,,,,,,,,,,,,,,,,,,,,,,,,,,,,,,,,,,2.0,Finance,.xls,Financial bids,,,,,,,,,,,,,,,,,
