﻿S.No,Corrigendum Title,Corrigendum Type,View,Organisation Chain,Tender Reference Number,Tender ID,Tender Type,Form of contract,Tender Category,No. of Covers,General Technical Evaluation Allowed,ItemWise Technical Evaluation Allowed,Payment Mode,Is Multi Currency Allowed For BOQ,Is Multi Currency Allowed For Fee,Allow Two Stage Bidding,Cover No,Cover,Document Type,Description,Title,Work Description,Pre Qualification Details,Independent External Monitor/Remarks,Tender Value in ₹,Product Category,Sub category,Contract Type,Bid Validity(Days),Period Of Work(Days),Location,Pincode,Pre Bid Meeting Place,Pre Bid Meeting Address,Pre Bid Meeting Date,Bid Opening Place,Should Allow NDA Tender,Allow Preferential Bidder,S.No,Instrument Type,Publish Date,Bid Opening Date,Document Download / Sale Start Date,Document Download / Sale End Date,Clarification Start Date,Clarification End Date,Bid Submission Start Date,Bid Submission End Date,Tender Fee in ₹,Fee Payable To,Fee Payable At,Tender Fee Exemption Allowed,Name,Address,EMD Amount in ₹,EMD through BG/ST or EMD Exemption Allowed,EMD Fee Type,EMD Percentage,EMD Payable To,EMD Payable At
1.0,Cancellation of Tender for the Package No. BR-1000/LAC-98/119,Cancellation of Tender,,Public Works Roads Department||CE PWD(R) - PWD||Traffic Engineering Cell - PWD,CE/STBR/14/2017-18/71,2017_PWD_3778_28,Open Tender,Item Rate,Works,2.0,No,No,Offline,No,No,No,1.0,Fee/PreQual/Technical,.pdf,Bid Security,BR-1000/LAC-98/119,BR-1000/LAC-98/119 Const. of RCC Br. No.- 3/2 on Ganasatika Road over river Bejijan at Jankhana under Conversion of 1000 Nos. SPT Bridges in to RCC Bridges for the year 2017-18.,Please refer Tender documents. ,NA ,"1,21,21,000",Civil Works - Bridges,NA ,Tender,180.0,548.0,Jorhat,785621.0,NA ,NA ,NA ,"O/o the CE PWD Roads, Assam",No ,No,1.0,DD - Demand Draft,11-Nov-2017 10:30 AM,22-Nov-2017 11:00 AM,13-Nov-2017 10:30 AM,20-Nov-2017 02:00 PM,13-Nov-2017 10:30 AM ,16-Nov-2017 04:00 PM ,13-Nov-2017 10:30 AM,20-Nov-2017 02:00 PM,"3,700","Empowered Officer, ASRB",Guwahati,No,"CE PWD Roads, Assam","O/o the CE PWD Roads, Assam, Chandmari, Guwahati, 781003","2,42,420",Yes,fixed,,"Chief Engineer, PWD Roads, Assam",Guwahati
,,,,,,,,,,,,,,,,,,,.pdf,Cost of Tender Document,,,,,,,,,,,,,,,,,,,2.0,BG - Bank Guarantee Irrevocable,,,,,,,,,,,,,,,,,,,,
,,,,,,,,,,,,,,,,,,,.pdf,Technical Qualification Details,,,,,,,,,,,,,,,,,,,3.0,FDR - Fixed Deposit Receipt,,,,,,,,,,,,,,,,,,,,
,,,,,,,,,,,,,,,,,,,.pdf,SBD,,,,,,,,,,,,,,,,,,,,,,,,,,,,,,,,,,,,,,,,
,,,,,,,,,,,,,,,,,2.0,Finance,.xls,BOQ,,,,,,,,,,,,,,,,,,,,,,,,,,,,,,,,,,,,,,,,
,,,,,,,,,,,,,,,,,,,.pdf,FOB,,,,,,,,,,,,,,,,,,,,,,,,,,,,,,,,,,,,,,,,
