﻿Title,Work Description,Pre Qualification Details,Independent External Monitor/Remarks,Tender Value in ₹,Product Category,Sub category,Contract Type,Bid Validity(Days),Period Of Work(Days),Location,Pincode,Pre Bid Meeting Place,Pre Bid Meeting Address,Pre Bid Meeting Date,Bid Opening Place,Should Allow NDA Tender,Allow Preferential Bidder,S.No,Instrument Type,Tender Fee in ₹,Fee Payable To,Fee Payable At,Tender Fee Exemption Allowed,EMD Amount in ₹,EMD through BG/ST or EMD Exemption Allowed,EMD Fee Type,EMD Percentage,EMD Payable To,EMD Payable At,Publish Date,Bid Opening Date,Document Download / Sale Start Date,Document Download / Sale End Date,Clarification Start Date,Clarification End Date,Bid Submission Start Date,Bid Submission End Date,Name,Address,S.No,Corrigendum Title,Corrigendum Type,View,Organisation Chain,Tender Reference Number,Tender ID,Tender Type,Form of contract,Tender Category,No. of Covers,General Technical Evaluation Allowed,ItemWise Technical Evaluation Allowed,Payment Mode,Is Multi Currency Allowed For BOQ,Is Multi Currency Allowed For Fee,Allow Two Stage Bidding,Cover No,Cover,Document Type,Description
Renovation of HPC and Gr IV Qtr at Dudhnoi in Goalpara Dist for 2017-18,Renovation of HPC and Gr IV Qtr at Dudhnoi in Goalpara Dist for 2017-18,Please refer Tender documents. ,NA ,"21,00,000",Civil Works - Bridges,NA ,Tender,180.0,90.0,"Dudhnoi, Goalpara",781001.0,"Directorate of Handloom and Textiles, Assam, Ghy-1 ","Conference Hall, Directorate of Handloom and Textiles, Assam, Ambari, Guwahati-1 ",11-Sep-2017 11:00 AM ,"Directorate of Handloom and Textiles, Assam, Ghy-1",No ,No,1,DD - Demand Draft,500.0,"Director, Handloom and Textiles, Assam",Guwahati,No,"42,000",Yes,percentage,2.0%,"Director, Handloom and Textiles, Assam",Guwahati,06-Sep-2017 03:00 PM,26-Sep-2017 01:00 PM,06-Sep-2017 03:30 PM,25-Sep-2017 03:00 PM,NA ,NA ,14-Sep-2017 03:30 PM,25-Sep-2017 03:00 PM,"Director, Handloom and Textiles, Assam","Directorate of Handloom and Textiles, Assam, Ambari, Guwahati-1",1.0,Cancellation and Re-Bid of Tender,Cancellation of Tender,,Department of Handloom Textile and Sericulture||Directorate of Handloom and Textiles-DHTS,"DHTCM(C)/18/2017/345 Dated Guwahati, 5th Sept/2017",2017_DHTS_3168_6,Open Tender,Percentage,Works,2.0,No,No,Offline,No,No,No,1.0,Fee/PreQual/Technical,.pdf,Tender fee and EMD
,,,,,,,,,,,,,,,,,,2,BC - Bankers Cheque,,,,,,,,,,,,,,,,,,,,,,,,,,,,,,,,,,,,,,,,.pdf,Technical Documents
,,,,,,,,,,,,,,,,,,3,BG - Bank Guarantee Irrevocable,,,,,,,,,,,,,,,,,,,,,,,,,,,,,,,,,,,,,,,,.pdf,Bidding Document Signed in each page
,,,,,,,,,,,,,,,,,,4,FDR - Fixed Deposit Receipt,,,,,,,,,,,,,,,,,,,,,,,,,,,,,,,,,,,,,,2.0,Finance,.xls,BOQ
