﻿S.No,Instrument Type,Name,Address,EMD Amount in ₹,EMD through BG/ST or EMD Exemption Allowed,EMD Fee Type,EMD Percentage,EMD Payable To,EMD Payable At,Publish Date,Bid Opening Date,Document Download / Sale Start Date,Document Download / Sale End Date,Clarification Start Date,Clarification End Date,Bid Submission Start Date,Bid Submission End Date,S.No,Corrigendum Title,Corrigendum Type,View,Tender Fee in ₹,Fee Payable To,Fee Payable At,Tender Fee Exemption Allowed,Cover No,Cover,Document Type,Description,Organisation Chain,Tender Reference Number,Tender ID,Tender Type,Form of contract,Tender Category,No. of Covers,General Technical Evaluation Allowed,ItemWise Technical Evaluation Allowed,Payment Mode,Is Multi Currency Allowed For BOQ,Is Multi Currency Allowed For Fee,Allow Two Stage Bidding,Title,Work Description,Pre Qualification Details,Independent External Monitor/Remarks,Tender Value in ₹,Product Category,Sub category,Contract Type,Bid Validity(Days),Period Of Work(Days),Location,Pincode,Pre Bid Meeting Place,Pre Bid Meeting Address,Pre Bid Meeting Date,Bid Opening Place,Should Allow NDA Tender,Allow Preferential Bidder
1.0,DD - Demand Draft,"Director of Health Services, Assam","Hengerabari, Guwahati-36, Assam",0.0,No,fixed,,Nil,Nil,21-Jun-2017 01:30 PM,26-Jul-2017 03:00 PM,21-Jun-2017 01:30 PM,26-Jul-2017 02:00 PM,NA ,NA ,22-Jun-2017 11:00 AM,26-Jul-2017 02:00 PM,1.0,"Corrigendum for PROVIDING PATIENT DIET SERVICES ON CONTRACT BASIS FOR DISTRICT HOSPITAL / CIVIL HOSPITAL / SUB DIVISIONAL HOSPITAL / CHEST HOSPITAL / CHC / FRUS / PHCS UNDER THE DIRECTOR OF HEALTH SERVICES, ASSAM",Other,,750.0,"Director of Health Searvices, Assam",Guwahati,No,1.0,Fee/PreQual/Technical,.pdf,Tender FEE and EMD,Health and Family Welfare Department||Directorate of Health Services,HSPB/07/Diet/2017-18/72 Dated 19/06/2017,2017_HFWD_2544_1,Open Tender,Item Wise,Services,2.0,No,No,Offline,No,No,No,"PROVIDING PATIENT DIET SERVICES ON CONTRACT BASIS FOR DISTRICT HOSPITAL / CIVIL HOSPITAL / SUB DIVISIONAL HOSPITAL / CHEST HOSPITAL / CHC / FRUS / PHCS UNDER THE DIRECTOR OF HEALTH SERVICES, ASSAM.","PROVIDING PATIENT DIET SERVICES ON CONTRACT BASIS FOR DISTRICT HOSPITAL / CIVIL HOSPITAL / SUB DIVISIONAL HOSPITAL / CHEST HOSPITAL / CHC / FRUS / PHCS UNDER THE DIRECTOR OF HEALTH SERVICES, ASSAM.",Please refer Tender documents. ,NA ,0.0,Hotel/ Catering,NA ,Tender,45.0,730.0,as per NIT,781036.0,NA ,NA ,NA ,"Office of the Director of Health Services, Assam",No ,No
2.0,BC - Bankers Cheque,,,,,,,,,,,,,,,,,,,,,,,,,,,.pdf,Pre qualification details,,,,,,,,,,,,,,,,,,,,,,,,,,,,,,,
3.0,BG - Bank Guarantee Irrevocable,,,,,,,,,,,,,,,,,,,,,,,,,,,.pdf,Sealed and Signed Bidding document,,,,,,,,,,,,,,,,,,,,,,,,,,,,,,,
,,,,,,,,,,,,,,,,,,,,,,,,,,2.0,Finance,.xls,Financial Bid,,,,,,,,,,,,,,,,,,,,,,,,,,,,,,,
