﻿Cover No,Cover,Document Type,Description,Publish Date,Bid Opening Date,Document Download / Sale Start Date,Document Download / Sale End Date,Clarification Start Date,Clarification End Date,Bid Submission Start Date,Bid Submission End Date,Financial Bid Opening Date,Organisation Chain,Tender Reference Number,Tender ID,Tender Type,Form of contract,Tender Category,No. of Covers,General Technical Evaluation Allowed,ItemWise Technical Evaluation Allowed,Payment Mode,Is Multi Currency Allowed For BOQ,Is Multi Currency Allowed For Fee,Allow Two Stage Bidding,S.No,Instrument Type,EMD Amount in ₹,EMD through BG/ST or EMD Exemption Allowed,EMD Fee Type,EMD Percentage,EMD Payable To,EMD Payable At,Tender Fee in ₹,Fee Payable To,Fee Payable At,Tender Fee Exemption Allowed,Name,Address,Title,Work Description,Pre Qualification Details,Independent External Monitor/Remarks,Tender Value in ₹,Product Category,Sub category,Contract Type,Bid Validity(Days),Period Of Work(Days),Location,Pincode,Pre Bid Meeting Place,Pre Bid Meeting Address,Pre Bid Meeting Date,Bid Opening Place,Should Allow NDA Tender,Allow Preferential Bidder
1.0,Fee/PreQual/Technical,.pdf,DOCUMENT COST,16-Mar-2017 12:00 PM,21-Mar-2017 02:30 PM,16-Mar-2017 12:00 PM,21-Mar-2017 02:00 PM,NA ,NA ,16-Mar-2017 12:00 PM,21-Mar-2017 02:00 PM,29-Apr-2017 02:00 PM,Public Works Building and NH Department||Chief Engineer-Building - PWBNH||SE-Guwahati Circle-2 - PWBNH,SE/BII/GII/CS/04/16-17/3315-26 Dtd 14.03.17,2017_PWBNH_1919_1,Open Tender,Item Rate,Works,2.0,No,No,Offline,No,No,No,1.0,DD - Demand Draft,"1,98,020",Yes,fixed,,"EE,PWD,Guwahati Building Division-II, Dispur Ghy-6",Guwahati,"3,000",Assam State Road Board Maintenance Roads Fund,Guwahati,No,"SE, PWD, Guwahati Building Circle-II","Office of the Superintending Engineer, PWD, Guwahati Building Circle-II,Chandmari,Guwahati-3",Construction of boundary wall (ongoing scheme) at Jyoti Chitraban_Film Studio_Society Kahilipara Guwahati 19,Construction of boundary wall (ongoing scheme) at Jyoti Chitraban_Film Studio_Society Kahilipara Guwahati 19,Please refer Tender documents. ,NA ,"99,00,997",Civil Works - Building,NA ,Tender,180.0,180.0,Kahilipara,781019.0,"SE, PWD, Guwahati Building Circle-II Chandmari Ghy ","Office of the Superintending Engineer, PWD, Guwahati Building Circle-II,Chandmari,Guwahati-3 ",17-Mar-2017 12:00 PM ,"SE, PWD, Guwahati Building Circle-II",No ,No
,,.pdf,BID SECURITY,,,,,,,,,,,,,,,,,,,,,,,2.0,BC - Bankers Cheque,,,,,,,,,,,,,,,,,,,,,,,,,,,,,,
,,.pdf,BIDDING DOCUMENT,,,,,,,,,,,,,,,,,,,,,,,3.0,BG - Bank Guarantee Irrevocable,,,,,,,,,,,,,,,,,,,,,,,,,,,,,,
,,.pdf,TECHNICAL QUALIFICATION,,,,,,,,,,,,,,,,,,,,,,,4.0,FDR - Fixed Deposit Receipt,,,,,,,,,,,,,,,,,,,,,,,,,,,,,,
2.0,Finance,.xls,BOQ,,,,,,,,,,,,,,,,,,,,,,,,,,,,,,,,,,,,,,,,,,,,,,,,,,,,,,
,,.pdf,FORM OF BID,,,,,,,,,,,,,,,,,,,,,,,,,,,,,,,,,,,,,,,,,,,,,,,,,,,,,,
