﻿Publish Date,Bid Opening Date,Document Download / Sale Start Date,Document Download / Sale End Date,Clarification Start Date,Clarification End Date,Bid Submission Start Date,Bid Submission End Date,S.No,Instrument Type,Title,Work Description,Pre Qualification Details,Independent External Monitor/Remarks,Tender Value in ₹,Product Category,Sub category,Contract Type,Bid Validity(Days),Period Of Work(Days),Location,Pincode,Pre Bid Meeting Place,Pre Bid Meeting Address,Pre Bid Meeting Date,Bid Opening Place,Should Allow NDA Tender,Allow Preferential Bidder,Name,Address,Tender Fee in ₹,Fee Payable To,Fee Payable At,Tender Fee Exemption Allowed,Cover No,Cover,Document Type,Description,EMD Amount in ₹,EMD through BG/ST or EMD Exemption Allowed,EMD Fee Type,EMD Percentage,EMD Payable To,EMD Payable At,Organisation Chain,Tender Reference Number,Tender ID,Tender Type,Form of contract,Tender Category,No. of Covers,General Technical Evaluation Allowed,ItemWise Technical Evaluation Allowed,Payment Mode,Is Multi Currency Allowed For BOQ,Is Multi Currency Allowed For Fee,Allow Two Stage Bidding
24-Nov-2017 10:00 AM,30-Nov-2017 11:00 AM,24-Nov-2017 10:00 AM,29-Nov-2017 02:00 PM,NA ,NA ,24-Nov-2017 10:00 AM,29-Nov-2017 02:00 PM,1.0,DD - Demand Draft,"Imp. Of balance Part of Ghahi Ali from Ch. 2100.00 m to 3000.00 m L 0.90 Km and Ghahi Ali to Tingkhong No3 road from Ch. 0.00 m to 480.00m, L 0.48 Km under SOPD (G) for the year 2017-18","Imp. Of balance Part of Ghahi Ali from Ch. 2100.00 m to 3000.00 m L 0.90 Km and Ghahi Ali to Tingkhong No3 road from Ch. 0.00 m to 480.00m, L 0.48 Km under SOPD (G) for the year 2017-18",Please refer Tender documents. ,NA ,"50,00,000",Civil Works,NA ,Tender,180.0,180.0,Dibrugarh,786001.0,NA ,NA ,NA ,"O/o The CE PWD (BR and NEC Works), Assam, Chandmar",No ,No,"CE PWD(BR and NEC Wrks), Assam, Chandmari Ghy-3","O/o The CE PWD (BR and NEC Works), Assam, Chandmari Ghy-3","2,000",Empowerd Officer ASRB,Guwahati,No,1.0,Fee/PreQual/Technical,.pdf,DOCUMENT COST,"1,00,000",Yes,fixed,,Executive Engineer Concerned Division,Concerned District,Public Works Roads Department,Dibrugarh-SOPD(G)/17-18/08,2017_PWD_4015_1,Open Tender,Item Rate,Works,2.0,No,No,Offline,No,No,No
,,,,,,,,2.0,BC - Bankers Cheque,,,,,,,,,,,,,,,,,,,,,,,,,,,.pdf,BID SECURITY,,,,,,,,,,,,,,,,,,,
,,,,,,,,3.0,BG - Bank Guarantee Irrevocable,,,,,,,,,,,,,,,,,,,,,,,,,,,.pdf,BID DOCUMENT,,,,,,,,,,,,,,,,,,,
,,,,,,,,4.0,FDR - Fixed Deposit Receipt,,,,,,,,,,,,,,,,,,,,,,,,,,,.pdf,TECHNICAL QUALIFICATION,,,,,,,,,,,,,,,,,,,
,,,,,,,,,,,,,,,,,,,,,,,,,,,,,,,,,,2.0,Finance,.xls,BOQ,,,,,,,,,,,,,,,,,,,
,,,,,,,,,,,,,,,,,,,,,,,,,,,,,,,,,,,,.pdf,FORM OF BID,,,,,,,,,,,,,,,,,,,
