﻿Organisation Chain,Tender Reference Number,Tender ID,Tender Type,Form of contract,Tender Category,No. of Covers,General Technical Evaluation Allowed,ItemWise Technical Evaluation Allowed,Payment Mode,Is Multi Currency Allowed For BOQ,Is Multi Currency Allowed For Fee,Allow Two Stage Bidding,Name,Address,Publish Date,Bid Opening Date,Document Download / Sale Start Date,Document Download / Sale End Date,Clarification Start Date,Clarification End Date,Bid Submission Start Date,Bid Submission End Date,Financial Bid Opening Date,EMD Amount in ₹,EMD through BG/ST or EMD Exemption Allowed,EMD Fee Type,EMD Percentage,EMD Payable To,EMD Payable At,Title,Work Description,Pre Qualification Details,Independent External Monitor/Remarks,Tender Value in ₹,Product Category,Sub category,Contract Type,Bid Validity(Days),Period Of Work(Days),Location,Pincode,Pre Bid Meeting Place,Pre Bid Meeting Address,Pre Bid Meeting Date,Bid Opening Place,Should Allow NDA Tender,Allow Preferential Bidder,Tender Fee in ₹,Fee Payable To,Fee Payable At,Tender Fee Exemption Allowed,Cover No,Cover,Document Type,Description,S.No,Instrument Type
Soil Conservation Department,TENDER-I/EP/2017-18/6975 dated 16.12.2017,2017_SCD_4474_2,Open Tender,Works,Works,2.0,No,No,Offline,No,No,No,"Director, Soil Conservation Deptt., Assam","Director, Soil Conservation Deptt., Assam R.G.B. Road, Guwahati-3",18-Dec-2017 03:00 PM,26-Dec-2017 03:00 PM,19-Dec-2017 10:00 AM,26-Dec-2017 02:00 PM,NA ,NA ,19-Dec-2017 11:00 AM,26-Dec-2017 02:00 PM,12-Jan-2018 03:55 PM,"40,000",Yes,percentage,2.0%,"Divisional Officer, Jorhat",Jorhat,Land Reclamation and Water Distribution Project (TSP) from jengrai Thekeraguri to Kechaikhuwa under MajuliS.C.Range,Land Reclamation and Water Distribution Project (TSP) from jengrai Thekeraguri to Kechaikhuwa under MajuliS.C.Range.,Please refer Tender documents. ,NA ,"20,00,000",Civil Works,NA ,Tender,180.0,45.0,As per the Bid Document,781005.0,NA ,NA ,NA ,"Director, Soil Conservation Deptt., Assam",No ,No,"1,000","Divisional Officer, Jorhat",Jorhat,No,1.0,Fee/PreQual/Technical,.pdf,Tender Fee and EMD,1.0,DD - Demand Draft
,,,,,,,,,,,,,,,,,,,,,,,,,,,,,,,,,,,,,,,,,,,,,,,,,,,,,,.pdf,Supporting documents as per the Bid Document,2.0,FDR - Fixed Deposit Receipt
,,,,,,,,,,,,,,,,,,,,,,,,,,,,,,,,,,,,,,,,,,,,,,,,,,,,,,.pdf,sealed and Signed Bid Document,,
,,,,,,,,,,,,,,,,,,,,,,,,,,,,,,,,,,,,,,,,,,,,,,,,,,,,2.0,Finance,.xls,Price Bid,,
