﻿Cover No,Cover,Document Type,Description,Publish Date,Bid Opening Date,Document Download / Sale Start Date,Document Download / Sale End Date,Clarification Start Date,Clarification End Date,Bid Submission Start Date,Bid Submission End Date,Financial Bid Opening Date,Title,Work Description,Pre Qualification Details,Independent External Monitor/Remarks,Tender Value in ₹,Product Category,Sub category,Contract Type,Bid Validity(Days),Period Of Work(Days),Location,Pincode,Pre Bid Meeting Place,Pre Bid Meeting Address,Pre Bid Meeting Date,Bid Opening Place,Should Allow NDA Tender,Allow Preferential Bidder,Name,Address,S.No,Instrument Type,Tender Fee in ₹,Fee Payable To,Fee Payable At,Tender Fee Exemption Allowed,Organisation Chain,Tender Reference Number,Tender ID,Tender Type,Form of contract,Tender Category,No. of Covers,General Technical Evaluation Allowed,ItemWise Technical Evaluation Allowed,Payment Mode,Is Multi Currency Allowed For BOQ,Is Multi Currency Allowed For Fee,Allow Two Stage Bidding,EMD Amount in ₹,EMD through BG/ST or EMD Exemption Allowed,EMD Fee Type,EMD Percentage,EMD Payable To,EMD Payable At
1.0,Fee/PreQual/Technical,.pdf,DOCUMENT COST,05-Sep-2017 06:00 PM,11-Sep-2017 02:30 PM,05-Sep-2017 06:00 PM,11-Sep-2017 02:00 PM,NA ,NA ,05-Sep-2017 06:00 PM,11-Sep-2017 02:00 PM,13-Oct-2017 02:30 PM,"Renovation, Upgradation and Construction of Karmabir Nabin Chandra Bordoloi A.C. Indoor Stadium, Sarusajai Sports Complex (competition venu) and Desbhakta Tarun Ram Phookan Indoor R.G. Baruah Sports Complex, Ulubari, Guwahati (Training Venue) for AIB","Renovation, Upgradation and Construction of Karmabir Nabin Chandra Bordoloi A.C. Indoor Stadium, Sarusajai Sports Complex (competition venu) and Desbhakta Tarun Ram Phookan Indoor R.G. Baruah Sports Complex, Ulubari, Guwahati (Training Venue) for AIB",Please refer Tender documents. ,NA ,"51,42,492",Civil Works - Building,NA ,Tender,180.0,45.0,Guwahati,781034.0,"O/o the CE, PWD (Bldg.) Assam Chandmari Ghy 3 ","Office of the Chief Engineer, P.W.D. (Bldg), Chandmari, Guwahati-3 ",08-Sep-2017 11:00 AM ,"Oo the CE, PWD (Bldg.) Assam Chandmari Ghy 3",No ,No,"CE, PWD (Bldg.) Assam Chandmari Ghy 3","Office of the Chief Engineer, P.W.D. (Bldg), Chandmari, Guwahati-3",1.0,DD - Demand Draft,"1,545",Assam State Road Board Maintenance Roads Fund,Guwahati,No,Public Works Building and NH Department||Chief Engineer-Building - PWBNH,GMC.33/2017/4 Dated 1st Sept 2017_Gr-VI,2017_PWBNH_3164_1,Open Tender,Item Rate,Works,2.0,No,No,Offline,No,No,No,"1,03,000",Yes,fixed,,"EE,PWD, Guwahati Electrical Division,Guwahati-3",Guwahati
,,.pdf,BID SECURITY,,,,,,,,,,,,,,,,,,,,,,,,,,,,,,2.0,BC - Bankers Cheque,,,,,,,,,,,,,,,,,,,,,,,
,,.pdf,BIDDING DOCUMENT,,,,,,,,,,,,,,,,,,,,,,,,,,,,,,3.0,BG - Bank Guarantee Irrevocable,,,,,,,,,,,,,,,,,,,,,,,
,,.pdf,TECHNICAL QUALIFICATION,,,,,,,,,,,,,,,,,,,,,,,,,,,,,,4.0,FDR - Fixed Deposit Receipt,,,,,,,,,,,,,,,,,,,,,,,
2.0,Finance,.xls,BOQ,,,,,,,,,,,,,,,,,,,,,,,,,,,,,,,,,,,,,,,,,,,,,,,,,,,,,,
,,.pdf,FORM OF BID,,,,,,,,,,,,,,,,,,,,,,,,,,,,,,,,,,,,,,,,,,,,,,,,,,,,,,
