﻿Publish Date,Bid Opening Date,Document Download / Sale Start Date,Document Download / Sale End Date,Clarification Start Date,Clarification End Date,Bid Submission Start Date,Bid Submission End Date,Organisation Chain,Tender Reference Number,Tender ID,Tender Type,Form of contract,Tender Category,No. of Covers,General Technical Evaluation Allowed,ItemWise Technical Evaluation Allowed,Payment Mode,Is Multi Currency Allowed For BOQ,Is Multi Currency Allowed For Fee,Allow Two Stage Bidding,Title,Work Description,Pre Qualification Details,Independent External Monitor/Remarks,Tender Value in ₹,Product Category,Sub category,Contract Type,Bid Validity(Days),Period Of Work(Days),Location,Pincode,Pre Bid Meeting Place,Pre Bid Meeting Address,Pre Bid Meeting Date,Bid Opening Place,Should Allow NDA Tender,Allow Preferential Bidder,Name,Address,S.No,Category,Sub Category,Sub Category Description,Format/File,Tender Fee in ₹,Fee Payable To,Fee Payable At,Tender Fee Exemption Allowed,Cover No,Cover,Document Type,Description,EMD Amount in ₹,EMD through BG/ST or EMD Exemption Allowed,EMD Fee Type,EMD Percentage,EMD Payable To,EMD Payable At,S.No,Instrument Type
20-Oct-2017 10:00 AM,31-Oct-2017 11:00 AM,23-Oct-2017 10:00 AM,30-Oct-2017 04:30 PM,23-Oct-2017 10:00 AM ,30-Oct-2017 04:00 PM ,23-Oct-2017 02:00 PM,30-Oct-2017 04:30 PM,Public Works Roads Department,GLP/RRD/38/ARMF/34,2017_PWD_3408_1,Open Tender,Item Rate,Works,2.0,No,No,Offline,No,No,No,Repairs and maintenance of road from Bashbari Rongsai Road and Ambari to Kaljani Bazar via Kadotika Road under ARMF,As per Tender Documents,Please refer Tender documents. ,NA ,"81,87,000",Civil Works – Roads,NA ,Tender,90.0,150.0,In Goalpara District,783121.0,NA ,NA ,NA ,"Office of the Ex.En, PWD , Glp R R Divn",No ,No,"A.Y.M. Shahidul Islam,E.E.,P.W.D.","Office of the Ex.Engineer, PWD , Goalpara R R Division",1,Balance Sheet ,Year 5 ,Year 5 Balance Sheet ,,"2,500","The Empowered Officer,ASRB, Office of the CE ,APWD",Goalpara,No,1.0,Fee/PreQual/Technical,.pdf,Cost of tender documents,"1,63,740",Yes,percentage,2.0%,"The CE , PWD (Roads),Assam,Chandmari,Ghy-03",Guwahati,1.0,DD - Demand Draft
,,,,,,,,,,,,,,,,,,,,,,,,,,,,,,,,,,,,,,,,,2,Dept Certificate ,PWD ,Registration certificate with PWD ,,,,,,,,.pdf,Bid Security,,,,,,,2.0,BC - Bankers Cheque
,,,,,,,,,,,,,,,,,,,,,,,,,,,,,,,,,,,,,,,,,3,General Certificate ,Annual Report ,Latest Annual Report ,,,,,,,,.pdf,Standard Bidding Documents,,,,,,,3.0,FDR - Fixed Deposit Receipt
,,,,,,,,,,,,,,,,,,,,,,,,,,,,,,,,,,,,,,,,,4,General Certificate ,CST ,CST Registration Certificate ,,,,,,,,.pdf,Technical Qualification Documents,,,,,,,,
,,,,,,,,,,,,,,,,,,,,,,,,,,,,,,,,,,,,,,,,,5,Machineries ,Machineries Details ,Machineries Details Description ,,,,,,2.0,Finance,.xls,BOQ,,,,,,,,
,,,,,,,,,,,,,,,,,,,,,,,,,,,,,,,,,,,,,,,,,6,Manpower ,Manpower Details ,Manpower Details Description ,,,,,,,,.pdf,Form of Bid,,,,,,,,
,,,,,,,,,,,,,,,,,,,,,,,,,,,,,,,,,,,,,,,,,7,Profit and Loss ,Year 5 ,Year 5 Profit and Loss Statement ,,,,,,,,,,,,,,,,,
,,,,,,,,,,,,,,,,,,,,,,,,,,,,,,,,,,,,,,,,,8,Works ,Order 3 ,Order 3 executed ,,,,,,,,,,,,,,,,,
