﻿Publish Date,Bid Opening Date,Document Download / Sale Start Date,Document Download / Sale End Date,Clarification Start Date,Clarification End Date,Bid Submission Start Date,Bid Submission End Date,Financial Bid Opening Date,S.No,Corrigendum Title,Corrigendum Type,View,Name,Address,Organisation Chain,Tender Reference Number,Tender ID,Tender Type,Form of contract,Tender Category,No. of Covers,General Technical Evaluation Allowed,ItemWise Technical Evaluation Allowed,Payment Mode,Is Multi Currency Allowed For BOQ,Is Multi Currency Allowed For Fee,Allow Two Stage Bidding,Title,Work Description,Pre Qualification Details,Independent External Monitor/Remarks,Tender Value in ₹,Product Category,Sub category,Contract Type,Bid Validity(Days),Period Of Work(Days),Location,Pincode,Pre Bid Meeting Place,Pre Bid Meeting Address,Pre Bid Meeting Date,Bid Opening Place,Should Allow NDA Tender,Allow Preferential Bidder,EMD Amount in ₹,EMD through BG/ST or EMD Exemption Allowed,EMD Fee Type,EMD Percentage,EMD Payable To,EMD Payable At,Cover No,Cover,Document Type,Description,S.No,Instrument Type,Tender Fee in ₹,Fee Payable To,Fee Payable At,Tender Fee Exemption Allowed
27-Oct-2017 10:00 AM,13-Nov-2017 03:00 PM,27-Oct-2017 10:30 AM,13-Nov-2017 02:00 PM,NA ,NA ,27-Oct-2017 10:30 AM,13-Nov-2017 02:00 PM,10-Jan-2018 11:45 AM,1.0,CorrigendumIV,Other,,"SE Mangaldai Irrigation Circle, Mangaldai","O/o the SE Mangaldai Irrigation Circle, Mangaldai",Irrigation Department||Chief Engineer(Major)-Irrigation Dept,No MCI/TEN-2/2017-18/1 Dtd.20.10.17,2017_ID_3668_1,Open Tender,Percentage,Works,2.0,No,No,Offline,No,No,No,"Dhansiri Project Division(I), Canal-I,D2B1M Canal/D3B1M Canal,GROUP XII","Re-Shaping, Re-Grading of canal embankment of D2B1M Canal from Ch.7620.0M to Ch. 7800.0M etc",Please refer Tender documents. ,NA ,"28,71,900",Civil Works,NA ,Tender,180.0,90.0,Udalguri,784509.0,NA ,NA ,NA ,"O/o the SE Mangaldai Irrigation Circle, Mangaldai",No ,No,"57,438",Yes,percentage,2.0%,"O/o the EE Dhansiri Project Div(I), Canal-I",Udalguri,1.0,Fee/PreQual/Technical,.pdf,NIT,1.0,FDR - Fixed Deposit Receipt,500.0,"O/o the SE Mangaldai Irrigation Circle, Mangaldai",Mangaldai,No
,,,,,,,,,,,,,,,,,,,,,,,,,,,,,,,,,,,,,,,,,,,,,,,,,,,,,,.pdf,Bid Documents,,,,,,
,,,,,,,,,,,,,,,,,,,,,,,,,,,,,,,,,,,,,,,,,,,,,,,,,,,,,,.pdf,Pre-Qualification Details,,,,,,
,,,,,,,,,,,,,,,,,,,,,,,,,,,,,,,,,,,,,,,,,,,,,,,,,,,,,,.pdf,Earnest Money,,,,,,
,,,,,,,,,,,,,,,,,,,,,,,,,,,,,,,,,,,,,,,,,,,,,,,,,,,,2.0,Finance,.xls,BOQ,,,,,,
