﻿Organisation Chain,Tender Reference Number,Tender ID,Tender Type,Form of contract,Tender Category,No. of Covers,General Technical Evaluation Allowed,ItemWise Technical Evaluation Allowed,Payment Mode,Is Multi Currency Allowed For BOQ,Is Multi Currency Allowed For Fee,Allow Two Stage Bidding,Name,Address,S.No,Instrument Type,Tender Fee in ₹,Fee Payable To,Fee Payable At,Tender Fee Exemption Allowed,Cover No,Cover,Document Type,Description,EMD Amount in ₹,EMD through BG/ST or EMD Exemption Allowed,EMD Fee Type,EMD Percentage,EMD Payable To,EMD Payable At,Title,Work Description,Pre Qualification Details,Independent External Monitor/Remarks,Tender Value in ₹,Product Category,Sub category,Contract Type,Bid Validity(Days),Period Of Work(Days),Location,Pincode,Pre Bid Meeting Place,Pre Bid Meeting Address,Pre Bid Meeting Date,Bid Opening Place,Should Allow NDA Tender,Allow Preferential Bidder,Publish Date,Bid Opening Date,Document Download / Sale Start Date,Document Download / Sale End Date,Clarification Start Date,Clarification End Date,Bid Submission Start Date,Bid Submission End Date,Financial Bid Opening Date
Public Works Building and NH Department||Chief Engineer-Building - PWBNH,CS/T/BD/24/2017/5 Dated 29.11.2017_Gr-I,2017_PWBNH_4122_1,Open Tender,Item Rate,Works,2.0,No,No,Offline,No,No,No,"CE, PWD (Bldg.) Assam Chandmari Ghy 3","Office of the Chief Engineer, P.W.D.(Bldg), Assam, Chandmari, Guwahati-3.",1.0,DD - Demand Draft,"12,500",Assam State Road Board Maintenance Roads Fund,Guwahati,No,1.0,Fee/PreQual/Technical,.pdf,DOCUMENT COST,"10,10,000",Yes,fixed,,"EE, PWD, Jorhat Building Division, Jorhat, Assam",Jorhat,"Construction of Integrated Office -cum- Residential Building in Majuli, Assam (Phase-I) Group-I (Site Development works, Retaining wall,Boundary wall, Earth Filling, Gate and Road works)","Construction of Integrated Office -cum- Residential Building in Majuli, Assam (Phase-I) Group-I (Site Development works, Retaining wall,Boundary wall, Earth Filling, Gate and Road works)",Please refer Tender documents. ,NA ,"5,05,00,000",Civil Works - Building,NA ,Tender,180.0,365.0,Majuli,785110.0,"O/o the CE, PWD (Bldg.) Assam Chandmari Ghy 3 ","Office of the Chief Engineer, P.W.D.(Bldg), Assam, Chandmari, Guwahati-3. ",04-Dec-2017 11:00 AM ,"Oo the CE, PWD (Bldg.) Assam Chandmari Ghy 3",No ,No,01-Dec-2017 06:00 PM,07-Dec-2017 04:00 PM,01-Dec-2017 06:00 PM,07-Dec-2017 02:00 PM,NA ,NA ,01-Dec-2017 06:00 PM,07-Dec-2017 02:00 PM,16-Dec-2017 02:45 PM
,,,,,,,,,,,,,,,2.0,BC - Bankers Cheque,,,,,,,.pdf,BID SECURITY,,,,,,,,,,,,,,,,,,,,,,,,,,,,,,,,,
,,,,,,,,,,,,,,,3.0,BG - Bank Guarantee Irrevocable,,,,,,,.pdf,BIDDING DOCUMENT,,,,,,,,,,,,,,,,,,,,,,,,,,,,,,,,,
,,,,,,,,,,,,,,,4.0,FDR - Fixed Deposit Receipt,,,,,,,.pdf,TECHNICAL QUALIFICATIONS,,,,,,,,,,,,,,,,,,,,,,,,,,,,,,,,,
,,,,,,,,,,,,,,,,,,,,,2.0,Finance,.xls,BOQ,,,,,,,,,,,,,,,,,,,,,,,,,,,,,,,,,
,,,,,,,,,,,,,,,,,,,,,,,.pdf,FORM OF BID,,,,,,,,,,,,,,,,,,,,,,,,,,,,,,,,,
