﻿EMD Amount in ₹,EMD through BG/ST or EMD Exemption Allowed,EMD Fee Type,EMD Percentage,EMD Payable To,EMD Payable At,Name,Address,Organisation Chain,Tender Reference Number,Tender ID,Tender Type,Form of contract,Tender Category,No. of Covers,General Technical Evaluation Allowed,ItemWise Technical Evaluation Allowed,Payment Mode,Is Multi Currency Allowed For BOQ,Is Multi Currency Allowed For Fee,Allow Two Stage Bidding,Tender Fee in ₹,Fee Payable To,Fee Payable At,Tender Fee Exemption Allowed,Publish Date,Bid Opening Date,Document Download / Sale Start Date,Document Download / Sale End Date,Clarification Start Date,Clarification End Date,Bid Submission Start Date,Bid Submission End Date,Financial Bid Opening Date,Cover No,Cover,Document Type,Description,S.No,Instrument Type,Title,Work Description,Pre Qualification Details,Independent External Monitor/Remarks,Tender Value in ₹,Product Category,Sub category,Contract Type,Bid Validity(Days),Period Of Work(Days),Location,Pincode,Pre Bid Meeting Place,Pre Bid Meeting Address,Pre Bid Meeting Date,Bid Opening Place,Should Allow NDA Tender,Allow Preferential Bidder
"5,00,000",No,fixed,,"Inspector General of Police (Admin), Assam",Guwahati,Inspector General of Police (Admin),"Assam Police Headquarters, Ulubari, Guwahati",Assam Police,S/III-301/UNIFORM /WOOLEN SERGE CLOTH /2017-18/3,2017_AP_4519_1,Open Tender,Supply,Goods,2.0,No,No,Offline,No,No,No,500.0,"Inspector General of Police (Admin), Assam",Guwahati,No,20-Dec-2017 09:00 AM,11-Jan-2018 03:30 PM,20-Dec-2017 09:00 AM,09-Jan-2018 05:00 PM,NA ,NA ,20-Dec-2017 09:00 AM,09-Jan-2018 05:00 PM,16-Feb-2019 11:20 AM,1.0,Fee/PreQual/Technical,.pdf,Pre and Technical Qualification,1,DD - Demand Draft,Supply of Woolen Serge Cloth,Supply of Woolen Serge Cloth to Assam Police,Please refer Tender documents. ,NA ,0.0,Uniforms/Curtains/Clothes,NA ,Tender,365.0,60.0,Guwahati,781007.0,NA ,NA ,NA ,Assam Police Headquarters,No ,No
,,,,,,,,,,,,,,,,,,,,,,,,,,,,,,,,,,2.0,Finance,.xls,Financial Bid,2,BC - Bankers Cheque,,,,,,,,,,,,,,,,,,
,,,,,,,,,,,,,,,,,,,,,,,,,,,,,,,,,,,,,,3,SS - Small Savings Instrument,,,,,,,,,,,,,,,,,,
,,,,,,,,,,,,,,,,,,,,,,,,,,,,,,,,,,,,,,4,BG - Bank Guarantee Irrevocable,,,,,,,,,,,,,,,,,,
,,,,,,,,,,,,,,,,,,,,,,,,,,,,,,,,,,,,,,5,FDR - Fixed Deposit Receipt,,,,,,,,,,,,,,,,,,
