﻿Cover No,Cover,Document Type,Description,EMD Amount in ₹,EMD through BG/ST or EMD Exemption Allowed,EMD Fee Type,EMD Percentage,EMD Payable To,EMD Payable At,Title,Work Description,Pre Qualification Details,Independent External Monitor/Remarks,Tender Value in ₹,Product Category,Sub category,Contract Type,Bid Validity(Days),Period Of Work(Days),Location,Pincode,Pre Bid Meeting Place,Pre Bid Meeting Address,Pre Bid Meeting Date,Bid Opening Place,Should Allow NDA Tender,Allow Preferential Bidder,Publish Date,Bid Opening Date,Document Download / Sale Start Date,Document Download / Sale End Date,Clarification Start Date,Clarification End Date,Bid Submission Start Date,Bid Submission End Date,Financial Bid Opening Date,Tender Fee in ₹,Fee Payable To,Fee Payable At,Tender Fee Exemption Allowed,S.No,Instrument Type,Name,Address,Organisation Chain,Tender Reference Number,Tender ID,Tender Type,Form of contract,Tender Category,No. of Covers,General Technical Evaluation Allowed,ItemWise Technical Evaluation Allowed,Payment Mode,Is Multi Currency Allowed For BOQ,Is Multi Currency Allowed For Fee,Allow Two Stage Bidding
1.0,Fee,.pdf,Cost of Tender and EMD,"5,92,461",Yes,percentage,2.0%,"Executive Engineer, Barpeta WR Division",Barpeta,Protection of Jadavpur,"Protection of Jadavpur , Dongra and its adjoining areas by channelization of river Brahmaputra and reclamation of eroded land within the reach",Please refer Tender documents. ,NA ,"2,96,23,068",Civil Works,NA ,Tender,180.0,180.0,Barpeta,781315.0,NA ,NA ,NA ,Guwahati,No ,No,29-Nov-2017 06:00 PM,19-Dec-2017 02:05 PM,29-Nov-2017 06:05 PM,19-Dec-2017 02:00 PM,NA ,NA ,14-Dec-2017 10:00 AM,19-Dec-2017 02:00 PM,04-Jan-2018 04:50 PM,"5,000","Executive Engineer, Barpeta WR Division",Barpeta,No,1,DD - Demand Draft,Chief Engineer,O/O Chief Engineer Water Resources Department Chandmari,Department of Water Resources||Chief Engineer - DoWR,BAR/RIDF-XXIII/1,2017_DoWR_4072_1,Open Tender,Works,Works,3.0,No,No,Offline,No,No,No
2.0,PreQual/Technical,.pdf,Technical Documents,,,,,,,,,,,,,,,,,,,,,,,,,,,,,,,,,,,,,,2,BC - Bankers Cheque,,,,,,,,,,,,,,,
3.0,Finance,.xls,BOQ,,,,,,,,,,,,,,,,,,,,,,,,,,,,,,,,,,,,,,3,BG - Bank Guarantee Irrevocable,,,,,,,,,,,,,,,
,,,,,,,,,,,,,,,,,,,,,,,,,,,,,,,,,,,,,,,,,4,FDR - Fixed Deposit Receipt,,,,,,,,,,,,,,,
,,,,,,,,,,,,,,,,,,,,,,,,,,,,,,,,,,,,,,,,,5,DCR - Deposit at call receipt,,,,,,,,,,,,,,,
