﻿S.No,Corrigendum Title,Corrigendum Type,View,Name,Address,S.No,Instrument Type,Organisation Chain,Tender Reference Number,Tender ID,Tender Type,Form of contract,Tender Category,No. of Covers,General Technical Evaluation Allowed,ItemWise Technical Evaluation Allowed,Payment Mode,Is Multi Currency Allowed For BOQ,Is Multi Currency Allowed For Fee,Allow Two Stage Bidding,Publish Date,Bid Opening Date,Document Download / Sale Start Date,Document Download / Sale End Date,Clarification Start Date,Clarification End Date,Bid Submission Start Date,Bid Submission End Date,Financial Bid Opening Date,Cover No,Cover,Document Type,Description,Tender Fee in ₹,Fee Payable To,Fee Payable At,Tender Fee Exemption Allowed,Title,Work Description,Pre Qualification Details,Independent External Monitor/Remarks,Tender Value in ₹,Product Category,Sub category,Contract Type,Bid Validity(Days),Period Of Work(Days),Location,Pincode,Pre Bid Meeting Place,Pre Bid Meeting Address,Pre Bid Meeting Date,Bid Opening Place,Should Allow NDA Tender,Allow Preferential Bidder,EMD Amount in ₹,EMD through BG/ST or EMD Exemption Allowed,EMD Fee Type,EMD Percentage,EMD Payable To,EMD Payable At
1.0,Amended_BOQ,BOQ,,"Chief General Manager (RE), APDCL","APDCL, Bijulee Bhawan, Annex. Building, Paltanbazar,",1.0,DD - Demand Draft,Assam Power Distribution Company Ltd||CGM(Rural Electrification) - APDCL,APDCL-DDUGJY-XII-VEI-KMG-01,2017_APDCL_3439_1,Open Tender,Turn-key,Works,2.0,No,No,Offline,No,No,No,16-Oct-2017 06:55 PM,17-Nov-2017 02:30 PM,16-Oct-2017 06:55 PM,16-Nov-2017 01:00 PM,NA ,NA ,27-Oct-2017 02:00 PM,16-Nov-2017 01:00 PM,29-Dec-2017 11:00 AM,1.0,Fee/PreQual/Technical,.pdf,Bid Fee,"15,000","Chief General Manager (RE), APDCL",Guwahati,No,DDU/II/VEI/KMG-01,Rural Electrification works in Karimganj Dist. in Assam under DDUGJY (Covers Feeder Strengthening Works),AS per Bid Document ,NA ,"4,80,00,000",Electrical Works,NA ,Tender,180.0,540.0,Karimganj,788710.0,Guwahati ,"Office of the CGM (RE), APDCL, Bijulee Bhawan, Annex. Building, Paltanbazar, Kamrup Metro, Pin 781001 ",25-Oct-2017 12:30 PM ,Guwahati,No ,No,"2,40,000",No,fixed,,"Chief General Manager (RE), APDCL",Guwahati
2.0,Extension Notice 1,Date,,,,2.0,BC - Bankers Cheque,,,,,,,,,,,,,,,,,,,,,,,,,.pdf,Bid Security,,,,,,,,,,,,,,,,,,,,,,,,,,,,
,,,,,,3.0,BG - Bank Guarantee Irrevocable,,,,,,,,,,,,,,,,,,,,,,,,,.pdf,Form of certificate of financial parameters for QR (CA Certificate),,,,,,,,,,,,,,,,,,,,,,,,,,,,
,,,,,,,,,,,,,,,,,,,,,,,,,,,,,,,,.pdf,Bank Certificate as per Bid Document,,,,,,,,,,,,,,,,,,,,,,,,,,,,
,,,,,,,,,,,,,,,,,,,,,,,,,,,,,,,,.pdf,Work Experience Certificates,,,,,,,,,,,,,,,,,,,,,,,,,,,,
,,,,,,,,,,,,,,,,,,,,,,,,,,,,,,,,.pdf,Electrical Contractor License,,,,,,,,,,,,,,,,,,,,,,,,,,,,
,,,,,,,,,,,,,,,,,,,,,,,,,,,,,,2.0,Finance,.xls,Price Schedules (BOQ),,,,,,,,,,,,,,,,,,,,,,,,,,,,
