﻿EMD Amount in ₹,EMD through BG/ST or EMD Exemption Allowed,EMD Fee Type,EMD Percentage,EMD Payable To,EMD Payable At,Title,Work Description,Pre Qualification Details,Independent External Monitor/Remarks,Tender Value in ₹,Product Category,Sub category,Contract Type,Bid Validity(Days),Period Of Work(Days),Location,Pincode,Pre Bid Meeting Place,Pre Bid Meeting Address,Pre Bid Meeting Date,Bid Opening Place,Should Allow NDA Tender,Allow Preferential Bidder,Tender Fee in ₹,Fee Payable To,Fee Payable At,Tender Fee Exemption Allowed,Organisation Chain,Tender Reference Number,Tender ID,Tender Type,Form of contract,Tender Category,No. of Covers,General Technical Evaluation Allowed,ItemWise Technical Evaluation Allowed,Payment Mode,Is Multi Currency Allowed For BOQ,Is Multi Currency Allowed For Fee,Allow Two Stage Bidding,Name,Address,S.No,Instrument Type,Publish Date,Bid Opening Date,Document Download / Sale Start Date,Document Download / Sale End Date,Clarification Start Date,Clarification End Date,Bid Submission Start Date,Bid Submission End Date,Financial Bid Opening Date,Cover No,Cover,Document Type,Description
"1,08,000",Yes,percentage,2.0%,"Chief Engineer,PWD Roads",Guwahati,Repairs and maintenance of Godharbori to Kholsamari rd under ARMF (Batch-II) for the year 2016-17 under Goalpara R R Division,"WBM, SDBC",As per tender ,NA ,"54,00,000",Civil Works – Roads,Repairing Of Roads ,Tender,90.0,90.0,IN GOALPARA DISTRICT,783121.0,NA ,NA ,NA ,PWD ROADS GOALPARA,No ,No,"1,650",Empowered Officer ARRB,Guwahati,No,Public Works Roads Department,GLP/RRD/37/ARMF/48,2017_PWD_4640_1,Open Tender,Item Rate,Works,2.0,No,No,Offline,No,No,No,"E.E., P.W.D. ROADS , GOALPARA",PWD ROADS GOALPARA,1.0,DD - Demand Draft,26-Dec-2017 10:30 AM,06-Jan-2018 10:00 AM,26-Dec-2017 10:30 AM,05-Jan-2018 04:30 PM,26-Dec-2017 10:30 AM ,05-Jan-2018 02:00 PM ,26-Dec-2017 10:30 AM,05-Jan-2018 04:30 PM,06-Jan-2018 02:00 PM,1.0,Fee/PreQual/Technical,.pdf,Cost of bid Documents
,,,,,,,,,,,,,,,,,,,,,,,,,,,,,,,,,,,,,,,,,,,2.0,FDR - Fixed Deposit Receipt,,,,,,,,,,,,.pdf,Bid Security
,,,,,,,,,,,,,,,,,,,,,,,,,,,,,,,,,,,,,,,,,,,,,,,,,,,,,,,,.pdf,Technical details of bidder
,,,,,,,,,,,,,,,,,,,,,,,,,,,,,,,,,,,,,,,,,,,,,,,,,,,,,,,,.pdf,SBD
,,,,,,,,,,,,,,,,,,,,,,,,,,,,,,,,,,,,,,,,,,,,,,,,,,,,,,2.0,Finance,.xls,boq
,,,,,,,,,,,,,,,,,,,,,,,,,,,,,,,,,,,,,,,,,,,,,,,,,,,,,,,,.pdf,Form of bid
