﻿Tender Fee in ₹,Fee Payable To,Fee Payable At,Tender Fee Exemption Allowed,Title,Work Description,Pre Qualification Details,Independent External Monitor/Remarks,Tender Value in ₹,Product Category,Sub category,Contract Type,Bid Validity(Days),Period Of Work(Days),Location,Pincode,Pre Bid Meeting Place,Pre Bid Meeting Address,Pre Bid Meeting Date,Bid Opening Place,Should Allow NDA Tender,Allow Preferential Bidder,S.No,Instrument Type,Publish Date,Bid Opening Date,Document Download / Sale Start Date,Document Download / Sale End Date,Clarification Start Date,Clarification End Date,Bid Submission Start Date,Bid Submission End Date,Cover No,Cover,Document Type,Description,Name,Address,EMD Amount in ₹,EMD through BG/ST or EMD Exemption Allowed,EMD Fee Type,EMD Percentage,EMD Payable To,EMD Payable At,Organisation Chain,Tender Reference Number,Tender ID,Tender Type,Form of contract,Tender Category,No. of Covers,General Technical Evaluation Allowed,ItemWise Technical Evaluation Allowed,Payment Mode,Is Multi Currency Allowed For BOQ,Is Multi Currency Allowed For Fee,Allow Two Stage Bidding,S.No,Corrigendum Title,Corrigendum Type,View
"2,000",Assam State Road Board Maintenance Roads Fund,Guwahati,No,Construction of Repair Renovation of Judicial Court Building at North Lakhimpur,Construction of Repair Renovation of Judicial Court Building at North Lakhimpur,Please refer Tender documents. ,NA ,"70,09,358",Civil Works - Building,NA ,Tender,45.0,365.0,North Lakhimpur,787001.0,O_O The CE PWD Bldg Assam Chandmari Ghy 3 ,"Office of the Chief Engineer, PWD(Bldg.),Chandmari,Guwahati-3 ",11-Feb-2017 12:00 PM ,"O/o the CE, PWD (Bldg.) Assam Chandmari Ghy 3",No ,No,1.0,DD - Demand Draft,07-Feb-2017 04:00 PM,14-Feb-2017 03:00 PM,07-Feb-2017 04:00 PM,13-Feb-2017 02:00 PM,NA ,NA ,07-Feb-2017 04:00 PM,13-Feb-2017 02:00 PM,1.0,Fee/PreQual/Technical,.pdf,Document Cost,Chief Engineer PWD Bldg Assam,"Office of the Chief Engineer, PWD(Bldg.),Chandmari,Guwahati-3","1,40,188",Yes,fixed,,"EE, PWD North Lakhimpur Building Div, North Lakhi",North Lakhimpur,Public Works Building and NH Department||Chief Engineer-Building - PWBNH,"CE/REC/02/2017/2 Dtd Ghy the, 19th January 2017",2017_PWBNH_1704_1,Open Tender,Item Rate,Works,2.0,No,No,Offline,No,No,No,1.0,Cancellation of Tender,Cancellation of Tender,
,,,,,,,,,,,,,,,,,,,,,,2.0,BC - Bankers Cheque,,,,,,,,,,,.pdf,Bid Security,,,,,,,,,,,,,,,,,,,,,,,,,
,,,,,,,,,,,,,,,,,,,,,,3.0,BG - Bank Guarantee Irrevocable,,,,,,,,,,,.pdf,Bidding Document,,,,,,,,,,,,,,,,,,,,,,,,,
,,,,,,,,,,,,,,,,,,,,,,4.0,FDR - Fixed Deposit Receipt,,,,,,,,,,,.pdf,Qualification Details,,,,,,,,,,,,,,,,,,,,,,,,,
,,,,,,,,,,,,,,,,,,,,,,,,,,,,,,,,2.0,Finance,.xls,BOQ,,,,,,,,,,,,,,,,,,,,,,,,,
,,,,,,,,,,,,,,,,,,,,,,,,,,,,,,,,,,.pdf,Form Of Bid,,,,,,,,,,,,,,,,,,,,,,,,,
