﻿Publish Date,Bid Opening Date,Document Download / Sale Start Date,Document Download / Sale End Date,Clarification Start Date,Clarification End Date,Bid Submission Start Date,Bid Submission End Date,Financial Bid Opening Date,Organisation Chain,Tender Reference Number,Tender ID,Tender Type,Form of contract,Tender Category,No. of Covers,General Technical Evaluation Allowed,ItemWise Technical Evaluation Allowed,Payment Mode,Is Multi Currency Allowed For BOQ,Is Multi Currency Allowed For Fee,Allow Two Stage Bidding,Cover No,Cover,Document Type,Description,Title,Work Description,Pre Qualification Details,Independent External Monitor/Remarks,Tender Value in ₹,Product Category,Sub category,Contract Type,Bid Validity(Days),Period Of Work(Days),Location,Pincode,Pre Bid Meeting Place,Pre Bid Meeting Address,Pre Bid Meeting Date,Bid Opening Place,Should Allow NDA Tender,Allow Preferential Bidder,Name,Address,EMD Amount in ₹,EMD through BG/ST or EMD Exemption Allowed,EMD Fee Type,EMD Percentage,EMD Payable To,EMD Payable At,Tender Fee in ₹,Fee Payable To,Fee Payable At,Tender Fee Exemption Allowed,S.No,Instrument Type
04-Sep-2017 10:00 AM,23-Oct-2017 02:00 PM,04-Sep-2017 10:00 AM,20-Oct-2017 04:00 PM,05-Sep-2017 10:00 AM ,14-Sep-2017 10:00 AM ,05-Sep-2017 10:00 AM,20-Oct-2017 04:00 PM,05-Dec-2017 10:10 AM,Gauhati High Court - Guwahati,1812(T7)/PMP,2017_GHC_3126_1,Open Tender,Supply,Goods,4.0,No,No,Offline,No,No,No,1.0,Fee,.pdf,EMD,"Supply, installation and maintenance of approximately 350 Nos. of i5 Desktop Computers in various Court complexes of Assam under the eCourts Project","Supply, installation and maintenance of approximately 350 Nos. of i5 Desktop Computers in various Court complexes of Assam under the eCourts Project",Please refer Tender documents. ,NA ,0.0,Computer- H/W,NA ,Tender,180.0,100.0,Across JUdicial Districts of Assam,781001.0,Guwahati ,"Judges Conference Room, 2nd Floor, New Building, Gauhati High Court, Guwahati - 781001 ",14-Sep-2017 11:00 AM ,Guwahati,No ,No,Central Project Coordinator,"Gauhati High Court, Guwahati-781001","3,67,500",Yes,fixed,,"Registrar General, Gauhati High Court",Guwahati,0.0,Nil,Nil,No,1.0,DD - Demand Draft
,,,,,,,,,,,,,,,,,,,,,,,,.pdf,Processing Fee,,,,,,,,,,,,,,,,,,,,,,,,,,,,,,,2.0,BC - Bankers Cheque
,,,,,,,,,,,,,,,,,,,,,,2.0,PreQual,.pdf,Eligibility Criteria,,,,,,,,,,,,,,,,,,,,,,,,,,,,,,,3.0,BG - Bank Guarantee Irrevocable
,,,,,,,,,,,,,,,,,,,,,,3.0,Technical,.pdf,Technical Bid,,,,,,,,,,,,,,,,,,,,,,,,,,,,,,,,
,,,,,,,,,,,,,,,,,,,,,,,,.pdf,TVDS Datasheet,,,,,,,,,,,,,,,,,,,,,,,,,,,,,,,,
,,,,,,,,,,,,,,,,,,,,,,4.0,Finance,.xls,BoQ,,,,,,,,,,,,,,,,,,,,,,,,,,,,,,,,
,,,,,,,,,,,,,,,,,,,,,,,,.pdf,Detailed Financial Bid,,,,,,,,,,,,,,,,,,,,,,,,,,,,,,,,
