﻿Organisation Chain,Tender Reference Number,Tender ID,Tender Type,Form of contract,Tender Category,No. of Covers,General Technical Evaluation Allowed,ItemWise Technical Evaluation Allowed,Payment Mode,Is Multi Currency Allowed For BOQ,Is Multi Currency Allowed For Fee,Allow Two Stage Bidding,EMD Amount in ₹,EMD through BG/ST or EMD Exemption Allowed,EMD Fee Type,EMD Percentage,EMD Payable To,EMD Payable At,Title,Work Description,Pre Qualification Details,Independent External Monitor/Remarks,Tender Value in ₹,Product Category,Sub category,Contract Type,Bid Validity(Days),Period Of Work(Days),Location,Pincode,Pre Bid Meeting Place,Pre Bid Meeting Address,Pre Bid Meeting Date,Bid Opening Place,Should Allow NDA Tender,Allow Preferential Bidder,Cover No,Cover,Document Type,Description,S.No,Instrument Type,Tender Fee in ₹,Fee Payable To,Fee Payable At,Tender Fee Exemption Allowed,Name,Address,Publish Date,Bid Opening Date,Document Download / Sale Start Date,Document Download / Sale End Date,Clarification Start Date,Clarification End Date,Bid Submission Start Date,Bid Submission End Date,Financial Bid Opening Date
Public Works Roads Department||CE PWD(R) - PWD||Traffic Engineering Cell - PWD,CE/STBR/14/2017-18/70,2017_PWD_3777_20,Open Tender,Item Rate,Works,2.0,No,No,Offline,No,No,No,"1,81,900",Yes,fixed,,"Chief Engineer, PWD, Roads, Assam",Guwahati,BR-1000/LAC-43/046,BR-1000/LAC-43/046 Const. of RCC Br. No. 1/1 on Dakhinhati Road under conversion of 1000 Nos. of SPT bridges to RCC bridges for the year 2017-18.,Please refer Tender documents. ,NA ,"90,95,000",Civil Works - Bridges,NA ,Tender,180.0,548.0,Barpeta,781301.0,NA ,NA ,NA ,"O/o the CE, PWD Roads, Assam",No ,No,1.0,Fee/PreQual/Technical,.pdf,Bid Security,1.0,DD - Demand Draft,"2,800",Empowered Officer ASRB,Guwahati,No,"CE, PWD Roads, Assam, Chandmari","O/o the CE, PWD Roads, Assam, Chandmari, Guwahati, 781003",10-Nov-2017 10:30 AM,20-Nov-2017 11:00 AM,11-Nov-2017 10:30 AM,18-Nov-2017 02:00 PM,11-Nov-2017 10:30 AM ,15-Nov-2017 04:00 PM ,11-Nov-2017 10:30 AM,18-Nov-2017 02:00 PM,04-Dec-2017 09:00 AM
,,,,,,,,,,,,,,,,,,,,,,,,,,,,,,,,,,,,,,,.pdf,Cost of Tender Document,2.0,BG - Bank Guarantee Irrevocable,,,,,,,,,,,,,,,
,,,,,,,,,,,,,,,,,,,,,,,,,,,,,,,,,,,,,,,.pdf,Technical Qualification Details,3.0,FDR - Fixed Deposit Receipt,,,,,,,,,,,,,,,
,,,,,,,,,,,,,,,,,,,,,,,,,,,,,,,,,,,,,,,.pdf,SBD,,,,,,,,,,,,,,,,,
,,,,,,,,,,,,,,,,,,,,,,,,,,,,,,,,,,,,,2.0,Finance,.xls,BOQ,,,,,,,,,,,,,,,,,
,,,,,,,,,,,,,,,,,,,,,,,,,,,,,,,,,,,,,,,.pdf,FOB,,,,,,,,,,,,,,,,,
