﻿Publish Date,Bid Opening Date,Document Download / Sale Start Date,Document Download / Sale End Date,Clarification Start Date,Clarification End Date,Bid Submission Start Date,Bid Submission End Date,Financial Bid Opening Date,Title,Work Description,Pre Qualification Details,Independent External Monitor/Remarks,Tender Value in ₹,Product Category,Sub category,Contract Type,Bid Validity(Days),Period Of Work(Days),Location,Pincode,Pre Bid Meeting Place,Pre Bid Meeting Address,Pre Bid Meeting Date,Bid Opening Place,Should Allow NDA Tender,Allow Preferential Bidder,Tender Fee in ₹,Fee Payable To,Fee Payable At,Tender Fee Exemption Allowed,Organisation Chain,Tender Reference Number,Tender ID,Tender Type,Form of contract,Tender Category,No. of Covers,General Technical Evaluation Allowed,ItemWise Technical Evaluation Allowed,Payment Mode,Is Multi Currency Allowed For BOQ,Is Multi Currency Allowed For Fee,Allow Two Stage Bidding,EMD Amount in ₹,EMD through BG/ST or EMD Exemption Allowed,EMD Fee Type,EMD Percentage,EMD Payable To,EMD Payable At,Cover No,Cover,Document Type,Description,S.No,Instrument Type,Name,Address
16-Oct-2017 10:30 AM,31-Oct-2017 02:00 PM,17-Oct-2017 10:30 AM,30-Oct-2017 04:30 PM,17-Oct-2017 10:30 AM ,30-Oct-2017 04:00 PM ,17-Oct-2017 10:30 AM,30-Oct-2017 04:30 PM,07-Nov-2017 06:55 PM,TN_287_2,TN_287_2 Construction of Doctor Qtr. (1 No.) and Nurse Qtr. (3 Nos.) at Tulsibil S.H.C. under Gossaigaon M.C.B. for M.S.D.P. 12th Plan 2016-17.,Please refer Tender documents. ,NA ,"59,36,451",Civil Works,NA ,Tender,180.0,420.0,Kokrajhar,788730.0,NA ,NA ,NA ,"O/o the Addl. CE cum Director, PWD, BTC, Kokrajhar",No ,No,"2,000","Principal Secretary BTC, Kokrajhar","SBI, Kokrajhar",No,Bodoland Territorial Council-PWD||Director Cum CHD - PWD BTC,ACE50/TECH/KOK(Bldg)/IFB/16-17,2017_BTC_3443_2,Open Tender,Item Rate,Works,2.0,No,No,Offline,No,No,No,"1,18,729",Yes,fixed,,"EE, PWD, Udalguri Rural Road Division",Udalguri,1.0,Fee/PreQual/Technical,.pdf,EMD,1.0,DD - Demand Draft,"Addl. CE cum Director, PWD, BTC, Kokrajhar","O/o the Addl. CE cum Director, PWD, BTC, Kokrajhar"
,,,,,,,,,,,,,,,,,,,,,,,,,,,,,,,,,,,,,,,,,,,,,,,,,,,,.pdf,Cost of Tender Document,2.0,BC - Bankers Cheque,,
,,,,,,,,,,,,,,,,,,,,,,,,,,,,,,,,,,,,,,,,,,,,,,,,,,,,.pdf,Technical Qualification Details,3.0,BG - Bank Guarantee Irrevocable,,
,,,,,,,,,,,,,,,,,,,,,,,,,,,,,,,,,,,,,,,,,,,,,,,,,,,,.pdf,SBD,4.0,FDR - Fixed Deposit Receipt,,
,,,,,,,,,,,,,,,,,,,,,,,,,,,,,,,,,,,,,,,,,,,,,,,,,,2.0,Finance,.xls,BOQ,,,,
,,,,,,,,,,,,,,,,,,,,,,,,,,,,,,,,,,,,,,,,,,,,,,,,,,,,.pdf,FOB,,,,
