﻿EMD Amount in ₹,EMD through BG/ST or EMD Exemption Allowed,EMD Fee Type,EMD Percentage,EMD Payable To,EMD Payable At,Publish Date,Bid Opening Date,Document Download / Sale Start Date,Document Download / Sale End Date,Clarification Start Date,Clarification End Date,Bid Submission Start Date,Bid Submission End Date,Financial Bid Opening Date,Cover No,Cover,Document Type,Description,Name,Address,Title,Work Description,Pre Qualification Details,Independent External Monitor/Remarks,Tender Value in ₹,Product Category,Sub category,Contract Type,Bid Validity(Days),Period Of Work(Days),Location,Pincode,Pre Bid Meeting Place,Pre Bid Meeting Address,Pre Bid Meeting Date,Bid Opening Place,Should Allow NDA Tender,Allow Preferential Bidder,Tender Fee in ₹,Fee Payable To,Fee Payable At,Tender Fee Exemption Allowed,S.No,Instrument Type,Organisation Chain,Tender Reference Number,Tender ID,Tender Type,Form of contract,Tender Category,No. of Covers,General Technical Evaluation Allowed,ItemWise Technical Evaluation Allowed,Payment Mode,Is Multi Currency Allowed For BOQ,Is Multi Currency Allowed For Fee,Allow Two Stage Bidding
"6,00,000",Yes,percentage,2.0%,"Executive Engineer , Jorhat Mechanical WR Division",Jorhat,13-Jan-2018 09:00 AM,27-Jan-2018 02:00 PM,13-Jan-2018 09:00 AM,27-Jan-2018 02:00 PM,NA ,NA ,21-Jan-2018 09:00 AM,27-Jan-2018 02:00 PM,07-Feb-2018 05:15 PM,1.0,Fee,.pdf,Tender Fee and EMD,Chief Engineer Water Resources Department,"o/o the Chief Engineer, Water Resources Department Chandmari ghy-3",Majuli Vessel,FOR CONSTRUCTION OF A VESSEL POWERED BY TWIN MARINE DIESEL ENGINE WITH PROVISION OF GPS AND OTHER SOPHISTICATED EQUIPMENTS.,Please refer Tender documents. ,NA ,"3,00,00,000",Composite Works,NA ,Tender,180.0,90.0,Guwahati,781003.0,NA ,NA ,NA ,Guwahati,No ,No,"5,000","Executive Engineer , Jorhat Mechanical WR Division",Jorhat,Yes,1,DD - Demand Draft,Department of Water Resources||Chief Engineer - DoWR,JMWR/MV/2016-17/17-18/1,2017_DoWR_3904_1,Open Tender,EOI,Works,3.0,No,No,Offline,No,No,No
,,,,,,,,,,,,,,,2.0,PreQual/Technical,.pdf,TECHNICAL DOCUMENT,,,,,,,,,,,,,,,,,,,,,,,,,2,BC - Bankers Cheque,,,,,,,,,,,,,
,,,,,,,,,,,,,,,3.0,Finance,.xls,boq,,,,,,,,,,,,,,,,,,,,,,,,,3,BG - Bank Guarantee Irrevocable,,,,,,,,,,,,,
,,,,,,,,,,,,,,,,,,,,,,,,,,,,,,,,,,,,,,,,,,,4,FDR - Fixed Deposit Receipt,,,,,,,,,,,,,
,,,,,,,,,,,,,,,,,,,,,,,,,,,,,,,,,,,,,,,,,,,5,DCR - Deposit at call receipt,,,,,,,,,,,,,
