﻿S.No,Corrigendum Title,Corrigendum Type,View,Publish Date,Bid Opening Date,Document Download / Sale Start Date,Document Download / Sale End Date,Clarification Start Date,Clarification End Date,Bid Submission Start Date,Bid Submission End Date,Financial Bid Opening Date,EMD Amount in ₹,EMD through BG/ST or EMD Exemption Allowed,EMD Fee Type,EMD Percentage,EMD Payable To,EMD Payable At,Title,Work Description,Pre Qualification Details,Independent External Monitor/Remarks,Tender Value in ₹,Product Category,Sub category,Contract Type,Bid Validity(Days),Period Of Work(Days),Location,Pincode,Pre Bid Meeting Place,Pre Bid Meeting Address,Pre Bid Meeting Date,Bid Opening Place,Should Allow NDA Tender,Allow Preferential Bidder,Name,Address,Organisation Chain,Tender Reference Number,Tender ID,Tender Type,Form of contract,Tender Category,No. of Covers,General Technical Evaluation Allowed,ItemWise Technical Evaluation Allowed,Payment Mode,Is Multi Currency Allowed For BOQ,Is Multi Currency Allowed For Fee,Allow Two Stage Bidding,Tender Fee in ₹,Fee Payable To,Fee Payable At,Tender Fee Exemption Allowed,S.No,Instrument Type,Cover No,Cover,Document Type,Description
1.0,Time Extension-I,Date,,02-Dec-2017 12:00 PM,28-Dec-2017 02:00 PM,02-Dec-2017 12:00 PM,27-Dec-2017 12:00 PM,NA ,NA ,14-Dec-2017 12:00 PM,27-Dec-2017 12:00 PM,31-May-2018 04:25 PM,"9,70,000",No,fixed,,"Managing Director, AEGCL",Guwahati,Supply of Power and Control Cables,Supply of Power and Control Cables of 1.1 kV Class for Various Substations in Assam under PSDF(Package-C),Please refer Tender documents. ,NA ,0.0,Electrical Work/ Equipment,NA ,Tender,180.0,120.0,Guwahati,781001.0,Guwahati ,"O/o the MD, AEGCL, Bijulee Bhawan, Guwahati-01 ",07-Dec-2017 12:00 PM ,Guwahati,No ,No,Chief General Manager (T and T),"O/o the MD, AEGCL, Bijulee Bhawan, Guwahati-01",Assam Electricity Grid Corporation Ltd,AEGCL/MD/TECH-643/ PSDF/CABLE/PKG-C/IFB,2017_AEGCL_4087_1,Open Tender,Supply,Goods,2.0,No,No,Offline,No,No,No,"5,000","Managing Director, AEGCL",Guwahati,No,1.0,DD - Demand Draft,1.0,Fee/PreQual/Technical,.pdf,Tender Fees
,,,,,,,,,,,,,,,,,,,,,,,,,,,,,,,,,,,,,,,,,,,,,,,,,,,,,,,,2.0,BC - Bankers Cheque,,,.pdf,Earnest Money Deposit
,,,,,,,,,,,,,,,,,,,,,,,,,,,,,,,,,,,,,,,,,,,,,,,,,,,,,,,,3.0,BG - Bank Guarantee Irrevocable,,,.xls,Technical compliance
,,,,,,,,,,,,,,,,,,,,,,,,,,,,,,,,,,,,,,,,,,,,,,,,,,,,,,,,,,,,.rar,Tender Documents
,,,,,,,,,,,,,,,,,,,,,,,,,,,,,,,,,,,,,,,,,,,,,,,,,,,,,,,,,,2.0,Finance,.xls,Price Schedule
