﻿Tender Fee in ₹,Fee Payable To,Fee Payable At,Tender Fee Exemption Allowed,Organisation Chain,Tender Reference Number,Tender ID,Tender Type,Form of contract,Tender Category,No. of Covers,General Technical Evaluation Allowed,ItemWise Technical Evaluation Allowed,Payment Mode,Is Multi Currency Allowed For BOQ,Is Multi Currency Allowed For Fee,Allow Two Stage Bidding,Publish Date,Bid Opening Date,Document Download / Sale Start Date,Document Download / Sale End Date,Clarification Start Date,Clarification End Date,Bid Submission Start Date,Bid Submission End Date,Financial Bid Opening Date,Cover No,Cover,Document Type,Description,EMD Amount in ₹,EMD through BG/ST or EMD Exemption Allowed,EMD Fee Type,EMD Percentage,EMD Payable To,EMD Payable At,Name,Address,S.No,Instrument Type,Title,Work Description,Pre Qualification Details,Independent External Monitor/Remarks,Tender Value in ₹,Product Category,Sub category,Contract Type,Bid Validity(Days),Period Of Work(Days),Location,Pincode,Pre Bid Meeting Place,Pre Bid Meeting Address,Pre Bid Meeting Date,Bid Opening Place,Should Allow NDA Tender,Allow Preferential Bidder,S.No,Corrigendum Title,Corrigendum Type,View
"3,000","Mission Director,RMSA,Assam",Guwahati,No,Rashtriya Madhyamik Siksha Abhijan,RMSA/CW/NR/1718/TDR/826/17/43,2017_RMSA_3121_7,Open Tender,Works,Works,2.0,No,No,Offline,No,No,No,01-Sep-2017 02:00 PM,25-Sep-2017 03:00 PM,01-Sep-2017 02:05 PM,25-Sep-2017 02:00 PM,NA ,NA ,07-Sep-2017 11:00 AM,25-Sep-2017 02:00 PM,22-Nov-2017 11:00 AM,1.0,Fee/PreQual/Technical,.pdf,Tender Fee and EMD,"1,50,000",No,fixed,,"Mission Director,RMSA,Assam",Guwahati,"Mission Director,RMSA,Assam","Office of the Mission Director, RMSA, Assam, Kahilipara, Guwahati-19",1,DD - Demand Draft,CONSTRUCTION OF CIVIL WORKS INTERVENTIONS AT KUWARI PUKHURI HIGH SCHOOL AT DALGAON BLOCK IN DARRANG DISTRICT,CONSTRUCTION OF CIVIL WORKS INTERVENTIONS AT KUWARI PUKHURI HIGH SCHOOL AT DALGAON BLOCK IN DARRANG DISTRICT,Please refer Tender documents. ,NA ,"73,96,400",Civil Works - Building,NA ,Tender,45.0,300.0,"Dalgaon, Darrang",784116.0,"Office of the Mission Director,RMSA,Assam,Guwahati ","Office of the Mission Director, RMSA, Assam, Kahilipara, Guwahati-19 ",06-Sep-2017 11:00 AM ,"Office of the Mission Director,RMSA,Assam,Guwahati",No ,No,1.0,Extension of date for submission of Bid,Date,
,,,,,,,,,,,,,,,,,,,,,,,,,,,,.pdf,Technical Documents,,,,,,,,,2,BC - Bankers Cheque,,,,,,,,,,,,,,,,,,,,,,
,,,,,,,,,,,,,,,,,,,,,,,,,,,,.pdf,Tender Documents and commercial Terms,,,,,,,,,3,BG - Bank Guarantee Irrevocable,,,,,,,,,,,,,,,,,,,,,,
,,,,,,,,,,,,,,,,,,,,,,,,,,2.0,Finance,.xls,BOQ,,,,,,,,,4,FDR - Fixed Deposit Receipt,,,,,,,,,,,,,,,,,,,,,,
