﻿Name,Address,EMD Amount in ₹,EMD through BG/ST or EMD Exemption Allowed,EMD Fee Type,EMD Percentage,EMD Payable To,EMD Payable At,Title,Work Description,Pre Qualification Details,Independent External Monitor/Remarks,Tender Value in ₹,Product Category,Sub category,Contract Type,Bid Validity(Days),Period Of Work(Days),Location,Pincode,Pre Bid Meeting Place,Pre Bid Meeting Address,Pre Bid Meeting Date,Bid Opening Place,Should Allow NDA Tender,Allow Preferential Bidder,Tender Fee in ₹,Fee Payable To,Fee Payable At,Tender Fee Exemption Allowed,S.No,Instrument Type,Cover No,Cover,Document Type,Description,Publish Date,Bid Opening Date,Document Download / Sale Start Date,Document Download / Sale End Date,Clarification Start Date,Clarification End Date,Bid Submission Start Date,Bid Submission End Date,Financial Bid Opening Date,Organisation Chain,Tender Reference Number,Tender ID,Tender Type,Form of contract,Tender Category,No. of Covers,General Technical Evaluation Allowed,ItemWise Technical Evaluation Allowed,Payment Mode,Is Multi Currency Allowed For BOQ,Is Multi Currency Allowed For Fee,Allow Two Stage Bidding
Director PNRD BTC Kokrajhar,Director PNRD BTC Kokrajhar,"82,732",Yes,fixed,,Director PNRD BTC Kokrajhar,Kokrajhar,Constr of RCC drop including cement concrete canal and earth work in embankment at Kajli Dong near Karaitola village,DPRD/BTC/SOPD/Koj-41/2017/18/1,Please refer Tender documents. ,NA ,"41,36,644",Civil Works,NA ,Tender,180.0,180.0,Karaitola village Dotma,783347.0,NA ,NA ,NA ,Director PNRD BTC Kokrajhar,No ,No,"1,250",Principal Secretary BTC Kokrajhar,Kokrajhar,No,1.0,DD - Demand Draft,1.0,Fee/PreQual/Technical,.pdf,Tender Cost,13-Nov-2017 10:30 AM,30-Nov-2017 02:00 PM,13-Nov-2017 10:30 AM,27-Nov-2017 04:30 PM,13-Nov-2017 10:30 AM ,23-Nov-2017 04:00 PM ,13-Nov-2017 10:30 AM,27-Nov-2017 04:30 PM,01-Dec-2017 10:30 AM,Bodoland Territorial Council||Panchayat and Rural Development-BTC,DPRD/BTC/SOPD/Koj-41/2017/18/1,2017_BoTC_3868_1,Open Tender,Item Rate,Works,2.0,No,No,Offline,No,No,No
,,,,,,,,,,,,,,,,,,,,,,,,,,,,,,2.0,BC - Bankers Cheque,,,.pdf,EMD,,,,,,,,,,,,,,,,,,,,,,
,,,,,,,,,,,,,,,,,,,,,,,,,,,,,,3.0,SS - Small Savings Instrument,,,.pdf,SBD,,,,,,,,,,,,,,,,,,,,,,
,,,,,,,,,,,,,,,,,,,,,,,,,,,,,,4.0,BG - Bank Guarantee Irrevocable,,,.pdf,Technical Qualifications,,,,,,,,,,,,,,,,,,,,,,
,,,,,,,,,,,,,,,,,,,,,,,,,,,,,,5.0,FDR - Fixed Deposit Receipt,2.0,Finance,.xls,BOQ,,,,,,,,,,,,,,,,,,,,,,
,,,,,,,,,,,,,,,,,,,,,,,,,,,,,,,,,,.pdf,FOB,,,,,,,,,,,,,,,,,,,,,,
