﻿Tender Fee in ₹,Fee Payable To,Fee Payable At,Tender Fee Exemption Allowed,Organisation Chain,Tender Reference Number,Tender ID,Tender Type,Form of contract,Tender Category,No. of Covers,General Technical Evaluation Allowed,ItemWise Technical Evaluation Allowed,Payment Mode,Is Multi Currency Allowed For BOQ,Is Multi Currency Allowed For Fee,Allow Two Stage Bidding,EMD Amount in ₹,EMD through BG/ST or EMD Exemption Allowed,EMD Fee Type,EMD Percentage,EMD Payable To,EMD Payable At,Publish Date,Bid Opening Date,Document Download / Sale Start Date,Document Download / Sale End Date,Clarification Start Date,Clarification End Date,Bid Submission Start Date,Bid Submission End Date,Title,Work Description,Pre Qualification Details,Independent External Monitor/Remarks,Tender Value in ₹,Product Category,Sub category,Contract Type,Bid Validity(Days),Period Of Work(Days),Location,Pincode,Pre Bid Meeting Place,Pre Bid Meeting Address,Pre Bid Meeting Date,Bid Opening Place,Should Allow NDA Tender,Allow Preferential Bidder,S.No,Instrument Type,Cover No,Cover,Document Type,Description,Name,Address
"8,000",Empowered Officer ASRB,Guwahati,No,Public Works Roads Department,CE/DEV/RIDF-XXIII/116/17-18/5,2017_PWD_3233_42,Open Tender,Item Rate,Works,2.0,No,No,Offline,No,No,No,"5,37,000",Yes,fixed,,Executive Engineer PWD Concern Division,Concern District,19-Sep-2017 06:00 PM,09-Oct-2017 11:00 AM,19-Sep-2017 06:00 PM,06-Oct-2017 02:00 PM,19-Sep-2017 06:00 PM ,22-Sep-2017 04:00 PM ,19-Sep-2017 06:00 PM,06-Oct-2017 02:00 PM,Kokrajhar/RIDF-XXIII/01,Kokrajhar/RIDF-XXIII/01 Construction of RCC Br. No.3/1 over river Laska including Approaches and protection work on Shaktiashram to Chithila road under RIDF-XXIII of NABARD for the year 2016-17 under Kokrajhar Rural Road Division.,Please refer Tender documents. ,NA ,"2,68,36,000",Civil Works,NA ,Tender,180.0,548.0,Kokrajhar,783370.0,NA ,NA ,NA ,"O/o the Chief Engineer, PWD Roads Assam",No ,No,1.0,DD - Demand Draft,1.0,Fee/PreQual/Technical,.pdf,Bid Security,"Chief Engineer, PWD Roads Assam","O/o the Chief Engineer, PWD Roads Assam, Chandmari, Guwahati, 781003"
,,,,,,,,,,,,,,,,,,,,,,,,,,,,,,,,,,,,,,,,,,,,,,,,,2.0,BG - Bank Guarantee Irrevocable,,,.pdf,Cost of Bid Document,,
,,,,,,,,,,,,,,,,,,,,,,,,,,,,,,,,,,,,,,,,,,,,,,,,,3.0,FDR - Fixed Deposit Receipt,,,.pdf,Technical Qualification Details,,
,,,,,,,,,,,,,,,,,,,,,,,,,,,,,,,,,,,,,,,,,,,,,,,,,,,,,.pdf,SBD,,
,,,,,,,,,,,,,,,,,,,,,,,,,,,,,,,,,,,,,,,,,,,,,,,,,,,2.0,Finance,.xls,BOQ,,
,,,,,,,,,,,,,,,,,,,,,,,,,,,,,,,,,,,,,,,,,,,,,,,,,,,,,.pdf,FOB,,
