﻿S.No,Instrument Type,Cover No,Cover,Document Type,Description,Title,Work Description,Pre Qualification Details,Independent External Monitor/Remarks,Tender Value in ₹,Product Category,Sub category,Contract Type,Bid Validity(Days),Period Of Work(Days),Location,Pincode,Pre Bid Meeting Place,Pre Bid Meeting Address,Pre Bid Meeting Date,Bid Opening Place,Should Allow NDA Tender,Allow Preferential Bidder,Name,Address,EMD Amount in ₹,EMD through BG/ST or EMD Exemption Allowed,EMD Fee Type,EMD Percentage,EMD Payable To,EMD Payable At,Tender Fee in ₹,Fee Payable To,Fee Payable At,Tender Fee Exemption Allowed,Publish Date,Bid Opening Date,Document Download / Sale Start Date,Document Download / Sale End Date,Clarification Start Date,Clarification End Date,Bid Submission Start Date,Bid Submission End Date,Financial Bid Opening Date,Organisation Chain,Tender Reference Number,Tender ID,Tender Type,Form of contract,Tender Category,No. of Covers,General Technical Evaluation Allowed,ItemWise Technical Evaluation Allowed,Payment Mode,Is Multi Currency Allowed For BOQ,Is Multi Currency Allowed For Fee,Allow Two Stage Bidding
1.0,DD - Demand Draft,1.0,Fee/PreQual/Technical,.pdf,Document Cost,"Proposed Construction of Class Room Building with 3 (three) Storey provision at JDSG College, Bokakahat, Assam. (Estimate for construction of Ground Floor).","Proposed Construction of Class Room Building with 3 (three) Storey provision at JDSG College, Bokakahat, Assam. (Estimate for construction of Ground Floor).",Please refer Tender documents. ,NA ,"69,30,900",Civil Works - Building,NA ,Tender,180.0,365.0,Bokakhat,785612.0,O/O SE PWD JBC ,O/O SE PWD JBC ,14-Sep-2017 12:00 PM ,O/O SE PWD JBC,No ,No,SE PWD JBC,O/O SE PWD JBC,"1,38,618",Yes,fixed,,SE PWD JBC,Jorhat,"3,000",SE PWD JBC,Jorhat,No,09-Sep-2017 12:00 PM,22-Sep-2017 03:00 PM,09-Sep-2017 12:00 PM,21-Sep-2017 02:00 PM,NA ,NA ,09-Sep-2017 02:00 PM,21-Sep-2017 02:00 PM,06-Oct-2017 12:40 PM,Public Works Building and NH Department||Chief Engineer-Building - PWBNH||SE-Jorhat Circle - PWBNH||EE-Jorhat Building Division - PWBNH,SE(B)JHT/(C/S)/S-5/17-18,2017_PWBNH_3174_1,Open Tender,Item Rate,Works,2.0,No,No,Offline,No,No,No
2.0,FDR - Fixed Deposit Receipt,,,.pdf,Bid Security,,,,,,,,,,,,,,,,,,,,,,,,,,,,,,,,,,,,,,,,,,,,,,,,,,,,
,,,,.pdf,Qualification,,,,,,,,,,,,,,,,,,,,,,,,,,,,,,,,,,,,,,,,,,,,,,,,,,,,
,,,,.pdf,SBD,,,,,,,,,,,,,,,,,,,,,,,,,,,,,,,,,,,,,,,,,,,,,,,,,,,,
,,2.0,Finance,.pdf,Form of Bid,,,,,,,,,,,,,,,,,,,,,,,,,,,,,,,,,,,,,,,,,,,,,,,,,,,,
,,,,.xls,BOQ,,,,,,,,,,,,,,,,,,,,,,,,,,,,,,,,,,,,,,,,,,,,,,,,,,,,
