﻿Title,Work Description,Pre Qualification Details,Independent External Monitor/Remarks,Tender Value in ₹,Product Category,Sub category,Contract Type,Bid Validity(Days),Period Of Work(Days),Location,Pincode,Pre Bid Meeting Place,Pre Bid Meeting Address,Pre Bid Meeting Date,Bid Opening Place,Should Allow NDA Tender,Allow Preferential Bidder,Cover No,Cover,Document Type,Description,Tender Fee in ₹,Fee Payable To,Fee Payable At,Tender Fee Exemption Allowed,Name,Address,EMD Amount in ₹,EMD through BG/ST or EMD Exemption Allowed,EMD Fee Type,EMD Percentage,EMD Payable To,EMD Payable At,Organisation Chain,Tender Reference Number,Tender ID,Tender Type,Form of contract,Tender Category,No. of Covers,General Technical Evaluation Allowed,ItemWise Technical Evaluation Allowed,Payment Mode,Is Multi Currency Allowed For BOQ,Is Multi Currency Allowed For Fee,Allow Two Stage Bidding,Publish Date,Bid Opening Date,Document Download / Sale Start Date,Document Download / Sale End Date,Clarification Start Date,Clarification End Date,Bid Submission Start Date,Bid Submission End Date,Financial Bid Opening Date,S.No,Instrument Type
TN-105/11,TN-105/11 Construction of One Box Cell Bridge over Puthimari river at Shyamthaibari village with approach work under B.T.C area for 2016-17.,Please refer Tender documents. ,NA ,"77,50,343",Civil Works,NA ,Tender,180.0,270.0,Kokrajhar,783370.0,NA ,NA ,NA ,"O/o the Addl. CE cum Director, PWD, BTC, Kokrajhar",No ,No,1.0,Fee/PreQual/Technical,.pdf,EMD,"2,400",Principal Secretary BTC Kokrajhar,SBI Kokrajhar,No,"Addl. CE cum Director, PWD, BTC, Kokrajhar","O/o the Addl. CE cum Director, PWD, BTC, Kokrajhar","1,55,200",Yes,fixed,,EE PWD Chirang R and B Division,Kajalgaon,Bodoland Territorial Council-PWD||Director Cum CHD - PWD BTC,ACE-26/TECH/CHN/IFB/16-17/131,2017_BTC_1604_11,Open Tender,Item Rate,Works,2.0,No,No,Offline,No,No,No,20-Jan-2017 10:30 AM,04-Feb-2017 02:00 PM,20-Jan-2017 10:30 AM,03-Feb-2017 04:30 PM,20-Jan-2017 10:30 AM ,03-Feb-2017 04:00 PM ,20-Jan-2017 10:30 AM,03-Feb-2017 04:30 PM,25-Feb-2017 04:20 PM,1.0,DD - Demand Draft
,,,,,,,,,,,,,,,,,,,,.pdf,Cost of Bid Document,,,,,,,,,,,,,,,,,,,,,,,,,,,,,,,,,,,2.0,BC - Bankers Cheque
,,,,,,,,,,,,,,,,,,,,.pdf,Technical Qualification Details,,,,,,,,,,,,,,,,,,,,,,,,,,,,,,,,,,,3.0,BG - Bank Guarantee Irrevocable
,,,,,,,,,,,,,,,,,,,,.pdf,SBD,,,,,,,,,,,,,,,,,,,,,,,,,,,,,,,,,,,4.0,FDR - Fixed Deposit Receipt
,,,,,,,,,,,,,,,,,,2.0,Finance,.xls,BOQ,,,,,,,,,,,,,,,,,,,,,,,,,,,,,,,,,,,,
,,,,,,,,,,,,,,,,,,,,.pdf,FOB,,,,,,,,,,,,,,,,,,,,,,,,,,,,,,,,,,,,
