﻿Cover No,Cover,Document Type,Description,Tender Fee in ₹,Fee Payable To,Fee Payable At,Tender Fee Exemption Allowed,EMD Amount in ₹,EMD through BG/ST or EMD Exemption Allowed,EMD Fee Type,EMD Percentage,EMD Payable To,EMD Payable At,Organisation Chain,Tender Reference Number,Tender ID,Tender Type,Form of contract,Tender Category,No. of Covers,General Technical Evaluation Allowed,ItemWise Technical Evaluation Allowed,Payment Mode,Is Multi Currency Allowed For BOQ,Is Multi Currency Allowed For Fee,Allow Two Stage Bidding,Title,Work Description,Pre Qualification Details,Independent External Monitor/Remarks,Tender Value in ₹,Product Category,Sub category,Contract Type,Bid Validity(Days),Period Of Work(Days),Location,Pincode,Pre Bid Meeting Place,Pre Bid Meeting Address,Pre Bid Meeting Date,Bid Opening Place,Should Allow NDA Tender,Allow Preferential Bidder,Name,Address,S.No,Instrument Type,Publish Date,Bid Opening Date,Document Download / Sale Start Date,Document Download / Sale End Date,Clarification Start Date,Clarification End Date,Bid Submission Start Date,Bid Submission End Date
1.0,Fee/PreQual/Technical/Finance,.pdf,Cost of bid and bid security,"1,000",MD AIIDC,GHY,No,"49,973",Yes,fixed,,MD AIIDC,GHY,Industries and Commerce Department||Assam Industrial Infrastructure Development Corporation,AIIDC/1806/2017/20014,2017_ICD_4597_2,Open Tender,Item Rate,Works,1.0,No,No,Offline,No,No,No,Improvement of connectivity road to IGC Chaygaon Jambari through Food Processing Park (FPP) and Bye lane no 1 of IGC Chaygaon Jambari,Improvement of connectivity road to IGC Chaygaon Jambari through Food Processing Park (FPP) and Bye lane no 1 of IGC Chaygaon Jambari,Please refer Tender documents. ,NA ,"24,98,621",Civil Works,NA ,Tender,180.0,60.0,IGC Chaigaon,781124.0,NA ,NA ,NA ,Bamunimaidam,No ,No,MD AIIDC,AIIDC Bamunimaidam Ghy,1.0,DD - Demand Draft,26-Dec-2017 11:00 AM,06-Jan-2018 03:00 PM,26-Dec-2017 11:00 AM,06-Jan-2018 02:00 PM,26-Dec-2017 11:00 AM ,06-Jan-2018 02:00 PM ,26-Dec-2017 11:00 AM,06-Jan-2018 02:00 PM
,,.pdf,Bid document,,,,,,,,,,,,,,,,,,,,,,,,,,,,,,,,,,,,,,,,,,,,2.0,BC - Bankers Cheque,,,,,,,,
,,.pdf,FOB,,,,,,,,,,,,,,,,,,,,,,,,,,,,,,,,,,,,,,,,,,,,,,,,,,,,,
,,.xls,BOQ,,,,,,,,,,,,,,,,,,,,,,,,,,,,,,,,,,,,,,,,,,,,,,,,,,,,,
