﻿Organisation Chain,Tender Reference Number,Tender ID,Tender Type,Form of contract,Tender Category,No. of Covers,General Technical Evaluation Allowed,ItemWise Technical Evaluation Allowed,Payment Mode,Is Multi Currency Allowed For BOQ,Is Multi Currency Allowed For Fee,Allow Two Stage Bidding,Tender Fee in ₹,Fee Payable To,Fee Payable At,Tender Fee Exemption Allowed,EMD Amount in ₹,EMD through BG/ST or EMD Exemption Allowed,EMD Fee Type,EMD Percentage,EMD Payable To,EMD Payable At,S.No,Corrigendum Title,Corrigendum Type,View,S.No,Instrument Type,Publish Date,Bid Opening Date,Document Download / Sale Start Date,Document Download / Sale End Date,Clarification Start Date,Clarification End Date,Bid Submission Start Date,Bid Submission End Date,Financial Bid Opening Date,Name,Address,Cover No,Cover,Document Type,Description,Title,Work Description,Pre Qualification Details,Independent External Monitor/Remarks,Tender Value in ₹,Product Category,Sub category,Contract Type,Bid Validity(Days),Period Of Work(Days),Location,Pincode,Pre Bid Meeting Place,Pre Bid Meeting Address,Pre Bid Meeting Date,Bid Opening Place,Should Allow NDA Tender,Allow Preferential Bidder
Principal Secretary- P and RD- Assam Secretariat||Commissioner- P and RD- PNRD||State Institute of Rural Development - SIRD - PNRD,SIRD-67/2015/76-1 (A.B. Barpeta),2017_PNRD_1668_2,Open Tender,Works,Works,2.0,No,No,Offline,No,No,No,"3,000","Director, SIPRD, Assam",Guwahati,No,"1,67,160",Yes,percentage,2.0%,"Director, SIPRD, Assam",Guwahati,1.0,ReTender Construction of Administrative Building G plus 1 for District Panchayat Resource Centre at Barpeta Dev Block Barpeta under RGPSA 2014-15,Retender,,1,DD - Demand Draft,22-May-2017 10:00 AM,12-Jun-2017 02:30 PM,22-May-2017 10:00 AM,12-Jun-2017 02:00 PM,NA ,NA ,22-May-2017 10:00 AM,12-Jun-2017 02:00 PM,01-Jul-2017 04:30 PM,"Director, SIPRD, Assam","Khanapara, Guwahati-22",1.0,Fee/PreQual/Technical,.pdf,Tender Fee,ReTender Construction of Administrative Building G plus 1 for District Panchayat Resource Centre at Barpeta Dev Block Barpeta under RGPSA 2014 15,ReTender Construction of Administrative Building G plus 1 for District Panchayat Resource Centre at Barpeta Dev Block Barpeta under RGPSA 2014 15,Please refer Tender documents. ,NA ,"83,58,000",Construction Works,NA ,Tender,180.0,450.0,"Barpeta Dev. Block, Keotkuchi, Barpeta",781309.0,NA ,NA ,NA ,"SIPRD, Assam, Khanapara, Guwahati-22",No ,No
,,,,,,,,,,,,,,,,,,,,,,,,,,,2,BC - Bankers Cheque,,,,,,,,,,,,,,.pdf,Earnest Money Deposit,,,,,,,,,,,,,,,,,,
,,,,,,,,,,,,,,,,,,,,,,,,,,,3,SS - Small Savings Instrument,,,,,,,,,,,,,,.pdf,Technical Qualification Details,,,,,,,,,,,,,,,,,,
,,,,,,,,,,,,,,,,,,,,,,,,,,,4,FDR - Fixed Deposit Receipt,,,,,,,,,,,,,,.pdf,Bid Document,,,,,,,,,,,,,,,,,,
,,,,,,,,,,,,,,,,,,,,,,,,,,,5,DCR - Deposit at call receipt,,,,,,,,,,,,2.0,Finance,.xls,Bill of Quantities,,,,,,,,,,,,,,,,,,
