﻿S.No,Instrument Type,Tender Fee in ₹,Fee Payable To,Fee Payable At,Tender Fee Exemption Allowed,EMD Amount in ₹,EMD through BG/ST or EMD Exemption Allowed,EMD Fee Type,EMD Percentage,EMD Payable To,EMD Payable At,Title,Work Description,Pre Qualification Details,Independent External Monitor/Remarks,Tender Value in ₹,Product Category,Sub category,Contract Type,Bid Validity(Days),Period Of Work(Days),Location,Pincode,Pre Bid Meeting Place,Pre Bid Meeting Address,Pre Bid Meeting Date,Bid Opening Place,Should Allow NDA Tender,Allow Preferential Bidder,Name,Address,Cover No,Cover,Document Type,Description,Organisation Chain,Tender Reference Number,Tender ID,Tender Type,Form of contract,Tender Category,No. of Covers,General Technical Evaluation Allowed,ItemWise Technical Evaluation Allowed,Payment Mode,Is Multi Currency Allowed For BOQ,Is Multi Currency Allowed For Fee,Allow Two Stage Bidding,Publish Date,Bid Opening Date,Document Download / Sale Start Date,Document Download / Sale End Date,Clarification Start Date,Clarification End Date,Bid Submission Start Date,Bid Submission End Date,Financial Bid Opening Date
1.0,DD - Demand Draft,"1,100",Principal Secretary BTC Kokrajhar,"SBI, Kokrajhar",No,"70,380",Yes,fixed,,"EE, PWD, Kokrajhar Rural Roads Division",Kokrajhar,TN_254_06,TN_254_06 Const. of road by providing Interlocking Concrete Block Pavement on road from Halangbazar to Amlaiguri Village under BTC for the year 2015-16.,Please refer Tender documents. ,NA ,"35,18,992",Civil Works,NA ,Tender,180.0,180.0,Kokrajhar,788730.0,NA ,NA ,NA ,"O/o the Addl. CE cum Director, PWD, BTC, Kokrajhar",No ,No,"Addl. CE cum Director, PWD, BTC, Kokrajhar","O/o the Addl. CE cum Director, PWD, BTC, Kokrajhar",1.0,Fee/PreQual/Technical,.pdf,EMD,Bodoland Territorial Council-PWD||Director Cum CHD - PWD BTC,ACE38/TECH/KOK(R/IFB/16-17/197,2017_BTC_3036_6,Open Tender,Item Rate,Works,2.0,No,No,Offline,No,No,No,21-Aug-2017 10:30 AM,08-Sep-2017 02:00 PM,21-Aug-2017 10:30 AM,07-Sep-2017 04:30 PM,21-Aug-2017 10:30 AM ,07-Sep-2017 04:00 PM ,21-Aug-2017 10:30 AM,07-Sep-2017 04:30 PM,21-Sep-2017 04:45 PM
2.0,BC - Bankers Cheque,,,,,,,,,,,,,,,,,,,,,,,,,,,,,,,,,.pdf,Cost of Tender Document,,,,,,,,,,,,,,,,,,,,,,
3.0,BG - Bank Guarantee Irrevocable,,,,,,,,,,,,,,,,,,,,,,,,,,,,,,,,,.pdf,Technical Qualification Details,,,,,,,,,,,,,,,,,,,,,,
4.0,FDR - Fixed Deposit Receipt,,,,,,,,,,,,,,,,,,,,,,,,,,,,,,,,,.pdf,Standard Bidding Document,,,,,,,,,,,,,,,,,,,,,,
,,,,,,,,,,,,,,,,,,,,,,,,,,,,,,,,2.0,Finance,.xls,BOQ,,,,,,,,,,,,,,,,,,,,,,
,,,,,,,,,,,,,,,,,,,,,,,,,,,,,,,,,,.pdf,Form of Bid,,,,,,,,,,,,,,,,,,,,,,
