﻿Tender Fee in ₹,Fee Payable To,Fee Payable At,Tender Fee Exemption Allowed,Cover No,Cover,Document Type,Description,Name,Address,Organisation Chain,Tender Reference Number,Tender ID,Tender Type,Form of contract,Tender Category,No. of Covers,General Technical Evaluation Allowed,ItemWise Technical Evaluation Allowed,Payment Mode,Is Multi Currency Allowed For BOQ,Is Multi Currency Allowed For Fee,Allow Two Stage Bidding,EMD Amount in ₹,EMD through BG/ST or EMD Exemption Allowed,EMD Fee Type,EMD Percentage,EMD Payable To,EMD Payable At,S.No,Instrument Type,Title,Work Description,Pre Qualification Details,Independent External Monitor/Remarks,Tender Value in ₹,Product Category,Sub category,Contract Type,Bid Validity(Days),Period Of Work(Days),Location,Pincode,Pre Bid Meeting Place,Pre Bid Meeting Address,Pre Bid Meeting Date,Bid Opening Place,Should Allow NDA Tender,Allow Preferential Bidder,Publish Date,Bid Opening Date,Document Download / Sale Start Date,Document Download / Sale End Date,Clarification Start Date,Clarification End Date,Bid Submission Start Date,Bid Submission End Date,Financial Bid Opening Date
"1,000","Principal Secretary, BTC, Kokrajhar","SBI, Kokrajhar",No,1.0,Fee/PreQual/Technical,.pdf,EMD,"Addl. CE Cum Director, PWD, BTC, Kokrajhar","O/o Addl. CE Cum Director, PWD, BTC, Kokrajhar",Bodoland Territorial Council-PWD||Director Cum CHD - PWD BTC,ACE-27/TECH/KOJ/IFB/2016-17/44,2017_BTC_1787_6,Open Tender,Item Rate,Works,2.0,No,No,Offline,No,No,No,"49,995",Yes,fixed,,"EE, PWD, Kokrajhar Rural Road Division",Kokrajhar,1.0,DD - Demand Draft,TN_140_06,TN_140_06 Construction of Interlocking Concrete Block Pavement from K.R. Road to Gwthwibari village via Banugaon road including CD work.,Please refer Tender documents. ,NA ,"24,99,774",Civil Works,NA ,Tender,180.0,180.0,Kokrajhar,783370.0,NA ,NA ,NA ,"O/o Addl. CE Cum Director, PWD, BTC, Kokrajhar",No ,No,28-Feb-2017 10:30 AM,10-Mar-2017 02:00 PM,28-Feb-2017 10:30 AM,09-Mar-2017 04:30 PM,28-Feb-2017 10:30 AM ,09-Mar-2017 04:00 PM ,28-Feb-2017 10:30 AM,09-Mar-2017 04:30 PM,13-Apr-2017 03:15 PM
,,,,,,.pdf,Cost of Tender Document,,,,,,,,,,,,,,,,,,,,,,2.0,BC - Bankers Cheque,,,,,,,,,,,,,,,,,,,,,,,,,,,
,,,,,,.pdf,SBD,,,,,,,,,,,,,,,,,,,,,,3.0,BG - Bank Guarantee Irrevocable,,,,,,,,,,,,,,,,,,,,,,,,,,,
,,,,,,.pdf,Technical Qualification Details,,,,,,,,,,,,,,,,,,,,,,4.0,FDR - Fixed Deposit Receipt,,,,,,,,,,,,,,,,,,,,,,,,,,,
,,,,2.0,Finance,.xls,BOQ,,,,,,,,,,,,,,,,,,,,,,,,,,,,,,,,,,,,,,,,,,,,,,,,,,
,,,,,,.pdf,FOB,,,,,,,,,,,,,,,,,,,,,,,,,,,,,,,,,,,,,,,,,,,,,,,,,,
