﻿S.No,Instrument Type,Title,Work Description,Pre Qualification Details,Independent External Monitor/Remarks,Tender Value in ₹,Product Category,Sub category,Contract Type,Bid Validity(Days),Period Of Work(Days),Location,Pincode,Pre Bid Meeting Place,Pre Bid Meeting Address,Pre Bid Meeting Date,Bid Opening Place,Should Allow NDA Tender,Allow Preferential Bidder,S.No,Corrigendum Title,Corrigendum Type,View,Name,Address,Cover No,Cover,Document Type,Description,Publish Date,Bid Opening Date,Document Download / Sale Start Date,Document Download / Sale End Date,Clarification Start Date,Clarification End Date,Bid Submission Start Date,Bid Submission End Date,Tender Fee in ₹,Fee Payable To,Fee Payable At,Tender Fee Exemption Allowed,EMD Amount in ₹,EMD through BG/ST or EMD Exemption Allowed,EMD Fee Type,EMD Percentage,EMD Payable To,EMD Payable At,Organisation Chain,Tender Reference Number,Tender ID,Tender Type,Form of contract,Tender Category,No. of Covers,General Technical Evaluation Allowed,ItemWise Technical Evaluation Allowed,Payment Mode,Is Multi Currency Allowed For BOQ,Is Multi Currency Allowed For Fee,Allow Two Stage Bidding
1.0,DD - Demand Draft,Providing Commercial Light Vehicles,Providing Commercial Light Vehicles,Please refer Tender documents. ,NA ,"30,00,000",Miscellaneous Services,NA ,Tender,90.0,60.0,"Axom Sarba Siksha Abhiyan Mission,Kahilipara,GAU",781019.0,"Axom Sarba Siksha Abhiyan Mission,Kahilipara,GAU ","Axom Sarba Siksha Abhiyan Mission,Kahilipara,GAU ",25-Aug-2017 12:00 PM ,"Axom Sarba Siksha Abhiyan Mission,Kahilipara,GAU",No ,No,1.0,Cancellation of Tender,Cancellation of Tender,,"Mission Director,SSA,Assam","Axom Sarba Siksha Abhiyan Mission,Kahilipara,GAU",1.0,Fee/PreQual/Technical,.pdf,Pre Qualification and Eligibility Criteria,17-Aug-2017 04:00 PM,07-Sep-2017 03:00 PM,17-Aug-2017 04:30 PM,07-Sep-2017 02:00 PM,NA ,NA ,17-Aug-2017 05:00 PM,07-Sep-2017 02:00 PM,"5,000","Mission Director,SSA,Assam",Guwahati,No,"1,00,000",No,fixed,,"Mission Director,SSA,Assam",Guwahati,Axom Sarba Siksha Abhijan Mission,ssa_vehi_hire_1154_2017_2048,2017_SSA_3018_1,Open Tender,Works,Services,2.0,No,No,Offline,No,No,No
2.0,BC - Bankers Cheque,,,,,,,,,,,,,,,,,,,,,,,,,,,.pdf,Bid Document,,,,,,,,,,,,,,,,,,,,,,,,,,,,,,,
,,,,,,,,,,,,,,,,,,,,,,,,,,,,.pdf,EMD and Tender Fee,,,,,,,,,,,,,,,,,,,,,,,,,,,,,,,
,,,,,,,,,,,,,,,,,,,,,,,,,,2.0,Finance,.xls,BOQ,,,,,,,,,,,,,,,,,,,,,,,,,,,,,,,
