﻿Name,Address,Publish Date,Bid Opening Date,Document Download / Sale Start Date,Document Download / Sale End Date,Clarification Start Date,Clarification End Date,Bid Submission Start Date,Bid Submission End Date,Financial Bid Opening Date,S.No,Corrigendum Title,Corrigendum Type,View,Tender Fee in ₹,Fee Payable To,Fee Payable At,Tender Fee Exemption Allowed,Cover No,Cover,Document Type,Description,EMD Amount in ₹,EMD through BG/ST or EMD Exemption Allowed,EMD Fee Type,EMD Percentage,EMD Payable To,EMD Payable At,Title,Work Description,Pre Qualification Details,Independent External Monitor/Remarks,Tender Value in ₹,Product Category,Sub category,Contract Type,Bid Validity(Days),Period Of Work(Days),Location,Pincode,Pre Bid Meeting Place,Pre Bid Meeting Address,Pre Bid Meeting Date,Bid Opening Place,Should Allow NDA Tender,Allow Preferential Bidder,S.No,Instrument Type,Organisation Chain,Tender Reference Number,Tender ID,Tender Type,Form of contract,Tender Category,No. of Covers,General Technical Evaluation Allowed,ItemWise Technical Evaluation Allowed,Payment Mode,Is Multi Currency Allowed For BOQ,Is Multi Currency Allowed For Fee,Allow Two Stage Bidding
"SE Mangaldai Irrigation Circle, Mangaldai","O/o the SE Mangaldai Irrigation Circle, Mangaldai",27-Oct-2017 10:00 AM,13-Nov-2017 03:00 PM,27-Oct-2017 10:30 AM,13-Nov-2017 02:00 PM,NA ,NA ,27-Oct-2017 10:30 AM,13-Nov-2017 02:00 PM,10-Jan-2018 11:25 AM,1.0,Corrigendum IV,Other,,500.0,"O/o the SE Mangaldai Irrigation Circle, Mangaldai",Mangaldai,No,1.0,Fee/PreQual/Technical,.pdf,NIT,"42,974",Yes,percentage,2.0%,"O/o the EE Dhansiri Project Div(I), Canal-II",Udalguri,"Dhansiri Project Division(I), Canal-II,Main Canal/ K2M Canal,GROUP XX",Repairing of R.C.C Super passage work at Ch. 16032.0M of Main Canal/Repairing workof HPCD at Ch. 1115.0M of K2M Canal,Please refer Tender documents. ,NA ,"21,48,700",Civil Works - Bridges,NA ,Tender,180.0,90.0,Udalguri,784509.0,NA ,NA ,NA ,"O/o the SE Mangaldai Irrigation Circle, Mangaldai",No ,No,1.0,FDR - Fixed Deposit Receipt,Irrigation Department||Chief Engineer(Major)-Irrigation Dept,No MCI/TEN-2/2017-18/1 Dtd.20.10.17,2017_ID_3678_1,Open Tender,Percentage,Works,2.0,No,No,Offline,No,No,No
,,,,,,,,,,,,,,,,,,,,,.pdf,Bid Documents,,,,,,,,,,,,,,,,,,,,,,,,,,,,,,,,,,,,,,,
,,,,,,,,,,,,,,,,,,,,,.pdf,Pre-Qualification,,,,,,,,,,,,,,,,,,,,,,,,,,,,,,,,,,,,,,,
,,,,,,,,,,,,,,,,,,,,,.pdf,Earnest Money,,,,,,,,,,,,,,,,,,,,,,,,,,,,,,,,,,,,,,,
,,,,,,,,,,,,,,,,,,,2.0,Finance,.xls,BOQ,,,,,,,,,,,,,,,,,,,,,,,,,,,,,,,,,,,,,,,
