﻿Cover No,Cover,Document Type,Description,Title,Work Description,Pre Qualification Details,Independent External Monitor/Remarks,Tender Value in ₹,Product Category,Sub category,Contract Type,Bid Validity(Days),Period Of Work(Days),Location,Pincode,Pre Bid Meeting Place,Pre Bid Meeting Address,Pre Bid Meeting Date,Bid Opening Place,Should Allow NDA Tender,Allow Preferential Bidder,EMD Amount in ₹,EMD through BG/ST or EMD Exemption Allowed,EMD Fee Type,EMD Percentage,EMD Payable To,EMD Payable At,Name,Address,Organisation Chain,Tender Reference Number,Tender ID,Tender Type,Form of contract,Tender Category,No. of Covers,General Technical Evaluation Allowed,ItemWise Technical Evaluation Allowed,Payment Mode,Is Multi Currency Allowed For BOQ,Is Multi Currency Allowed For Fee,Allow Two Stage Bidding,Publish Date,Bid Opening Date,Document Download / Sale Start Date,Document Download / Sale End Date,Clarification Start Date,Clarification End Date,Bid Submission Start Date,Bid Submission End Date,Financial Bid Opening Date,S.No,Instrument Type,Tender Fee in ₹,Fee Payable To,Fee Payable At,Tender Fee Exemption Allowed
1.0,Fee/PreQual/Technical,.pdf,EMD,Maijan_Thakurbari,construction of Maijan Thakurbari Road to Mukulbari Road (including construction of RCC Bridge No. 3/1 with approach protection work) in Dibrugarh District under NLCPR (Balance Work),Please refer Tender documents. ,NA ,"5,24,44,000",Civil Works,NA ,Tender,180.0,540.0,Dibrugarh,786001.0,NA ,NA ,NA ,Chief Engineer Office,No ,No,"10,48,900",Yes,fixed,,"Assam State Road Board, Assam",Guwahati,Chief Engineer,O/O the Chief Engineer PWD (Roads),Public Works Roads Department||CE PWD(R) - PWD||Traffic Engineering Cell - PWD,CE/STBR/NLCPR/Dib/09/2011/50,2017_PWD_3325_1,Open Tender,Item Rate,Works,2.0,No,No,Offline,No,No,No,03-Oct-2017 10:30 AM,16-Oct-2017 11:00 AM,04-Oct-2017 10:30 AM,13-Oct-2017 02:00 PM,04-Oct-2017 10:30 AM ,13-Oct-2017 02:00 PM ,04-Oct-2017 10:30 AM,13-Oct-2017 02:00 PM,25-Oct-2017 12:05 PM,1.0,DD - Demand Draft,"10,000",Nil,Nil,No
,,.pdf,Cost of Tender Document,,,,,,,,,,,,,,,,,,,,,,,,,,,,,,,,,,,,,,,,,,,,,,,,,2.0,BC - Bankers Cheque,,,,
,,.pdf,Stander Bidding Document,,,,,,,,,,,,,,,,,,,,,,,,,,,,,,,,,,,,,,,,,,,,,,,,,3.0,BG - Bank Guarantee Irrevocable,,,,
,,.pdf,Technical Qualification details,,,,,,,,,,,,,,,,,,,,,,,,,,,,,,,,,,,,,,,,,,,,,,,,,4.0,FDR - Fixed Deposit Receipt,,,,
2.0,Finance,.xls,BOQ,,,,,,,,,,,,,,,,,,,,,,,,,,,,,,,,,,,,,,,,,,,,,,,,,,,,,,
,,.pdf,FOB,,,,,,,,,,,,,,,,,,,,,,,,,,,,,,,,,,,,,,,,,,,,,,,,,,,,,,
