﻿EMD Amount in ₹,EMD through BG/ST or EMD Exemption Allowed,EMD Fee Type,EMD Percentage,EMD Payable To,EMD Payable At,Publish Date,Bid Opening Date,Document Download / Sale Start Date,Document Download / Sale End Date,Clarification Start Date,Clarification End Date,Bid Submission Start Date,Bid Submission End Date,Cover No,Cover,Document Type,Description,S.No,Instrument Type,Organisation Chain,Tender Reference Number,Tender ID,Tender Type,Form of contract,Tender Category,No. of Covers,General Technical Evaluation Allowed,ItemWise Technical Evaluation Allowed,Payment Mode,Is Multi Currency Allowed For BOQ,Is Multi Currency Allowed For Fee,Allow Two Stage Bidding,Title,Work Description,Pre Qualification Details,Independent External Monitor/Remarks,Tender Value in ₹,Product Category,Sub category,Contract Type,Bid Validity(Days),Period Of Work(Days),Location,Pincode,Pre Bid Meeting Place,Pre Bid Meeting Address,Pre Bid Meeting Date,Bid Opening Place,Should Allow NDA Tender,Allow Preferential Bidder,Name,Address,Tender Fee in ₹,Fee Payable To,Fee Payable At,Tender Fee Exemption Allowed
"4,59,134",Yes,fixed,,"Chief Engineer, PWD Roads, Assam",Guwahati,16-Jan-2017 10:30 AM,06-Feb-2017 11:00 AM,16-Jan-2017 10:30 AM,02-Feb-2017 02:00 PM,17-Jan-2017 10:30 AM ,28-Jan-2017 04:00 PM ,17-Jan-2017 10:30 AM,02-Feb-2017 02:00 PM,1.0,Fee/PreQual/Technical,.pdf,Bid Security,1.0,DD - Demand Draft,Public Works Roads Department||CE PWD(R) - PWD||Traffic Engineering Cell - PWD,CE/RIDF-XXII/2/2016-17/5,2017_PWD_1542_29,Open Tender,Item Rate,Works,2.0,No,No,Offline,No,No,No,Darrang/RIDF-XXII/02,Darrang/RIDF-XXII/02 Construction of RCC br no 2/2 over natural stream on Borbagan Chari Ali to No 1 Outola road including approaches and protection work under RIDF XXII of NABARD,Please refer Tender documents. ,NA ,"2,29,56,700",Civil Works,NA ,Tender,180.0,548.0,Darrang,784125.0,NA ,NA ,NA ,"O/o the Chief Engineer, PWD Roads Assam",No ,No,"Chief Engineer, PWD Roads Assam","O/o the Chief Engineer, PWD Roads Assam, Chandmari, Guwahati, 781003","7,000",Assam State Road Board A/C No. 10566991479,Guwahati,No
,,,,,,,,,,,,,,,,.pdf,Cost of Bid Document,2.0,BC - Bankers Cheque,,,,,,,,,,,,,,,,,,,,,,,,,,,,,,,,,,,,,
,,,,,,,,,,,,,,,,.pdf,Technical Qualification Details,3.0,BG - Bank Guarantee Irrevocable,,,,,,,,,,,,,,,,,,,,,,,,,,,,,,,,,,,,,
,,,,,,,,,,,,,,,,.pdf,Standard Bidding Document,4.0,FDR - Fixed Deposit Receipt,,,,,,,,,,,,,,,,,,,,,,,,,,,,,,,,,,,,,
,,,,,,,,,,,,,,2.0,Finance,.xls,Bill of Quantities,,,,,,,,,,,,,,,,,,,,,,,,,,,,,,,,,,,,,,,
,,,,,,,,,,,,,,,,.pdf,Form of Bid,,,,,,,,,,,,,,,,,,,,,,,,,,,,,,,,,,,,,,,
