﻿Name,Address,Tender Fee in ₹,Fee Payable To,Fee Payable At,Tender Fee Exemption Allowed,Organisation Chain,Tender Reference Number,Tender ID,Tender Type,Form of contract,Tender Category,No. of Covers,General Technical Evaluation Allowed,ItemWise Technical Evaluation Allowed,Payment Mode,Is Multi Currency Allowed For BOQ,Is Multi Currency Allowed For Fee,Allow Two Stage Bidding,Title,Work Description,Pre Qualification Details,Independent External Monitor/Remarks,Tender Value in ₹,Product Category,Sub category,Contract Type,Bid Validity(Days),Period Of Work(Days),Location,Pincode,Pre Bid Meeting Place,Pre Bid Meeting Address,Pre Bid Meeting Date,Bid Opening Place,Should Allow NDA Tender,Allow Preferential Bidder,Publish Date,Bid Opening Date,Document Download / Sale Start Date,Document Download / Sale End Date,Clarification Start Date,Clarification End Date,Bid Submission Start Date,Bid Submission End Date,Financial Bid Opening Date,Cover No,Cover,Document Type,Description,EMD Amount in ₹,EMD through BG/ST or EMD Exemption Allowed,EMD Fee Type,EMD Percentage,EMD Payable To,EMD Payable At,S.No,Instrument Type
"Principal Secretary, MAC","Office of the Principal Secretary, MAC, Gogamukh, Dhemaji","4,720","Principal Secretary, MAC",Gogamukh,No,Welfare of Plain Tribes and Backward Classes||Director - WPT and BC||Mising Autonomous Council,No. MAC/ 18/1617/15/20/8623-30,2017_WPTBC_2903_1,Open Tender,Works,Works,2.0,No,No,Offline,No,No,No,"Construction of Football Playground, Pavilion and Gallery at Gogamukh","Construction of Football Playground, Pavilion and Gallery at Gogamukh",Please refer Tender documents. ,NA ,"1,57,34,939",Civil Works - Others,NA ,Tender,180.0,365.0,"Gogamukh, Dhemaji",787034.0,"MAC, Gogamukh ","Office of the Principal Secretary, MAC, Gogamukh, Dhemaji ",16-Aug-2017 12:00 PM ,"MAC, Gogamukh",No ,No,08-Aug-2017 03:00 PM,17-Aug-2017 10:00 AM,09-Aug-2017 10:00 AM,16-Aug-2017 03:00 PM,NA ,NA ,10-Aug-2017 10:00 AM,16-Aug-2017 03:00 PM,28-Aug-2017 10:00 AM,1.0,Fee/PreQual/Technical,.pdf,Tender_Fee,"3,14,699",Yes,percentage,2.0%,"Principal Secretary, MAC",Gogamukh,1.0,DD - Demand Draft
,,,,,,,,,,,,,,,,,,,,,,,,,,,,,,,,,,,,,,,,,,,,,,,,.pdf,EMD,,,,,,,2.0,BC - Bankers Cheque
,,,,,,,,,,,,,,,,,,,,,,,,,,,,,,,,,,,,,,,,,,,,,,,,.pdf,Bidding_Document,,,,,,,3.0,BG - Bank Guarantee Irrevocable
,,,,,,,,,,,,,,,,,,,,,,,,,,,,,,,,,,,,,,,,,,,,,,,,.pdf,Technical_Qualification,,,,,,,4.0,FDR - Fixed Deposit Receipt
,,,,,,,,,,,,,,,,,,,,,,,,,,,,,,,,,,,,,,,,,,,,,,2.0,Finance,.xls,BOQ,,,,,,,5.0,DCR - Deposit at call receipt
,,,,,,,,,,,,,,,,,,,,,,,,,,,,,,,,,,,,,,,,,,,,,,,,.pdf,FOB,,,,,,,,
