﻿Tender Fee in ₹,Fee Payable To,Fee Payable At,Tender Fee Exemption Allowed,Name,Address,EMD Amount in ₹,EMD through BG/ST or EMD Exemption Allowed,EMD Fee Type,EMD Percentage,EMD Payable To,EMD Payable At,Publish Date,Bid Opening Date,Document Download / Sale Start Date,Document Download / Sale End Date,Clarification Start Date,Clarification End Date,Bid Submission Start Date,Bid Submission End Date,Financial Bid Opening Date,Cover No,Cover,Document Type,Description,Organisation Chain,Tender Reference Number,Tender ID,Tender Type,Form of contract,Tender Category,No. of Covers,General Technical Evaluation Allowed,ItemWise Technical Evaluation Allowed,Payment Mode,Is Multi Currency Allowed For BOQ,Is Multi Currency Allowed For Fee,Allow Two Stage Bidding,Title,Work Description,Pre Qualification Details,Independent External Monitor/Remarks,Tender Value in ₹,Product Category,Sub category,Contract Type,Bid Validity(Days),Period Of Work(Days),Location,Pincode,Pre Bid Meeting Place,Pre Bid Meeting Address,Pre Bid Meeting Date,Bid Opening Place,Should Allow NDA Tender,Allow Preferential Bidder,S.No,Corrigendum Title,Corrigendum Type,View,S.No,Instrument Type
"3,000",Assam State Road Board,Guwahati,No,"CE,PWD(BR and NEC Works), Assam,Chandmari,","O/O the CE,PWD(BR and NEC Works), Assam, Chandmari, Ghy-3","1,70,000",Yes,fixed,,"Concerned Executive Engineer,PWD(Roads),Assam",Nil,01-Jan-2018 10:00 AM,08-Jan-2018 11:00 AM,01-Jan-2018 10:00 AM,06-Jan-2018 02:00 PM,NA ,NA ,01-Jan-2018 10:00 AM,06-Jan-2018 02:00 PM,12-Feb-2018 12:45 PM,1.0,Fee/PreQual/Technical,.pdf,DOCUMENT COST,Public Works Roads Department,Nagaon/SOPD(G)/17-18/08,2017_PWD_4738_1,Open Tender,Item Rate,Works,2.0,No,No,Offline,No,No,No,Imp. of Nam Doboka to Hojai Market Rd under SOPD (G) for the year 2017-18.,Imp. of Nam Doboka to Hojai Market Rd under SOPD (G) for the year 2017-18.,Please refer Tender documents. ,NA ,"85,00,000",Civil Works – Roads,NA ,Tender,180.0,180.0,Nagaon,782120.0,"O/O the CE,PWD(BR and NEC Works), Assam,Chandmari, ","O/O the CE,PWD(BR and NEC Works), Assam, Chandmari, Ghy-3 ",02-Jan-2018 11:00 AM ,"O/O the CE,PWD(BR and NEC Works), Assam,Chandmari,",No ,No,1.0,Extension,Date,,1.0,DD - Demand Draft
,,,,,,,,,,,,,,,,,,,,,,,.pdf,BID SECURITY,,,,,,,,,,,,,,,,,,,,,,,,,,,,,,,,,,,,2.0,BC - Bankers Cheque
,,,,,,,,,,,,,,,,,,,,,,,.pdf,BIDDING DOCUMENT,,,,,,,,,,,,,,,,,,,,,,,,,,,,,,,,,,,,3.0,BG - Bank Guarantee Irrevocable
,,,,,,,,,,,,,,,,,,,,,,,.pdf,TECHNICAL QUALIFICATIONS,,,,,,,,,,,,,,,,,,,,,,,,,,,,,,,,,,,,4.0,FDR - Fixed Deposit Receipt
,,,,,,,,,,,,,,,,,,,,,2.0,Finance,.xls,BOQ,,,,,,,,,,,,,,,,,,,,,,,,,,,,,,,,,,,,,
,,,,,,,,,,,,,,,,,,,,,,,.pdf,FORM OF BID,,,,,,,,,,,,,,,,,,,,,,,,,,,,,,,,,,,,,
