﻿Organisation Chain,Tender Reference Number,Tender ID,Tender Type,Form of contract,Tender Category,No. of Covers,General Technical Evaluation Allowed,ItemWise Technical Evaluation Allowed,Payment Mode,Is Multi Currency Allowed For BOQ,Is Multi Currency Allowed For Fee,Allow Two Stage Bidding,Cover No,Cover,Document Type,Description,Title,Work Description,Pre Qualification Details,Independent External Monitor/Remarks,Tender Value in ₹,Product Category,Sub category,Contract Type,Bid Validity(Days),Period Of Work(Days),Location,Pincode,Pre Bid Meeting Place,Pre Bid Meeting Address,Pre Bid Meeting Date,Bid Opening Place,Should Allow NDA Tender,Allow Preferential Bidder,Publish Date,Bid Opening Date,Document Download / Sale Start Date,Document Download / Sale End Date,Clarification Start Date,Clarification End Date,Bid Submission Start Date,Bid Submission End Date,Financial Bid Opening Date,Tender Fee in ₹,Fee Payable To,Fee Payable At,Tender Fee Exemption Allowed,S.No,Instrument Type,EMD Amount in ₹,EMD through BG/ST or EMD Exemption Allowed,EMD Fee Type,EMD Percentage,EMD Payable To,EMD Payable At,Name,Address
Department of Water Resources||Chief Engineer - DoWR,GOALPARA/RIDF-XXIII/1,2017_DoWR_4541_1,Open Tender,Works,Works,3.0,No,No,Offline,No,No,No,1.0,Fee,.pdf,Cost of Tender and EMD,Baladmari Pk-1,AE measures to protect Baladmari and its adjoining area from the erosion of river Brahmaputra,Please refer Tender documents. ,NA ,"1,82,49,628",Civil Works,NA ,Tender,180.0,180.0,Goalpara,783101.0,NA ,NA ,NA ,O/O Chief Engineer Water Resources Department Chan,No ,No,05-Jan-2018 06:00 PM,25-Jan-2018 02:05 PM,05-Jan-2018 06:05 PM,25-Jan-2018 02:00 PM,NA ,NA ,20-Jan-2018 10:00 AM,25-Jan-2018 02:00 PM,14-Mar-2018 05:15 PM,"5,000",Executive Engineer Goalpara Water Resources Divisi,Goalpara,No,1,DD - Demand Draft,"3,64,993",Yes,percentage,2.0%,Executive Engineer Goalpara Water Resources Divisi,Goalpara,Chief Engineer,O/O Chief Engineer Water Resources Department Chandmari
,,,,,,,,,,,,,2.0,PreQual/Technical,.pdf,Technical Documents,,,,,,,,,,,,,,,,,,,,,,,,,,,,,,,,2,BC - Bankers Cheque,,,,,,,,
,,,,,,,,,,,,,3.0,Finance,.xls,BOQ,,,,,,,,,,,,,,,,,,,,,,,,,,,,,,,,3,BG - Bank Guarantee Irrevocable,,,,,,,,
,,,,,,,,,,,,,,,,,,,,,,,,,,,,,,,,,,,,,,,,,,,,,,,,4,FDR - Fixed Deposit Receipt,,,,,,,,
,,,,,,,,,,,,,,,,,,,,,,,,,,,,,,,,,,,,,,,,,,,,,,,,5,DCR - Deposit at call receipt,,,,,,,,
