﻿Name,Address,Tender Fee in ₹,Fee Payable To,Fee Payable At,Tender Fee Exemption Allowed,Organisation Chain,Tender Reference Number,Tender ID,Tender Type,Form of contract,Tender Category,No. of Covers,General Technical Evaluation Allowed,ItemWise Technical Evaluation Allowed,Payment Mode,Is Multi Currency Allowed For BOQ,Is Multi Currency Allowed For Fee,Allow Two Stage Bidding,EMD Amount in ₹,EMD through BG/ST or EMD Exemption Allowed,EMD Fee Type,EMD Percentage,EMD Payable To,EMD Payable At,S.No,Instrument Type,Publish Date,Bid Opening Date,Document Download / Sale Start Date,Document Download / Sale End Date,Clarification Start Date,Clarification End Date,Bid Submission Start Date,Bid Submission End Date,Cover No,Cover,Document Type,Description,Title,Work Description,Pre Qualification Details,Independent External Monitor/Remarks,Tender Value in ₹,Product Category,Sub category,Contract Type,Bid Validity(Days),Period Of Work(Days),Location,Pincode,Pre Bid Meeting Place,Pre Bid Meeting Address,Pre Bid Meeting Date,Bid Opening Place,Should Allow NDA Tender,Allow Preferential Bidder
"CE, PWD Roads, Assam","O/o the CE, PWD Roads, Assam, Chandmari, Guwahati, 781003","7,200",Empowered Officer ASRB,Guwahati,No,Public Works Roads Department||CE PWD(R) - PWD||Traffic Engineering Cell - PWD,CE/STBR/14/2017-18/69,2017_PWD_3776_20,Open Tender,Item Rate,Works,2.0,No,No,Offline,No,No,No,"4,79,400",Yes,fixed,,"Chief Engineer, PWD, Roads, Assam",Guwahati,1.0,DD - Demand Draft,10-Nov-2017 10:30 AM,20-Nov-2017 11:00 AM,11-Nov-2017 10:30 AM,18-Nov-2017 02:00 PM,11-Nov-2017 10:30 AM ,15-Nov-2017 04:00 PM ,11-Nov-2017 10:30 AM,18-Nov-2017 02:00 PM,1.0,Fee/PreQual/Technical,.pdf,Bid Security,BR-1000/LAC-40/040,BR-1000/LAC-40/040 Const. of RCC Br. No. 1/1 on Uttar Burikhamar to Suliakata Road under conversion of 1000 Nos. of SPT bridges to RCC bridges for the year 2017-18.,Please refer Tender documents. ,NA ,"2,39,70,000",Civil Works - Bridges,NA ,Tender,180.0,548.0,Barpeta,781301.0,NA ,NA ,NA ,"O/o the CE, PWD Roads, Assam",No ,No
,,,,,,,,,,,,,,,,,,,,,,,,,2.0,BG - Bank Guarantee Irrevocable,,,,,,,,,,,.pdf,Cost of Tender Document,,,,,,,,,,,,,,,,,,
,,,,,,,,,,,,,,,,,,,,,,,,,3.0,FDR - Fixed Deposit Receipt,,,,,,,,,,,.pdf,Technical Qualification Details,,,,,,,,,,,,,,,,,,
,,,,,,,,,,,,,,,,,,,,,,,,,,,,,,,,,,,,,.pdf,Standard Bidding Document,,,,,,,,,,,,,,,,,,
,,,,,,,,,,,,,,,,,,,,,,,,,,,,,,,,,,,2.0,Finance,.xls,Bill of Quantities,,,,,,,,,,,,,,,,,,
,,,,,,,,,,,,,,,,,,,,,,,,,,,,,,,,,,,,,.pdf,Form of Bid,,,,,,,,,,,,,,,,,,
