﻿Publish Date,Bid Opening Date,Document Download / Sale Start Date,Document Download / Sale End Date,Clarification Start Date,Clarification End Date,Bid Submission Start Date,Bid Submission End Date,Financial Bid Opening Date,Tender Fee in ₹,Fee Payable To,Fee Payable At,Tender Fee Exemption Allowed,Title,Work Description,Pre Qualification Details,Independent External Monitor/Remarks,Tender Value in ₹,Product Category,Sub category,Contract Type,Bid Validity(Days),Period Of Work(Days),Location,Pincode,Pre Bid Meeting Place,Pre Bid Meeting Address,Pre Bid Meeting Date,Bid Opening Place,Should Allow NDA Tender,Allow Preferential Bidder,S.No,Instrument Type,Organisation Chain,Tender Reference Number,Tender ID,Tender Type,Form of contract,Tender Category,No. of Covers,General Technical Evaluation Allowed,ItemWise Technical Evaluation Allowed,Payment Mode,Is Multi Currency Allowed For BOQ,Is Multi Currency Allowed For Fee,Allow Two Stage Bidding,EMD Amount in ₹,EMD through BG/ST or EMD Exemption Allowed,EMD Fee Type,EMD Percentage,EMD Payable To,EMD Payable At,Cover No,Cover,Document Type,Description,Name,Address
06-Mar-2018 06:40 PM,26-Mar-2018 02:05 PM,06-Mar-2018 06:40 PM,26-Mar-2018 02:00 PM,NA ,NA ,21-Mar-2018 10:00 AM,26-Mar-2018 02:00 PM,11-Apr-2018 12:35 PM,"1,000","The Executive Engineer, Sivasagar WR Division",Sivsagar,No,jhanji PK 6 (retender),"Raising and Strengthening of Jhanji bund Right Bank embankment from A.T. Road to Tamulichiga P.W.D. Road incliding anti-erosion measures at 4th, 5th and 6th Km.",Please refer Tender documents. ,NA ,"35,90,029",Civil Works,NA ,Tender,180.0,180.0,Sivsagar,785640.0,NA ,NA ,NA ,Guwahati,No ,No,1,DD - Demand Draft,Department of Water Resources||Chief Engineer - DoWR,SIV/RIDF-XXIII/1,2017_DoWR_4186_2,Open Tender,Works,Works,3.0,No,No,Offline,No,No,No,"71,801",Yes,percentage,2.0%,"The Executive Engineer, Sivasagar WR Division",Sivsagar,1.0,Fee,.pdf,Cost of Tender and EMD,"Chief Engineer,W.R.Deptt",O/O Chief Engineer Water Resources Department Chandmari
,,,,,,,,,,,,,,,,,,,,,,,,,,,,,,,2,BC - Bankers Cheque,,,,,,,,,,,,,,,,,,,,2.0,PreQual/Technical,.pdf,Technical Documents,,
,,,,,,,,,,,,,,,,,,,,,,,,,,,,,,,3,BG - Bank Guarantee Irrevocable,,,,,,,,,,,,,,,,,,,,3.0,Finance,.xls,BOQ,,
,,,,,,,,,,,,,,,,,,,,,,,,,,,,,,,4,FDR - Fixed Deposit Receipt,,,,,,,,,,,,,,,,,,,,,,,,,
,,,,,,,,,,,,,,,,,,,,,,,,,,,,,,,5,DCR - Deposit at call receipt,,,,,,,,,,,,,,,,,,,,,,,,,
