﻿Cover No,Cover,Document Type,Description,S.No,Category,Sub Category,Sub Category Description,Format/File,Publish Date,Bid Opening Date,Document Download / Sale Start Date,Document Download / Sale End Date,Clarification Start Date,Clarification End Date,Bid Submission Start Date,Bid Submission End Date,S.No,Corrigendum Title,Corrigendum Type,View,Tender Fee in ₹,Fee Payable To,Fee Payable At,Tender Fee Exemption Allowed,Organisation Chain,Tender Reference Number,Tender ID,Tender Type,Form of contract,Tender Category,No. of Covers,General Technical Evaluation Allowed,ItemWise Technical Evaluation Allowed,Payment Mode,Is Multi Currency Allowed For BOQ,Is Multi Currency Allowed For Fee,Allow Two Stage Bidding,Name,Address,EMD Amount in ₹,EMD through BG/ST or EMD Exemption Allowed,EMD Fee Type,EMD Percentage,EMD Payable To,EMD Payable At,S.No,Instrument Type,Title,Work Description,Pre Qualification Details,Independent External Monitor/Remarks,Tender Value in ₹,Product Category,Sub category,Contract Type,Bid Validity(Days),Period Of Work(Days),Location,Pincode,Pre Bid Meeting Place,Pre Bid Meeting Address,Pre Bid Meeting Date,Bid Opening Place,Should Allow NDA Tender,Allow Preferential Bidder
1.0,Fee/PreQual/Technical/Finance,.pdf,Bid Security and Cost of Tender Document and Affidavit for Correctness of Bid,1,Balance Sheet ,Year 5 ,Year 5 Balance Sheet ,,28-Sep-2017 10:00 AM,13-Oct-2017 11:00 AM,28-Sep-2017 10:30 AM,12-Oct-2017 02:00 PM,28-Sep-2017 10:30 AM ,28-Sep-2017 02:00 PM ,28-Sep-2017 11:00 AM,12-Oct-2017 02:00 PM,1.0,Cancellation of Tender,Cancellation of Tender,,"3,500","Empowered officer, Assam State Road Board, Assam",Additional Chief Engineer PWD ROADS TEZPUR ZONE,No,Public Works Roads Department,ARMF/SRRD/TEZ/05,2017_PWD_3335_1,Open Tender,Item Rate,Works,1.0,No,No,Offline,No,No,No,Additional Chief Engineer PWD ROADS TEZPUR ZONE,Additional Chief Engineer PWD ROADS TEZPUR ZONE,"3,50,000",Yes,fixed,,"Empowered officer, Assam State Road Board, Assam",Additional Chief Engineer PWD ROADS TEZPUR ZONE,1.0,DD - Demand Draft,ARMF/SRRD/TEZ/05,Improvement of 4th km of Bedeti Rangsali Road to Kamarpukhuri LP School via Senimari Village By Providing Interlocking Concrete Block Pavement ICBP under ARMF for the year 2016 17 under Sonitpur Rural road Division Biswanath Chariali,Please refer Tender documents. ,NA ,"1,74,99,494",Civil Works – Roads,NA ,Rate Contract,180.0,120.0,Additional Chief Engineer PWD ROADS TEZPUR ZONE,784001.0,Additional Chief Engineer PWD ROADS TEZPUR ZONE  ,O/o Additional Chief Engineer PWD ROADS TEZPUR ZONE  ,28-Sep-2017 10:30 AM ,Additional Chief Engineer PWD ROADS TEZPUR,No ,No
,,.pdf,SBD,2,Dept Certificate ,PWD ,Registration certificate with PWD ,,,,,,,,,,,,,,,,,,,,,,,,,,,,,,,,,,,,,,,2.0,BG - Bank Guarantee Irrevocable,,,,,,,,,,,,,,,,,,
,,.pdf,FOB Part I Technical,3,General Certificate ,IT ,Income Tax certificate ,,,,,,,,,,,,,,,,,,,,,,,,,,,,,,,,,,,,,,,3.0,FDR - Fixed Deposit Receipt,,,,,,,,,,,,,,,,,,
,,.pdf,FOB Part II Financial,4,General Certificate ,VAT ,VAT certificate ,,,,,,,,,,,,,,,,,,,,,,,,,,,,,,,,,,,,,,,,,,,,,,,,,,,,,,,,,,
,,.xls,BOQ,5,General Certificate ,Annual Report ,Latest Annual Report ,,,,,,,,,,,,,,,,,,,,,,,,,,,,,,,,,,,,,,,,,,,,,,,,,,,,,,,,,,
,,.pdf,DNIT,6,General Certificate ,Solvency ,Solvency Certificate ,,,,,,,,,,,,,,,,,,,,,,,,,,,,,,,,,,,,,,,,,,,,,,,,,,,,,,,,,,
,,.pdf,Extension Notice,7,General Certificate ,Workdone ,Work Done certificate ,,,,,,,,,,,,,,,,,,,,,,,,,,,,,,,,,,,,,,,,,,,,,,,,,,,,,,,,,,
,,,,8,General Certificate ,Incorporation year ,Year of Incorporation Certificate ,,,,,,,,,,,,,,,,,,,,,,,,,,,,,,,,,,,,,,,,,,,,,,,,,,,,,,,,,,
,,,,9,General Certificate ,CST ,CST Registration Certificate ,,,,,,,,,,,,,,,,,,,,,,,,,,,,,,,,,,,,,,,,,,,,,,,,,,,,,,,,,,
,,,,10,General Certificate ,JV Consortium Documents ,JV Consortium Documents ,,,,,,,,,,,,,,,,,,,,,,,,,,,,,,,,,,,,,,,,,,,,,,,,,,,,,,,,,,
,,,,11,Machineries ,Machineries Details ,Machineries Details Description ,,,,,,,,,,,,,,,,,,,,,,,,,,,,,,,,,,,,,,,,,,,,,,,,,,,,,,,,,,
,,,,12,Manpower ,Manpower Details ,Manpower Details Description ,,,,,,,,,,,,,,,,,,,,,,,,,,,,,,,,,,,,,,,,,,,,,,,,,,,,,,,,,,
,,,,13,Profit and Loss ,Year 5 ,Year 5 Profit and Loss Statement ,,,,,,,,,,,,,,,,,,,,,,,,,,,,,,,,,,,,,,,,,,,,,,,,,,,,,,,,,,
,,,,14,Technical Documents ,Brochures/Literatures ,Brochures/Literatures Details ,,,,,,,,,,,,,,,,,,,,,,,,,,,,,,,,,,,,,,,,,,,,,,,,,,,,,,,,,,
,,,,15,Technical Documents ,Misc. Documents ,Micellaneous Documents ,,,,,,,,,,,,,,,,,,,,,,,,,,,,,,,,,,,,,,,,,,,,,,,,,,,,,,,,,,
,,,,16,Works ,Order 1 ,Order 1 executed ,,,,,,,,,,,,,,,,,,,,,,,,,,,,,,,,,,,,,,,,,,,,,,,,,,,,,,,,,,
