﻿Organisation Chain,Tender Reference Number,Tender ID,Tender Type,Form of contract,Tender Category,No. of Covers,General Technical Evaluation Allowed,ItemWise Technical Evaluation Allowed,Payment Mode,Is Multi Currency Allowed For BOQ,Is Multi Currency Allowed For Fee,Allow Two Stage Bidding,Tender Fee in ₹,Fee Payable To,Fee Payable At,Tender Fee Exemption Allowed,Name,Address,Publish Date,Bid Opening Date,Document Download / Sale Start Date,Document Download / Sale End Date,Clarification Start Date,Clarification End Date,Bid Submission Start Date,Bid Submission End Date,Title,Work Description,Pre Qualification Details,Independent External Monitor/Remarks,Tender Value in ₹,Product Category,Sub category,Contract Type,Bid Validity(Days),Period Of Work(Days),Location,Pincode,Pre Bid Meeting Place,Pre Bid Meeting Address,Pre Bid Meeting Date,Bid Opening Place,Should Allow NDA Tender,Allow Preferential Bidder,S.No,Corrigendum Title,Corrigendum Type,View,Cover No,Cover,Document Type,Description,EMD Amount in ₹,EMD through BG/ST or EMD Exemption Allowed,EMD Fee Type,EMD Percentage,EMD Payable To,EMD Payable At,S.No,Instrument Type
Rashtriya Madhyamik Siksha Abhijan,RMSA/CW/NR/1718/TDR/826/17/43,2017_RMSA_3121_36,Open Tender,Works,Works,2.0,No,No,Offline,No,No,No,"3,000","Mission Director,RMSA,Assam",Guwahati,No,"Mission Director,RMSA,Assam","Office of the Mission Director, RMSA, Assam, Kahilipara, Guwahati-19",04-Sep-2017 05:10 PM,25-Sep-2017 03:00 PM,04-Sep-2017 05:15 PM,25-Sep-2017 02:00 PM,NA ,NA ,07-Sep-2017 11:00 AM,25-Sep-2017 02:00 PM,CONSTRUCTION OF CIVIL WORKS INTERVENTIONS AT DHANKHANA HIGH SCHOOL AT DHEKIAJULI BLOCK IN SONITPUR DISTRICT,CONSTRUCTION OF CIVIL WORKS INTERVENTIONS AT DHANKHANA HIGH SCHOOL AT DHEKIAJULI BLOCK IN SONITPUR DISTRICT,Please refer Tender documents. ,NA ,"43,30,400",Civil Works - Building,NA ,Tender,45.0,300.0,"Dhekiajuli, Sonitpur",784110.0,"Office of the Mission Director,RMSA,Assam,Guwahati ","Office of the Mission Director, RMSA, Assam, Kahilipara, Guwahati-19 ",06-Sep-2017 11:00 AM ,"Office of the Mission Director,RMSA,Assam,Guwahati",No ,No,1.0,Extension of date for submission of Bid,Date,,1.0,Fee/PreQual/Technical,.pdf,Tender Fee and EMD,"90,000",No,fixed,,"Mission Director,RMSA,Assam",Guwahati,1,DD - Demand Draft
,,,,,,,,,,,,,,,,,,,,,,,,,,,,,,,,,,,,,,,,,,,,,2.0,RE-TENDER FOR CONSTRUCTION OF CIVIL WORKS INTERVENTIONS AT DHANKHANA HIGH SCHOOL AT DHEKIAJULI BLOCK IN SONITPUR DISTRICT,Retender,,,,.pdf,Technical Documents,,,,,,,2,BC - Bankers Cheque
,,,,,,,,,,,,,,,,,,,,,,,,,,,,,,,,,,,,,,,,,,,,,,,,,,,.pdf,Tender Documents and commercial Terms,,,,,,,3,BG - Bank Guarantee Irrevocable
,,,,,,,,,,,,,,,,,,,,,,,,,,,,,,,,,,,,,,,,,,,,,,,,,2.0,Finance,.xls,BOQ,,,,,,,4,FDR - Fixed Deposit Receipt
