﻿Name,Address,Publish Date,Bid Opening Date,Document Download / Sale Start Date,Document Download / Sale End Date,Clarification Start Date,Clarification End Date,Bid Submission Start Date,Bid Submission End Date,S.No,Instrument Type,EMD Amount in ₹,EMD through BG/ST or EMD Exemption Allowed,EMD Fee Type,EMD Percentage,EMD Payable To,EMD Payable At,Cover No,Cover,Document Type,Description,Organisation Chain,Tender Reference Number,Tender ID,Tender Type,Form of contract,Tender Category,No. of Covers,General Technical Evaluation Allowed,ItemWise Technical Evaluation Allowed,Payment Mode,Is Multi Currency Allowed For BOQ,Is Multi Currency Allowed For Fee,Allow Two Stage Bidding,Title,Work Description,Pre Qualification Details,Independent External Monitor/Remarks,Tender Value in ₹,Product Category,Sub category,Contract Type,Bid Validity(Days),Period Of Work(Days),Location,Pincode,Pre Bid Meeting Place,Pre Bid Meeting Address,Pre Bid Meeting Date,Bid Opening Place,Should Allow NDA Tender,Allow Preferential Bidder,Tender Fee in ₹,Fee Payable To,Fee Payable At,Tender Fee Exemption Allowed
Superintending Engineer,Superintending Engineer Tezpur Circle_Irrigation Tezpur,18-Feb-2017 10:00 AM,02-Mar-2017 03:00 PM,18-Feb-2017 10:00 AM,02-Mar-2017 02:00 PM,NA ,NA ,18-Feb-2017 10:00 AM,02-Mar-2017 02:00 PM,1.0,DD - Demand Draft,"1,59,908",Yes,percentage,2.0%,"Executive Engineer, Biswanath Chariali Division",Biswanath Chariali,1.0,Fee/PreQual/Technical/Finance,.pdf,Tender Fee/EMD,Irrigation Department||Chief Engineer(Minor Irrigation)-Irrigation Dept,SETCI/E/T/D/5649 dated.14.02.2017,2017_ID_1725_1,Open Tender,Percentage,Works,1.0,No,No,Offline,No,No,No,"Renovation of Head work, Bank Protection Work, Closing Bund","Renovation of Head work, Bank Protection Work, Closing Bund",Please refer Tender documents. ,NA ,"79,95,400",Civil Works,NA ,Tender,180.0,180.0,Behali,784176.0,NA ,NA ,NA ,Superintending Engineer Tezpur Circle_Irrigation,No ,No,"1,000","Superintending Engineer, Tezpur Circle_Irrigation",Tezpur,No
,,,,,,,,,,2.0,FDR - Fixed Deposit Receipt,,,,,,,,,.pdf,Tender Document,,,,,,,,,,,,,,,,,,,,,,,,,,,,,,,,,,,
,,,,,,,,,,3.0,DCR - Deposit at call receipt,,,,,,,,,.pdf,Bidders Qualification Criteria,,,,,,,,,,,,,,,,,,,,,,,,,,,,,,,,,,,
,,,,,,,,,,,,,,,,,,,,.xls,Price Bid,,,,,,,,,,,,,,,,,,,,,,,,,,,,,,,,,,,
