﻿S.No,Instrument Type,Publish Date,Bid Opening Date,Document Download / Sale Start Date,Document Download / Sale End Date,Clarification Start Date,Clarification End Date,Bid Submission Start Date,Bid Submission End Date,Organisation Chain,Tender Reference Number,Tender ID,Tender Type,Form of contract,Tender Category,No. of Covers,General Technical Evaluation Allowed,ItemWise Technical Evaluation Allowed,Payment Mode,Is Multi Currency Allowed For BOQ,Is Multi Currency Allowed For Fee,Allow Two Stage Bidding,Name,Address,EMD Amount in ₹,EMD through BG/ST or EMD Exemption Allowed,EMD Fee Type,EMD Percentage,EMD Payable To,EMD Payable At,S.No,Corrigendum Title,Corrigendum Type,View,Cover No,Cover,Document Type,Description,Title,Work Description,Pre Qualification Details,Independent External Monitor/Remarks,Tender Value in ₹,Product Category,Sub category,Contract Type,Bid Validity(Days),Period Of Work(Days),Location,Pincode,Pre Bid Meeting Place,Pre Bid Meeting Address,Pre Bid Meeting Date,Bid Opening Place,Should Allow NDA Tender,Allow Preferential Bidder,Tender Fee in ₹,Fee Payable To,Fee Payable At,Tender Fee Exemption Allowed
1.0,DD - Demand Draft,27-Jan-2017 04:40 PM,14-Feb-2017 01:00 PM,28-Jan-2017 10:00 AM,13-Feb-2017 03:00 PM,NA ,NA ,03-Feb-2017 01:30 PM,13-Feb-2017 03:00 PM,Department of Handloom Textile and Sericulture||Directorate of Handloom and Textiles-DHTS,No. DHTCM(C)/ET/2017/1 Dated Guwahati 21st Jan,2017_DHTS_1646_4,Open Tender,Item Rate,Works,2.0,No,No,Offline,No,No,No,"Director, Handloom And Textile","Directorate of Handloom And Textiles, Assam, Ambari, Gwahati-1","80,000",Yes,percentage,2.0%,"Director, Handloom and Textile, Assam",Guwahati,1.0,Retender,Retender,,1.0,Fee/PreQual/Technical,.pdf,Tender Cost and EMD,Construction of HTC Building at Chamata in Nalbari District for 2016-17,Construction of HTC Building at Chamata in Nalbari District for 2016-17,Please refer Bidding Document ,NA ,"40,00,000",Construction Works,NA ,Tender,180.0,150.0,Nalbari,781306.0,Directorate of Handloom And Textile ,"Directorate of Handloom And Textiles, Assam, Ambari, Gwahati-1 ",02-Feb-2017 11:00 AM ,"Directorate of Handloom And Textiles, Ambari, Ghy",No ,No,500.0,"Director, Handloom and Textile, Assam",Guwahati,No
2.0,BC - Bankers Cheque,,,,,,,,,,,,,,,,,,,,,,,,,,,,,,,,,,,,.pdf,Pre Qualification Documents/Technical Documents,,,,,,,,,,,,,,,,,,,,,,
3.0,BG - Bank Guarantee Irrevocable,,,,,,,,,,,,,,,,,,,,,,,,,,,,,,,,,,,,.pdf,Bidding Document,,,,,,,,,,,,,,,,,,,,,,
,,,,,,,,,,,,,,,,,,,,,,,,,,,,,,,,,,,2.0,Finance,.xls,BOQ/ Price Bid,,,,,,,,,,,,,,,,,,,,,,
