﻿S.No,Corrigendum Title,Corrigendum Type,View,Organisation Chain,Tender Reference Number,Tender ID,Tender Type,Form of contract,Tender Category,No. of Covers,General Technical Evaluation Allowed,ItemWise Technical Evaluation Allowed,Payment Mode,Is Multi Currency Allowed For BOQ,Is Multi Currency Allowed For Fee,Allow Two Stage Bidding,S.No,Instrument Type,Name,Address,Title,Work Description,Pre Qualification Details,Independent External Monitor/Remarks,Tender Value in ₹,Product Category,Sub category,Contract Type,Bid Validity(Days),Period Of Work(Days),Location,Pincode,Pre Bid Meeting Place,Pre Bid Meeting Address,Pre Bid Meeting Date,Bid Opening Place,Should Allow NDA Tender,Allow Preferential Bidder,Publish Date,Bid Opening Date,Document Download / Sale Start Date,Document Download / Sale End Date,Clarification Start Date,Clarification End Date,Bid Submission Start Date,Bid Submission End Date,Financial Bid Opening Date,Tender Fee in ₹,Fee Payable To,Fee Payable At,Tender Fee Exemption Allowed,Cover No,Cover,Document Type,Description,EMD Amount in ₹,EMD through BG/ST or EMD Exemption Allowed,EMD Fee Type,EMD Percentage,EMD Payable To,EMD Payable At
1.0,Extension Notice,Date,,National Health Mission||State Programme Management Unit - NHM||Civil Works-SPMU - NHM,Construction of Geriatric unit at Tinsukia,2017_NHM_3827_1,Open Tender,Turn-key,Works,2.0,No,No,Offline,No,No,No,1.0,DD - Demand Draft,Mission Director NHM Assam,Saikia Commercial Complex Christianbasti Guwahati5,Construction of 10 Bedded Geriatric Unit at Tinsukia Civil Hospital in Tinsukia District,Construction of 10 Bedded Geriatric Unit at Tinsukia Civil Hospital in Tinsukia District,Please refer Tender documents. ,NA ,"35,00,000",Civil Works - Building,NA ,Tender,225.0,180.0,Tinsukia Civil Hospital,786125.0,NA ,NA ,NA ,Office of the Mission Director NHM Assam,No ,No,09-Nov-2017 12:00 PM,04-Dec-2017 03:30 PM,09-Nov-2017 12:00 PM,30-Nov-2017 02:00 PM,NA ,NA ,09-Nov-2017 12:00 PM,30-Nov-2017 02:00 PM,15-Mar-2018 09:00 AM,"5,000",State Health Society Assam,Guwahati,No,1.0,Fee/PreQual/Technical,.pdf,Bid Document,"1,75,000",No,percentage,5.0%,State Health Society Assam,Guwahati
,,,,,,,,,,,,,,,,,2.0,BC - Bankers Cheque,,,,,,,,,,,,,,,,,,,,,,,,,,,,,,,,,,,,.pdf,Technical Qualification,,,,,,
,,,,,,,,,,,,,,,,,3.0,FDR - Fixed Deposit Receipt,,,,,,,,,,,,,,,,,,,,,,,,,,,,,,,,,,,,.pdf,Cost of Tender,,,,,,
,,,,,,,,,,,,,,,,,4.0,DCR - Deposit at call receipt,,,,,,,,,,,,,,,,,,,,,,,,,,,,,,,,,,,,.pdf,Cost of Bid Security,,,,,,
,,,,,,,,,,,,,,,,,,,,,,,,,,,,,,,,,,,,,,,,,,,,,,,,,,,,2.0,Finance,.xls,Price Bid,,,,,,
,,,,,,,,,,,,,,,,,,,,,,,,,,,,,,,,,,,,,,,,,,,,,,,,,,,,,,.pdf,Form of Bid,,,,,,
