﻿Cover No,Cover,Document Type,Description,Name,Address,Publish Date,Bid Opening Date,Document Download / Sale Start Date,Document Download / Sale End Date,Clarification Start Date,Clarification End Date,Bid Submission Start Date,Bid Submission End Date,Financial Bid Opening Date,Title,Work Description,Pre Qualification Details,Independent External Monitor/Remarks,Tender Value in ₹,Product Category,Sub category,Contract Type,Bid Validity(Days),Period Of Work(Days),Location,Pincode,Pre Bid Meeting Place,Pre Bid Meeting Address,Pre Bid Meeting Date,Bid Opening Place,Should Allow NDA Tender,Allow Preferential Bidder,S.No,Instrument Type,Tender Fee in ₹,Fee Payable To,Fee Payable At,Tender Fee Exemption Allowed,Organisation Chain,Tender Reference Number,Tender ID,Tender Type,Form of contract,Tender Category,No. of Covers,General Technical Evaluation Allowed,ItemWise Technical Evaluation Allowed,Payment Mode,Is Multi Currency Allowed For BOQ,Is Multi Currency Allowed For Fee,Allow Two Stage Bidding,EMD Amount in ₹,EMD through BG/ST or EMD Exemption Allowed,EMD Fee Type,EMD Percentage,EMD Payable To,EMD Payable At
1.0,Fee/PreQual/Technical,.pdf,EMD,"Addl. CE cum Director, PWD, BTC, Kokrajhar","O/o the Addl. CE cum Director, PWD, BTC, Kokrajhar",09-Feb-2017 10:30 AM,20-Feb-2017 02:00 PM,09-Feb-2017 10:30 AM,18-Feb-2017 04:30 PM,09-Feb-2017 10:30 AM ,18-Feb-2017 04:00 PM ,09-Feb-2017 10:30 AM,18-Feb-2017 04:30 PM,07-Mar-2017 01:20 PM,TN_125_2,TN_125_2 Construction of road from Ghorabanda to Taktara village under B.T.C. area for 2011-12.,Please refer Tender documents. ,NA ,"41,34,471",Civil Works,NA ,Tender,180.0,270.0,Kokrajhar,783370.0,NA ,NA ,NA ,"O/o the Addl. CE cum Director, PWD, BTC, Kokrajhar",No ,No,1.0,DD - Demand Draft,"1,300",Principal Secretary BTC Kokrajhar,SBI Kokrajhar,No,Bodoland Territorial Council-PWD||Director Cum CHD - PWD BTC,ACE26/TECH/CHN/IFB/16-17/191,2017_BTC_1710_2,Open Tender,Item Rate,Works,2.0,No,No,Offline,No,No,No,"82,800",Yes,fixed,,EE PWD Chirang R and B Division,Kajalgaon
,,.pdf,Cost of Tender Document,,,,,,,,,,,,,,,,,,,,,,,,,,,,,,2.0,BC - Bankers Cheque,,,,,,,,,,,,,,,,,,,,,,,
,,.pdf,SBD,,,,,,,,,,,,,,,,,,,,,,,,,,,,,,3.0,BG - Bank Guarantee Irrevocable,,,,,,,,,,,,,,,,,,,,,,,
,,.pdf,Technical Qualification Details,,,,,,,,,,,,,,,,,,,,,,,,,,,,,,4.0,FDR - Fixed Deposit Receipt,,,,,,,,,,,,,,,,,,,,,,,
2.0,Finance,.xls,BOQ,,,,,,,,,,,,,,,,,,,,,,,,,,,,,,,,,,,,,,,,,,,,,,,,,,,,,,
,,.pdf,FOB,,,,,,,,,,,,,,,,,,,,,,,,,,,,,,,,,,,,,,,,,,,,,,,,,,,,,,
