﻿Tender Fee in ₹,Fee Payable To,Fee Payable At,Tender Fee Exemption Allowed,Organisation Chain,Tender Reference Number,Tender ID,Tender Type,Form of contract,Tender Category,No. of Covers,General Technical Evaluation Allowed,ItemWise Technical Evaluation Allowed,Payment Mode,Is Multi Currency Allowed For BOQ,Is Multi Currency Allowed For Fee,Allow Two Stage Bidding,Name,Address,Publish Date,Bid Opening Date,Document Download / Sale Start Date,Document Download / Sale End Date,Clarification Start Date,Clarification End Date,Bid Submission Start Date,Bid Submission End Date,Financial Bid Opening Date,S.No,Instrument Type,S.No,Corrigendum Title,Corrigendum Type,View,Cover No,Cover,Document Type,Description,EMD Amount in ₹,EMD through BG/ST or EMD Exemption Allowed,EMD Fee Type,EMD Percentage,EMD Payable To,EMD Payable At,Title,Work Description,Pre Qualification Details,Independent External Monitor/Remarks,Tender Value in ₹,Product Category,Sub category,Contract Type,Bid Validity(Days),Period Of Work(Days),Location,Pincode,Pre Bid Meeting Place,Pre Bid Meeting Address,Pre Bid Meeting Date,Bid Opening Place,Should Allow NDA Tender,Allow Preferential Bidder
"1,700","Principal Secretary, BTC, Kokrajhar","SBI, Kokrajhar",No,Bodoland Territorial Council-PWD||Director Cum CHD - PWD BTC,ACE-66/E-Tenders/BTC/16-17/74,2017_BTC_1659_18,Open Tender,Item Rate,Works,2.0,No,No,Offline,No,No,No,"Addl. CE Cum Director, PWD, BTC, Kokrajhar","O/o Addl. CE Cum Director, PWD, BTC, Kokrajhar",02-Feb-2017 10:30 AM,22-Feb-2017 02:15 PM,03-Feb-2017 10:30 AM,22-Feb-2017 02:00 PM,03-Feb-2017 10:30 AM ,15-Feb-2017 04:00 PM ,03-Feb-2017 10:30 AM,22-Feb-2017 02:00 PM,24-Feb-2017 06:00 PM,1.0,DD - Demand Draft,1.0,Bid Submission Date Extension for the Package No. BTC/AOP/2016-17/75,Date,,1.0,Fee/PreQual/Technical,.pdf,EMD,"1,08,734",Yes,fixed,,"EE, PWD, Kokrajhar Rural Road Division",Kokrajhar,BTC/AOP/2016-17/75,"BTC/AOP/2016-17/75 Impt. of road from Dhauliguri to Banglabari Tinali by providing Interlocking Concrete Block Pavement (ICBP) under BTC for the year 2016-17. (Part-B, Dhauliguri Ranjringpara to Jamuguri Chauhanbasti Road).",Please refer Tender documents. ,NA ,"54,36,720",Civil Works,NA ,Tender,180.0,365.0,Kokrajhar,783370.0,NA ,NA ,NA ,"O/o Addl. CE Cum Director, PWD, BTC, Kokrajhar",No ,No
,,,,,,,,,,,,,,,,,,,,,,,,,,,,2.0,BC - Bankers Cheque,,,,,,,.pdf,Cost of Tender Document,,,,,,,,,,,,,,,,,,,,,,,,
,,,,,,,,,,,,,,,,,,,,,,,,,,,,3.0,BG - Bank Guarantee Irrevocable,,,,,,,.pdf,SBD,,,,,,,,,,,,,,,,,,,,,,,,
,,,,,,,,,,,,,,,,,,,,,,,,,,,,4.0,FDR - Fixed Deposit Receipt,,,,,,,.pdf,Technical Qualification Details,,,,,,,,,,,,,,,,,,,,,,,,
,,,,,,,,,,,,,,,,,,,,,,,,,,,,,,,,,,2.0,Finance,.xls,BOQ,,,,,,,,,,,,,,,,,,,,,,,,
,,,,,,,,,,,,,,,,,,,,,,,,,,,,,,,,,,,,.pdf,FOB,,,,,,,,,,,,,,,,,,,,,,,,
