﻿EMD Amount in ₹,EMD through BG/ST or EMD Exemption Allowed,EMD Fee Type,EMD Percentage,EMD Payable To,EMD Payable At,Cover No,Cover,Document Type,Description,S.No,Instrument Type,Title,Work Description,Pre Qualification Details,Independent External Monitor/Remarks,Tender Value in ₹,Product Category,Sub category,Contract Type,Bid Validity(Days),Period Of Work(Days),Location,Pincode,Pre Bid Meeting Place,Pre Bid Meeting Address,Pre Bid Meeting Date,Bid Opening Place,Should Allow NDA Tender,Allow Preferential Bidder,Name,Address,Tender Fee in ₹,Fee Payable To,Fee Payable At,Tender Fee Exemption Allowed,S.No,Corrigendum Title,Corrigendum Type,View,Organisation Chain,Tender Reference Number,Tender ID,Tender Type,Form of contract,Tender Category,No. of Covers,General Technical Evaluation Allowed,ItemWise Technical Evaluation Allowed,Payment Mode,Is Multi Currency Allowed For BOQ,Is Multi Currency Allowed For Fee,Allow Two Stage Bidding,Publish Date,Bid Opening Date,Document Download / Sale Start Date,Document Download / Sale End Date,Clarification Start Date,Clarification End Date,Bid Submission Start Date,Bid Submission End Date
"4,34,572",Yes,percentage,2.0%,CD,Ghty,1.0,Fee/PreQual/Technical,.pdf,Bidding doccument,1.0,DD - Demand Draft,Renovation and upgradation of warehousing facilities under the scheme of NABARDS RIDF in existing Tinsukia warehouse complex at tinisukia,Renovation and upgradation of warehousing facilities under the scheme of NABARDS RIDF in existing Tinsukia warehouse complex at tinisukia,Please refer Tender documents. ,NA ,"2,17,28,596",Civil Works,NA ,Tender,180.0,540.0,Tinsukia,786192.0,"O/o the Managing Director,ASWC,Christianbasti ","O/o the Managing Director,ASWC, Christianbasti- Guwahati -5 ",20-Sep-2017 11:30 AM ,"O/o the Managing Director,ASWC,Christianbasti",No ,No,"Managing Director, ASWC, Christianba","O/o the Managing Director,ASWC, Christianbasti, Guwahati 5","7,000",Assam State ware houshing corporation,Ghty,No,1.0,Cancellation Notice,Cancellation of Tender,,Cooperation Department||Assam State Warehousing Corporation,AWC.Engg.459/2016/NABARD/ RIDF-XXI/182,2017_CD_3217_1,Open Tender,Item Rate,Works,2.0,No,No,Offline,No,No,No,12-Sep-2017 02:00 PM,05-Oct-2017 11:00 AM,12-Sep-2017 02:00 PM,04-Oct-2017 02:00 PM,NA ,NA ,12-Sep-2017 02:00 PM,04-Oct-2017 02:00 PM
,,,,,,,,.pdf,Technical qualification,2.0,BC - Bankers Cheque,,,,,,,,,,,,,,,,,,,,,,,,,,,,,,,,,,,,,,,,,,,,,,,,,
,,,,,,,,.pdf,EMD,3.0,BG - Bank Guarantee Irrevocable,,,,,,,,,,,,,,,,,,,,,,,,,,,,,,,,,,,,,,,,,,,,,,,,,
,,,,,,,,.pdf,COST OF BID,4.0,FDR - Fixed Deposit Receipt,,,,,,,,,,,,,,,,,,,,,,,,,,,,,,,,,,,,,,,,,,,,,,,,,
,,,,,,2.0,Finance,.xls,BOQ,,,,,,,,,,,,,,,,,,,,,,,,,,,,,,,,,,,,,,,,,,,,,,,,,,,
