﻿Name,Address,S.No,Instrument Type,Title,Work Description,Pre Qualification Details,Independent External Monitor/Remarks,Tender Value in ₹,Product Category,Sub category,Contract Type,Bid Validity(Days),Period Of Work(Days),Location,Pincode,Pre Bid Meeting Place,Pre Bid Meeting Address,Pre Bid Meeting Date,Bid Opening Place,Should Allow NDA Tender,Allow Preferential Bidder,Publish Date,Bid Opening Date,Document Download / Sale Start Date,Document Download / Sale End Date,Clarification Start Date,Clarification End Date,Bid Submission Start Date,Bid Submission End Date,Financial Bid Opening Date,Cover No,Cover,Document Type,Description,Tender Fee in ₹,Fee Payable To,Fee Payable At,Tender Fee Exemption Allowed,Organisation Chain,Tender Reference Number,Tender ID,Tender Type,Form of contract,Tender Category,No. of Covers,General Technical Evaluation Allowed,ItemWise Technical Evaluation Allowed,Payment Mode,Is Multi Currency Allowed For BOQ,Is Multi Currency Allowed For Fee,Allow Two Stage Bidding,EMD Amount in ₹,EMD through BG/ST or EMD Exemption Allowed,EMD Fee Type,EMD Percentage,EMD Payable To,EMD Payable At
"Addl. CE cum Director, PWD, BTC, Kokrajhar","O/o the Addl. CE cum Director, PWD, BTC, Kokrajhar",1.0,DD - Demand Draft,TN_159_16,TN_159_16 Construction of Facilities like Eateries at Symmeteries at Debargaon under S.C.A. to T.S.P.,Please refer Tender documents. ,NA ,"93,60,735",Civil Works,NA ,Tender,180.0,365.0,Kokrajhar,788730.0,NA ,NA ,NA ,"O/o the Addl. CE cum Director, PWD, BTC, Kokrajhar",No ,No,20-Apr-2017 10:30 AM,03-May-2017 02:00 PM,20-Apr-2017 10:30 AM,02-May-2017 04:30 PM,20-Apr-2017 10:30 AM ,02-May-2017 04:00 PM ,20-Apr-2017 10:30 AM,02-May-2017 04:30 PM,18-May-2017 01:30 PM,1.0,Fee/PreQual/Technical,.pdf,EMD,"2,900","Principal Secretary, BTC, Kokrajhar","SBI, Kokrajhar",No,Bodoland Territorial Council-PWD||Director Cum CHD - PWD BTC,ACE-27/TECH/KOJ/IFB/2016-17/64,2017_BTC_2140_16,Open Tender,Item Rate,Works,2.0,No,No,Offline,No,No,No,"1,87,215",Yes,fixed,,"EE, PWD, Kokrajhar Building Division",Kokrajhar
,,2.0,BC - Bankers Cheque,,,,,,,,,,,,,,,,,,,,,,,,,,,,,,.pdf,Cost of Bid Document,,,,,,,,,,,,,,,,,,,,,,,
,,3.0,BG - Bank Guarantee Irrevocable,,,,,,,,,,,,,,,,,,,,,,,,,,,,,,.pdf,SBD,,,,,,,,,,,,,,,,,,,,,,,
,,4.0,FDR - Fixed Deposit Receipt,,,,,,,,,,,,,,,,,,,,,,,,,,,,,,.pdf,Technical Qualification Details,,,,,,,,,,,,,,,,,,,,,,,
,,,,,,,,,,,,,,,,,,,,,,,,,,,,,,,2.0,Finance,.xls,BOQ,,,,,,,,,,,,,,,,,,,,,,,
,,,,,,,,,,,,,,,,,,,,,,,,,,,,,,,,,.pdf,FOB,,,,,,,,,,,,,,,,,,,,,,,
