﻿Tender Fee in ₹,Fee Payable To,Fee Payable At,Tender Fee Exemption Allowed,Title,Work Description,Pre Qualification Details,Independent External Monitor/Remarks,Tender Value in ₹,Product Category,Sub category,Contract Type,Bid Validity(Days),Period Of Work(Days),Location,Pincode,Pre Bid Meeting Place,Pre Bid Meeting Address,Pre Bid Meeting Date,Bid Opening Place,Should Allow NDA Tender,Allow Preferential Bidder,Organisation Chain,Tender Reference Number,Tender ID,Tender Type,Form of contract,Tender Category,No. of Covers,General Technical Evaluation Allowed,ItemWise Technical Evaluation Allowed,Payment Mode,Is Multi Currency Allowed For BOQ,Is Multi Currency Allowed For Fee,Allow Two Stage Bidding,EMD Amount in ₹,EMD through BG/ST or EMD Exemption Allowed,EMD Fee Type,EMD Percentage,EMD Payable To,EMD Payable At,Publish Date,Bid Opening Date,Document Download / Sale Start Date,Document Download / Sale End Date,Clarification Start Date,Clarification End Date,Bid Submission Start Date,Bid Submission End Date,Financial Bid Opening Date,Name,Address,Cover No,Cover,Document Type,Description,S.No,Instrument Type
"4,400","Empowered Officer, ASRB, Assam",Guwahati,No,DRRD/SOPD/2018-19/Duliajan-LAC,"Improvement of B D T Road (Ch.0.0 km to Ch.4.0 km) (Non-PMGSY) under SOPD for the year 2018-19 under PWD, Dibrugarh Rural Road Division",Please refer Tender Document ,NA ,"1,54,36,000",Civil Works,NA ,Tender,180.0,270.0,Dibrugarh,786001.0,NA ,NA ,NA ,o/o the S.E. P.W.D. Dibrugarh Road Circle,No ,No,Public Works Roads Department,DRC-XIII/16/98/NIT/DIB/ 178,2018_PWD_9361_38,Open Tender,Item Rate,Works,2.0,No,No,Offline,No,No,No,"3,08,800",Yes,fixed,,E E PWD Dibrugarh Rural Road Division,Dibrugarh,08-Nov-2018 04:00 PM,22-Nov-2018 11:00 AM,08-Nov-2018 04:00 PM,21-Nov-2018 04:00 PM,NA ,NA ,08-Nov-2018 04:00 PM,21-Nov-2018 04:00 PM,14-Dec-2018 10:30 AM,S.E. P.W.D. Dibrugarh Road Circle,S.E. P.W.D. Dibrugarh Road Circle,1.0,Fee/PreQual/Technical,.pdf,Bid Security,1.0,DD - Demand Draft
,,,,,,,,,,,,,,,,,,,,,,,,,,,,,,,,,,,,,,,,,,,,,,,,,,,,,,.pdf,Cost of Tender Document,2.0,BC - Bankers Cheque
,,,,,,,,,,,,,,,,,,,,,,,,,,,,,,,,,,,,,,,,,,,,,,,,,,,,,,.pdf,Technical Qualification Details,3.0,BG - Bank Guarantee Irrevocable
,,,,,,,,,,,,,,,,,,,,,,,,,,,,,,,,,,,,,,,,,,,,,,,,,,,,,,.pdf,SBD,4.0,FDR - Fixed Deposit Receipt
,,,,,,,,,,,,,,,,,,,,,,,,,,,,,,,,,,,,,,,,,,,,,,,,,,,,2.0,Finance,.xls,BOQ,,
,,,,,,,,,,,,,,,,,,,,,,,,,,,,,,,,,,,,,,,,,,,,,,,,,,,,,,.pdf,Form of Bid,,
