﻿Organisation Chain,Tender Reference Number,Tender ID,Tender Type,Form of contract,Tender Category,No. of Covers,General Technical Evaluation Allowed,ItemWise Technical Evaluation Allowed,Payment Mode,Is Multi Currency Allowed For BOQ,Is Multi Currency Allowed For Fee,Allow Two Stage Bidding,Publish Date,Bid Opening Date,Document Download / Sale Start Date,Document Download / Sale End Date,Clarification Start Date,Clarification End Date,Bid Submission Start Date,Bid Submission End Date,Financial Bid Opening Date,S.No,Instrument Type,Tender Fee in ₹,Fee Payable To,Fee Payable At,Tender Fee Exemption Allowed,Name,Address,Cover No,Cover,Document Type,Description,EMD Amount in ₹,EMD through BG/ST or EMD Exemption Allowed,EMD Fee Type,EMD Percentage,EMD Payable To,EMD Payable At,Title,Work Description,Pre Qualification Details,Independent External Monitor/Remarks,Tender Value in ₹,Product Category,Sub category,Contract Type,Bid Validity(Days),Period Of Work(Days),Location,Pincode,Pre Bid Meeting Place,Pre Bid Meeting Address,Pre Bid Meeting Date,Bid Opening Place,Should Allow NDA Tender,Allow Preferential Bidder
Public Works Roads Department,TRCTB/SOPDG/12/2018-19/2037-40,2018_PWD_10603_1,Open Tender,Works,Works,2.0,No,No,Offline,No,No,No,24-Dec-2018 10:00 AM,11-Jan-2019 11:30 AM,26-Dec-2018 11:00 AM,09-Jan-2019 02:00 PM,24-Dec-2018 11:00 AM ,24-Dec-2018 02:00 PM ,27-Dec-2018 11:00 AM,09-Jan-2019 02:00 PM,25-Jan-2019 10:45 AM,1.0,DD - Demand Draft,"4,500","Empowered Officer, ASRB, Guwahati","Superintending Engineer P.W.D., Tezpur Road Circle",No,"Superintending Engineer P.W.D., Tezpur Road Circle","Office of the Superintending Engineer P.W.D., Tezpur Road Circle, Tezpur",1.0,Fee/PreQual/Technical,.pdf,Bid Security and Cost of Tender Document and Affidavit for Correctness of Bid,"3,24,000",Yes,fixed,,"EE, PWD, SSRD/SRRD","Superintending Engineer P.W.D., Tezpur Road Circle",Package No. TRC/SOPD(TG)/GOH/01,Const of Road from NH15 275 KM to Dighali Bari by Interlocking Concrete Block pavement under SOPD for 2018 19,Please refer Tender documents. ,NA ,"1,61,69,262",Civil Works - Water Works,NA ,Tender,180.0,120.0,Gohpur,784168.0,NA ,NA ,NA ,"Superintending Engineer P.W.D., Tezpur Road Circle",No ,No
,,,,,,,,,,,,,,,,,,,,,,2.0,BG - Bank Guarantee Irrevocable,,,,,,,,,.pdf,FOB Technical Qualification Details,,,,,,,,,,,,,,,,,,,,,,,,
,,,,,,,,,,,,,,,,,,,,,,3.0,FDR - Fixed Deposit Receipt,,,,,,,,,.pdf,SBD,,,,,,,,,,,,,,,,,,,,,,,,
,,,,,,,,,,,,,,,,,,,,,,,,,,,,,,2.0,Finance,.xls,BOQ,,,,,,,,,,,,,,,,,,,,,,,,
,,,,,,,,,,,,,,,,,,,,,,,,,,,,,,,,.pdf,FOB Financial,,,,,,,,,,,,,,,,,,,,,,,,
