﻿Publish Date,Bid Opening Date,Document Download / Sale Start Date,Document Download / Sale End Date,Clarification Start Date,Clarification End Date,Bid Submission Start Date,Bid Submission End Date,Financial Bid Opening Date,Title,Work Description,Pre Qualification Details,Independent External Monitor/Remarks,Tender Value in ₹,Product Category,Sub category,Contract Type,Bid Validity(Days),Period Of Work(Days),Location,Pincode,Pre Bid Meeting Place,Pre Bid Meeting Address,Pre Bid Meeting Date,Bid Opening Place,Should Allow NDA Tender,Allow Preferential Bidder,Name,Address,Cover No,Cover,Document Type,Description,S.No,Instrument Type,Tender Fee in ₹,Fee Payable To,Fee Payable At,Tender Fee Exemption Allowed,EMD Amount in ₹,EMD through BG/ST or EMD Exemption Allowed,EMD Fee Type,EMD Percentage,EMD Payable To,EMD Payable At,Organisation Chain,Tender Reference Number,Tender ID,Tender Type,Form of contract,Tender Category,No. of Covers,General Technical Evaluation Allowed,ItemWise Technical Evaluation Allowed,Payment Mode,Is Multi Currency Allowed For BOQ,Is Multi Currency Allowed For Fee,Allow Two Stage Bidding
30-Oct-2018 10:00 AM,08-Nov-2018 01:00 PM,30-Oct-2018 10:00 AM,07-Nov-2018 04:00 PM,NA ,NA ,30-Oct-2018 10:00 AM,07-Nov-2018 04:00 PM,28-Dec-2018 10:00 AM,SOPD(ODS)/GSRD/01,NH-37 to Borchapori,Please refer Tender documents. ,NA ,"88,46,500",Civil Works – Roads,NA ,Tender,90.0,180.0,Bokakhat,785612.0,NA ,NA ,NA ,O/O the SE PWD JRC,No ,No,SE PWD JRC,O/O the SE PWD JRC,1.0,Fee/PreQual/Technical,.pdf,Cost of Bid Document,1.0,DD - Demand Draft,"1,800",Empowered Officer ASRB,Guwahati,No,"1,76,900",Yes,fixed,,EE PWD Golaghat State Road Division,Bokakhat,Public Works Roads Department,XXVIII/691/SOPD(ODS)/1637,2018_PWD_9153_1,Open Tender,Item Rate,Works,2.0,No,No,Offline,No,No,No
,,,,,,,,,,,,,,,,,,,,,,,,,,,,,,,.pdf,Bid Security,2.0,BC - Bankers Cheque,,,,,,,,,,,,,,,,,,,,,,,
,,,,,,,,,,,,,,,,,,,,,,,,,,,,,,,.pdf,SBD,3.0,BG - Bank Guarantee Irrevocable,,,,,,,,,,,,,,,,,,,,,,,
,,,,,,,,,,,,,,,,,,,,,,,,,,,,,,,.pdf,Technical Qualification Document,4.0,FDR - Fixed Deposit Receipt,,,,,,,,,,,,,,,,,,,,,,,
,,,,,,,,,,,,,,,,,,,,,,,,,,,,,2.0,Finance,.xls,BOQ,5.0,DCR - Deposit at call receipt,,,,,,,,,,,,,,,,,,,,,,,
,,,,,,,,,,,,,,,,,,,,,,,,,,,,,,,.pdf,FOB,,,,,,,,,,,,,,,,,,,,,,,,,
