﻿Organisation Chain,Tender Reference Number,Tender ID,Tender Type,Form of contract,Tender Category,No. of Covers,General Technical Evaluation Allowed,ItemWise Technical Evaluation Allowed,Payment Mode,Is Multi Currency Allowed For BOQ,Is Multi Currency Allowed For Fee,Allow Two Stage Bidding,Tender Fee in ₹,Fee Payable To,Fee Payable At,Tender Fee Exemption Allowed,Title,Work Description,Pre Qualification Details,Independent External Monitor/Remarks,Tender Value in ₹,Product Category,Sub category,Contract Type,Bid Validity(Days),Period Of Work(Days),Location,Pincode,Pre Bid Meeting Place,Pre Bid Meeting Address,Pre Bid Meeting Date,Bid Opening Place,Should Allow NDA Tender,Allow Preferential Bidder,Publish Date,Bid Opening Date,Document Download / Sale Start Date,Document Download / Sale End Date,Clarification Start Date,Clarification End Date,Bid Submission Start Date,Bid Submission End Date,Financial Bid Opening Date,Name,Address,EMD Amount in ₹,EMD through BG/ST or EMD Exemption Allowed,EMD Fee Type,EMD Percentage,EMD Payable To,EMD Payable At,Cover No,Cover,Document Type,Description,S.No,Instrument Type
Public Works Building and NH Department||Chief Engineer-Building - PWBNH,BPM.19/2017/6_Silchar_GNM Training Institute,2018_PWBNH_6349_1,Open Tender,Item Rate,Works,2.0,No,No,Offline,No,No,No,"1,500",Assam State Road Board Maintenance (Road) Fund,Guwahati,No,"Upgradation and Strengthening of existing GNM Training Institute at Silchar Medical College and Hospital, Silchar","Upgradation and Strengthening of existing GNM Training Institute at Silchar Medical College and Hospital, Silchar",Please refer Tender documents. ,NA ,"54,93,100",Civil Works - Building,NA ,Tender,180.0,NA ,Silchar,788001.0,"O/O The CE, P.W.D. (Bldg), Assam, Chandmari, Ghy-3 ","O/O The CE, P.W.D. (Bldg), Assam, Chandmari, Ghy-3 ",21-Mar-2018 11:30 AM ,"O/O The CE, P.W.D. (Bldg), Assam, Chandmari, Ghy-3",No ,No,16-Mar-2018 06:00 PM,29-Mar-2018 11:00 AM,19-Mar-2018 02:00 PM,28-Mar-2018 02:00 PM,NA ,NA ,19-Mar-2018 02:00 PM,28-Mar-2018 02:00 PM,19-Jun-2018 03:00 PM,"Addl CE PWD (Bldg), PCC Project Complex","O/O The CE, P.W.D. (Bldg), Assam, Chandmari, Ghy-3","1,09,900",Yes,fixed,,"EE, PWD, Silchar Building Division, Silchar",Silchar,1.0,Fee/PreQual/Technical,.pdf,DOCUMENT COST,1.0,DD - Demand Draft
,,,,,,,,,,,,,,,,,,,,,,,,,,,,,,,,,,,,,,,,,,,,,,,,,,,,,,.pdf,BID SECURITY,2.0,BC - Bankers Cheque
,,,,,,,,,,,,,,,,,,,,,,,,,,,,,,,,,,,,,,,,,,,,,,,,,,,,,,.pdf,BIDDING DOCUMENT,3.0,BG - Bank Guarantee Irrevocable
,,,,,,,,,,,,,,,,,,,,,,,,,,,,,,,,,,,,,,,,,,,,,,,,,,,,,,.pdf,TECHNICAL QUALIFICATIONS,4.0,FDR - Fixed Deposit Receipt
,,,,,,,,,,,,,,,,,,,,,,,,,,,,,,,,,,,,,,,,,,,,,,,,,,,,2.0,Finance,.xls,BOQ,,
,,,,,,,,,,,,,,,,,,,,,,,,,,,,,,,,,,,,,,,,,,,,,,,,,,,,,,.pdf,FORM OF BID,,
