﻿Title,Work Description,Pre Qualification Details,Independent External Monitor/Remarks,Tender Value in ₹,Product Category,Sub category,Contract Type,Bid Validity(Days),Period Of Work(Days),Location,Pincode,Pre Bid Meeting Place,Pre Bid Meeting Address,Pre Bid Meeting Date,Bid Opening Place,Should Allow NDA Tender,Allow Preferential Bidder,Cover No,Cover,Document Type,Description,EMD Amount in ₹,EMD through BG/ST or EMD Exemption Allowed,EMD Fee Type,EMD Percentage,EMD Payable To,EMD Payable At,S.No,Instrument Type,Tender Fee in ₹,Fee Payable To,Fee Payable At,Tender Fee Exemption Allowed,Name,Address,Organisation Chain,Tender Reference Number,Tender ID,Tender Type,Form of contract,Tender Category,No. of Covers,General Technical Evaluation Allowed,ItemWise Technical Evaluation Allowed,Payment Mode,Is Multi Currency Allowed For BOQ,Is Multi Currency Allowed For Fee,Allow Two Stage Bidding,Publish Date,Bid Opening Date,Document Download / Sale Start Date,Document Download / Sale End Date,Clarification Start Date,Clarification End Date,Bid Submission Start Date,Bid Submission End Date,S.No,Corrigendum Title,Corrigendum Type,View
"Supply and installation of Equipment for the Deptt. of Medicine at Jorhat Medical College and Hospital, Jorhat","Supply and Installation of Tread Mill Test System with accessories for the Deptt. of Medicine, Jorhat Medical College and Hospital, Jorhat",Please refer Tender Document  ,NA ,"2,00,000",Machineries,NA ,Tender,365.0,45.0,"Deptt. of Medicine, JMCH",785001.0,NA ,NA ,NA ,"Administrative Building, JMCH",No ,No,1.0,Fee/PreQual/Technical,.pdf,TENDER FEES AND EMD,"8,000",No,fixed,,Society for Medical Education Jorhat,SBI JMC Branch,1,DD - Demand Draft,"1,000",Society for Medical Education Jorhat,SBI JMC Branch,No,Principal cum Chief Superintendent,"O/o. the Principal cum Chief Superintendent, Administrative Building, JMCH",Health and Family Welfare Department||Directorate of Medical Education-HFWD||Jorhat Medical College and Hospital-HFWD,SMEJ/JMCH/2243/2018/609 Date.13/07/2018,2018_HFWD_7949_5,Open Tender,Supply,Goods,2.0,No,No,Offline,No,No,No,03-Aug-2018 02:00 PM,09-Aug-2018 03:00 PM,03-Aug-2018 02:00 PM,09-Aug-2018 02:00 PM,NA ,NA ,03-Aug-2018 02:00 PM,09-Aug-2018 02:00 PM,1.0,CORRIGENDUM FOR MODIFIED NIT,Other,
,,,,,,,,,,,,,,,,,,,,.pdf,PRE-QUALIFICATIONS,,,,,,,2,BC - Bankers Cheque,,,,,,,,,,,,,,,,,,,,,,,,,,,,2.0,RE-E TENDER NOTICE,Retender,
,,,,,,,,,,,,,,,,,,,,.pdf,TECHNICAL QUALIFICATIONS,,,,,,,3,BG - Bank Guarantee Irrevocable,,,,,,,,,,,,,,,,,,,,,,,,,,,,,,,
,,,,,,,,,,,,,,,,,,2.0,Finance,.xls,BOQ,,,,,,,4,FDR - Fixed Deposit Receipt,,,,,,,,,,,,,,,,,,,,,,,,,,,,,,,
