﻿Publish Date,Bid Opening Date,Document Download / Sale Start Date,Document Download / Sale End Date,Clarification Start Date,Clarification End Date,Bid Submission Start Date,Bid Submission End Date,Financial Bid Opening Date,Name,Address,Tender Fee in ₹,Fee Payable To,Fee Payable At,Tender Fee Exemption Allowed,Organisation Chain,Tender Reference Number,Tender ID,Tender Type,Form of contract,Tender Category,No. of Covers,General Technical Evaluation Allowed,ItemWise Technical Evaluation Allowed,Payment Mode,Is Multi Currency Allowed For BOQ,Is Multi Currency Allowed For Fee,Allow Two Stage Bidding,S.No,Instrument Type,Title,Work Description,Pre Qualification Details,Independent External Monitor/Remarks,Tender Value in ₹,Product Category,Sub category,Contract Type,Bid Validity(Days),Period Of Work(Days),Location,Pincode,Pre Bid Meeting Place,Pre Bid Meeting Address,Pre Bid Meeting Date,Bid Opening Place,Should Allow NDA Tender,Allow Preferential Bidder,EMD Amount in ₹,EMD through BG/ST or EMD Exemption Allowed,EMD Fee Type,EMD Percentage,EMD Payable To,EMD Payable At,Cover No,Cover,Document Type,Description
06-Mar-2018 02:00 PM,13-Mar-2018 11:00 AM,06-Mar-2018 02:00 PM,12-Mar-2018 02:00 PM,NA ,NA ,06-Mar-2018 02:00 PM,12-Mar-2018 02:00 PM,15-Mar-2018 01:30 PM,SE PWD Guwahati Bldg Circle I Fancy Bazar Ghy 1,Office of the SE PWD Guwahati Bldg Circle I Fancy Bazar Ghy 1,"1,000",Assam State Road Board Maintenance (Road) Fund,Guwahati,No,Public Works Building and NH Department||Chief Engineer-Building - PWBNH||SE-Guwahati Circle-1 - PWBNH,CS/SE(B-I)/884/2017-18/7186-92 dtd.28-02-2018,2018_PWBNH_6157_1,Open Tender,Item Rate,Works,2.0,No,No,Offline,No,No,No,1.0,DD - Demand Draft,Construction work under MSDP 12th Plan during 2016 17 at Lakhipur Dev Block in Goalpara District Construction of Labour Room cum Maternity Ward at Chunari State Dispensary,Construction work under MSDP 12th Plan during 2016 17 at Lakhipur Dev Block in Goalpara District Construction of Labour Room cum Maternity Ward at Chunari State Dispensary,Please refer Tender documents. ,NA ,"24,75,000",Civil Works - Building,NA ,Tender,180.0,90.0,Chunari in Goalpara District,783129.0,SE PWD Guwahati Bldg Circle I Fancy Bazar Ghy 1 ,Office of the SE PWD Guwahati Bldg Circle I Fancy Bazar Ghy 1 ,07-Mar-2018 11:00 AM ,SE PWD Guwahati Bldg Circle I Fancy Bazar Ghy 1,No ,No,"49,500",Yes,fixed,,EE PWD Goalpara Bldg Division Goalpara,Goalpara,1.0,Fee/PreQual/Technical,.pdf,Document Cost
,,,,,,,,,,,,,,,,,,,,,,,,,,,,2.0,BC - Bankers Cheque,,,,,,,,,,,,,,,,,,,,,,,,,,,.pdf,Bid Security
,,,,,,,,,,,,,,,,,,,,,,,,,,,,3.0,BG - Bank Guarantee Irrevocable,,,,,,,,,,,,,,,,,,,,,,,,,,,.pdf,SBD
,,,,,,,,,,,,,,,,,,,,,,,,,,,,4.0,FDR - Fixed Deposit Receipt,,,,,,,,,,,,,,,,,,,,,,,,,,,.pdf,Technical Qualification
,,,,,,,,,,,,,,,,,,,,,,,,,,,,,,,,,,,,,,,,,,,,,,,,,,,,,,2.0,Finance,.xls,BOQ
,,,,,,,,,,,,,,,,,,,,,,,,,,,,,,,,,,,,,,,,,,,,,,,,,,,,,,,,.pdf,FOB
