﻿Name,Address,Tender Fee in ₹,Fee Payable To,Fee Payable At,Tender Fee Exemption Allowed,Publish Date,Bid Opening Date,Document Download / Sale Start Date,Document Download / Sale End Date,Clarification Start Date,Clarification End Date,Bid Submission Start Date,Bid Submission End Date,Financial Bid Opening Date,Cover No,Cover,Document Type,Description,EMD Amount in ₹,EMD through BG/ST or EMD Exemption Allowed,EMD Fee Type,EMD Percentage,EMD Payable To,EMD Payable At,Title,Work Description,Pre Qualification Details,Independent External Monitor/Remarks,Tender Value in ₹,Product Category,Sub category,Contract Type,Bid Validity(Days),Period Of Work(Days),Location,Pincode,Pre Bid Meeting Place,Pre Bid Meeting Address,Pre Bid Meeting Date,Bid Opening Place,Should Allow NDA Tender,Allow Preferential Bidder,S.No,Instrument Type,Organisation Chain,Tender Reference Number,Tender ID,Tender Type,Form of contract,Tender Category,No. of Covers,General Technical Evaluation Allowed,ItemWise Technical Evaluation Allowed,Payment Mode,Is Multi Currency Allowed For BOQ,Is Multi Currency Allowed For Fee,Allow Two Stage Bidding
"The Commissioner, GMC","Office of The Commissioner, GMC, Panbazar","10,000","The Commissioner, GMC",Guwahati,No,25-Jan-2018 11:05 AM,02-Feb-2018 02:00 PM,25-Jan-2018 11:05 AM,01-Feb-2018 02:00 PM,NA ,NA ,25-Jan-2018 11:05 AM,01-Feb-2018 02:00 PM,20-Feb-2018 11:40 AM,1.0,Fee,.pdf,Tender Fee Details/EMD,"1,97,000",Yes,fixed,,"The Commissioner, GMC",Guwahati,"Cleaning, desilting and maintenance of all city drains in Guwahati city for the year 2018-20 Package No. C and D/D-V/J","Cleaning, desilting and maintenance of all city drains in Guwahati city for the year 2018-20 Package No. C and D/D-V/J",Please refer Tender documents. ,NA ,"98,43,000",Civil Works - Others,NA ,Tender,999.0,NA ,"Div-V, GMC, Guwahati",781001.0,NA ,NA ,NA ,"Office of The Commissioner, GMC, Panbazar",No ,No,1,DD - Demand Draft,Guwahati Municipal Corporation,GER/CE/1307/18/9,2018_GMC_4952_102,Open Tender,Lump-sum,Works,3.0,No,No,Offline,No,No,No
,,,,,,,,,,,,,,,2.0,PreQual/Technical,.pdf,All Technical Supporting Documents,,,,,,,,,,,,,,,,,,,,,,,,,2,BC - Bankers Cheque,,,,,,,,,,,,,
,,,,,,,,,,,,,,,,,.pdf,Tender Document,,,,,,,,,,,,,,,,,,,,,,,,,3,FDR - Fixed Deposit Receipt,,,,,,,,,,,,,
,,,,,,,,,,,,,,,3.0,Finance,.pdf,Form of Bid,,,,,,,,,,,,,,,,,,,,,,,,,4,DCR - Deposit at call receipt,,,,,,,,,,,,,
