﻿Organisation Chain,Tender Reference Number,Tender ID,Tender Type,Form of contract,Tender Category,No. of Covers,General Technical Evaluation Allowed,ItemWise Technical Evaluation Allowed,Payment Mode,Is Multi Currency Allowed For BOQ,Is Multi Currency Allowed For Fee,Allow Two Stage Bidding,Cover No,Cover,Document Type,Description,Publish Date,Bid Opening Date,Document Download / Sale Start Date,Document Download / Sale End Date,Clarification Start Date,Clarification End Date,Bid Submission Start Date,Bid Submission End Date,Financial Bid Opening Date,Title,Work Description,Pre Qualification Details,Independent External Monitor/Remarks,Tender Value in ₹,Product Category,Sub category,Contract Type,Bid Validity(Days),Period Of Work(Days),Location,Pincode,Pre Bid Meeting Place,Pre Bid Meeting Address,Pre Bid Meeting Date,Bid Opening Place,Should Allow NDA Tender,Allow Preferential Bidder,EMD Amount in ₹,EMD through BG/ST or EMD Exemption Allowed,EMD Fee Type,EMD Percentage,EMD Payable To,EMD Payable At,S.No,Instrument Type,Tender Fee in ₹,Fee Payable To,Fee Payable At,Tender Fee Exemption Allowed,Name,Address
Public Works Roads Department,CT-82/89/2016/38,2018_PWD_10491_2,Open Tender,Item Wise,Works,2.0,No,No,Offline,No,No,No,1.0,Fee/PreQual/Technical,.pdf,Cost of Bid,20-Dec-2018 12:00 PM,04-Jan-2019 10:00 AM,20-Dec-2018 12:00 PM,03-Jan-2019 02:00 PM,NA ,NA ,22-Dec-2018 02:00 PM,03-Jan-2019 02:00 PM,08-Jan-2019 06:15 PM,SOPD_DH_05,Construction of Kutighat Molamari Road under SOPD for the year 2018-19,Please refer Tender documents. ,NA ,"77,98,000",Civil Works – Roads,NA ,Rate Contract,90.0,120.0,Mankachar,783131.0,"O/o SE, PWD, WAC, Goalpara ","O/o SE, PWD, WAC, Goalpara ",21-Dec-2018 12:00 PM ,"O/o SE, PWD, WAC, Goalpara",No ,No,"1,56,000",Yes,fixed,,"Superintending Engineer, PWD, WAC, Goalpara",Goalpara,1.0,DD - Demand Draft,"2,000","Empowered Officer, ASRB",Guwahati,No,"Superintending Engineer, PWD, WAC, Goalpara","O/o SE, PWD, WAC, Goalpara"
,,,,,,,,,,,,,,,.pdf,Bid Security,,,,,,,,,,,,,,,,,,,,,,,,,,,,,,,,,,2.0,BC - Bankers Cheque,,,,,,
,,,,,,,,,,,,,,,.pdf,Technical Qualification Details,,,,,,,,,,,,,,,,,,,,,,,,,,,,,,,,,,3.0,BG - Bank Guarantee Irrevocable,,,,,,
,,,,,,,,,,,,,2.0,Finance,.pdf,Form of Bid,,,,,,,,,,,,,,,,,,,,,,,,,,,,,,,,,,4.0,FDR - Fixed Deposit Receipt,,,,,,
,,,,,,,,,,,,,,,.xls,Bill of Quantities,,,,,,,,,,,,,,,,,,,,,,,,,,,,,,,,,,,,,,,,,
