﻿Organisation Chain,Tender Reference Number,Tender ID,Tender Type,Form of contract,Tender Category,No. of Covers,General Technical Evaluation Allowed,ItemWise Technical Evaluation Allowed,Payment Mode,Is Multi Currency Allowed For BOQ,Is Multi Currency Allowed For Fee,Allow Two Stage Bidding,S.No,Instrument Type,EMD Amount in ₹,EMD through BG/ST or EMD Exemption Allowed,EMD Fee Type,EMD Percentage,EMD Payable To,EMD Payable At,Cover No,Cover,Document Type,Description,Tender Fee in ₹,Fee Payable To,Fee Payable At,Tender Fee Exemption Allowed,Publish Date,Bid Opening Date,Document Download / Sale Start Date,Document Download / Sale End Date,Clarification Start Date,Clarification End Date,Bid Submission Start Date,Bid Submission End Date,Financial Bid Opening Date,Title,Work Description,Pre Qualification Details,Independent External Monitor/Remarks,Tender Value in ₹,Product Category,Sub category,Contract Type,Bid Validity(Days),Period Of Work(Days),Location,Pincode,Pre Bid Meeting Place,Pre Bid Meeting Address,Pre Bid Meeting Date,Bid Opening Place,Should Allow NDA Tender,Allow Preferential Bidder,Name,Address
Bodoland Territorial Council-PWD||Director Cum CHD - PWD BTC,ACE-27/TECH/KOJ/IFB/16-17/143,2018_BTC_7138_1,Open Tender,Item Rate,Works,2.0,No,No,Offline,No,No,No,1.0,DD - Demand Draft,"4,57,944",Yes,fixed,,"EE, PWD, Kokrajhar Building Division",Kokrajhar,1.0,Fee/PreQual/Technical,.pdf,EMD,"7,000","Principal Secretary BTC, Kokrajhar","SBI, Kokrajhar",No,10-May-2018 10:30 AM,29-May-2018 02:00 PM,10-May-2018 10:30 AM,28-May-2018 04:30 PM,10-May-2018 10:30 AM ,28-May-2018 04:00 PM ,10-May-2018 10:30 AM,28-May-2018 04:30 PM,13-Jun-2018 12:00 PM,TN_421_01,"TN_421_01 Establishment of Bineswar Brahma Engineering College, Kokrajhar, Assam under SOPD-G during the year 2017-18 (Construction of Brick Boundary Wall around the Complex).",Please refer Tender documents. ,NA ,"2,28,97,179",Civil Works,NA ,Tender,180.0,365.0,Kokrajhar,788730.0,NA ,NA ,NA ,"O/o the Addl. CE cum Director, PWD, BTC, Kokrajhar",No ,No,"Addl. CE cum Director, PWD, BTC, Kokrajhar","O/o the Addl. CE cum Director, PWD, BTC, Kokrajhar"
,,,,,,,,,,,,,2.0,BC - Bankers Cheque,,,,,,,,,.pdf,Cost of Tender Document,,,,,,,,,,,,,,,,,,,,,,,,,,,,,,,,,
,,,,,,,,,,,,,3.0,BG - Bank Guarantee Irrevocable,,,,,,,,,.pdf,Technical Qualification Details,,,,,,,,,,,,,,,,,,,,,,,,,,,,,,,,,
,,,,,,,,,,,,,4.0,FDR - Fixed Deposit Receipt,,,,,,,,,.pdf,SBD,,,,,,,,,,,,,,,,,,,,,,,,,,,,,,,,,
,,,,,,,,,,,,,,,,,,,,,2.0,Finance,.xls,BOQ,,,,,,,,,,,,,,,,,,,,,,,,,,,,,,,,,
,,,,,,,,,,,,,,,,,,,,,,,.pdf,FOB,,,,,,,,,,,,,,,,,,,,,,,,,,,,,,,,,
