﻿S.No,Instrument Type,Tender Fee in ₹,Fee Payable To,Fee Payable At,Tender Fee Exemption Allowed,Name,Address,Organisation Chain,Tender Reference Number,Tender ID,Tender Type,Form of contract,Tender Category,No. of Covers,General Technical Evaluation Allowed,ItemWise Technical Evaluation Allowed,Payment Mode,Is Multi Currency Allowed For BOQ,Is Multi Currency Allowed For Fee,Allow Two Stage Bidding,EMD Amount in ₹,EMD through BG/ST or EMD Exemption Allowed,EMD Fee Type,EMD Percentage,EMD Payable To,EMD Payable At,Publish Date,Bid Opening Date,Document Download / Sale Start Date,Document Download / Sale End Date,Clarification Start Date,Clarification End Date,Bid Submission Start Date,Bid Submission End Date,Financial Bid Opening Date,Cover No,Cover,Document Type,Description,Title,Work Description,Pre Qualification Details,Independent External Monitor/Remarks,Tender Value in ₹,Product Category,Sub category,Contract Type,Bid Validity(Days),Period Of Work(Days),Location,Pincode,Pre Bid Meeting Place,Pre Bid Meeting Address,Pre Bid Meeting Date,Bid Opening Place,Should Allow NDA Tender,Allow Preferential Bidder
1,DD - Demand Draft,"10,000","The Executive Engineer, Goalpara WR Division",Goalpara,No,"Chief Engineer,W.R.Deptt",O/O Chief Engineer Water Resources Department Chandmari,Department of Water Resources||Chief Engineer - DoWR,GOALPARA/SDRF/2017-18/II/1,2018_DoWR_8532_1,Open Tender,Works,Works,3.0,No,No,Offline,No,No,No,"3,86,139",Yes,percentage,2.0%,"The Executive Engineer, Goalpara WR Division",Goalpara,08-Sep-2018 06:30 PM,19-Sep-2018 02:00 PM,08-Sep-2018 06:35 PM,18-Sep-2018 02:00 PM,NA ,NA ,13-Sep-2018 10:00 AM,18-Sep-2018 02:00 PM,22-Sep-2018 02:35 PM,1.0,Fee,.pdf,COST OF TENDER AND EMD,IM at different reaches from Kharmuza to Beldubi,Immediate measures to recoup the damage section of B/Dyke from Kharmuza to Beldubi at different reaches under SDRF for the year 2017-18.,Please refer Tender documents. ,NA ,"1,93,06,965",Civil Works,NA ,Tender,180.0,60.0,GOALPARA,783101.0,NA ,NA ,NA ,Guwahati,No ,No
2,BC - Bankers Cheque,,,,,,,,,,,,,,,,,,,,,,,,,,,,,,,,,,,2.0,PreQual/Technical,.pdf,TECHNICAL DOCUMENTS,,,,,,,,,,,,,,,,,,
3,BG - Bank Guarantee Irrevocable,,,,,,,,,,,,,,,,,,,,,,,,,,,,,,,,,,,3.0,Finance,.xls,BOQ,,,,,,,,,,,,,,,,,,
4,FDR - Fixed Deposit Receipt,,,,,,,,,,,,,,,,,,,,,,,,,,,,,,,,,,,,,,,,,,,,,,,,,,,,,,,,
