﻿S.No,Corrigendum Title,Corrigendum Type,View,Publish Date,Bid Opening Date,Document Download / Sale Start Date,Document Download / Sale End Date,Clarification Start Date,Clarification End Date,Bid Submission Start Date,Bid Submission End Date,Cover No,Cover,Document Type,Description,Title,Work Description,Pre Qualification Details,Independent External Monitor/Remarks,Tender Value in ₹,Product Category,Sub category,Contract Type,Bid Validity(Days),Period Of Work(Days),Location,Pincode,Pre Bid Meeting Place,Pre Bid Meeting Address,Pre Bid Meeting Date,Bid Opening Place,Should Allow NDA Tender,Allow Preferential Bidder,Tender Fee in ₹,Fee Payable To,Fee Payable At,Tender Fee Exemption Allowed,EMD Amount in ₹,EMD through BG/ST or EMD Exemption Allowed,EMD Fee Type,EMD Percentage,EMD Payable To,EMD Payable At,Name,Address,S.No,Instrument Type,Organisation Chain,Tender Reference Number,Tender ID,Tender Type,Form of contract,Tender Category,No. of Covers,General Technical Evaluation Allowed,ItemWise Technical Evaluation Allowed,Payment Mode,Is Multi Currency Allowed For BOQ,Is Multi Currency Allowed For Fee,Allow Two Stage Bidding
1.0,Extension,Date,,14-Dec-2018 06:00 PM,27-Dec-2018 02:00 PM,15-Dec-2018 11:00 AM,26-Dec-2018 02:00 PM,15-Dec-2018 11:00 AM ,21-Dec-2018 12:00 PM ,15-Dec-2018 11:00 AM,26-Dec-2018 02:00 PM,1.0,Fee/PreQual/Technical,.pdf,EMD,CE/SOPD/18-19/Borkhola-01,CE/Maint/SOPD/18-19/Borkhola-01 Construction of Road from Kathalwala Nathpara to Netaji Nagar via Nageswar Tilla under SOPD-G for the year 2018-19 under Borkhola LAC.,Please refer Tender documents. ,NA ,"3,47,72,000",Civil Works,NA ,Tender,180.0,365.0,Cachar,781003.0,NA ,NA ,NA ,"O/o the Chief Engineer, PWD (Roads), Assam",No ,No,"10,000",Empowered Officer ASRB,Guwahati,No,"6,95,000",Yes,fixed,,"Chief Engineer, PWD (Roads), Assam",Guwahati,"Chief Engineer, PWD (Roads), Assam","O/o the Chief Engineer, PWD (Roads), Assam, Chandmari, Guwahati, 781003",1.0,DD - Demand Draft,Public Works Roads Department,T/Maint/SOPD/78/2018/9,2018_PWD_10406_6,Open Tender,Item Rate,Works,2.0,No,No,Offline,No,No,No
,,,,,,,,,,,,,,.pdf,Cost of Tender Document,,,,,,,,,,,,,,,,,,,,,,,,,,,,,,,2.0,BC - Bankers Cheque,,,,,,,,,,,,,
,,,,,,,,,,,,,,.pdf,Technical Qualification Details,,,,,,,,,,,,,,,,,,,,,,,,,,,,,,,3.0,BG - Bank Guarantee Irrevocable,,,,,,,,,,,,,
,,,,,,,,,,,,,,.pdf,SBD,,,,,,,,,,,,,,,,,,,,,,,,,,,,,,,4.0,FDR - Fixed Deposit Receipt,,,,,,,,,,,,,
,,,,,,,,,,,,2.0,Finance,.xls,BOQ,,,,,,,,,,,,,,,,,,,,,,,,,,,,,,,,,,,,,,,,,,,,,
,,,,,,,,,,,,,,.pdf,FOB,,,,,,,,,,,,,,,,,,,,,,,,,,,,,,,,,,,,,,,,,,,,,
