﻿Cover No,Cover,Document Type,Description,Name,Address,Organisation Chain,Tender Reference Number,Tender ID,Tender Type,Form of contract,Tender Category,No. of Covers,General Technical Evaluation Allowed,ItemWise Technical Evaluation Allowed,Payment Mode,Is Multi Currency Allowed For BOQ,Is Multi Currency Allowed For Fee,Allow Two Stage Bidding,S.No,Instrument Type,Publish Date,Bid Opening Date,Document Download / Sale Start Date,Document Download / Sale End Date,Clarification Start Date,Clarification End Date,Bid Submission Start Date,Bid Submission End Date,Financial Bid Opening Date,Tender Fee in ₹,Fee Payable To,Fee Payable At,Tender Fee Exemption Allowed,Title,Work Description,Pre Qualification Details,Independent External Monitor/Remarks,Tender Value in ₹,Product Category,Sub category,Contract Type,Bid Validity(Days),Period Of Work(Days),Location,Pincode,Pre Bid Meeting Place,Pre Bid Meeting Address,Pre Bid Meeting Date,Bid Opening Place,Should Allow NDA Tender,Allow Preferential Bidder,EMD Amount in ₹,EMD through BG/ST or EMD Exemption Allowed,EMD Fee Type,EMD Percentage,EMD Payable To,EMD Payable At
1.0,Fee/PreQual/Technical,.pdf,COST OF BID,EXECUTIVE ENGINEER PWD DHUBRI RURAL ROAD DIVISION,GTB ROAD DHUBRI ASSAM,Public Works Roads Department,AS-05-42,2018_PWD_7713_1,Open Tender,Item Rate,Works,2.0,No,No,Offline,No,No,No,1.0,DD - Demand Draft,26-Jun-2018 10:00 AM,03-Jul-2018 11:00 AM,26-Jun-2018 10:30 AM,02-Jul-2018 02:00 PM,NA ,NA ,26-Jun-2018 11:00 AM,02-Jul-2018 02:00 PM,04-Jul-2018 10:15 AM,"11,400",ASRB GUWAHATI ASSAM,DHUBRI RURAL ROAD DIVISION,No,CONSTRUCTION OF WORK,Construction of Road from Mayerchar Part-VII to Nayeralga Part-IV,Please refer Tender documents. ,NA ,"3,78,25,000",Civil Works,NA ,Tender,180.0,180.0,DHUBRI,783301.0,DHUBRI RURAL ROAD DIVISIOIN ,O/O EXECUTIVE ENGINEER PWD DHUBRI RURAL ROAD DIVISION ,26-Jun-2018 11:00 AM ,DHUBRI RURAL ROAD DIVISION,No ,No,"7,56,500",Yes,percentage,2.0%,EXECUTIVE ENGINEER PWD DHUBRI RURAL ROAD DIVISION,DHUBRI RURAL ROAD DIVISION
,,.pdf,EARNEST MONEY,,,,,,,,,,,,,,,,2.0,BC - Bankers Cheque,,,,,,,,,,,,,,,,,,,,,,,,,,,,,,,,,,,,,
,,.pdf,VOLUME I,,,,,,,,,,,,,,,,3.0,BG - Bank Guarantee Irrevocable,,,,,,,,,,,,,,,,,,,,,,,,,,,,,,,,,,,,,
,,.pdf,PRESS NOTICE,,,,,,,,,,,,,,,,4.0,FDR - Fixed Deposit Receipt,,,,,,,,,,,,,,,,,,,,,,,,,,,,,,,,,,,,,
,,.pdf,DETAIL OF TENDER,,,,,,,,,,,,,,,,,,,,,,,,,,,,,,,,,,,,,,,,,,,,,,,,,,,,,,
2.0,Finance,.xls,BOQ,,,,,,,,,,,,,,,,,,,,,,,,,,,,,,,,,,,,,,,,,,,,,,,,,,,,,,
,,.pdf,VOLUME II,,,,,,,,,,,,,,,,,,,,,,,,,,,,,,,,,,,,,,,,,,,,,,,,,,,,,,
