﻿Publish Date,Bid Opening Date,Document Download / Sale Start Date,Document Download / Sale End Date,Clarification Start Date,Clarification End Date,Bid Submission Start Date,Bid Submission End Date,Financial Bid Opening Date,Title,Work Description,Pre Qualification Details,Independent External Monitor/Remarks,Tender Value in ₹,Product Category,Sub category,Contract Type,Bid Validity(Days),Period Of Work(Days),Location,Pincode,Pre Bid Meeting Place,Pre Bid Meeting Address,Pre Bid Meeting Date,Bid Opening Place,Should Allow NDA Tender,Allow Preferential Bidder,Cover No,Cover,Document Type,Description,Tender Fee in ₹,Fee Payable To,Fee Payable At,Tender Fee Exemption Allowed,Name,Address,S.No,Instrument Type,EMD Amount in ₹,EMD through BG/ST or EMD Exemption Allowed,EMD Fee Type,EMD Percentage,EMD Payable To,EMD Payable At,Organisation Chain,Tender Reference Number,Tender ID,Tender Type,Form of contract,Tender Category,No. of Covers,General Technical Evaluation Allowed,ItemWise Technical Evaluation Allowed,Payment Mode,Is Multi Currency Allowed For BOQ,Is Multi Currency Allowed For Fee,Allow Two Stage Bidding
17-Dec-2018 10:00 AM,28-Dec-2018 01:00 PM,17-Dec-2018 10:00 AM,26-Dec-2018 04:00 PM,NA ,NA ,17-Dec-2018 10:00 AM,26-Dec-2018 04:00 PM,05-Jan-2019 06:45 PM,SOPD(G)/MRD/Majuli/14,Const. of SPT Br with Approach Br. No.1.1 on Pohardia Road,Please refer Tender documents. ,NA ,"98,90,500",Civil Works – Roads,NA ,Tender,180.0,180.0,Majuli,785110.0,NA ,NA ,NA ,O/O The SE PWD JRC,No ,No,1.0,Fee/PreQual/Technical,.pdf,Cost of Bid,"2,000",Empowered Officer ASRB,Guwahati,No,SE PWD JRC,O/O The SE PWD JRC,1.0,DD - Demand Draft,"1,97,900",Yes,fixed,,EE PWD Majuli Road Division Garamur Majuli,Majuli,Public Works Roads Department,SE/JRC/SOPD(G)/1741.M,2018_PWD_10438_2,Open Tender,Item Rate,Works,2.0,No,No,Offline,No,No,No
,,,,,,,,,,,,,,,,,,,,,,,,,,,,,.pdf,Bid Security,,,,,,,2.0,BC - Bankers Cheque,,,,,,,,,,,,,,,,,,,
,,,,,,,,,,,,,,,,,,,,,,,,,,,,,.pdf,SBD,,,,,,,3.0,BG - Bank Guarantee Irrevocable,,,,,,,,,,,,,,,,,,,
,,,,,,,,,,,,,,,,,,,,,,,,,,,,,.pdf,Technical Qualification Documents,,,,,,,4.0,FDR - Fixed Deposit Receipt,,,,,,,,,,,,,,,,,,,
,,,,,,,,,,,,,,,,,,,,,,,,,,,2.0,Finance,.xls,BOQ,,,,,,,5.0,DCR - Deposit at call receipt,,,,,,,,,,,,,,,,,,,
,,,,,,,,,,,,,,,,,,,,,,,,,,,,,.pdf,FOB,,,,,,,,,,,,,,,,,,,,,,,,,,,
