﻿Title,Work Description,Pre Qualification Details,Independent External Monitor/Remarks,Tender Value in ₹,Product Category,Sub category,Contract Type,Bid Validity(Days),Period Of Work(Days),Location,Pincode,Pre Bid Meeting Place,Pre Bid Meeting Address,Pre Bid Meeting Date,Bid Opening Place,Should Allow NDA Tender,Allow Preferential Bidder,Publish Date,Bid Opening Date,Document Download / Sale Start Date,Document Download / Sale End Date,Clarification Start Date,Clarification End Date,Bid Submission Start Date,Bid Submission End Date,Financial Bid Opening Date,Cover No,Cover,Document Type,Description,EMD Amount in ₹,EMD through BG/ST or EMD Exemption Allowed,EMD Fee Type,EMD Percentage,EMD Payable To,EMD Payable At,Name,Address,Organisation Chain,Tender Reference Number,Tender ID,Tender Type,Form of contract,Tender Category,No. of Covers,General Technical Evaluation Allowed,ItemWise Technical Evaluation Allowed,Payment Mode,Is Multi Currency Allowed For BOQ,Is Multi Currency Allowed For Fee,Allow Two Stage Bidding,S.No,Corrigendum Title,Corrigendum Type,View,Tender Fee in ₹,Fee Payable To,Fee Payable At,Tender Fee Exemption Allowed,S.No,Instrument Type
Conversion of 1 Phase electricity to 3 Phase at various health institution at Sivasagar Dibrugarh Tinsukia Group C 14 Nos,Conversion of 1 Phase electricity to 3 Phase at various health institution at Sivasagar Dibrugarh Tinsukia Group C 14 Nos,Please refer Tender documents. ,NA ,"58,81,050",Civil Works - Building,NA ,Tender,225.0,120.0,Sivasagar Dibrugarh Jorhat,781005.0,NA ,NA ,NA ,Office of the Mission Director NHM Assam,No ,No,26-Mar-2018 01:00 PM,13-Apr-2018 03:30 PM,26-Mar-2018 01:00 PM,12-Apr-2018 02:00 PM,NA ,NA ,26-Mar-2018 01:00 PM,12-Apr-2018 02:00 PM,26-Apr-2018 03:30 PM,1.0,Fee/PreQual/Technical,.pdf,Cost of Tender,"2,94,053",No,percentage,5.0%,State Health Society Assam,Guwahati,Mission Director NHM Assam,Saikia Commercial Complex Christianbasti Guwahati5,National Health Mission||State Programme Management Unit - NHM||Procurement Cell-SPMU - NHM,Conversion of 1Phase Electricity to 3 Ph GroupC,2018_NHM_6518_1,Open Tender,Percentage,Works,2.0,No,No,Offline,No,No,No,1.0,Extension,Date,,"10,000",State Health Society Assam,Guwahati,No,1.0,DD - Demand Draft
,,,,,,,,,,,,,,,,,,,,,,,,,,,,,.pdf,Cost of Bid Security,,,,,,,,,,,,,,,,,,,,,,,,,,,,,,2.0,BC - Bankers Cheque
,,,,,,,,,,,,,,,,,,,,,,,,,,,,,.pdf,Technical Qualification,,,,,,,,,,,,,,,,,,,,,,,,,,,,,,3.0,FDR - Fixed Deposit Receipt
,,,,,,,,,,,,,,,,,,,,,,,,,,,,,.pdf,Bid Document,,,,,,,,,,,,,,,,,,,,,,,,,,,,,,4.0,DCR - Deposit at call receipt
,,,,,,,,,,,,,,,,,,,,,,,,,,,2.0,Finance,.xls,Price Bid,,,,,,,,,,,,,,,,,,,,,,,,,,,,,,,
,,,,,,,,,,,,,,,,,,,,,,,,,,,,,.pdf,Form of Bid,,,,,,,,,,,,,,,,,,,,,,,,,,,,,,,
