﻿Tender Fee in ₹,Fee Payable To,Fee Payable At,Tender Fee Exemption Allowed,Cover No,Cover,Document Type,Description,EMD Amount in ₹,EMD through BG/ST or EMD Exemption Allowed,EMD Fee Type,EMD Percentage,EMD Payable To,EMD Payable At,Publish Date,Bid Opening Date,Document Download / Sale Start Date,Document Download / Sale End Date,Clarification Start Date,Clarification End Date,Bid Submission Start Date,Bid Submission End Date,Organisation Chain,Tender Reference Number,Tender ID,Tender Type,Form of contract,Tender Category,No. of Covers,General Technical Evaluation Allowed,ItemWise Technical Evaluation Allowed,Payment Mode,Is Multi Currency Allowed For BOQ,Is Multi Currency Allowed For Fee,Allow Two Stage Bidding,Name,Address,S.No,Instrument Type,Title,Work Description,Pre Qualification Details,Independent External Monitor/Remarks,Tender Value in ₹,Product Category,Sub category,Contract Type,Bid Validity(Days),Period Of Work(Days),Location,Pincode,Pre Bid Meeting Place,Pre Bid Meeting Address,Pre Bid Meeting Date,Bid Opening Place,Should Allow NDA Tender,Allow Preferential Bidder
"1,900",Assam State Road Board Maintenance (Road) Fund,Guwahati,No,1.0,Fee/PreQual/Technical/Finance,.pdf,Bidding Document,"1,24,000",Yes,fixed,,EE PWD PCC Division Dispur Ghy 6,Guwahati,19-Jul-2018 02:00 PM,25-Jul-2018 11:00 AM,19-Jul-2018 02:00 PM,24-Jul-2018 02:00 PM,NA ,NA ,19-Jul-2018 02:00 PM,24-Jul-2018 02:00 PM,Public Works Building and NH Department||Chief Engineer-Building - PWBNH||SE-Guwahati Circle-1 - PWBNH,CS/SE(B-I)/959/2018-19/1580-88 dtd.16-07-2018,2018_PWBNH_7936_1,Open Tender,Item Rate,Works,1.0,No,No,Offline,No,No,No,SE PWD Guwahati Bldg Circle I Fancy Bazar Ghy 1,O/O the SE PWD Guwahati Bldg Circle I Fancy Bazar Ghy 1,1.0,DD - Demand Draft,Construction of Pandal Saluting Base Barricade and View Cutter etc for Celebration of Independence Day for the year 2018 at Khanapara Veterinary Play Ground Ghy 22 Construction of Pandal at Staff College and Construction of Barricade at Road,Construction of Pandal Saluting Base Barricade and View Cutter etc for Celebration of Independence Day for the year 2018 at Khanapara Veterinary Play Ground Ghy 22 Construction of Pandal at Staff College and Construction of Barricade at Road,Please refer Tender documents. ,NA ,"61,98,276",Civil Works - Building,NA ,Tender,180.0,5.0,Khanapara in Kamrup(M) District,781022.0,SE PWD Guwahati Bldg Circle I Fancy Bazar Ghy 1 ,O/O the SE PWD Guwahati Bldg Circle I Fancy Bazar Ghy 1  ,20-Jul-2018 11:00 AM ,SE PWD Guwahati Bldg Circle I Fancy Bazar Ghy 1,No ,No
,,,,,,.pdf,Bid Security,,,,,,,,,,,,,,,,,,,,,,,,,,,,,,2.0,BC - Bankers Cheque,,,,,,,,,,,,,,,,,,
,,,,,,.pdf,Document Cost,,,,,,,,,,,,,,,,,,,,,,,,,,,,,,3.0,BG - Bank Guarantee Irrevocable,,,,,,,,,,,,,,,,,,
,,,,,,.xls,BOQ,,,,,,,,,,,,,,,,,,,,,,,,,,,,,,4.0,FDR - Fixed Deposit Receipt,,,,,,,,,,,,,,,,,,
,,,,,,.pdf,Technical Qualification,,,,,,,,,,,,,,,,,,,,,,,,,,,,,,,,,,,,,,,,,,,,,,,,,
