﻿Title,Work Description,Pre Qualification Details,Independent External Monitor/Remarks,Tender Value in ₹,Product Category,Sub category,Contract Type,Bid Validity(Days),Period Of Work(Days),Location,Pincode,Pre Bid Meeting Place,Pre Bid Meeting Address,Pre Bid Meeting Date,Bid Opening Place,Should Allow NDA Tender,Allow Preferential Bidder,S.No,Instrument Type,Cover No,Cover,Document Type,Description,Publish Date,Bid Opening Date,Document Download / Sale Start Date,Document Download / Sale End Date,Clarification Start Date,Clarification End Date,Bid Submission Start Date,Bid Submission End Date,Financial Bid Opening Date,Tender Fee in ₹,Fee Payable To,Fee Payable At,Tender Fee Exemption Allowed,EMD Amount in ₹,EMD through BG/ST or EMD Exemption Allowed,EMD Fee Type,EMD Percentage,EMD Payable To,EMD Payable At,Name,Address,Organisation Chain,Tender Reference Number,Tender ID,Tender Type,Form of contract,Tender Category,No. of Covers,General Technical Evaluation Allowed,ItemWise Technical Evaluation Allowed,Payment Mode,Is Multi Currency Allowed For BOQ,Is Multi Currency Allowed For Fee,Allow Two Stage Bidding
CRD/2018-19/17,Construction of RCC Cell Bridge at near Jalang under Chirang Division,Please refer Tender documents. ,NA ,"35,81,450",Civil Works,NA ,Tender,180.0,180.0,CHIRANG,783385.0,NA ,NA ,NA ,o/o the DFO Chirang Division Kajalgaon,No ,No,1.0,DD - Demand Draft,1.0,Fee/PreQual/Technical,.pdf,COST OF TENDER DOCUMENT,01-Oct-2018 10:30 AM,12-Oct-2018 11:30 AM,01-Oct-2018 10:30 AM,11-Oct-2018 04:00 PM,01-Oct-2018 10:30 AM ,11-Oct-2018 03:30 PM ,01-Oct-2018 10:30 AM,11-Oct-2018 04:00 PM,08-Nov-2018 10:45 AM,"1,074",Principal Secretary BTC,Kokrajhar,No,"71,630",Yes,fixed,,Divisional Forest Officer Chirang Division,Kajalgaon,Divisional Forest Officer,Chirang Division Kajalgaon,Bodoland Territorial Council||Forests-BTC,CRD/4 of 2018-19,2018_BoTC_8781_1,Open Tender,Item Rate,Works,2.0,No,No,Offline,No,No,No
,,,,,,,,,,,,,,,,,,2.0,BC - Bankers Cheque,,,.pdf,EMD,,,,,,,,,,,,,,,,,,,,,,,,,,,,,,,,,,
,,,,,,,,,,,,,,,,,,3.0,BG - Bank Guarantee Irrevocable,,,.pdf,TECHNICAL QUALIFICATION,,,,,,,,,,,,,,,,,,,,,,,,,,,,,,,,,,
,,,,,,,,,,,,,,,,,,4.0,FDR - Fixed Deposit Receipt,,,.pdf,SBD,,,,,,,,,,,,,,,,,,,,,,,,,,,,,,,,,,
,,,,,,,,,,,,,,,,,,,,2.0,Finance,.xls,BOQ,,,,,,,,,,,,,,,,,,,,,,,,,,,,,,,,,,
,,,,,,,,,,,,,,,,,,,,,,.pdf,FOB,,,,,,,,,,,,,,,,,,,,,,,,,,,,,,,,,,
