﻿Title,Work Description,Pre Qualification Details,Independent External Monitor/Remarks,Tender Value in ₹,Product Category,Sub category,Contract Type,Bid Validity(Days),Period Of Work(Days),Location,Pincode,Pre Bid Meeting Place,Pre Bid Meeting Address,Pre Bid Meeting Date,Bid Opening Place,Should Allow NDA Tender,Allow Preferential Bidder,S.No,Instrument Type,Publish Date,Bid Opening Date,Document Download / Sale Start Date,Document Download / Sale End Date,Clarification Start Date,Clarification End Date,Bid Submission Start Date,Bid Submission End Date,Financial Bid Opening Date,Cover No,Cover,Document Type,Description,Name,Address,Organisation Chain,Tender Reference Number,Tender ID,Tender Type,Form of contract,Tender Category,No. of Covers,General Technical Evaluation Allowed,ItemWise Technical Evaluation Allowed,Payment Mode,Is Multi Currency Allowed For BOQ,Is Multi Currency Allowed For Fee,Allow Two Stage Bidding,EMD Amount in ₹,EMD through BG/ST or EMD Exemption Allowed,EMD Fee Type,EMD Percentage,EMD Payable To,EMD Payable At,Tender Fee in ₹,Fee Payable To,Fee Payable At,Tender Fee Exemption Allowed
TN_08_6,TN_08_6 Improvement of Road from Bholabari Paresh Chowk to Amguri Link Road under Udalguri Rural Road Division under 5th Assam State Finance Commission for the year 2017-18 (From Ch. 0.00 m to Ch. 990.00m).,Please refer Tender documents. ,NA ,"64,77,415",Civil Works,NA ,Tender,180.0,180.0,KokraJHAR,788730.0,NA ,NA ,NA ,"O/o the Addl. CE cum Director, PWD, BTC, Kokrajhar",No ,No,1.0,DD - Demand Draft,21-Apr-2018 03:00 PM,05-May-2018 02:00 PM,21-Apr-2018 03:00 PM,04-May-2018 04:30 PM,21-Apr-2018 03:00 PM ,04-May-2018 04:00 PM ,21-Apr-2018 03:00 PM,04-May-2018 04:30 PM,26-Oct-2018 04:30 PM,1.0,Fee/PreQual/Technical,.pdf,EMD,"Addl. CE cum Director, PWD, BTC, Kokrajhar","O/o the Addl. CE cum Director, PWD, BTC, Kokrajhar",Bodoland Territorial Council-PWD||Director Cum CHD - PWD BTC,ACE36/TECH/UDL(RB)/FASFC/18-19,2018_BTC_6952_6,Open Tender,Item Rate,Works,2.0,No,No,Offline,No,No,No,"1,29,548",Yes,fixed,,"EE, PWD Udalguri R and B Division",Udalguri,"2,000",Principal Secretary BTC Kokrajhar,"SBI, Kokrajhar",No
,,,,,,,,,,,,,,,,,,2.0,BC - Bankers Cheque,,,,,,,,,,,,.pdf,Cost of Tender Document,,,,,,,,,,,,,,,,,,,,,,,,,
,,,,,,,,,,,,,,,,,,3.0,BG - Bank Guarantee Irrevocable,,,,,,,,,,,,.pdf,Technical Qualification Details,,,,,,,,,,,,,,,,,,,,,,,,,
,,,,,,,,,,,,,,,,,,4.0,FDR - Fixed Deposit Receipt,,,,,,,,,,,,.pdf,SBD,,,,,,,,,,,,,,,,,,,,,,,,,
,,,,,,,,,,,,,,,,,,,,,,,,,,,,,2.0,Finance,.xls,BOQ,,,,,,,,,,,,,,,,,,,,,,,,,
,,,,,,,,,,,,,,,,,,,,,,,,,,,,,,,.pdf,FOB,,,,,,,,,,,,,,,,,,,,,,,,,
