﻿S.No,Instrument Type,Publish Date,Bid Opening Date,Document Download / Sale Start Date,Document Download / Sale End Date,Clarification Start Date,Clarification End Date,Bid Submission Start Date,Bid Submission End Date,Financial Bid Opening Date,Title,Work Description,Pre Qualification Details,Independent External Monitor/Remarks,Tender Value in ₹,Product Category,Sub category,Contract Type,Bid Validity(Days),Period Of Work(Days),Location,Pincode,Pre Bid Meeting Place,Pre Bid Meeting Address,Pre Bid Meeting Date,Bid Opening Place,Should Allow NDA Tender,Allow Preferential Bidder,EMD Amount in ₹,EMD through BG/ST or EMD Exemption Allowed,EMD Fee Type,EMD Percentage,EMD Payable To,EMD Payable At,Name,Address,Tender Fee in ₹,Fee Payable To,Fee Payable At,Tender Fee Exemption Allowed,Organisation Chain,Tender Reference Number,Tender ID,Tender Type,Form of contract,Tender Category,No. of Covers,General Technical Evaluation Allowed,ItemWise Technical Evaluation Allowed,Payment Mode,Is Multi Currency Allowed For BOQ,Is Multi Currency Allowed For Fee,Allow Two Stage Bidding,Cover No,Cover,Document Type,Description,S.No,Corrigendum Title,Corrigendum Type,View
1,DD - Demand Draft,09-Oct-2018 04:30 PM,16-Nov-2018 03:00 PM,09-Oct-2018 04:30 PM,15-Nov-2018 04:00 PM,NA ,NA ,09-Oct-2018 05:00 PM,15-Nov-2018 04:00 PM,27-Nov-2018 12:00 PM,Pkg 2 Conversion of existing Diesel operated PWSS to Solar operated system,Conversion of existing Diesel operated PWSS to Solar operated system in Kamrup Kamrup Metro Nalbari and Barpeta District of Assam,Please refer Tender documents. ,NA ,"99,15,000",Civil Works - Water Works,NA ,Tender,90.0,90.0,Guwahati,781036.0,NA ,NA ,NA ,O O CE PHE Water Assam,No ,No,"1,98,300",Yes,percentage,2.0%,CE PHE Water Assam,Guwahati,CE PHE Water Assam,"Hengrabari, Guwahati-36","2,000",EE PHE Store and Workshop Div,Guwahati,No,Public Health Engineering Department||Chief Engineer PHE(P)-Assam-PHED||Lower Assam Zone-Guwahati-PHED||Guwahati Circle-Guwahati-PHED,PHE_8_MM_2014_15_T_6801_05,2018_PHED_8911_2,Open Tender,Works,Works,2.0,No,No,Offline,No,No,No,1.0,Fee/PreQual/Technical,.pdf,Cost of Bid Document and Bid Security,1.0,Corrigendum No. 02,Date,
2,BC - Bankers Cheque,,,,,,,,,,,,,,,,,,,,,,,,,,,,,,,,,,,,,,,,,,,,,,,,,,,,,,,.pdf,Technical Qualification Document alongwith all filled up forms as per Bid Document,,,,
3,BG - Bank Guarantee Irrevocable,,,,,,,,,,,,,,,,,,,,,,,,,,,,,,,,,,,,,,,,,,,,,,,,,,,,,2.0,Finance,.xls,BoQ,,,,
4,FDR - Fixed Deposit Receipt,,,,,,,,,,,,,,,,,,,,,,,,,,,,,,,,,,,,,,,,,,,,,,,,,,,,,,,.pdf,Bidders Financial Bid Form,,,,
5,DCR - Deposit at call receipt,,,,,,,,,,,,,,,,,,,,,,,,,,,,,,,,,,,,,,,,,,,,,,,,,,,,,,,,,,,,
