﻿EMD Amount in ₹,EMD through BG/ST or EMD Exemption Allowed,EMD Fee Type,EMD Percentage,EMD Payable To,EMD Payable At,S.No,Instrument Type,Organisation Chain,Tender Reference Number,Tender ID,Tender Type,Form of contract,Tender Category,No. of Covers,General Technical Evaluation Allowed,ItemWise Technical Evaluation Allowed,Payment Mode,Is Multi Currency Allowed For BOQ,Is Multi Currency Allowed For Fee,Allow Two Stage Bidding,Name,Address,Publish Date,Bid Opening Date,Document Download / Sale Start Date,Document Download / Sale End Date,Clarification Start Date,Clarification End Date,Bid Submission Start Date,Bid Submission End Date,Financial Bid Opening Date,Cover No,Cover,Document Type,Description,Tender Fee in ₹,Fee Payable To,Fee Payable At,Tender Fee Exemption Allowed,Title,Work Description,Pre Qualification Details,Independent External Monitor/Remarks,Tender Value in ₹,Product Category,Sub category,Contract Type,Bid Validity(Days),Period Of Work(Days),Location,Pincode,Pre Bid Meeting Place,Pre Bid Meeting Address,Pre Bid Meeting Date,Bid Opening Place,Should Allow NDA Tender,Allow Preferential Bidder
"1,37,667",Yes,fixed,,"E E, PWD, North Lakhimpur Building Division",North Lakhimpur,1.0,DD - Demand Draft,Public Works Building and NH Department||Chief Engineer-Building - PWBNH||SE-Tezpur Circle - PWBNH,SE/TB/TEN/20/2018-19/3652 Dt 27.09.2018,2018_PWBNH_8872_1,Open Tender,Item Rate,Works,2.0,No,No,Offline,No,No,No,"SE, PWD, Tezpur Building Circle, Tezpur","Office of the Superintending Engineer, PWD, Tezpur Building Circle, Tezpur",04-Oct-2018 05:00 PM,23-Oct-2018 03:05 PM,05-Oct-2018 11:00 AM,12-Oct-2018 02:00 PM,NA ,NA ,05-Oct-2018 11:00 AM,12-Oct-2018 02:00 PM,15-Dec-2018 02:00 PM,1.0,Fee/PreQual/Technical,.pdf,Document Cost,"2,100",Assam State Road Board Maintenance (Road) Fund,Guwahati,No,"Construction of new BOP at Joyhing in the Inter-State Border Areas of Lakhimpur District under Specific Fund for up-gradation of BOP and Strengthening of Road Communication, 2015-16.","Construction of new BOP at Joyhing in the Inter-State Border Areas of Lakhimpur District under Specific Fund for up-gradation of BOP and Strengthening of Road Communication, 2015-16. (Construction of Barrack,Kitchen cum Dinning Hall,Toilet Block etc)",Please refer Tender documents. ,NA ,"68,83,334",Construction Works,NA ,Tender,180.0,365.0,Joyhing,787051.0,"SE, PWD, Tezpur Building Circle, Tezpur ","Office of the Superintending Engineer, PWD, Tezpur Building Circle, Tezpur ",06-Oct-2018 12:00 PM ,"SE, PWD, Tezpur Building Circle, Tezpur",No ,No
,,,,,,2.0,BC - Bankers Cheque,,,,,,,,,,,,,,,,,,,,,,,,,,,.pdf,Bid Security,,,,,,,,,,,,,,,,,,,,,,
,,,,,,3.0,BG - Bank Guarantee Irrevocable,,,,,,,,,,,,,,,,,,,,,,,,,,,.pdf,Bidding Documents,,,,,,,,,,,,,,,,,,,,,,
,,,,,,4.0,FDR - Fixed Deposit Receipt,,,,,,,,,,,,,,,,,,,,,,,,,,,.pdf,Technical Qualification,,,,,,,,,,,,,,,,,,,,,,
,,,,,,,,,,,,,,,,,,,,,,,,,,,,,,,,2.0,Finance,.xls,BOQ,,,,,,,,,,,,,,,,,,,,,,
,,,,,,,,,,,,,,,,,,,,,,,,,,,,,,,,,,.pdf,FOB,,,,,,,,,,,,,,,,,,,,,,
