﻿Cover No,Cover,Document Type,Description,Tender Fee in ₹,Fee Payable To,Fee Payable At,Tender Fee Exemption Allowed,Publish Date,Bid Opening Date,Document Download / Sale Start Date,Document Download / Sale End Date,Clarification Start Date,Clarification End Date,Bid Submission Start Date,Bid Submission End Date,Financial Bid Opening Date,S.No,Instrument Type,Organisation Chain,Tender Reference Number,Tender ID,Tender Type,Form of contract,Tender Category,No. of Covers,General Technical Evaluation Allowed,ItemWise Technical Evaluation Allowed,Payment Mode,Is Multi Currency Allowed For BOQ,Is Multi Currency Allowed For Fee,Allow Two Stage Bidding,EMD Amount in ₹,EMD through BG/ST or EMD Exemption Allowed,EMD Fee Type,EMD Percentage,EMD Payable To,EMD Payable At,Title,Work Description,Pre Qualification Details,Independent External Monitor/Remarks,Tender Value in ₹,Product Category,Sub category,Contract Type,Bid Validity(Days),Period Of Work(Days),Location,Pincode,Pre Bid Meeting Place,Pre Bid Meeting Address,Pre Bid Meeting Date,Bid Opening Place,Should Allow NDA Tender,Allow Preferential Bidder,Name,Address
1.0,Fee/PreQual/Technical,.pdf,NIT,"1,515",BTC,Kokrajhar,No,24-Feb-2018 11:00 AM,06-Mar-2018 04:30 PM,24-Feb-2018 11:00 AM,06-Mar-2018 04:00 PM,24-Feb-2018 11:00 AM ,06-Mar-2018 04:00 PM ,24-Feb-2018 11:00 AM,06-Mar-2018 04:00 PM,09-Mar-2018 09:00 AM,1,DD - Demand Draft,Bodoland Territorial Council||Panchayat and Rural Development-BTC,BTC/CD-41/2017-18/6(A) dtd. 12th Oct./2017,2018_BoTC_6000_1,Open Tender,Works,Works,2.0,No,No,Offline,No,No,No,"1,00,970",Yes,fixed,,BTC,Kokrajhar,SOPD(CD)-07 of 2017-18,Const. of CC Block(ICBP) road.,Please refer Tender documents. ,NA ,"50,48,515",Civil Works,NA ,Tender,180.0,180.0,Gendrabil,783370.0,NA ,NA ,NA ,Kokrajhar Dev Block,No ,No,BDO Kokrajhar,Kokrajhar Dev Block Titaguri
,,.pdf,FOB,,,,,,,,,,,,,,2,BC - Bankers Cheque,,,,,,,,,,,,,,,,,,,,,,,,,,,,,,,,,,,,,,,
,,.pdf,Technical,,,,,,,,,,,,,,3,SS - Small Savings Instrument,,,,,,,,,,,,,,,,,,,,,,,,,,,,,,,,,,,,,,,
2.0,Finance,.xls,Finance,,,,,,,,,,,,,,4,BG - Bank Guarantee Irrevocable,,,,,,,,,,,,,,,,,,,,,,,,,,,,,,,,,,,,,,,
,,,,,,,,,,,,,,,,,5,FDR - Fixed Deposit Receipt,,,,,,,,,,,,,,,,,,,,,,,,,,,,,,,,,,,,,,,
,,,,,,,,,,,,,,,,,6,DCR - Deposit at call receipt,,,,,,,,,,,,,,,,,,,,,,,,,,,,,,,,,,,,,,,
