﻿Organisation Chain,Tender Reference Number,Tender ID,Tender Type,Form of contract,Tender Category,No. of Covers,General Technical Evaluation Allowed,ItemWise Technical Evaluation Allowed,Payment Mode,Is Multi Currency Allowed For BOQ,Is Multi Currency Allowed For Fee,Allow Two Stage Bidding,EMD Amount in ₹,EMD through BG/ST or EMD Exemption Allowed,EMD Fee Type,EMD Percentage,EMD Payable To,EMD Payable At,S.No,Instrument Type,Title,Work Description,Pre Qualification Details,Independent External Monitor/Remarks,Tender Value in ₹,Product Category,Sub category,Contract Type,Bid Validity(Days),Period Of Work(Days),Location,Pincode,Pre Bid Meeting Place,Pre Bid Meeting Address,Pre Bid Meeting Date,Bid Opening Place,Should Allow NDA Tender,Allow Preferential Bidder,Tender Fee in ₹,Fee Payable To,Fee Payable At,Tender Fee Exemption Allowed,Cover No,Cover,Document Type,Description,Publish Date,Bid Opening Date,Document Download / Sale Start Date,Document Download / Sale End Date,Clarification Start Date,Clarification End Date,Bid Submission Start Date,Bid Submission End Date,Financial Bid Opening Date,Name,Address
Public Works Roads Department,CS/NGSRD/GDD/2017-18/167,2018_PWD_6224_4,Open Tender,Works,Works,2.0,No,No,Offline,No,No,No,"65,640",Yes,fixed,,"E E, PWD (R) North Guwahati State Road Division",Guwahati,1.0,DD - Demand Draft,ARIASP-NGSRD-27,Maintenance and Repairs of Joymati Nagar Bye lane -6 including sub bye lane under GDD for the year 2017-18.,Please refer Tender documents. ,NA ,"32,82,000",Civil Works,NA ,Tender,180.0,180.0,Kamrup,781021.0,NA ,NA ,NA ,"Superintending Engineer, PWD (R), ARIASP Circle",No ,No,985.0,"Empowered officer, Assam State Road Board",Guwahati,No,1.0,Fee/PreQual/Technical,.pdf,Cost of Bid Document,12-Mar-2018 10:00 AM,19-Mar-2018 10:00 AM,12-Mar-2018 10:00 AM,17-Mar-2018 01:00 PM,12-Mar-2018 10:00 AM ,17-Mar-2018 12:00 PM ,12-Mar-2018 10:00 AM,17-Mar-2018 01:00 PM,05-Apr-2018 06:30 PM,"Superintending Engineer, PWD (R), ARIASP Circle","Bamunimain, Guwahati"
,,,,,,,,,,,,,,,,,,,2.0,BC - Bankers Cheque,,,,,,,,,,,,,,,,,,,,,,,,,.pdf,Earnest Money,,,,,,,,,,,
,,,,,,,,,,,,,,,,,,,3.0,BG - Bank Guarantee Irrevocable,,,,,,,,,,,,,,,,,,,,,,,,,.pdf,SBD,,,,,,,,,,,
,,,,,,,,,,,,,,,,,,,4.0,FDR - Fixed Deposit Receipt,,,,,,,,,,,,,,,,,,,,,,,,,.pdf,Technical Qualification Papers,,,,,,,,,,,
,,,,,,,,,,,,,,,,,,,,,,,,,,,,,,,,,,,,,,,,,,,2.0,Finance,.xls,BOQ,,,,,,,,,,,
,,,,,,,,,,,,,,,,,,,,,,,,,,,,,,,,,,,,,,,,,,,,,.pdf,Form of Bid,,,,,,,,,,,
