﻿S.No,Corrigendum Title,Corrigendum Type,View,Publish Date,Bid Opening Date,Document Download / Sale Start Date,Document Download / Sale End Date,Clarification Start Date,Clarification End Date,Bid Submission Start Date,Bid Submission End Date,S.No,Instrument Type,Cover No,Cover,Document Type,Description,Organisation Chain,Tender Reference Number,Tender ID,Tender Type,Form of contract,Tender Category,No. of Covers,General Technical Evaluation Allowed,ItemWise Technical Evaluation Allowed,Payment Mode,Is Multi Currency Allowed For BOQ,Is Multi Currency Allowed For Fee,Allow Two Stage Bidding,Title,Work Description,Pre Qualification Details,Independent External Monitor/Remarks,Tender Value in ₹,Product Category,Sub category,Contract Type,Bid Validity(Days),Period Of Work(Days),Location,Pincode,Pre Bid Meeting Place,Pre Bid Meeting Address,Pre Bid Meeting Date,Bid Opening Place,Should Allow NDA Tender,Allow Preferential Bidder,EMD Amount in ₹,EMD through BG/ST or EMD Exemption Allowed,EMD Fee Type,EMD Percentage,EMD Payable To,EMD Payable At,Name,Address,Tender Fee in ₹,Fee Payable To,Fee Payable At,Tender Fee Exemption Allowed
1.0,RE E-TENDER NOTICE,Retender,,05-Oct-2018 05:10 PM,24-Oct-2018 01:00 PM,05-Oct-2018 05:10 PM,24-Oct-2018 12:00 PM,NA ,NA ,05-Oct-2018 05:10 PM,24-Oct-2018 12:00 PM,1.0,DD - Demand Draft,1.0,Fee/PreQual/Technical,.pdf,TENDER FEES AND EMD,Health and Family Welfare Department||Directorate of Medical Education-HFWD||Jorhat Medical College and Hospital-HFWD,IFB NO. SMEJ/JMCH/2234/2018/607 Date. 13/07/2018,2018_HFWD_7932_44,Open Tender,Supply,Goods,2.0,No,No,Offline,No,No,No,"Supply and installation of Multidisciplinary Research Unit (MRU) Equipments at Jorhat Medical College and Hospital, Jorhat","Supply and installation of Ph Meter ( Electronic) for Multidisciplinary Research Unit (MRU), JMCH, Jorhat",Please refer tender document ,NA ,"1,00,000",Machineries,NA ,Tender,365.0,45.0,"Multidisciplinary Research Unit (MRU), JMCH",785001.0,NA ,NA ,NA ,Conference Hall JMCH,No ,No,"5,000",No,fixed,,Society for Medical Education Jorhat,SBI JMC Branch,Principal cum Chief Superintendent,O/o. the Principal cum Chief Superintendent,"1,000",Society for Medical Education Jorhat,SBI JMC Branch,No
,,,,,,,,,,,,2.0,BC - Bankers Cheque,,,.pdf,PRE-QUALIFICATIONS,,,,,,,,,,,,,,,,,,,,,,,,,,,,,,,,,,,,,,,,,,,
,,,,,,,,,,,,3.0,BG - Bank Guarantee Irrevocable,,,.pdf,TECHNICAL QUALIFICATIONS,,,,,,,,,,,,,,,,,,,,,,,,,,,,,,,,,,,,,,,,,,,
,,,,,,,,,,,,4.0,FDR - Fixed Deposit Receipt,2.0,Finance,.xls,BOQ,,,,,,,,,,,,,,,,,,,,,,,,,,,,,,,,,,,,,,,,,,,
,,,,,,,,,,,,,,,,.pdf,SUPPLIMENTARY BOQ,,,,,,,,,,,,,,,,,,,,,,,,,,,,,,,,,,,,,,,,,,,
