﻿EMD Amount in ₹,EMD through BG/ST or EMD Exemption Allowed,EMD Fee Type,EMD Percentage,EMD Payable To,EMD Payable At,S.No,Instrument Type,Name,Address,Cover No,Cover,Document Type,Description,Organisation Chain,Tender Reference Number,Tender ID,Tender Type,Form of contract,Tender Category,No. of Covers,General Technical Evaluation Allowed,ItemWise Technical Evaluation Allowed,Payment Mode,Is Multi Currency Allowed For BOQ,Is Multi Currency Allowed For Fee,Allow Two Stage Bidding,Tender Fee in ₹,Fee Payable To,Fee Payable At,Tender Fee Exemption Allowed,Title,Work Description,Pre Qualification Details,Independent External Monitor/Remarks,Tender Value in ₹,Product Category,Sub category,Contract Type,Bid Validity(Days),Period Of Work(Days),Location,Pincode,Pre Bid Meeting Place,Pre Bid Meeting Address,Pre Bid Meeting Date,Bid Opening Place,Should Allow NDA Tender,Allow Preferential Bidder,Publish Date,Bid Opening Date,Document Download / Sale Start Date,Document Download / Sale End Date,Clarification Start Date,Clarification End Date,Bid Submission Start Date,Bid Submission End Date,Financial Bid Opening Date
"25,000",No,fixed,,"Director, Municipal Administration",Guwahati,1.0,DD - Demand Draft,"Director, Municipal Administration, Assam","Directorate of Municipal Administration, Assam, Dispur, Guwahati-06",1.0,Fee/PreQual/Technical,.pdf,Bid Document signed on each page,Urban Development Department||Directorate of Municipality Administration - UDD,DMA(P)63/2017/Vol I/263,2018_UDD_8897_1,Open Tender,Works,Services,2.0,No,No,Offline,No,No,No,"1,000","Director, Municipal Administration",Guwahati,No,RFP_For Empanelment of Contractors for Project Jyoti Scheme,"Design Supply, Installation Maintenance of Street poles and Luminaries with all fittings",Please refer Tender documents. ,NA ,"10,00,00,000",Supply/Erection/Commissioning Services,NA ,Empanelment,180.0,45.0,ULBs of Assam,781006.0,"Dispur, Guwahati-06 ","Directorate of Municipal Administration, Assam, Dispur, Guwahati-06 ",11-Oct-2018 11:00 AM ,Dispur_Guwahati-06,No ,No,08-Oct-2018 10:00 AM,30-Oct-2018 04:00 PM,08-Oct-2018 10:00 AM,30-Oct-2018 03:30 PM,08-Oct-2018 10:00 AM ,11-Oct-2018 11:00 AM ,25-Oct-2018 10:00 AM,30-Oct-2018 03:30 PM,21-Nov-2018 04:00 PM
,,,,,,,,,,,,.pdf,Bid Document Fee,,,,,,,,,,,,,,,,,,,,,,,,,,,,,,,,,,,,,,,,,,,,
,,,,,,,,,,,,.pdf,EMD,,,,,,,,,,,,,,,,,,,,,,,,,,,,,,,,,,,,,,,,,,,,
,,,,,,,,,,,,.pdf,Supporting documents for Technical Qualification,,,,,,,,,,,,,,,,,,,,,,,,,,,,,,,,,,,,,,,,,,,,
,,,,,,,,,,2.0,Finance,.xls,Price Bid to be Quoted for a maximum of 2 (two) Zones,,,,,,,,,,,,,,,,,,,,,,,,,,,,,,,,,,,,,,,,,,,,
