﻿Organisation Chain,Tender Reference Number,Tender ID,Tender Type,Form of contract,Tender Category,No. of Covers,General Technical Evaluation Allowed,ItemWise Technical Evaluation Allowed,Payment Mode,Is Multi Currency Allowed For BOQ,Is Multi Currency Allowed For Fee,Allow Two Stage Bidding,Tender Fee in ₹,Fee Payable To,Fee Payable At,Tender Fee Exemption Allowed,Cover No,Cover,Document Type,Description,S.No,Corrigendum Title,Corrigendum Type,View,S.No,Instrument Type,Title,Work Description,Pre Qualification Details,Independent External Monitor/Remarks,Tender Value in ₹,Product Category,Sub category,Contract Type,Bid Validity(Days),Period Of Work(Days),Location,Pincode,Pre Bid Meeting Place,Pre Bid Meeting Address,Pre Bid Meeting Date,Bid Opening Place,Should Allow NDA Tender,Allow Preferential Bidder,EMD Amount in ₹,EMD through BG/ST or EMD Exemption Allowed,EMD Fee Type,EMD Percentage,EMD Payable To,EMD Payable At,Name,Address,Publish Date,Bid Opening Date,Document Download / Sale Start Date,Document Download / Sale End Date,Clarification Start Date,Clarification End Date,Bid Submission Start Date,Bid Submission End Date,Financial Bid Opening Date
Bodoland Territorial Council||PWD-BTC,TN-223/3,2018_BoTC_10471_1,Open Tender,Item Rate,Works,2.0,No,No,Offline,No,No,No,740.0,"Principal Secretary, BTC, Kokrajhar",Kokrajhar,No,1.0,Fee/PreQual/Technical,.pdf,DOCUMENT COST,1.0,Corrigendum,Technical Bid,,1.0,DD - Demand Draft,Improvement of SPT Bridge No. 16/1 on Sarupeta Gossaivitha Road under SOPD for the year 2018-19 (Non PMGSY),Improvement of SPT Bridge No. 16/1 on Sarupeta Gossaivitha Road under SOPD for the year 2018-19 (Non PMGSY),Please refer Tender documents. ,NA ,"24,66,939",Civil Works,NA ,Tender,180.0,90.0,Kokrajhar,783370.0,NA ,NA ,NA ,"O/O The SE, PWD (RandB) Circle, Kokrajhar",No ,No,"49,339",Yes,fixed,,"EE, PWD, Mushalpur (RandB) Division, Mushalpur",Mushalpur,"SE, PWD (RandB) Circle, Kokrajhar","O/O The SE, PWD (RandB) Circle, Kokrajhar",17-Dec-2018 04:00 PM,27-Dec-2018 11:00 AM,17-Dec-2018 04:00 PM,26-Dec-2018 03:00 PM,NA ,NA ,17-Dec-2018 04:00 PM,26-Dec-2018 03:00 PM,26-Feb-2019 01:35 PM
,,,,,,,,,,,,,,,,,,,.pdf,BID SECURITY,,,,,2.0,BC - Bankers Cheque,,,,,,,,,,,,,,,,,,,,,,,,,,,,,,,,,,,
,,,,,,,,,,,,,,,,,,,.pdf,BIDDING DOCUMENT,,,,,3.0,BG - Bank Guarantee Irrevocable,,,,,,,,,,,,,,,,,,,,,,,,,,,,,,,,,,,
,,,,,,,,,,,,,,,,,,,.pdf,TECHNICAL QUALIFICATIONS,,,,,4.0,FDR - Fixed Deposit Receipt,,,,,,,,,,,,,,,,,,,,,,,,,,,,,,,,,,,
,,,,,,,,,,,,,,,,,2.0,Finance,.xls,BOQ,,,,,,,,,,,,,,,,,,,,,,,,,,,,,,,,,,,,,,,,,
,,,,,,,,,,,,,,,,,,,.pdf,FORM OF BID,,,,,,,,,,,,,,,,,,,,,,,,,,,,,,,,,,,,,,,,,
