﻿Organisation Chain,Tender Reference Number,Tender ID,Tender Type,Form of contract,Tender Category,No. of Covers,General Technical Evaluation Allowed,ItemWise Technical Evaluation Allowed,Payment Mode,Is Multi Currency Allowed For BOQ,Is Multi Currency Allowed For Fee,Allow Two Stage Bidding,S.No,Corrigendum Title,Corrigendum Type,View,Tender Fee in ₹,Fee Payable To,Fee Payable At,Tender Fee Exemption Allowed,S.No,Instrument Type,Name,Address,Publish Date,Bid Opening Date,Document Download / Sale Start Date,Document Download / Sale End Date,Clarification Start Date,Clarification End Date,Bid Submission Start Date,Bid Submission End Date,Title,Work Description,Pre Qualification Details,Independent External Monitor/Remarks,Tender Value in ₹,Product Category,Sub category,Contract Type,Bid Validity(Days),Period Of Work(Days),Location,Pincode,Pre Bid Meeting Place,Pre Bid Meeting Address,Pre Bid Meeting Date,Bid Opening Place,Should Allow NDA Tender,Allow Preferential Bidder,EMD Amount in ₹,EMD through BG/ST or EMD Exemption Allowed,EMD Fee Type,EMD Percentage,EMD Payable To,EMD Payable At,Cover No,Cover,Document Type,Description
Bodoland Territorial Council-PWD||Director Cum CHD - PWD BTC,ACE50/TECH/KOK(Bldg)/16-17/166,2018_BTC_10350_7,Open Tender,Item Rate,Works,2.0,No,No,Offline,No,No,No,1.0,Bid Submission Date Extension for the Package No. TN_255_7,Date,,"2,900","Principal Secretary BTC, Kokrajhar","SBI, Kokrajhar",No,1.0,DD - Demand Draft,"Addl. CE cum Director, PWD, BTC, Kokrajhar","O/o the Addl. CE cum Director, PWD, BTC, Kokrajhar",10-Dec-2018 06:00 PM,27-Dec-2018 02:15 PM,11-Dec-2018 10:30 AM,27-Dec-2018 02:00 PM,11-Dec-2018 10:30 AM ,20-Dec-2018 04:00 PM ,11-Dec-2018 10:30 AM,27-Dec-2018 02:00 PM,TN_255_7,"TN_255_7 Const. of Brick Boundary wall, Extension of Office Room, Cycle Stand, Repair/Renovation of Dotma Girls High School Building and earth filling, Kokrajhar District",Please refer Tender documents. ,NA ,"95,92,766",Civil Works,NA ,Tender,180.0,365.0,Kokrajhar,788730.0,NA ,NA ,NA ,"O/o the Addl. CE cum Director, PWD, BTC, Kokrajhar",No ,No,"1,92,000",Yes,fixed,,"EE, PWD, Kokrajhar Building Division",Kokrajhar,1.0,Fee/PreQual/Technical,.pdf,EMD
,,,,,,,,,,,,,,,,,,,,,2.0,BC - Bankers Cheque,,,,,,,,,,,,,,,,,,,,,,,,,,,,,,,,,,,,,.pdf,Cost of Tender Document
,,,,,,,,,,,,,,,,,,,,,3.0,BG - Bank Guarantee Irrevocable,,,,,,,,,,,,,,,,,,,,,,,,,,,,,,,,,,,,,.pdf,Technical Qualification Details
,,,,,,,,,,,,,,,,,,,,,4.0,FDR - Fixed Deposit Receipt,,,,,,,,,,,,,,,,,,,,,,,,,,,,,,,,,,,,,.pdf,SBD
,,,,,,,,,,,,,,,,,,,,,,,,,,,,,,,,,,,,,,,,,,,,,,,,,,,,,,,,,2.0,Finance,.xls,BOQ
,,,,,,,,,,,,,,,,,,,,,,,,,,,,,,,,,,,,,,,,,,,,,,,,,,,,,,,,,,,.pdf,FOB
