﻿Name,Address,S.No,Instrument Type,Publish Date,Bid Opening Date,Document Download / Sale Start Date,Document Download / Sale End Date,Clarification Start Date,Clarification End Date,Bid Submission Start Date,Bid Submission End Date,Financial Bid Opening Date,Organisation Chain,Tender Reference Number,Tender ID,Tender Type,Form of contract,Tender Category,No. of Covers,General Technical Evaluation Allowed,ItemWise Technical Evaluation Allowed,Payment Mode,Is Multi Currency Allowed For BOQ,Is Multi Currency Allowed For Fee,Allow Two Stage Bidding,Cover No,Cover,Document Type,Description,Tender Fee in ₹,Fee Payable To,Fee Payable At,Tender Fee Exemption Allowed,Title,Work Description,Pre Qualification Details,Independent External Monitor/Remarks,Tender Value in ₹,Product Category,Sub category,Contract Type,Bid Validity(Days),Period Of Work(Days),Location,Pincode,Pre Bid Meeting Place,Pre Bid Meeting Address,Pre Bid Meeting Date,Bid Opening Place,Should Allow NDA Tender,Allow Preferential Bidder,EMD Amount in ₹,EMD through BG/ST or EMD Exemption Allowed,EMD Fee Type,EMD Percentage,EMD Payable To,EMD Payable At
Chief Engineer,O/O Chief Engineer Water Resources Department Chandmari,1,DD - Demand Draft,24-Jan-2018 06:00 PM,02-Feb-2018 02:05 PM,24-Jan-2018 06:05 PM,02-Feb-2018 02:00 PM,NA ,NA ,28-Jan-2018 10:00 AM,02-Feb-2018 02:00 PM,12-Feb-2018 09:00 AM,Department of Water Resources||Chief Engineer - DoWR,BARPETA/SDRF/17-18/1,2018_DoWR_5206_1,Open Tender,Works,Works,3.0,No,No,Offline,No,No,No,1.0,Fee,.pdf,Cost of Tender and EMD,"5,000",Executive Engineer Barpeta Water Resources Divisio,Barpeta,No,IM Bahari to Baghbar,Immediate measures to B/Dyke for restoration of flood damages from Bahari to Baghbar at different reaches under SDRF for 2017-18,Please refer Tender documents. ,NA ,"2,79,99,999",Civil Works,NA ,Tender,180.0,60.0,Barpeta,781301.0,NA ,NA ,NA ,O/O Chief Engineer Water Resources Department Chan,No ,No,"5,60,000",Yes,percentage,2.0%,Executive Engineer Barpeta Water Resources Divisio,Barpeta
,,2,BC - Bankers Cheque,,,,,,,,,,,,,,,,,,,,,,,2.0,PreQual/Technical,.pdf,Technical Documents,,,,,,,,,,,,,,,,,,,,,,,,,,,,
,,3,BG - Bank Guarantee Irrevocable,,,,,,,,,,,,,,,,,,,,,,,3.0,Finance,.xls,BOQ,,,,,,,,,,,,,,,,,,,,,,,,,,,,
,,4,FDR - Fixed Deposit Receipt,,,,,,,,,,,,,,,,,,,,,,,,,,,,,,,,,,,,,,,,,,,,,,,,,,,,,,
,,5,DCR - Deposit at call receipt,,,,,,,,,,,,,,,,,,,,,,,,,,,,,,,,,,,,,,,,,,,,,,,,,,,,,,
