﻿Tender Fee in ₹,Fee Payable To,Fee Payable At,Tender Fee Exemption Allowed,EMD Amount in ₹,EMD through BG/ST or EMD Exemption Allowed,EMD Fee Type,EMD Percentage,EMD Payable To,EMD Payable At,Title,Work Description,Pre Qualification Details,Independent External Monitor/Remarks,Tender Value in ₹,Product Category,Sub category,Contract Type,Bid Validity(Days),Period Of Work(Days),Location,Pincode,Pre Bid Meeting Place,Pre Bid Meeting Address,Pre Bid Meeting Date,Bid Opening Place,Should Allow NDA Tender,Allow Preferential Bidder,Name,Address,Organisation Chain,Tender Reference Number,Tender ID,Tender Type,Form of contract,Tender Category,No. of Covers,General Technical Evaluation Allowed,ItemWise Technical Evaluation Allowed,Payment Mode,Is Multi Currency Allowed For BOQ,Is Multi Currency Allowed For Fee,Allow Two Stage Bidding,Cover No,Cover,Document Type,Description,S.No,Instrument Type,Publish Date,Bid Opening Date,Document Download / Sale Start Date,Document Download / Sale End Date,Clarification Start Date,Clarification End Date,Bid Submission Start Date,Bid Submission End Date,Financial Bid Opening Date
"2,350","Empowered Officer, Assam State Road Board",Guwahati,No,"1,55,600",Yes,fixed,,"EE, PWD, Silchar Rural Road Division",Silchar,As 03 68/SOPD/G/SIL/SE,As 03 68/SOPD/G/SIL/SE Improvement of Road from NH 44 at Lakhipur to Boroitoli via Itabhata Remaining Length of Package AS 03 68 Starting from Ch 2215.00 m to Ch.3650.00m under State fund for the year 2017-18 under SOPD G during 2017-18 under Sil,Please refer Tender documents. ,NA ,"77,78,506",Civil Works – Roads,NA ,Tender,180.0,NA ,Silchar,788001.0,NA ,NA ,NA ,"0/0 The SE, PWD(Roads), Cachar Circle, Silchar",No ,No,"SE, PWD(Roads), Cachar Circle, Silchar","SE, PWD(Roads), Cachar Circle, Silchar",Public Works Roads Department,T/CC/ETN/SIL/2017-18/1291(T),2018_PWD_6717_4,Open Tender,Works,Works,2.0,No,No,Offline,No,No,No,1.0,Fee/PreQual/Technical,.pdf,NIT,1.0,DD - Demand Draft,06-Apr-2018 10:30 AM,24-Apr-2018 02:00 PM,06-Apr-2018 10:30 AM,23-Apr-2018 04:30 PM,06-Apr-2018 10:30 AM ,13-Apr-2018 04:00 PM ,06-Apr-2018 10:30 AM,23-Apr-2018 04:30 PM,22-May-2018 05:50 PM
,,,,,,,,,,,,,,,,,,,,,,,,,,,,,,,,,,,,,,,,,,,,,.pdf,SBD,2.0,BC - Bankers Cheque,,,,,,,,,
,,,,,,,,,,,,,,,,,,,,,,,,,,,,,,,,,,,,,,,,,,,,,.pdf,Technical Bid,3.0,FDR - Fixed Deposit Receipt,,,,,,,,,
,,,,,,,,,,,,,,,,,,,,,,,,,,,,,,,,,,,,,,,,,,,,,.pdf,Cost of Bid,,,,,,,,,,,
,,,,,,,,,,,,,,,,,,,,,,,,,,,,,,,,,,,,,,,,,,,,,.pdf,EMD,,,,,,,,,,,
,,,,,,,,,,,,,,,,,,,,,,,,,,,,,,,,,,,,,,,,,,,2.0,Finance,.xls,BOQ,,,,,,,,,,,
,,,,,,,,,,,,,,,,,,,,,,,,,,,,,,,,,,,,,,,,,,,,,.pdf,FOB,,,,,,,,,,,
