﻿Name,Address,EMD Amount in ₹,EMD through BG/ST or EMD Exemption Allowed,EMD Fee Type,EMD Percentage,EMD Payable To,EMD Payable At,S.No,Instrument Type,Title,Work Description,Pre Qualification Details,Independent External Monitor/Remarks,Tender Value in ₹,Product Category,Sub category,Contract Type,Bid Validity(Days),Period Of Work(Days),Location,Pincode,Pre Bid Meeting Place,Pre Bid Meeting Address,Pre Bid Meeting Date,Bid Opening Place,Should Allow NDA Tender,Allow Preferential Bidder,Cover No,Cover,Document Type,Description,Organisation Chain,Tender Reference Number,Tender ID,Tender Type,Form of contract,Tender Category,No. of Covers,General Technical Evaluation Allowed,ItemWise Technical Evaluation Allowed,Payment Mode,Is Multi Currency Allowed For BOQ,Is Multi Currency Allowed For Fee,Allow Two Stage Bidding,Publish Date,Bid Opening Date,Document Download / Sale Start Date,Document Download / Sale End Date,Clarification Start Date,Clarification End Date,Bid Submission Start Date,Bid Submission End Date,Financial Bid Opening Date,Tender Fee in ₹,Fee Payable To,Fee Payable At,Tender Fee Exemption Allowed
SE PWD NRC,SE PWD NRC,"3,54,300",Yes,percentage,2.0%,Chief Engineer PWD Roads,Guwahati,1.0,DD - Demand Draft,Construction of Gocharabasti Chariali to Lanka Hojai Road via Aibheti gaon and Railway Gate under SOPD,Construction of Gocharabasti Chariali to Lanka Hojai Road via Aibheti gaon and Railway Gate under SOPD,Please refer Tender documents. ,NA ,"1,77,15,000",Civil Works – Roads,NA ,Tender,180.0,180.0,Hojai,782435.0,NA ,NA ,NA ,SE PWD NRC,No ,No,1.0,Fee/PreQual/Technical,.pdf,FEE,Public Works Roads Department||CE PWD(R) - PWD,SE/NRC/TB/NIT/64/2018-19/23,2018_PWD_9873_1,Open Tender,Item Rate,Works,2.0,No,No,Offline,No,No,No,19-Nov-2018 10:30 AM,11-Dec-2018 11:00 AM,20-Nov-2018 10:30 AM,10-Dec-2018 02:00 PM,NA ,NA ,20-Nov-2018 10:30 AM,10-Dec-2018 02:00 PM,08-Jan-2019 04:00 PM,"5,300",Empowered Officer ASRB,Guwahati,No
,,,,,,,,2.0,BG - Bank Guarantee Irrevocable,,,,,,,,,,,,,,,,,,,,,.pdf,Tech. Qualification,,,,,,,,,,,,,,,,,,,,,,,,,,
,,,,,,,,3.0,FDR - Fixed Deposit Receipt,,,,,,,,,,,,,,,,,,,,,.pdf,VoL1,,,,,,,,,,,,,,,,,,,,,,,,,,
,,,,,,,,,,,,,,,,,,,,,,,,,,,,2.0,Finance,.xls,BOQ,,,,,,,,,,,,,,,,,,,,,,,,,,
,,,,,,,,,,,,,,,,,,,,,,,,,,,,,,.pdf,FOB,,,,,,,,,,,,,,,,,,,,,,,,,,
