﻿S.No,Instrument Type,Cover No,Cover,Document Type,Description,Name,Address,S.No,Corrigendum Title,Corrigendum Type,View,Title,Work Description,Pre Qualification Details,Independent External Monitor/Remarks,Tender Value in ₹,Product Category,Sub category,Contract Type,Bid Validity(Days),Period Of Work(Days),Location,Pincode,Pre Bid Meeting Place,Pre Bid Meeting Address,Pre Bid Meeting Date,Bid Opening Place,Should Allow NDA Tender,Allow Preferential Bidder,Organisation Chain,Tender Reference Number,Tender ID,Tender Type,Form of contract,Tender Category,No. of Covers,General Technical Evaluation Allowed,ItemWise Technical Evaluation Allowed,Payment Mode,Is Multi Currency Allowed For BOQ,Is Multi Currency Allowed For Fee,Allow Two Stage Bidding,EMD Amount in ₹,EMD through BG/ST or EMD Exemption Allowed,EMD Fee Type,EMD Percentage,EMD Payable To,EMD Payable At,Tender Fee in ₹,Fee Payable To,Fee Payable At,Tender Fee Exemption Allowed,Publish Date,Bid Opening Date,Document Download / Sale Start Date,Document Download / Sale End Date,Clarification Start Date,Clarification End Date,Bid Submission Start Date,Bid Submission End Date
1.0,DD - Demand Draft,1.0,Fee/PreQual/Technical,.pdf,DOCUMENT COST,"CE PWRD(BR and NEC Works), Assam, Chandmari, Ghy-3","O/O The CE PWD (Roads), Assam, Chandmari, Ghy-3",1.0,Extension 2nd,Date,,Improvement / Construction of road -(i) NH-15 to Tinkhoria TE Road (ii) Santipur to Manmohinipur Road (iii) Hirajuli TE No -3 to Gorjuli Road (iv)Gormara Pathar road (v)Gormara to Gorjuli Road and (vi)Ghogra kachari to Panchnoi Road under SOPD,Improvement / Construction of road -(i) NH-15 to Tinkhoria TE Road (ii) Santipur to Manmohinipur Road (iii) Hirajuli TE No -3 to Gorjuli Road (iv)Gormara Pathar road (v)Gormara to Gorjuli Road and (vi)Ghogra kachari to Panchnoi Road under SOPD,Please refer Tender documents. ,NA ,"3,32,84,000",Civil Works,NA ,Tender,180.0,365.0,Dhekiajuli,784110.0,"O/O The CE PWD (Roads), Assam, Chandmari, Ghy-3 ","O/O The CE PWD (Roads), Assam, Chandmari, Ghy-3 ",12-Dec-2018 11:00 AM ,"O/O The CE PWD (Roads), Assam, Chandmari, Ghy-3",No ,No,Public Works Roads Department,DHEKIAJULI/ SOPD-G/2018-19/03,2018_PWD_10320_1,Open Tender,Item Rate,Works,2.0,No,No,Offline,No,No,No,"6,65,700",Yes,fixed,,Concerned Executive Engineer,Nil,"10,000",Assam State Road Board A/C No. 10566991479,Guwahati,No,10-Dec-2018 09:00 AM,03-Jan-2019 02:00 PM,10-Dec-2018 09:00 AM,02-Jan-2019 02:00 PM,NA ,NA ,10-Dec-2018 09:00 AM,02-Jan-2019 02:00 PM
2.0,BC - Bankers Cheque,,,.pdf,BID SECURITY,,,,,,,,,,,,,,,,,,,,,,,,,,,,,,,,,,,,,,,,,,,,,,,,,,,,,,,
3.0,BG - Bank Guarantee Irrevocable,,,.pdf,BIDDING DOCUMENT,,,,,,,,,,,,,,,,,,,,,,,,,,,,,,,,,,,,,,,,,,,,,,,,,,,,,,,
4.0,FDR - Fixed Deposit Receipt,,,.pdf,TECHNICAL QUALIFICATIONS,,,,,,,,,,,,,,,,,,,,,,,,,,,,,,,,,,,,,,,,,,,,,,,,,,,,,,,
,,2.0,Finance,.xls,BOQ,,,,,,,,,,,,,,,,,,,,,,,,,,,,,,,,,,,,,,,,,,,,,,,,,,,,,,,
,,,,.pdf,FORM OF BID,,,,,,,,,,,,,,,,,,,,,,,,,,,,,,,,,,,,,,,,,,,,,,,,,,,,,,,
