﻿EMD Amount in ₹,EMD through BG/ST or EMD Exemption Allowed,EMD Fee Type,EMD Percentage,EMD Payable To,EMD Payable At,Cover No,Cover,Document Type,Description,S.No,Instrument Type,Organisation Chain,Tender Reference Number,Tender ID,Tender Type,Form of contract,Tender Category,No. of Covers,General Technical Evaluation Allowed,ItemWise Technical Evaluation Allowed,Payment Mode,Is Multi Currency Allowed For BOQ,Is Multi Currency Allowed For Fee,Allow Two Stage Bidding,Tender Fee in ₹,Fee Payable To,Fee Payable At,Tender Fee Exemption Allowed,Publish Date,Bid Opening Date,Document Download / Sale Start Date,Document Download / Sale End Date,Clarification Start Date,Clarification End Date,Bid Submission Start Date,Bid Submission End Date,Financial Bid Opening Date,Title,Work Description,Pre Qualification Details,Independent External Monitor/Remarks,Tender Value in ₹,Product Category,Sub category,Contract Type,Bid Validity(Days),Period Of Work(Days),Location,Pincode,Pre Bid Meeting Place,Pre Bid Meeting Address,Pre Bid Meeting Date,Bid Opening Place,Should Allow NDA Tender,Allow Preferential Bidder,Name,Address
"2,07,389",Yes,percentage,2.0%,"The Executive Engineer, Majuli WR Division",Garmur,1.0,Fee,.pdf,Cost of Tender and EMD,1,DD - Demand Draft,Department of Water Resources||Chief Engineer - DoWR,MAJULI/ RIDF-XXIII/1,2018_DoWR_6014_1,Open Tender,Works,Works,3.0,No,No,Offline,No,No,No,"5,000","The Executive Engineer, Majuli WR Division",Garmur,No,26-Feb-2018 06:00 PM,19-Mar-2018 02:05 PM,26-Feb-2018 06:05 PM,19-Mar-2018 02:00 PM,NA ,NA ,14-Mar-2018 10:00 AM,19-Mar-2018 02:00 PM,23-Mar-2018 10:30 AM,Flood Protection Tekeliphuta Pak-2,Flood Protection of Majuli Island on B/dyke including fortification of existing embankment from Tekeliphuta to Haldhibari for 2016-17 (under NABARD-XXIII),Please refer Tender documents. ,NA ,"1,03,69,429",Civil Works,NA ,Tender,180.0,180.0,Majuli,785110.0,NA ,NA ,NA ,O/O Chief Engineer Water Resources Department Chan,No ,No,Chief Engineer,O/O Chief Engineer Water Resources Department Chandmari
,,,,,,2.0,PreQual/Technical,.pdf,Technical Documents,2,BC - Bankers Cheque,,,,,,,,,,,,,,,,,,,,,,,,,,,,,,,,,,,,,,,,,,,,,,
,,,,,,3.0,Finance,.xls,BOQ,3,BG - Bank Guarantee Irrevocable,,,,,,,,,,,,,,,,,,,,,,,,,,,,,,,,,,,,,,,,,,,,,,
,,,,,,,,,,4,FDR - Fixed Deposit Receipt,,,,,,,,,,,,,,,,,,,,,,,,,,,,,,,,,,,,,,,,,,,,,,
,,,,,,,,,,5,DCR - Deposit at call receipt,,,,,,,,,,,,,,,,,,,,,,,,,,,,,,,,,,,,,,,,,,,,,,
