﻿Name,Address,Tender Fee in ₹,Fee Payable To,Fee Payable At,Tender Fee Exemption Allowed,Organisation Chain,Tender Reference Number,Tender ID,Tender Type,Form of contract,Tender Category,No. of Covers,General Technical Evaluation Allowed,ItemWise Technical Evaluation Allowed,Payment Mode,Is Multi Currency Allowed For BOQ,Is Multi Currency Allowed For Fee,Allow Two Stage Bidding,Publish Date,Bid Opening Date,Document Download / Sale Start Date,Document Download / Sale End Date,Clarification Start Date,Clarification End Date,Bid Submission Start Date,Bid Submission End Date,Financial Bid Opening Date,Cover No,Cover,Document Type,Description,S.No,Instrument Type,Title,Work Description,Pre Qualification Details,Independent External Monitor/Remarks,Tender Value in ₹,Product Category,Sub category,Contract Type,Bid Validity(Days),Period Of Work(Days),Location,Pincode,Pre Bid Meeting Place,Pre Bid Meeting Address,Pre Bid Meeting Date,Bid Opening Place,Should Allow NDA Tender,Allow Preferential Bidder,EMD Amount in ₹,EMD through BG/ST or EMD Exemption Allowed,EMD Fee Type,EMD Percentage,EMD Payable To,EMD Payable At
"Addl. CE cum Director, PWD, BTC, Kokrajhar","O/o the Addl. CE cum Director, PWD, BTC, Kokrajhar","2,700","Principal Secretary BTC, Kokrajhar","SBI, Kokrajhar",Yes,Bodoland Territorial Council-PWD||Director Cum CHD - PWD BTC,ACE-05/CHN/IFB/2018-19/12,2018_BTC_6762_3,Open Tender,Item Rate,Works,2.0,No,No,Offline,No,No,No,10-Apr-2018 10:30 AM,25-Apr-2018 02:00 PM,10-Apr-2018 10:30 AM,24-Apr-2018 04:30 PM,10-Apr-2018 10:30 AM ,24-Apr-2018 04:00 PM ,10-Apr-2018 10:30 AM,24-Apr-2018 04:30 PM,23-May-2018 03:05 PM,1.0,Fee/PreQual/Technical,.pdf,EMD,1.0,DD - Demand Draft,TN_416_2,TN_416_2 Construction of R.C.C Cell Bridge over Kanibhur River at No.1 Hulmagaon village under A.O.P in B.T.C for the year 2016-17.,Please refer Tender documents. ,NA ,"88,45,737",Civil Works,NA ,Tender,180.0,365.0,Kokrajhar,788730.0,NA ,NA ,NA ,"O/o the Addl. CE cum Director, PWD, BTC, Kokrajhar",No ,No,"1,77,000",Yes,fixed,,"EE, PWD, Chirang R and B Division",Kajalgaon
,,,,,,,,,,,,,,,,,,,,,,,,,,,,,,.pdf,Cost of Tender Document,2.0,BC - Bankers Cheque,,,,,,,,,,,,,,,,,,,,,,,,
,,,,,,,,,,,,,,,,,,,,,,,,,,,,,,.pdf,Technical Qualification Details,3.0,BG - Bank Guarantee Irrevocable,,,,,,,,,,,,,,,,,,,,,,,,
,,,,,,,,,,,,,,,,,,,,,,,,,,,,,,.pdf,SBD,4.0,FDR - Fixed Deposit Receipt,,,,,,,,,,,,,,,,,,,,,,,,
,,,,,,,,,,,,,,,,,,,,,,,,,,,,2.0,Finance,.xls,BOQ,,,,,,,,,,,,,,,,,,,,,,,,,,
,,,,,,,,,,,,,,,,,,,,,,,,,,,,,,.pdf,FOB,,,,,,,,,,,,,,,,,,,,,,,,,,
