﻿S.No,Instrument Type,Name,Address,Organisation Chain,Tender Reference Number,Tender ID,Tender Type,Form of contract,Tender Category,No. of Covers,General Technical Evaluation Allowed,ItemWise Technical Evaluation Allowed,Payment Mode,Is Multi Currency Allowed For BOQ,Is Multi Currency Allowed For Fee,Allow Two Stage Bidding,Publish Date,Bid Opening Date,Document Download / Sale Start Date,Document Download / Sale End Date,Clarification Start Date,Clarification End Date,Bid Submission Start Date,Bid Submission End Date,Financial Bid Opening Date,Cover No,Cover,Document Type,Description,Tender Fee in ₹,Fee Payable To,Fee Payable At,Tender Fee Exemption Allowed,EMD Amount in ₹,EMD through BG/ST or EMD Exemption Allowed,EMD Fee Type,EMD Percentage,EMD Payable To,EMD Payable At,Title,Work Description,Pre Qualification Details,Independent External Monitor/Remarks,Tender Value in ₹,Product Category,Sub category,Contract Type,Bid Validity(Days),Period Of Work(Days),Location,Pincode,Pre Bid Meeting Place,Pre Bid Meeting Address,Pre Bid Meeting Date,Bid Opening Place,Should Allow NDA Tender,Allow Preferential Bidder
1,DD - Demand Draft,"The Commissioner, GMC","Office of the Commissioner, GMC, Panbazar",Guwahati Municipal Corporation,GER/CE/1307/18/9,2018_GMC_4952_69,Open Tender,Lump-sum,Works,3.0,No,No,Offline,No,No,No,24-Jan-2018 04:00 PM,02-Feb-2018 02:00 PM,24-Jan-2018 04:00 PM,01-Feb-2018 02:00 PM,NA ,NA ,24-Jan-2018 04:00 PM,01-Feb-2018 02:00 PM,20-Feb-2018 03:25 PM,1.0,Fee,.pdf,Tender Fee Details/EMD,"10,000","The Commissioner, GMC",Guwahati,No,"2,89,000",Yes,fixed,,"The Commissioner, GMC",Guwahati,"Cleaning, desilting and maintenance of all city drains in Guwahati city for the year 2018-20 Package No. C and D/D-VI/B","Cleaning, desilting and maintenance of all city drains in Guwahati city for the year 2018-20 Package No. C and D/D-VI/B",Please refer Tender documents. ,NA ,"1,44,38,000",Civil Works - Others,NA ,Tender,999.0,NA ,"Guwahati, GMC, Div-VI",781001.0,NA ,NA ,NA ,"Office of the Commissioner, GMC, Panbazar",No ,No
2,BC - Bankers Cheque,,,,,,,,,,,,,,,,,,,,,,,,,2.0,PreQual/Technical,.pdf,All Technical Supporting Documents,,,,,,,,,,,,,,,,,,,,,,,,,,,,
3,FDR - Fixed Deposit Receipt,,,,,,,,,,,,,,,,,,,,,,,,,,,.pdf,Tender Document,,,,,,,,,,,,,,,,,,,,,,,,,,,,
4,DCR - Deposit at call receipt,,,,,,,,,,,,,,,,,,,,,,,,,3.0,Finance,.pdf,Form of Bid,,,,,,,,,,,,,,,,,,,,,,,,,,,,
