﻿Cover No,Cover,Document Type,Description,Name,Address,S.No,Instrument Type,Title,Work Description,Pre Qualification Details,Independent External Monitor/Remarks,Tender Value in ₹,Product Category,Sub category,Contract Type,Bid Validity(Days),Period Of Work(Days),Location,Pincode,Pre Bid Meeting Place,Pre Bid Meeting Address,Pre Bid Meeting Date,Bid Opening Place,Should Allow NDA Tender,Allow Preferential Bidder,EMD Amount in ₹,EMD through BG/ST or EMD Exemption Allowed,EMD Fee Type,EMD Percentage,EMD Payable To,EMD Payable At,Organisation Chain,Tender Reference Number,Tender ID,Tender Type,Form of contract,Tender Category,No. of Covers,General Technical Evaluation Allowed,ItemWise Technical Evaluation Allowed,Payment Mode,Is Multi Currency Allowed For BOQ,Is Multi Currency Allowed For Fee,Allow Two Stage Bidding,Tender Fee in ₹,Fee Payable To,Fee Payable At,Tender Fee Exemption Allowed,Publish Date,Bid Opening Date,Document Download / Sale Start Date,Document Download / Sale End Date,Clarification Start Date,Clarification End Date,Bid Submission Start Date,Bid Submission End Date,Financial Bid Opening Date
1.0,Fee/PreQual/Technical,.pdf,Bid Security and Cost of Tender Document and Affidavit for Correctness of Bid,"Superintending Engineer P.W.D., Tezpur Road Circle","Office of the Superintending Engineer P.W.D., Tezpur Road Circle, Tezpur",1.0,DD - Demand Draft,Package No. TRC/SOPD(G)/BNC/04,Repair maintenace of Bowbazar Pavoi Biswanath Ghat Road to Dawgoan NH 15 via Charikrishna Than Link Road by providing Inter locking Concrete Block Pavement ICBP under SOPD for the year 2018 19 under PWD Sonitpur Rural Road Division Biswanath Charial,Please refer Tender documents. ,NA ,"1,17,65,989",Civil Works – Roads,NA ,Tender,180.0,120.0,Biswanath,784176.0,NA ,NA ,NA ,"Superintending Engineer P.W.D., Tezpur Road Circle",No ,No,"2,35,500",Yes,fixed,,"EE, PWD, SSRD/SRRD","Superintending Engineer P.W.D., Tezpur Road Circle",Public Works Roads Department,TRCTB/SOPDG/12/2018-19/1570-60,2018_PWD_10548_4,Open Tender,Works,Works,2.0,No,No,Offline,No,No,No,"3,600","Empowered Officer, ASRB, Guwahati","Superintending Engineer P.W.D., Tezpur Road Circle",No,21-Dec-2018 10:00 AM,04-Jan-2019 11:30 AM,22-Dec-2018 11:00 AM,02-Jan-2019 02:00 PM,21-Dec-2018 11:00 AM ,21-Dec-2018 02:00 PM ,22-Dec-2018 11:00 AM,02-Jan-2019 02:00 PM,17-Jan-2019 03:40 PM
,,.pdf,FOB Technical Qualification Details,,,2.0,BG - Bank Guarantee Irrevocable,,,,,,,,,,,,,,,,,,,,,,,,,,,,,,,,,,,,,,,,,,,,,,,,,,
,,.pdf,SBD,,,3.0,FDR - Fixed Deposit Receipt,,,,,,,,,,,,,,,,,,,,,,,,,,,,,,,,,,,,,,,,,,,,,,,,,,
2.0,Finance,.xls,BOQ,,,,,,,,,,,,,,,,,,,,,,,,,,,,,,,,,,,,,,,,,,,,,,,,,,,,,,
,,.pdf,FOB Financial,,,,,,,,,,,,,,,,,,,,,,,,,,,,,,,,,,,,,,,,,,,,,,,,,,,,,,
