﻿Cover No,Cover,Document Type,Description,Name,Address,Organisation Chain,Tender Reference Number,Tender ID,Tender Type,Form of contract,Tender Category,No. of Covers,General Technical Evaluation Allowed,ItemWise Technical Evaluation Allowed,Payment Mode,Is Multi Currency Allowed For BOQ,Is Multi Currency Allowed For Fee,Allow Two Stage Bidding,EMD Amount in ₹,EMD through BG/ST or EMD Exemption Allowed,EMD Fee Type,EMD Percentage,EMD Payable To,EMD Payable At,S.No,Instrument Type,Publish Date,Bid Opening Date,Document Download / Sale Start Date,Document Download / Sale End Date,Clarification Start Date,Clarification End Date,Bid Submission Start Date,Bid Submission End Date,Financial Bid Opening Date,S.No,Corrigendum Title,Corrigendum Type,View,Title,Work Description,Pre Qualification Details,Independent External Monitor/Remarks,Tender Value in ₹,Product Category,Sub category,Contract Type,Bid Validity(Days),Period Of Work(Days),Location,Pincode,Pre Bid Meeting Place,Pre Bid Meeting Address,Pre Bid Meeting Date,Bid Opening Place,Should Allow NDA Tender,Allow Preferential Bidder,Tender Fee in ₹,Fee Payable To,Fee Payable At,Tender Fee Exemption Allowed
1.0,Fee/PreQual/Technical,.pdf,EMD and Tender fee,CMD_LACADA,"Irrigation Deptt., Chandmari, Guwahati-3",Irrigation Department,NIT_NO_CMD_CAD_LA_T_7_2016_68,2018_ID_7963_15,Open Tender,Percentage,Works,2.0,No,No,Offline,No,No,No,"3,66,000",Yes,percentage,2.0%,"E E Dhansiri Project Division(I),Canal I Udalguri",Udalguri,1.0,DD - Demand Draft,23-Jul-2018 01:30 PM,14-Aug-2018 03:00 PM,23-Jul-2018 02:00 PM,14-Aug-2018 02:00 PM,NA ,NA ,23-Jul-2018 02:00 PM,14-Aug-2018 02:00 PM,10-Sep-2018 05:30 PM,1.0,Additional Terms and Conditions,Other,,Installation of MDTW Scheme with 8 K.W. Solar power by 7.5 H.P. Submersible pump set,"Installation of 8.0 KW off grid Solar Photovoltaic Power Plant for energizing the 7.5HP submersible pump set Construction of base pillar, Brick work , C.C. and RCC work etc.",Please refer to tender document. ,NA ,"1,83,00,000",Civil Works,NA ,Tender,180.0,180.0,"Udalgur, Bhairabkunda",781009.0,NA ,NA ,NA ,"Office of the CMD, LACADA, Chandmari, Ghy-3",No ,No,"1,000","E E Dhansiri Project Division(I),Canal I Udalguri",Udalguri,No
,,.pdf,Tech. qualification,,,,,,,,,,,,,,,,,,,,,,2.0,FDR - Fixed Deposit Receipt,,,,,,,,,,,,,,,,,,,,,,,,,,,,,,,,,,,
,,.pdf,BID documents,,,,,,,,,,,,,,,,,,,,,,,,,,,,,,,,,,,,,,,,,,,,,,,,,,,,,,,,,,
2.0,Finance,.xls,BOQ,,,,,,,,,,,,,,,,,,,,,,,,,,,,,,,,,,,,,,,,,,,,,,,,,,,,,,,,,,
,,.pdf,FOB,,,,,,,,,,,,,,,,,,,,,,,,,,,,,,,,,,,,,,,,,,,,,,,,,,,,,,,,,,
