﻿Organisation Chain,Tender Reference Number,Tender ID,Tender Type,Form of contract,Tender Category,No. of Covers,General Technical Evaluation Allowed,ItemWise Technical Evaluation Allowed,Payment Mode,Is Multi Currency Allowed For BOQ,Is Multi Currency Allowed For Fee,Allow Two Stage Bidding,Cover No,Cover,Document Type,Description,Name,Address,S.No,Instrument Type,Publish Date,Bid Opening Date,Document Download / Sale Start Date,Document Download / Sale End Date,Clarification Start Date,Clarification End Date,Bid Submission Start Date,Bid Submission End Date,Financial Bid Opening Date,Tender Fee in ₹,Fee Payable To,Fee Payable At,Tender Fee Exemption Allowed,EMD Amount in ₹,EMD through BG/ST or EMD Exemption Allowed,EMD Fee Type,EMD Percentage,EMD Payable To,EMD Payable At,Title,Work Description,Pre Qualification Details,Independent External Monitor/Remarks,Tender Value in ₹,Product Category,Sub category,Contract Type,Bid Validity(Days),Period Of Work(Days),Location,Pincode,Pre Bid Meeting Place,Pre Bid Meeting Address,Pre Bid Meeting Date,Bid Opening Place,Should Allow NDA Tender,Allow Preferential Bidder
Welfare of Plain Tribes and Backward Classes||Directorate of Welfare of Scheduled Caste||Assam State Development Corporation for SC,SCDC/Const/198/Kokrajhar /2017-18/185 dated 2/1/18,2018_WPTBC_4788_1,Limited,Item Rate,Works,2.0,No,No,Offline,No,No,No,1.0,Fee/PreQual/Technical,.pdf,Tender Fee anf EMD,"MD,ASDC for SC Ltd","MD,ASDC for SC Ltd, Dispur,Ghy-6",1.0,DD - Demand Draft,03-Jan-2018 05:00 PM,17-Jan-2018 05:00 PM,03-Jan-2018 05:00 PM,17-Jan-2018 04:00 PM,NA ,NA ,03-Jan-2018 05:00 PM,17-Jan-2018 04:00 PM,25-Jan-2018 01:30 PM,"5,010","MD,ASDC for SC Ltd",Guwahati,Yes,"3,33,320",Yes,percentage,2.0%,"MD,ASDC for SC Ltd",Guwahati,Construction of Dr. B. R. Ambedkar Bhawan at Kokrajhar,Construction of Dr. B. R. Ambedkar Bhawan at Kokrajhar,Pls refer to bidding document ,NA ,"1,66,66,000",Civil Works - Building,NA ,Tender,180.0,548.0,As per bidding document,781006.0,"MD,ASDC for SC Ltd, Dispur,Ghy-6 ","MD,ASDC for SC Ltd, Dispur,Ghy-6 ",10-Jan-2018 02:30 PM ,"MD,ASDC for SC Ltd, Dispur,Ghy-6",No ,No
,,,,,,,,,,,,,,,.pdf,Technical Prequalification Details,,,2.0,BC - Bankers Cheque,,,,,,,,,,,,,,,,,,,,,,,,,,,,,,,,,,,,,
,,,,,,,,,,,,,,,.pdf,Bidding Document,,,3.0,BG - Bank Guarantee Irrevocable,,,,,,,,,,,,,,,,,,,,,,,,,,,,,,,,,,,,,
,,,,,,,,,,,,,2.0,Finance,.xls,BOQ/Price Bid,,,4.0,FDR - Fixed Deposit Receipt,,,,,,,,,,,,,,,,,,,,,,,,,,,,,,,,,,,,,
,,,,,,,,,,,,,,,.pdf,FOB,,,,,,,,,,,,,,,,,,,,,,,,,,,,,,,,,,,,,,,,,
