﻿Name,Address,Title,Work Description,Pre Qualification Details,Independent External Monitor/Remarks,Tender Value in ₹,Product Category,Sub category,Contract Type,Bid Validity(Days),Period Of Work(Days),Location,Pincode,Pre Bid Meeting Place,Pre Bid Meeting Address,Pre Bid Meeting Date,Bid Opening Place,Should Allow NDA Tender,Allow Preferential Bidder,Cover No,Cover,Document Type,Description,S.No,Corrigendum Title,Corrigendum Type,View,S.No,Instrument Type,Publish Date,Bid Opening Date,Document Download / Sale Start Date,Document Download / Sale End Date,Clarification Start Date,Clarification End Date,Bid Submission Start Date,Bid Submission End Date,Financial Bid Opening Date,Tender Fee in ₹,Fee Payable To,Fee Payable At,Tender Fee Exemption Allowed,Organisation Chain,Tender Reference Number,Tender ID,Tender Type,Form of contract,Tender Category,No. of Covers,General Technical Evaluation Allowed,ItemWise Technical Evaluation Allowed,Payment Mode,Is Multi Currency Allowed For BOQ,Is Multi Currency Allowed For Fee,Allow Two Stage Bidding,EMD Amount in ₹,EMD through BG/ST or EMD Exemption Allowed,EMD Fee Type,EMD Percentage,EMD Payable To,EMD Payable At
"Chief Engineer, PWD (Roads), Assam","O/o the Chief Engineer, PWD (Roads), Assam, Chandmari, Guwahati, 781003",CE/SOPD/18-19/Rupahihat-02,CE/Maint/SOPD/18-19/Rupahihat-02 Improvement/Construction of (i) Fakali I to Gehua Chalchali (PMGSY) (ii) Halowagaon to Kumargaon (PMGSY) (iii) Hatipukhuri I to Hatipukhuri (PMGSY) (iv) Latabowa to Gerematikhowa (PMGSY) and (v) Tarabari to,Please refer Tender documents. ,NA ,"3,09,55,000",Civil Works,NA ,Tender,180.0,365.0,Nagaon,781003.0,NA ,NA ,NA ,"O/o the Chief Engineer, PWD (Roads), Assam",No ,No,1.0,Fee/PreQual/Technical,.pdf,EMD,1.0,Extension,Date,,1.0,DD - Demand Draft,14-Dec-2018 06:00 PM,27-Dec-2018 02:00 PM,15-Dec-2018 11:00 AM,26-Dec-2018 02:00 PM,15-Dec-2018 11:00 AM ,21-Dec-2018 12:00 PM ,15-Dec-2018 11:00 AM,26-Dec-2018 02:00 PM,09-Jan-2019 01:50 PM,"9,300",Empowered Officer ASRB,Guwahati,No,Public Works Roads Department,T/Maint/SOPD/78/2018/9,2018_PWD_10406_18,Open Tender,Item Rate,Works,2.0,No,No,Offline,No,No,No,"6,19,000",Yes,fixed,,"Chief Engineer, PWD (Roads), Assam",Guwahati
,,,,,,,,,,,,,,,,,,,,,,.pdf,Cost of Tender Document,,,,,2.0,BC - Bankers Cheque,,,,,,,,,,,,,,,,,,,,,,,,,,,,,,,,
,,,,,,,,,,,,,,,,,,,,,,.pdf,Technical Qualification Details,,,,,3.0,BG - Bank Guarantee Irrevocable,,,,,,,,,,,,,,,,,,,,,,,,,,,,,,,,
,,,,,,,,,,,,,,,,,,,,,,.pdf,SBD,,,,,4.0,FDR - Fixed Deposit Receipt,,,,,,,,,,,,,,,,,,,,,,,,,,,,,,,,
,,,,,,,,,,,,,,,,,,,,2.0,Finance,.xls,BOQ,,,,,,,,,,,,,,,,,,,,,,,,,,,,,,,,,,,,,,
,,,,,,,,,,,,,,,,,,,,,,.pdf,FOB,,,,,,,,,,,,,,,,,,,,,,,,,,,,,,,,,,,,,,
