﻿EMD Amount in ₹,EMD through BG/ST or EMD Exemption Allowed,EMD Fee Type,EMD Percentage,EMD Payable To,EMD Payable At,S.No,Instrument Type,Name,Address,Organisation Chain,Tender Reference Number,Tender ID,Tender Type,Form of contract,Tender Category,No. of Covers,General Technical Evaluation Allowed,ItemWise Technical Evaluation Allowed,Payment Mode,Is Multi Currency Allowed For BOQ,Is Multi Currency Allowed For Fee,Allow Two Stage Bidding,Publish Date,Bid Opening Date,Document Download / Sale Start Date,Document Download / Sale End Date,Clarification Start Date,Clarification End Date,Bid Submission Start Date,Bid Submission End Date,Tender Fee in ₹,Fee Payable To,Fee Payable At,Tender Fee Exemption Allowed,Title,Work Description,Pre Qualification Details,Independent External Monitor/Remarks,Tender Value in ₹,Product Category,Sub category,Contract Type,Bid Validity(Days),Period Of Work(Days),Location,Pincode,Pre Bid Meeting Place,Pre Bid Meeting Address,Pre Bid Meeting Date,Bid Opening Place,Should Allow NDA Tender,Allow Preferential Bidder,Cover No,Cover,Document Type,Description
"3,11,000",Yes,fixed,,EE PWD Jorhat Rural Road Division,Jorhat,1.0,DD - Demand Draft,SE PWD JRC,O/O The SE PWD JRC,Public Works Roads Department,SE/JRC/SOPD(G)/1741.G,2018_PWD_10068_5,Open Tender,Item Rate,Works,2.0,No,No,Offline,No,No,No,28-Nov-2018 10:00 AM,12-Dec-2018 01:00 PM,28-Nov-2018 10:00 AM,10-Dec-2018 04:00 PM,NA ,NA ,28-Nov-2018 10:00 AM,10-Dec-2018 04:00 PM,"3,100",Empowered Officer ASRB,Guwahati,No,SOPD(G)/JRRD/TIT/01,Const of Bhulukichuk Road,Please refer Tender documents. ,NA ,"1,55,41,602",Civil Works – Roads,NA ,Tender,180.0,180.0,Jorhat,785001.0,NA ,NA ,NA ,O/O The SE PWD JRC,No ,No,1.0,Fee/PreQual/Technical,.pdf,Cost of Bid
,,,,,,2.0,BC - Bankers Cheque,,,,,,,,,,,,,,,,,,,,,,,,,,,,,,,,,,,,,,,,,,,,,,,,.pdf,Bid Security
,,,,,,3.0,BG - Bank Guarantee Irrevocable,,,,,,,,,,,,,,,,,,,,,,,,,,,,,,,,,,,,,,,,,,,,,,,,.pdf,SBD
,,,,,,4.0,FDR - Fixed Deposit Receipt,,,,,,,,,,,,,,,,,,,,,,,,,,,,,,,,,,,,,,,,,,,,,,,,.pdf,Technical Qualification Documents
,,,,,,5.0,DCR - Deposit at call receipt,,,,,,,,,,,,,,,,,,,,,,,,,,,,,,,,,,,,,,,,,,,,,,2.0,Finance,.xls,BOQ
,,,,,,,,,,,,,,,,,,,,,,,,,,,,,,,,,,,,,,,,,,,,,,,,,,,,,,,.pdf,FOB
