﻿S.No,Instrument Type,Name,Address,Publish Date,Bid Opening Date,Document Download / Sale Start Date,Document Download / Sale End Date,Clarification Start Date,Clarification End Date,Bid Submission Start Date,Bid Submission End Date,Financial Bid Opening Date,EMD Amount in ₹,EMD through BG/ST or EMD Exemption Allowed,EMD Fee Type,EMD Percentage,EMD Payable To,EMD Payable At,Cover No,Cover,Document Type,Description,Organisation Chain,Tender Reference Number,Tender ID,Tender Type,Form of contract,Tender Category,No. of Covers,General Technical Evaluation Allowed,ItemWise Technical Evaluation Allowed,Payment Mode,Is Multi Currency Allowed For BOQ,Is Multi Currency Allowed For Fee,Allow Two Stage Bidding,Title,Work Description,Pre Qualification Details,Independent External Monitor/Remarks,Tender Value in ₹,Product Category,Sub category,Contract Type,Bid Validity(Days),Period Of Work(Days),Location,Pincode,Pre Bid Meeting Place,Pre Bid Meeting Address,Pre Bid Meeting Date,Bid Opening Place,Should Allow NDA Tender,Allow Preferential Bidder,Tender Fee in ₹,Fee Payable To,Fee Payable At,Tender Fee Exemption Allowed
1.0,DD - Demand Draft,"The Commissioner, GMC","Office of the Commissioner, GMC, Panbazar,Guwahati",13-Jun-2018 02:00 PM,29-Jun-2018 02:00 PM,13-Jun-2018 02:00 PM,28-Jun-2018 02:00 PM,NA ,NA ,13-Jun-2018 02:00 PM,28-Jun-2018 02:00 PM,31-Jul-2018 01:00 PM,"60,000",Yes,fixed,,"The Commissioner, GMC","Panbazar, Guwahati",1.0,Fee,.pdf,Fees,Guwahati Municipal Corporation,GER/CE/1424/18/14 Dated 07/06/2018,2018_GMC_7554_59,Open Tender,Lump-sum,Works,3.0,No,No,Offline,No,No,No,IMPROVEMENT OF VARIOUS WORKS UNDER 5TH ASSAM STATE FINANCE COMMISSION TO GMC DURING 2017-18. (PACKAGE NO 5ASFC/D-VI/C),IMPROVEMENT OF VARIOUS WORKS UNDER 5TH ASSAM STATE FINANCE COMMISSION TO GMC DURING 2017-18. (PACKAGE NO 5ASFC/D-VI/C),Please refer Tender documents. ,NA ,"30,00,000",Civil Works – Roads,NA ,Tender,90.0,NA ,"Division- VI, GMC",781001.0,NA ,NA ,NA ,"Office of the Commissioner, GMC, Panbazar,Guwahati",No ,No,"2,000","The Commissioner, GMC","Panbazar, Guwahati",No
2.0,BC - Bankers Cheque,,,,,,,,,,,,,,,,,,,,.pdf,EMD,,,,,,,,,,,,,,,,,,,,,,,,,,,,,,,,,,,
3.0,FDR - Fixed Deposit Receipt,,,,,,,,,,,,,,,,,,2.0,PreQual/Technical,.pdf,SBD,,,,,,,,,,,,,,,,,,,,,,,,,,,,,,,,,,,
,,,,,,,,,,,,,,,,,,,,,.pdf,Technical Document,,,,,,,,,,,,,,,,,,,,,,,,,,,,,,,,,,,
,,,,,,,,,,,,,,,,,,,3.0,Finance,.pdf,FOB,,,,,,,,,,,,,,,,,,,,,,,,,,,,,,,,,,,
