﻿Publish Date,Bid Opening Date,Document Download / Sale Start Date,Document Download / Sale End Date,Clarification Start Date,Clarification End Date,Bid Submission Start Date,Bid Submission End Date,Financial Bid Opening Date,Title,Work Description,Pre Qualification Details,Independent External Monitor/Remarks,Tender Value in ₹,Product Category,Sub category,Contract Type,Bid Validity(Days),Period Of Work(Days),Location,Pincode,Pre Bid Meeting Place,Pre Bid Meeting Address,Pre Bid Meeting Date,Bid Opening Place,Should Allow NDA Tender,Allow Preferential Bidder,Cover No,Cover,Document Type,Description,Name,Address,EMD Amount in ₹,EMD through BG/ST or EMD Exemption Allowed,EMD Fee Type,EMD Percentage,EMD Payable To,EMD Payable At,S.No,Instrument Type,Tender Fee in ₹,Fee Payable To,Fee Payable At,Tender Fee Exemption Allowed,Organisation Chain,Tender Reference Number,Tender ID,Tender Type,Form of contract,Tender Category,No. of Covers,General Technical Evaluation Allowed,ItemWise Technical Evaluation Allowed,Payment Mode,Is Multi Currency Allowed For BOQ,Is Multi Currency Allowed For Fee,Allow Two Stage Bidding
07-Jun-2018 02:00 PM,13-Jun-2018 11:00 AM,07-Jun-2018 02:00 PM,12-Jun-2018 02:00 PM,NA ,NA ,07-Jun-2018 02:00 PM,12-Jun-2018 02:00 PM,29-Jun-2018 03:00 PM,Construction of Car Parking with shed for staff at FAAMCH Barpeta under TNEIF,Construction of Car Parking with shed for staff at FAAMCH Barpeta under TNEIF,Please refer Tender documents. ,NA ,"25,16,303",Civil Works - Building,NA ,Tender,180.0,90.0,Barpeta Town in Barpeta District,781301.0,SE PWD Guwahati Bldg Circle I Fancy Bazar Ghy 1 ,Office of the SE PWD Guwahati Bldg Circle I Fancy Bazar Ghy 1  ,08-Jun-2018 11:00 AM ,SE PWD Guwahati Bldg Circle I Fancy Bazar Ghy 1,No ,No,1.0,Fee/PreQual/Technical,.pdf,Document Cost,SE PWD Guwahati Bldg Circle I Fancy Bazar Ghy 1,Office of the SE PWD Guwahati Bldg Circle I Fancy Bazar Ghy 1,"50,400",Yes,fixed,,EE PWD Nalbari Bldg Division Nalbari,Nalbari,1.0,DD - Demand Draft,"1,000",Assam State Road Board Maintenance (Road) Fund,Guwahati,No,Public Works Building and NH Department||Chief Engineer-Building - PWBNH||SE-Guwahati Circle-1 - PWBNH,CS/SE(B-I)/939/2018-19/926-30 dtd.02-06-2018,2018_PWBNH_7525_1,Open Tender,Item Rate,Works,2.0,No,No,Offline,No,No,No
,,,,,,,,,,,,,,,,,,,,,,,,,,,,,.pdf,Bid Security,,,,,,,,,2.0,BC - Bankers Cheque,,,,,,,,,,,,,,,,,
,,,,,,,,,,,,,,,,,,,,,,,,,,,,,.pdf,SBD,,,,,,,,,3.0,BG - Bank Guarantee Irrevocable,,,,,,,,,,,,,,,,,
,,,,,,,,,,,,,,,,,,,,,,,,,,,,,.pdf,Technical Qualification,,,,,,,,,4.0,FDR - Fixed Deposit Receipt,,,,,,,,,,,,,,,,,
,,,,,,,,,,,,,,,,,,,,,,,,,,,2.0,Finance,.xls,BOQ,,,,,,,,,,,,,,,,,,,,,,,,,,,
,,,,,,,,,,,,,,,,,,,,,,,,,,,,,.pdf,FOB,,,,,,,,,,,,,,,,,,,,,,,,,,,
