﻿S.No,Corrigendum Title,Corrigendum Type,View,Cover No,Cover,Document Type,Description,Organisation Chain,Tender Reference Number,Tender ID,Tender Type,Form of contract,Tender Category,No. of Covers,General Technical Evaluation Allowed,ItemWise Technical Evaluation Allowed,Payment Mode,Is Multi Currency Allowed For BOQ,Is Multi Currency Allowed For Fee,Allow Two Stage Bidding,Publish Date,Bid Opening Date,Document Download / Sale Start Date,Document Download / Sale End Date,Clarification Start Date,Clarification End Date,Bid Submission Start Date,Bid Submission End Date,Financial Bid Opening Date,Name,Address,EMD Amount in ₹,EMD through BG/ST or EMD Exemption Allowed,EMD Fee Type,EMD Percentage,EMD Payable To,EMD Payable At,S.No,Instrument Type,Tender Fee in ₹,Fee Payable To,Fee Payable At,Tender Fee Exemption Allowed,Title,Work Description,Pre Qualification Details,Independent External Monitor/Remarks,Tender Value in ₹,Product Category,Sub category,Contract Type,Bid Validity(Days),Period Of Work(Days),Location,Pincode,Pre Bid Meeting Place,Pre Bid Meeting Address,Pre Bid Meeting Date,Bid Opening Place,Should Allow NDA Tender,Allow Preferential Bidder
1.0,Corrigendum,Other,,1.0,Fee/PreQual/Technical,.pdf,Tender Fee and EMD,Welfare of Plain Tribes and Backward Classes||Directorate of Welfare of Scheduled Caste||Assam State Development Corporation for SC,SCDC/Const/199/Rangia /2017-18/124 dated 29 Jan 18,2018_WPTBC_5343_1,Open Tender,Item Rate,Works,2.0,No,No,Offline,No,No,No,29-Jan-2018 05:00 PM,05-Feb-2018 05:00 PM,29-Jan-2018 05:00 PM,05-Feb-2018 04:00 PM,NA ,NA ,29-Jan-2018 05:00 PM,05-Feb-2018 04:00 PM,26-Feb-2018 04:30 PM,"Managing Director,ASDC for SC Ltd","ASDC for SC Ltd,Ghy-6","3,33,320",Yes,percentage,2.0%,"MD,ASDC for SC Ltd",Guwahati,1.0,DD - Demand Draft,"5,010","MD,ASDC for SC Ltd",Guwahati,No,Construction of Dr. B. R. Ambedkar Bhawan at Rangia,Construction of Dr. B. R. Ambedkar Bhawan at Rangia,Pls refer to Bidding document ,NA ,"1,66,66,000",Civil Works,NA ,Tender,180.0,540.0,Rangia,781006.0,"O/O The MD,ASDC for SC Ltd,Ghy-6 ","O/O The MD,ASDC for SC Ltd,Ghy-6 ",01-Feb-2018 02:30 PM ,"O/O The MD,ASDC for SC Ltd,Ghy-6",No ,No
,,,,,,.pdf,Bidding Document to be sealed and signed,,,,,,,,,,,,,,,,,,,,,,,,,,,,,,,2.0,BC - Bankers Cheque,,,,,,,,,,,,,,,,,,,,,,
,,,,,,.pdf,Technical Prequalification details,,,,,,,,,,,,,,,,,,,,,,,,,,,,,,,3.0,FDR - Fixed Deposit Receipt,,,,,,,,,,,,,,,,,,,,,,
,,,,2.0,Finance,.xls,BOQ,,,,,,,,,,,,,,,,,,,,,,,,,,,,,,,,,,,,,,,,,,,,,,,,,,,,,,
,,,,,,.pdf,FOB,,,,,,,,,,,,,,,,,,,,,,,,,,,,,,,,,,,,,,,,,,,,,,,,,,,,,,
