﻿Tender Fee in ₹,Fee Payable To,Fee Payable At,Tender Fee Exemption Allowed,Organisation Chain,Tender Reference Number,Tender ID,Tender Type,Form of contract,Tender Category,No. of Covers,General Technical Evaluation Allowed,ItemWise Technical Evaluation Allowed,Payment Mode,Is Multi Currency Allowed For BOQ,Is Multi Currency Allowed For Fee,Allow Two Stage Bidding,Title,Work Description,Pre Qualification Details,Independent External Monitor/Remarks,Tender Value in ₹,Product Category,Sub category,Contract Type,Bid Validity(Days),Period Of Work(Days),Location,Pincode,Pre Bid Meeting Place,Pre Bid Meeting Address,Pre Bid Meeting Date,Bid Opening Place,Should Allow NDA Tender,Allow Preferential Bidder,Name,Address,S.No,Corrigendum Title,Corrigendum Type,View,S.No,Instrument Type,Publish Date,Bid Opening Date,Document Download / Sale Start Date,Document Download / Sale End Date,Clarification Start Date,Clarification End Date,Bid Submission Start Date,Bid Submission End Date,Cover No,Cover,Document Type,Description,EMD Amount in ₹,EMD through BG/ST or EMD Exemption Allowed,EMD Fee Type,EMD Percentage,EMD Payable To,EMD Payable At
100.0,"Director of Archaeology, Assam",Guwahati,No,Department of Cultural Affairs||Directorate of Archeology,ARCH.6/Pt./Chatia(Sootia) P.S./T/2017-18/1345,2018_DCA_6197_1,Open Tender,Works,Works,2.0,No,No,Offline,No,No,No,Preservation of Heritage Police station of Assam under Annual Plan for the year 2017-18 Group A,Preservation of Heritage Police station of Assam under Annual Plan for the year 2017-18 Group A,Please refer Tender documents. ,NA ,"4,27,691",Miscellaneous Works,NA ,Tender,180.0,120.0,sootia,781001.0,NA ,NA ,NA ,"Directorate of Archaeology, Assam, Ambari, Ghy01",No ,No,"Director of Archaeology, Assam","Directorate of Archaeology, Assam, Ambari, Ghy01",1.0,Corrigendum,Retender,,1.0,DD - Demand Draft,08-Mar-2018 05:00 PM,20-Mar-2018 12:00 PM,08-Mar-2018 05:00 PM,19-Mar-2018 05:00 PM,NA ,NA ,09-Mar-2018 05:00 PM,19-Mar-2018 05:00 PM,1.0,Fee/PreQual/Technical,.pdf,Tender FEE and EMD,"8,554",Yes,percentage,2.0%,"Director of Archaeology, Assam",Guwahati
,,,,,,,,,,,,,,,,,,,,,,,,,,,,,,,,,,,,,,,,,2.0,BC - Bankers Cheque,,,,,,,,,,,.pdf,Tender Document,,,,,,
,,,,,,,,,,,,,,,,,,,,,,,,,,,,,,,,,,,,,,,,,,,,,,,,,,,,,.pdf,Supporting Documents as per the Tender Document,,,,,,
,,,,,,,,,,,,,,,,,,,,,,,,,,,,,,,,,,,,,,,,,,,,,,,,,,,2.0,Finance,.xls,Price Bid,,,,,,
