﻿S.No,Instrument Type,Organisation Chain,Tender Reference Number,Tender ID,Tender Type,Form of contract,Tender Category,No. of Covers,General Technical Evaluation Allowed,ItemWise Technical Evaluation Allowed,Payment Mode,Is Multi Currency Allowed For BOQ,Is Multi Currency Allowed For Fee,Allow Two Stage Bidding,Tender Fee in ₹,Fee Payable To,Fee Payable At,Tender Fee Exemption Allowed,Title,Work Description,Pre Qualification Details,Independent External Monitor/Remarks,Tender Value in ₹,Product Category,Sub category,Contract Type,Bid Validity(Days),Period Of Work(Days),Location,Pincode,Pre Bid Meeting Place,Pre Bid Meeting Address,Pre Bid Meeting Date,Bid Opening Place,Should Allow NDA Tender,Allow Preferential Bidder,EMD Amount in ₹,EMD through BG/ST or EMD Exemption Allowed,EMD Fee Type,EMD Percentage,EMD Payable To,EMD Payable At,Cover No,Cover,Document Type,Description,Name,Address,Publish Date,Bid Opening Date,Document Download / Sale Start Date,Document Download / Sale End Date,Clarification Start Date,Clarification End Date,Bid Submission Start Date,Bid Submission End Date,Financial Bid Opening Date
1,DD - Demand Draft,Department of Water Resources||Chief Engineer - DoWR,NAGAON/SP/2017-18/6,2018_DoWR_5170_1,Open Tender,Works,Works,3.0,No,No,Offline,No,No,No,"5,000","The Executive Engineer, Nagaon WR Division",Nagaon,No,Bank protection Uloni area,"REJUVENATION OF KOLLONG RIVER-( Bank protection work near Uluoni area, Missamukh area and near Khaloiati Irrigation office).",Please refer Tender documents. ,NA ,"1,67,22,724",Civil Works,NA ,Tender,180.0,60.0,Nagaon,782120.0,NA ,NA ,NA ,O/O Chief Engineer Water Resources Department Chan,No ,No,"3,34,454",Yes,percentage,2.0%,"The Executive Engineer, Nagaon WR Division",Nagaon,1.0,Fee,.pdf,Cost of Tender and EMD,Chief Engineer,O/O Chief Engineer Water Resources Department Chandmari,23-Jan-2018 03:00 PM,31-Jan-2018 02:05 PM,23-Jan-2018 03:05 PM,31-Jan-2018 02:00 PM,NA ,NA ,26-Jan-2018 10:00 AM,31-Jan-2018 02:00 PM,05-Feb-2018 04:45 PM
2,BC - Bankers Cheque,,,,,,,,,,,,,,,,,,,,,,,,,,,,,,,,,,,,,,,,,,2.0,PreQual/Technical,.pdf,Technical Documents,,,,,,,,,,,
3,BG - Bank Guarantee Irrevocable,,,,,,,,,,,,,,,,,,,,,,,,,,,,,,,,,,,,,,,,,,3.0,Finance,.xls,BOQ,,,,,,,,,,,
4,FDR - Fixed Deposit Receipt,,,,,,,,,,,,,,,,,,,,,,,,,,,,,,,,,,,,,,,,,,,,,,,,,,,,,,,,
5,DCR - Deposit at call receipt,,,,,,,,,,,,,,,,,,,,,,,,,,,,,,,,,,,,,,,,,,,,,,,,,,,,,,,,
