﻿S.No,Corrigendum Title,Corrigendum Type,View,S.No,Instrument Type,Name,Address,Cover No,Cover,Document Type,Description,Tender Fee in ₹,Fee Payable To,Fee Payable At,Tender Fee Exemption Allowed,Title,Work Description,Pre Qualification Details,Independent External Monitor/Remarks,Tender Value in ₹,Product Category,Sub category,Contract Type,Bid Validity(Days),Period Of Work(Days),Location,Pincode,Pre Bid Meeting Place,Pre Bid Meeting Address,Pre Bid Meeting Date,Bid Opening Place,Should Allow NDA Tender,Allow Preferential Bidder,Organisation Chain,Tender Reference Number,Tender ID,Tender Type,Form of contract,Tender Category,No. of Covers,General Technical Evaluation Allowed,ItemWise Technical Evaluation Allowed,Payment Mode,Is Multi Currency Allowed For BOQ,Is Multi Currency Allowed For Fee,Allow Two Stage Bidding,Publish Date,Bid Opening Date,Document Download / Sale Start Date,Document Download / Sale End Date,Clarification Start Date,Clarification End Date,Bid Submission Start Date,Bid Submission End Date,Financial Bid Opening Date,EMD Amount in ₹,EMD through BG/ST or EMD Exemption Allowed,EMD Fee Type,EMD Percentage,EMD Payable To,EMD Payable At
1.0,Corrigendum on Specification,Technical Bid,,1,DD - Demand Draft,ADGP Communication Assam,APRO HQ Ulubari Guwahati,1.0,Fee/PreQual/Technical,.pdf,"Tender Fee, EMD, Pre Qualification andTechnical",500.0,"Director of Police (Commn), Assam",Guwahati,No,Supply of Test and Measuring Instruments,Supply of Test and Measuring Instruments for APRO,Please refer Tender documents. ,NA ,"88,34,000",Electronics Equipment,NA ,Tender,365.0,45.0,APRO HQ Ulubari Guwahati,781007.0,NA ,NA ,NA ,APRO HQ Ulubari Guwahati,No ,No,Assam Police||Assam Police Radio Organisation - AP,No. RE/113-B(EQ)/PT-IV/2018-19/11,2018_AP_10757_1,Open Tender,Supply,Goods,2.0,No,No,Offline,No,No,No,29-Dec-2018 01:00 PM,22-Jan-2019 01:00 PM,29-Dec-2018 01:00 PM,18-Jan-2019 03:00 PM,31-Dec-2018 11:00 AM ,07-Jan-2019 03:00 PM ,11-Jan-2019 11:00 AM,18-Jan-2019 03:00 PM,07-Feb-2019 11:00 AM,"1,76,680",No,percentage,2.0%,"Director of Police (Commn), Assam",Guwahati
,,,,2,SS - Small Savings Instrument,,,2.0,Finance,.xls,Financial Bid (BoQ),,,,,,,,,,,,,,,,,,,,,,,,,,,,,,,,,,,,,,,,,,,,,,,,,,
,,,,3,BG - Bank Guarantee Irrevocable,,,,,,,,,,,,,,,,,,,,,,,,,,,,,,,,,,,,,,,,,,,,,,,,,,,,,,,,
,,,,4,FDR - Fixed Deposit Receipt,,,,,,,,,,,,,,,,,,,,,,,,,,,,,,,,,,,,,,,,,,,,,,,,,,,,,,,,
,,,,5,DCR - Deposit at call receipt,,,,,,,,,,,,,,,,,,,,,,,,,,,,,,,,,,,,,,,,,,,,,,,,,,,,,,,,
