﻿Cover No,Cover,Document Type,Description,EMD Amount in ₹,EMD through BG/ST or EMD Exemption Allowed,EMD Fee Type,EMD Percentage,EMD Payable To,EMD Payable At,Organisation Chain,Tender Reference Number,Tender ID,Tender Type,Form of contract,Tender Category,No. of Covers,General Technical Evaluation Allowed,ItemWise Technical Evaluation Allowed,Payment Mode,Is Multi Currency Allowed For BOQ,Is Multi Currency Allowed For Fee,Allow Two Stage Bidding,Name,Address,Title,Work Description,Pre Qualification Details,Independent External Monitor/Remarks,Tender Value in ₹,Product Category,Sub category,Contract Type,Bid Validity(Days),Period Of Work(Days),Location,Pincode,Pre Bid Meeting Place,Pre Bid Meeting Address,Pre Bid Meeting Date,Bid Opening Place,Should Allow NDA Tender,Allow Preferential Bidder,Publish Date,Bid Opening Date,Document Download / Sale Start Date,Document Download / Sale End Date,Clarification Start Date,Clarification End Date,Bid Submission Start Date,Bid Submission End Date,S.No,Instrument Type,Tender Fee in ₹,Fee Payable To,Fee Payable At,Tender Fee Exemption Allowed
1.0,Fee/PreQual/Technical/Finance,.pdf,Document Cost,0.0,No,fixed,,Nil,Nil,Assam Police Housing Corporation Ltd,APHC/MOITRI/ELECT/GARCHUK P.S.,2018_APHC_6602_1,Open Tender,Item Rate,Works,1.0,No,No,Offline,No,No,No,Chief engineer,Chief Engineer APHC Rehabari Guwahati 8,Internal and External Electrification Works of RCC 3 storied Police Station Building at Garchuk P.S. in Kamrup Metro,Internal and External Electrification Works of Renovation of existing RCC 3 storied Police Station Building with provision of Reception Assam Type Ground Floor Conference Hall with Cyber Room Work Station Women Cell etc,Please refer Tender documents. ,NA ,"45,90,191",Electrical Works,NA ,Tender,60.0,365.0,Garchuk,781035.0,NA ,NA ,NA ,Guwahati,No ,No,28-Mar-2018 06:00 PM,06-Apr-2018 04:00 PM,28-Mar-2018 06:00 PM,06-Apr-2018 03:00 PM,NA ,NA ,28-Mar-2018 06:00 PM,06-Apr-2018 03:00 PM,1.0,DD - Demand Draft,"1,000",Assam Police Housing Corporation Ltd.,Guwahati,No
,,.pdf,Bid Document,,,,,,,,,,,,,,,,,,,,,,,,,,,,,,,,,,,,,,,,,,,,,,,,,,,,,
,,.pdf,Technical Document,,,,,,,,,,,,,,,,,,,,,,,,,,,,,,,,,,,,,,,,,,,,,,,,,,,,,
,,.xls,BOQ,,,,,,,,,,,,,,,,,,,,,,,,,,,,,,,,,,,,,,,,,,,,,,,,,,,,,
