﻿Publish Date,Bid Opening Date,Document Download / Sale Start Date,Document Download / Sale End Date,Clarification Start Date,Clarification End Date,Bid Submission Start Date,Bid Submission End Date,Financial Bid Opening Date,Cover No,Cover,Document Type,Description,Organisation Chain,Tender Reference Number,Tender ID,Tender Type,Form of contract,Tender Category,No. of Covers,General Technical Evaluation Allowed,ItemWise Technical Evaluation Allowed,Payment Mode,Is Multi Currency Allowed For BOQ,Is Multi Currency Allowed For Fee,Allow Two Stage Bidding,Title,Work Description,Pre Qualification Details,Independent External Monitor/Remarks,Tender Value in ₹,Product Category,Sub category,Contract Type,Bid Validity(Days),Period Of Work(Days),Location,Pincode,Pre Bid Meeting Place,Pre Bid Meeting Address,Pre Bid Meeting Date,Bid Opening Place,Should Allow NDA Tender,Allow Preferential Bidder,Name,Address,Tender Fee in ₹,Fee Payable To,Fee Payable At,Tender Fee Exemption Allowed,S.No,Instrument Type,EMD Amount in ₹,EMD through BG/ST or EMD Exemption Allowed,EMD Fee Type,EMD Percentage,EMD Payable To,EMD Payable At
15-Sep-2018 03:00 PM,04-Oct-2018 11:00 AM,15-Sep-2018 03:30 PM,03-Oct-2018 03:00 PM,NA ,NA ,15-Sep-2018 03:30 PM,03-Oct-2018 03:00 PM,11-Oct-2018 03:00 PM,1.0,Fee/PreQual/Technical,.pdf,DOCUMENT COST,Bodoland Territorial Council||PWD-BTC,TN-111/5 (17-18) Re-Tender,2018_BoTC_8650_1,Open Tender,Item Rate,Works,2.0,No,No,Offline,No,No,No,Construction of Approach Qtr. Road and Qtr. Boundary Wall and Up-gradation of Banargaon State Dispensary to 30 bedded CHC at Banargaon in Kokrajhar District.,Construction of Approach Qtr. Road and Qtr. Boundary Wall and Up-gradation of Banargaon State Dispensary to 30 bedded CHC at Banargaon in Kokrajhar District.,Please refer Tender documents. ,NA ,"65,46,719",Civil Works,NA ,Tender,180.0,365.0,Kokrajhar,783370.0,NA ,NA ,NA ,"O/O The SE, PWD (R and B), Circle, Kokrajhar",No ,No,"SE, PWD (R and B), Circle, Kokrajhar","O/O The SE, PWD (R and B), Circle, Kokrajhar","2,000","Principal Secretary, BTC, Kokrajhar",Kokrajhar,No,1.0,DD - Demand Draft,"1,31,000",Yes,fixed,,"E.E., PWD Building Division, Kokrajhar",Kokrajhar
,,,,,,,,,,,.pdf,BID SECURITY,,,,,,,,,,,,,,,,,,,,,,,,,,,,,,,,,,,,,,2.0,BC - Bankers Cheque,,,,,,
,,,,,,,,,,,.pdf,BIDDING DOCUMENT,,,,,,,,,,,,,,,,,,,,,,,,,,,,,,,,,,,,,,3.0,BG - Bank Guarantee Irrevocable,,,,,,
,,,,,,,,,,,.pdf,TECHNICAL QUALIFICATIONS,,,,,,,,,,,,,,,,,,,,,,,,,,,,,,,,,,,,,,4.0,FDR - Fixed Deposit Receipt,,,,,,
,,,,,,,,,2.0,Finance,.xls,BOQ,,,,,,,,,,,,,,,,,,,,,,,,,,,,,,,,,,,,,,,,,,,,,
,,,,,,,,,,,.pdf,FORM OF BID,,,,,,,,,,,,,,,,,,,,,,,,,,,,,,,,,,,,,,,,,,,,,
