﻿EMD Amount in ₹,EMD through BG/ST or EMD Exemption Allowed,EMD Fee Type,EMD Percentage,EMD Payable To,EMD Payable At,Organisation Chain,Tender Reference Number,Tender ID,Tender Type,Form of contract,Tender Category,No. of Covers,General Technical Evaluation Allowed,ItemWise Technical Evaluation Allowed,Payment Mode,Is Multi Currency Allowed For BOQ,Is Multi Currency Allowed For Fee,Allow Two Stage Bidding,Tender Fee in ₹,Fee Payable To,Fee Payable At,Tender Fee Exemption Allowed,Name,Address,Title,Work Description,Pre Qualification Details,Independent External Monitor/Remarks,Tender Value in ₹,Product Category,Sub category,Contract Type,Bid Validity(Days),Period Of Work(Days),Location,Pincode,Pre Bid Meeting Place,Pre Bid Meeting Address,Pre Bid Meeting Date,Bid Opening Place,Should Allow NDA Tender,Allow Preferential Bidder,Cover No,Cover,Document Type,Description,Publish Date,Bid Opening Date,Document Download / Sale Start Date,Document Download / Sale End Date,Clarification Start Date,Clarification End Date,Bid Submission Start Date,Bid Submission End Date,Financial Bid Opening Date,S.No,Instrument Type,S.No,Corrigendum Title,Corrigendum Type,View
"66,58,580",Yes,fixed,,"Chief Enginieer, PWD Roads Assam",Guwahati,Public Works Roads Department||CE PWD(R) - PWD||Traffic Engineering Cell - PWD,CE/STBR/NLCPR/SARUPETA/18,2018_PWD_5528_1,Open Tender,Item Rate,Works,2.0,No,No,Offline,No,No,No,"10,000",Empowered Officer ASRB,Guwahati,No,"Chief Engineer, PWD Roads, Assam","O/o the Chief Engineer, PWD Roads, Assam, Chandmari, 781003",BARPETA/NLCPR/2017-01,BARPETA/NLCPR/2017-01 Construction of two lane RoB in between Barpeta Railway Station and Sarupeta Railway Station replacing L.C.gate No.SK-37at Barpeta District under NLCPR,Please refer Tender documents. ,NA ,"33,29,29,000",Civil Works,NA ,Tender,180.0,730.0,BARPETA,781301.0,NA ,NA ,NA ,"O/o the Chief Engineer, PWD Roads, Assam",No ,No,1.0,Fee/PreQual/Technical,.pdf,EMD,06-Feb-2018 10:30 AM,22-Feb-2018 11:00 AM,07-Feb-2018 10:30 AM,20-Feb-2018 02:00 PM,07-Feb-2018 10:30 AM ,20-Feb-2018 02:00 PM ,07-Feb-2018 10:30 AM,20-Feb-2018 02:00 PM,05-Mar-2018 03:25 PM,1.0,DD - Demand Draft,1.0,Corrigendum for the Package No. BARPETA/NLCPR/2017-01,Other,
,,,,,,,,,,,,,,,,,,,,,,,,,,,,,,,,,,,,,,,,,,,,,.pdf,Cost of Tender Document,,,,,,,,,,2.0,BC - Bankers Cheque,,,,
,,,,,,,,,,,,,,,,,,,,,,,,,,,,,,,,,,,,,,,,,,,,,.pdf,Technical Qualification Details,,,,,,,,,,3.0,BG - Bank Guarantee Irrevocable,,,,
,,,,,,,,,,,,,,,,,,,,,,,,,,,,,,,,,,,,,,,,,,,,,.pdf,SBD,,,,,,,,,,4.0,FDR - Fixed Deposit Receipt,,,,
,,,,,,,,,,,,,,,,,,,,,,,,,,,,,,,,,,,,,,,,,,,2.0,Finance,.xls,BOQ,,,,,,,,,,,,,,,
,,,,,,,,,,,,,,,,,,,,,,,,,,,,,,,,,,,,,,,,,,,,,.pdf,FOB,,,,,,,,,,,,,,,
