﻿S.No,Instrument Type,Title,Work Description,Pre Qualification Details,Independent External Monitor/Remarks,Tender Value in ₹,Product Category,Sub category,Contract Type,Bid Validity(Days),Period Of Work(Days),Location,Pincode,Pre Bid Meeting Place,Pre Bid Meeting Address,Pre Bid Meeting Date,Bid Opening Place,Should Allow NDA Tender,Allow Preferential Bidder,Tender Fee in ₹,Fee Payable To,Fee Payable At,Tender Fee Exemption Allowed,Publish Date,Bid Opening Date,Document Download / Sale Start Date,Document Download / Sale End Date,Clarification Start Date,Clarification End Date,Bid Submission Start Date,Bid Submission End Date,Financial Bid Opening Date,S.No,Corrigendum Title,Corrigendum Type,View,EMD Amount in ₹,EMD through BG/ST or EMD Exemption Allowed,EMD Fee Type,EMD Percentage,EMD Payable To,EMD Payable At,Cover No,Cover,Document Type,Description,Organisation Chain,Tender Reference Number,Tender ID,Tender Type,Form of contract,Tender Category,No. of Covers,General Technical Evaluation Allowed,ItemWise Technical Evaluation Allowed,Payment Mode,Is Multi Currency Allowed For BOQ,Is Multi Currency Allowed For Fee,Allow Two Stage Bidding,Name,Address
1.0,DD - Demand Draft,"Infrastructure Development of Gauhati Medical College Hospital (GMCH) Bhangagarh, Guwahati-32 under vision Documents (New Construction works) (1) Construction of Hostel 4 (Annex) at GMCH, Guwahati -32","Infrastructure Development of Gauhati Medical College Hospital (GMCH) Bhangagarh, Guwahati-32 under vision Documents (New Construction works) (1) Construction of Hostel 4 (Annex) at GMCH, Guwahati -32",Please refer Tender documents. ,NA ,"9,69,15,000",Civil Works - Building,NA ,Tender,180.0,365.0,Guwahati,781032.0,"O/O The CE, P.W.D. (Bldg), Assam, Chandmari, Ghy-3 ","O/O The CE, P.W.D. (Bldg), Assam, Chandmari, Ghy-3 ",28-Jun-2018 11:00 AM ,"O/O The CE, P.W.D. (Bldg), Assam, Chandmari, Ghy-3",No ,No,"12,500",Assam State Road Board Maintenance (Road) Fund,Guwahati,No,18-Jun-2018 06:00 PM,13-Jul-2018 03:30 PM,18-Jun-2018 06:00 PM,12-Jul-2018 02:00 PM,NA ,NA ,18-Jun-2018 06:00 PM,12-Jul-2018 02:00 PM,28-Sep-2018 01:00 PM,1.0,ExtensionNotice,Date,,"19,38,304",Yes,fixed,,"E.E., PWD, Guwahati Building Division-II, Dispur",Guwahati,1.0,Fee/PreQual/Technical,.pdf,DOCUMENT COST,Public Works Building and NH Department||Chief Engineer-Building - PWBNH,GMCH-VD/ NCW-1-Hostel 4,2018_PWBNH_7643_1,Open Tender,Item Rate,Works,2.0,No,No,Offline,No,No,No,"CE, P.W.D. (Bldg), Assam, Chandmari, Ghy-3","O/O The CE, P.W.D. (Bldg), Assam, Chandmari, Ghy-3"
2.0,BC - Bankers Cheque,,,,,,,,,,,,,,,,,,,,,,,,,,,,,,,,,,,,,,,,,,,,.pdf,BID SECURITY,,,,,,,,,,,,,,,
3.0,BG - Bank Guarantee Irrevocable,,,,,,,,,,,,,,,,,,,,,,,,,,,,,,,,,,,,,,,,,,,,.pdf,BIDDING DOCUMENT,,,,,,,,,,,,,,,
4.0,FDR - Fixed Deposit Receipt,,,,,,,,,,,,,,,,,,,,,,,,,,,,,,,,,,,,,,,,,,,,.pdf,TECHNICAL QUALIFICATIONS,,,,,,,,,,,,,,,
,,,,,,,,,,,,,,,,,,,,,,,,,,,,,,,,,,,,,,,,,,,2.0,Finance,.xls,BOQ,,,,,,,,,,,,,,,
,,,,,,,,,,,,,,,,,,,,,,,,,,,,,,,,,,,,,,,,,,,,,.pdf,FORM OF BID,,,,,,,,,,,,,,,
