﻿Organisation Chain,Tender Reference Number,Tender ID,Tender Type,Form of contract,Tender Category,No. of Covers,General Technical Evaluation Allowed,ItemWise Technical Evaluation Allowed,Payment Mode,Is Multi Currency Allowed For BOQ,Is Multi Currency Allowed For Fee,Allow Two Stage Bidding,Publish Date,Bid Opening Date,Document Download / Sale Start Date,Document Download / Sale End Date,Clarification Start Date,Clarification End Date,Bid Submission Start Date,Bid Submission End Date,Financial Bid Opening Date,EMD Amount in ₹,EMD through BG/ST or EMD Exemption Allowed,EMD Fee Type,EMD Percentage,EMD Payable To,EMD Payable At,S.No,Instrument Type,Tender Fee in ₹,Fee Payable To,Fee Payable At,Tender Fee Exemption Allowed,Name,Address,Cover No,Cover,Document Type,Description,Title,Work Description,Pre Qualification Details,Independent External Monitor/Remarks,Tender Value in ₹,Product Category,Sub category,Contract Type,Bid Validity(Days),Period Of Work(Days),Location,Pincode,Pre Bid Meeting Place,Pre Bid Meeting Address,Pre Bid Meeting Date,Bid Opening Place,Should Allow NDA Tender,Allow Preferential Bidder
Bodoland Territorial Council||PWD-BTC,TN-209/2,2018_BoTC_6645_1,Open Tender,Item Rate,Works,2.0,No,No,Offline,No,No,No,02-Apr-2018 11:00 AM,09-Apr-2018 03:30 PM,02-Apr-2018 11:00 AM,09-Apr-2018 03:00 PM,NA ,NA ,02-Apr-2018 11:00 AM,09-Apr-2018 03:00 PM,25-Apr-2018 11:00 AM,"60,000",Yes,fixed,,"E.E., PWD Mushalpur (R and B) Divn., Mushalpur",Mushalpr,1.0,DD - Demand Draft,900.0,"Principal Secretary, BTC, Kokrajhar",Kokrajhar,No,"SE, PWD (R and B) Circle, Kokrajhar","O/O The SE, PWD (R and B) Circle, Kokrajhar",1.0,Fee/PreQual/Technical,.pdf,DOCUMENT COST,"Construction of Slab Culvert and approach road at Sesapar Gasaighar to Paddy field at Sesapar village under S.O.P.D. PWD Deptt., BTC for the year 2017-18.","Construction of Slab Culvert and approach road at Sesapar Gasaighar to Paddy field at Sesapar village under S.O.P.D. PWD Deptt., BTC for the year 2017-18.",Please refer Tender documents. ,NA ,"29,99,586",Civil Works,NA ,Tender,180.0,180.0,Baksa,781343.0,NA ,NA ,NA ,"O/O The SE, PWD (R and B) Circle, Kokrajhar",No ,No
,,,,,,,,,,,,,,,,,,,,,,,,,,,,2.0,BC - Bankers Cheque,,,,,,,,,.pdf,BID SECURITY,,,,,,,,,,,,,,,,,,
,,,,,,,,,,,,,,,,,,,,,,,,,,,,3.0,BG - Bank Guarantee Irrevocable,,,,,,,,,.pdf,BIDING DOCUMENT,,,,,,,,,,,,,,,,,,
,,,,,,,,,,,,,,,,,,,,,,,,,,,,4.0,FDR - Fixed Deposit Receipt,,,,,,,,,.pdf,TECHNICAL QUALIFICATIONS,,,,,,,,,,,,,,,,,,
,,,,,,,,,,,,,,,,,,,,,,,,,,,,,,,,,,,,2.0,Finance,.xls,BOQ,,,,,,,,,,,,,,,,,,
,,,,,,,,,,,,,,,,,,,,,,,,,,,,,,,,,,,,,,.pdf,FORM OF BID,,,,,,,,,,,,,,,,,,
