﻿S.No,Instrument Type,Organisation Chain,Tender Reference Number,Tender ID,Tender Type,Form of contract,Tender Category,No. of Covers,General Technical Evaluation Allowed,ItemWise Technical Evaluation Allowed,Payment Mode,Is Multi Currency Allowed For BOQ,Is Multi Currency Allowed For Fee,Allow Two Stage Bidding,EMD Amount in ₹,EMD through BG/ST or EMD Exemption Allowed,EMD Fee Type,EMD Percentage,EMD Payable To,EMD Payable At,Publish Date,Bid Opening Date,Document Download / Sale Start Date,Document Download / Sale End Date,Clarification Start Date,Clarification End Date,Bid Submission Start Date,Bid Submission End Date,Title,Work Description,Pre Qualification Details,Independent External Monitor/Remarks,Tender Value in ₹,Product Category,Sub category,Contract Type,Bid Validity(Days),Period Of Work(Days),Location,Pincode,Pre Bid Meeting Place,Pre Bid Meeting Address,Pre Bid Meeting Date,Bid Opening Place,Should Allow NDA Tender,Allow Preferential Bidder,Name,Address,Tender Fee in ₹,Fee Payable To,Fee Payable At,Tender Fee Exemption Allowed,Cover No,Cover,Document Type,Description,S.No,Corrigendum Title,Corrigendum Type,View
1.0,DD - Demand Draft,Public Works Roads Department,RANGAPARA/SOPD-G/2018-19/05,2018_PWD_10330_1,Open Tender,Item Rate,Works,2.0,No,No,Offline,No,No,No,"6,32,000",Yes,fixed,,Concerned Executive Engineer,Nil,10-Dec-2018 06:00 PM,03-Jan-2019 02:00 PM,10-Dec-2018 06:00 PM,02-Jan-2019 02:00 PM,NA ,NA ,10-Dec-2018 06:00 PM,02-Jan-2019 02:00 PM,Improvement and widening/ Construction of Meat Supply Rowmari road by providing Dense Graded Bituminous Macadam and Bituminous concrete under SOPD-G for the year 2018-19 in 74-Rangapara LAC under Sonitpur Rural Road Division(Ch. 3000.00 m to ch. 600,Improvement and widening/ Construction of Meat Supply Rowmari road by providing Dense Graded Bituminous Macadam and Bituminous concrete under SOPD-G for the year 2018-19 in 74-Rangapara LAC under Sonitpur Rural Road Division(Ch. 3000.00 m to ch. 60,Please refer Tender documents. ,NA ,"3,15,97,100",Civil Works,NA ,Tender,180.0,365.0,Rangapara,784505.0,"O/O The CE PWD (Roads), Assam, Chandmari, Ghy-3 ","O/O The CE PWD (Roads), Assam, Chandmari, Ghy-3 ",12-Dec-2018 11:00 AM ,"O/O The CE PWD (Roads), Assam, Chandmari, Ghy-3",No ,No,"CE PWRD(BR and NEC Works), Assam, Chandmari, Ghy-3","O/O The CE PWD (Roads), Assam, Chandmari, Ghy-3","9,500",Assam State Road Board A/C No. 10566991479,Guwahati,No,1.0,Fee/PreQual/Technical,.pdf,DOCUMENT COST,1.0,Extension 2nd,Date,
2.0,BC - Bankers Cheque,,,,,,,,,,,,,,,,,,,,,,,,,,,,,,,,,,,,,,,,,,,,,,,,,,,,,,.pdf,BID SECURITY,,,,
3.0,BG - Bank Guarantee Irrevocable,,,,,,,,,,,,,,,,,,,,,,,,,,,,,,,,,,,,,,,,,,,,,,,,,,,,,,.pdf,BIDDING DOCUMENT,,,,
4.0,FDR - Fixed Deposit Receipt,,,,,,,,,,,,,,,,,,,,,,,,,,,,,,,,,,,,,,,,,,,,,,,,,,,,,,.pdf,TECHNICAL QUALIFICATIONS,,,,
,,,,,,,,,,,,,,,,,,,,,,,,,,,,,,,,,,,,,,,,,,,,,,,,,,,,,2.0,Finance,.xls,BOQ,,,,
,,,,,,,,,,,,,,,,,,,,,,,,,,,,,,,,,,,,,,,,,,,,,,,,,,,,,,,.pdf,FORM OF BID,,,,
