﻿EMD Amount in ₹,EMD through BG/ST or EMD Exemption Allowed,EMD Fee Type,EMD Percentage,EMD Payable To,EMD Payable At,Tender Fee in ₹,Fee Payable To,Fee Payable At,Tender Fee Exemption Allowed,Organisation Chain,Tender Reference Number,Tender ID,Tender Type,Form of contract,Tender Category,No. of Covers,General Technical Evaluation Allowed,ItemWise Technical Evaluation Allowed,Payment Mode,Is Multi Currency Allowed For BOQ,Is Multi Currency Allowed For Fee,Allow Two Stage Bidding,Title,Work Description,Pre Qualification Details,Independent External Monitor/Remarks,Tender Value in ₹,Product Category,Sub category,Contract Type,Bid Validity(Days),Period Of Work(Days),Location,Pincode,Pre Bid Meeting Place,Pre Bid Meeting Address,Pre Bid Meeting Date,Bid Opening Place,Should Allow NDA Tender,Allow Preferential Bidder,S.No,Instrument Type,Cover No,Cover,Document Type,Description,Name,Address,Publish Date,Bid Opening Date,Document Download / Sale Start Date,Document Download / Sale End Date,Clarification Start Date,Clarification End Date,Bid Submission Start Date,Bid Submission End Date,Financial Bid Opening Date
"1,27,540",Yes,fixed,,"E E, PWD (R) Guwahati City Division No.-I",Guwahati,"1,913","Empowered officer, Assam State Road Board",Guwahati,No,Public Works Roads Department,CS/GCD-I/SOPD(G)/2018-19/651,2018_PWD_9235_1,Open Tender,Works,Works,2.0,No,No,Offline,No,No,No,ARIASP-CityI-239,"Improvement of Medical College Approach Road (In stretches) from Rotary to TV Tower (Repairing of Existing drain and road including provision of ICBP, BC etc. for the year 2018-19. (RETENDER)",Please refer Tender documents. ,NA ,"63,77,000",Civil Works,NA ,Tender,180.0,180.0,Kamrup,781021.0,NA ,NA ,NA ,"Superintending Engineer, PWD (R), ARIASP Circle",No ,No,1.0,DD - Demand Draft,1.0,Fee/PreQual/Technical,.pdf,Cost of Bid Document,"Superintending Engineer, PWD (R), ARIASP Circle","Bamunimaidam, Guwahati",02-Nov-2018 10:00 AM,08-Nov-2018 10:00 AM,02-Nov-2018 10:00 AM,07-Nov-2018 12:00 PM,02-Nov-2018 10:00 AM ,07-Nov-2018 11:00 AM ,02-Nov-2018 10:00 AM,07-Nov-2018 12:00 PM,27-Nov-2018 05:10 PM
,,,,,,,,,,,,,,,,,,,,,,,,,,,,,,,,,,,,,,,,,2.0,BC - Bankers Cheque,,,.pdf,Earnest Money,,,,,,,,,,,
,,,,,,,,,,,,,,,,,,,,,,,,,,,,,,,,,,,,,,,,,3.0,BG - Bank Guarantee Irrevocable,,,.pdf,SBD,,,,,,,,,,,
,,,,,,,,,,,,,,,,,,,,,,,,,,,,,,,,,,,,,,,,,4.0,FDR - Fixed Deposit Receipt,,,.pdf,Technical Qualification Papers,,,,,,,,,,,
,,,,,,,,,,,,,,,,,,,,,,,,,,,,,,,,,,,,,,,,,,,2.0,Finance,.xls,BOQ,,,,,,,,,,,
