﻿Tender Fee in ₹,Fee Payable To,Fee Payable At,Tender Fee Exemption Allowed,Title,Work Description,Pre Qualification Details,Independent External Monitor/Remarks,Tender Value in ₹,Product Category,Sub category,Contract Type,Bid Validity(Days),Period Of Work(Days),Location,Pincode,Pre Bid Meeting Place,Pre Bid Meeting Address,Pre Bid Meeting Date,Bid Opening Place,Should Allow NDA Tender,Allow Preferential Bidder,EMD Amount in ₹,EMD through BG/ST or EMD Exemption Allowed,EMD Fee Type,EMD Percentage,EMD Payable To,EMD Payable At,Cover No,Cover,Document Type,Description,Publish Date,Bid Opening Date,Document Download / Sale Start Date,Document Download / Sale End Date,Clarification Start Date,Clarification End Date,Bid Submission Start Date,Bid Submission End Date,Financial Bid Opening Date,S.No,Instrument Type,Organisation Chain,Tender Reference Number,Tender ID,Tender Type,Form of contract,Tender Category,No. of Covers,General Technical Evaluation Allowed,ItemWise Technical Evaluation Allowed,Payment Mode,Is Multi Currency Allowed For BOQ,Is Multi Currency Allowed For Fee,Allow Two Stage Bidding,Name,Address
100.0,"Director,DIRECTORATE OF ARCHAEOLOGY, ASSAM",Guwahati,No,"Group C, Protection, Preservation and Development of Charaideo Archaeological Site under SOPD-G for the year 2017-18, at Charaideo Arcaheological Site, Sukafa Nagar, Dist.- Charaideo, Assam","Group C, Protection, Preservation and Development of Charaideo Archaeological Site under SOPD-G for the year 2017-18, at Charaideo Arcaheological Site, Sukafa Nagar, Dist.- Charaideo, Assam.",Refer to bidding document ,NA ,"36,68,436",Civil Works,NA ,Tender,180.0,120.0,As per Tender Document,781001.0,NA ,NA ,NA ,"DIRECTORATE OF ARCHAEOLOGY, ASSAM",No ,No,"73,369",Yes,percentage,2.0%,"Director,DIRECTORATE OF ARCHAEOLOGY, ASSAM",Guwahati,1.0,Fee/PreQual/Technical,.pdf,Tender Fee and EMD,23-Mar-2018 06:55 PM,31-Mar-2018 03:00 PM,23-Mar-2018 06:55 PM,31-Mar-2018 12:00 PM,NA ,NA ,24-Mar-2018 10:00 AM,31-Mar-2018 12:00 PM,12-Jun-2018 03:25 PM,1.0,DD - Demand Draft,Department of Cultural Affairs||Directorate of Archeology,NO.ARCH.6/Pt./ Charaideo/e-T/2017-18/1452,2018_DCA_6499_4,Open Tender,Percentage,Works,2.0,No,No,Offline,No,No,No,"Director,DIRECTORATE OF ARCHAEOLOGY, ASSAM","DIRECTORATE OF ARCHAEOLOGY, ASSAM"
,,,,,,,,,,,,,,,,,,,,,,,,,,,,,,.pdf,Technical Documents,,,,,,,,,,2.0,BC - Bankers Cheque,,,,,,,,,,,,,,,
,,,,,,,,,,,,,,,,,,,,,,,,,,,,,,.pdf,Bidding Document,,,,,,,,,,,,,,,,,,,,,,,,,,
,,,,,,,,,,,,,,,,,,,,,,,,,,,,2.0,Finance,.xls,Price Bid,,,,,,,,,,,,,,,,,,,,,,,,,,
