﻿Publish Date,Bid Opening Date,Document Download / Sale Start Date,Document Download / Sale End Date,Clarification Start Date,Clarification End Date,Bid Submission Start Date,Bid Submission End Date,Financial Bid Opening Date,Tender Fee in ₹,Fee Payable To,Fee Payable At,Tender Fee Exemption Allowed,Name,Address,Cover No,Cover,Document Type,Description,Organisation Chain,Tender Reference Number,Tender ID,Tender Type,Form of contract,Tender Category,No. of Covers,General Technical Evaluation Allowed,ItemWise Technical Evaluation Allowed,Payment Mode,Is Multi Currency Allowed For BOQ,Is Multi Currency Allowed For Fee,Allow Two Stage Bidding,Title,Work Description,Pre Qualification Details,Independent External Monitor/Remarks,Tender Value in ₹,Product Category,Sub category,Contract Type,Bid Validity(Days),Period Of Work(Days),Location,Pincode,Pre Bid Meeting Place,Pre Bid Meeting Address,Pre Bid Meeting Date,Bid Opening Place,Should Allow NDA Tender,Allow Preferential Bidder,S.No,Instrument Type,EMD Amount in ₹,EMD through BG/ST or EMD Exemption Allowed,EMD Fee Type,EMD Percentage,EMD Payable To,EMD Payable At
11-May-2018 11:00 AM,17-May-2018 01:00 PM,11-May-2018 11:00 AM,16-May-2018 02:00 PM,11-May-2018 11:00 AM ,14-May-2018 02:00 PM ,11-May-2018 11:00 AM,16-May-2018 02:00 PM,18-May-2018 12:00 PM,871.0,Nil,Nil,No,SEPWDGRC,O/O the SE PWD GRC,1.0,Fee/PreQual/Technical,.pdf,Cost of Bid,Public Works Roads Department,CS/GRD/SOPD(G)./2018-19/04/,2018_PWD_7156_1,Open Tender,Item Rate,Works,2.0,No,No,Offline,No,No,No,KAM(R)/ SOPD/ GRC/265,Construction of RCC cover slab on Gauripur to North Guwahati college Road and Bottling Plant Road (Road L-3100.00 m) (Cover Slab L-900.00 m) under S.O.P.D.(G) for the year -2017-18-Guwahati Road Division-Jalukbari LAC.,Please refer tender ,NA ,"29,02,745",Civil Works – Roads,NA ,Tender,90.0,NA ,North Guwahati,781030.0,NA ,NA ,NA ,online,No ,No,1.0,DD - Demand Draft,"58,100",Yes,fixed,,Nil,Nil
,,,,,,,,,,,,,,,,,.pdf,Bid Security,,,,,,,,,,,,,,,,,,,,,,,,,,,,,,,,2.0,BC - Bankers Cheque,,,,,,
,,,,,,,,,,,,,,,,,.pdf,Technical Qualification Details,,,,,,,,,,,,,,,,,,,,,,,,,,,,,,,,3.0,BG - Bank Guarantee Irrevocable,,,,,,
,,,,,,,,,,,,,,,,,.pdf,SBD,,,,,,,,,,,,,,,,,,,,,,,,,,,,,,,,4.0,FDR - Fixed Deposit Receipt,,,,,,
,,,,,,,,,,,,,,,2.0,Finance,.xls,BOQ,,,,,,,,,,,,,,,,,,,,,,,,,,,,,,,,,,,,,,,
,,,,,,,,,,,,,,,,,.pdf,FOB,,,,,,,,,,,,,,,,,,,,,,,,,,,,,,,,,,,,,,,
