﻿Tender Fee in ₹,Fee Payable To,Fee Payable At,Tender Fee Exemption Allowed,Organisation Chain,Tender Reference Number,Tender ID,Tender Type,Form of contract,Tender Category,No. of Covers,General Technical Evaluation Allowed,ItemWise Technical Evaluation Allowed,Payment Mode,Is Multi Currency Allowed For BOQ,Is Multi Currency Allowed For Fee,Allow Two Stage Bidding,Cover No,Cover,Document Type,Description,Name,Address,S.No,Instrument Type,Title,Work Description,Pre Qualification Details,Independent External Monitor/Remarks,Tender Value in ₹,Product Category,Sub category,Contract Type,Bid Validity(Days),Period Of Work(Days),Location,Pincode,Pre Bid Meeting Place,Pre Bid Meeting Address,Pre Bid Meeting Date,Bid Opening Place,Should Allow NDA Tender,Allow Preferential Bidder,Publish Date,Bid Opening Date,Document Download / Sale Start Date,Document Download / Sale End Date,Clarification Start Date,Clarification End Date,Bid Submission Start Date,Bid Submission End Date,Financial Bid Opening Date,EMD Amount in ₹,EMD through BG/ST or EMD Exemption Allowed,EMD Fee Type,EMD Percentage,EMD Payable To,EMD Payable At
"2,800","Principal Secretary BTC, Kokrajhar","SBI, Kokrajhar",No,Bodoland Territorial Council-PWD||Director Cum CHD - PWD BTC,ACE36/TECH/UDLRB/FASFC/18-19/4,2018_BTC_7076_3,Open Tender,Item Rate,Works,2.0,No,No,Offline,No,No,No,1.0,Fee/PreQual/Technical,.pdf,EMD,"Addl. CE cum Director, PWD, BTC, Kokrajhar","O/o the Addl. CE cum Director, PWD, BTC, Kokrajhar",1.0,DD - Demand Draft,TN_19_3,TN_19_3 Const. of C.C. Block road with box culvert at Katharbari village road under Udalguri Dev. Block in Udalguri Rural Road Divisoin under 5th Assam State Finance Commission for the year 2017-18.,Please refer Tender documents. ,NA ,"92,53,272",Civil Works,NA ,Tender,180.0,240.0,Kokrajhar,788730.0,NA ,NA ,NA ,"O/o the Addl. CE cum Director, PWD, BTC, Kokrajhar",No ,No,05-May-2018 10:30 AM,22-May-2018 02:00 PM,05-May-2018 10:30 AM,21-May-2018 04:30 PM,05-May-2018 10:30 AM ,21-May-2018 04:00 PM ,05-May-2018 10:30 AM,21-May-2018 04:30 PM,10-Nov-2018 03:45 PM,"1,85,065",Yes,fixed,,"EE, PWD, Udalguri R and B Division",Udalguri
,,,,,,,,,,,,,,,,,,,.pdf,Cost of Tender Document,,,2.0,BC - Bankers Cheque,,,,,,,,,,,,,,,,,,,,,,,,,,,,,,,,,
,,,,,,,,,,,,,,,,,,,.pdf,Technical Qualification Details,,,3.0,BG - Bank Guarantee Irrevocable,,,,,,,,,,,,,,,,,,,,,,,,,,,,,,,,,
,,,,,,,,,,,,,,,,,,,.pdf,SBD,,,4.0,FDR - Fixed Deposit Receipt,,,,,,,,,,,,,,,,,,,,,,,,,,,,,,,,,
,,,,,,,,,,,,,,,,,2.0,Finance,.xls,BOQ,,,,,,,,,,,,,,,,,,,,,,,,,,,,,,,,,,,,,
,,,,,,,,,,,,,,,,,,,.pdf,FOB,,,,,,,,,,,,,,,,,,,,,,,,,,,,,,,,,,,,,
