﻿S.No,Corrigendum Title,Corrigendum Type,View,Organisation Chain,Tender Reference Number,Tender ID,Tender Type,Form of contract,Tender Category,No. of Covers,General Technical Evaluation Allowed,ItemWise Technical Evaluation Allowed,Payment Mode,Is Multi Currency Allowed For BOQ,Is Multi Currency Allowed For Fee,Allow Two Stage Bidding,Title,Work Description,Pre Qualification Details,Independent External Monitor/Remarks,Tender Value in ₹,Product Category,Sub category,Contract Type,Bid Validity(Days),Period Of Work(Days),Location,Pincode,Pre Bid Meeting Place,Pre Bid Meeting Address,Pre Bid Meeting Date,Bid Opening Place,Should Allow NDA Tender,Allow Preferential Bidder,EMD Amount in ₹,EMD through BG/ST or EMD Exemption Allowed,EMD Fee Type,EMD Percentage,EMD Payable To,EMD Payable At,Tender Fee in ₹,Fee Payable To,Fee Payable At,Tender Fee Exemption Allowed,Cover No,Cover,Document Type,Description,Publish Date,Bid Opening Date,Document Download / Sale Start Date,Document Download / Sale End Date,Clarification Start Date,Clarification End Date,Bid Submission Start Date,Bid Submission End Date,Name,Address,S.No,Instrument Type
1.0,Cancellation Notice,Cancellation of Tender,,Public Works Roads Department,Behali/SOPD-G/2018-19/02,2018_PWD_10258_1,Open Tender,Item Rate,Works,2.0,No,No,Offline,No,No,No,Improvement / Construction of road of Behali LAC under SOPD-G for the year 2018-19 under the Sonitpur Rural Road Division i) Imp. of Serlipathar Bihmarigaon Road. ii) Imp. of Borpura to Kharasimalu road iii) Imp. of NH-52 to Rongagorh Road vi)Imp.,Improvement / Construction of road of Behali LAC under SOPD-G for the year 2018-19 under the Sonitpur Rural Road Division i) Imp. of Serlipathar Bihmarigaon Road. ii) Imp. of Borpura to Kharasimalu road iii) Imp. of NH-52 to Rongagorh Road vi)Imp.,Please refer Tender documents. ,NA ,"2,86,96,000",Civil Works,NA ,Tender,180.0,270.0,Sonitpur,784001.0,"O/O The CE PWD (Roads), Assam, Chandmari, Ghy-3 ","O/O The CE PWD (Roads), Assam, Chandmari, Ghy-3 ",10-Dec-2018 11:00 AM ,"O/O The CE PWD (Roads), Assam, Chandmari, Ghy-3",No ,No,"5,73,900",Yes,fixed,,Concerned Executive Engineer,Nil,"10,000",Assam State Road Board A/C No. 10566991479,Guwahati,No,1.0,Fee/PreQual/Technical,.pdf,DOCUMENT COST,07-Dec-2018 10:00 AM,19-Dec-2018 11:00 AM,07-Dec-2018 10:00 AM,17-Dec-2018 02:00 PM,NA ,NA ,07-Dec-2018 10:00 AM,17-Dec-2018 02:00 PM,"CE PWRD(BR and NEC Works), Assam, Chandmari, Ghy-3","O/O The CE PWD (Roads), Assam, Chandmari, Ghy-3",1.0,DD - Demand Draft
,,,,,,,,,,,,,,,,,,,,,,,,,,,,,,,,,,,,,,,,,,,,,,,.pdf,BID SECURITY,,,,,,,,,,,2.0,BC - Bankers Cheque
,,,,,,,,,,,,,,,,,,,,,,,,,,,,,,,,,,,,,,,,,,,,,,,.pdf,BIDDING DOCUMENT,,,,,,,,,,,3.0,BG - Bank Guarantee Irrevocable
,,,,,,,,,,,,,,,,,,,,,,,,,,,,,,,,,,,,,,,,,,,,,,,.pdf,TECHNICAL QUALIFICATIONS,,,,,,,,,,,4.0,FDR - Fixed Deposit Receipt
,,,,,,,,,,,,,,,,,,,,,,,,,,,,,,,,,,,,,,,,,,,,,2.0,Finance,.xls,BOQ,,,,,,,,,,,,
,,,,,,,,,,,,,,,,,,,,,,,,,,,,,,,,,,,,,,,,,,,,,,,.pdf,FORM OF BID,,,,,,,,,,,,
