﻿S.No,Instrument Type,Organisation Chain,Tender Reference Number,Tender ID,Tender Type,Form of contract,Tender Category,No. of Covers,General Technical Evaluation Allowed,ItemWise Technical Evaluation Allowed,Payment Mode,Is Multi Currency Allowed For BOQ,Is Multi Currency Allowed For Fee,Allow Two Stage Bidding,Title,Work Description,Pre Qualification Details,Independent External Monitor/Remarks,Tender Value in ₹,Product Category,Sub category,Contract Type,Bid Validity(Days),Period Of Work(Days),Location,Pincode,Pre Bid Meeting Place,Pre Bid Meeting Address,Pre Bid Meeting Date,Bid Opening Place,Should Allow NDA Tender,Allow Preferential Bidder,Tender Fee in ₹,Fee Payable To,Fee Payable At,Tender Fee Exemption Allowed,Cover No,Cover,Document Type,Description,EMD Amount in ₹,EMD through BG/ST or EMD Exemption Allowed,EMD Fee Type,EMD Percentage,EMD Payable To,EMD Payable At,Publish Date,Bid Opening Date,Document Download / Sale Start Date,Document Download / Sale End Date,Clarification Start Date,Clarification End Date,Bid Submission Start Date,Bid Submission End Date,Financial Bid Opening Date,Name,Address
1.0,DD - Demand Draft,Public Works Building and NH Department||Chief Engineer-Building - PWBNH,SMC. E- 14_GROUP-N (DEO Margherita),2018_PWBNH_6877_1,Open Tender,Item Rate,Works,2.0,No,No,Offline,No,No,No,Construction of godowns/warehouse for proper storage of EVMs and VVPATs in the 50 election districts of Assam for the year 2017-18 GROUP-N (DEO Margherita),Construction of godowns/warehouse for proper storage of EVMs and VVPATs in the 50 election districts of Assam for the year 2017-18 GROUP-N (DEO Margherita),Please refer Tender documents. ,NA ,"1,94,81,431",Civil Works - Building,NA ,Tender,180.0,280.0,Margherita,786181.0,"O/O The CE, P.W.D. (Bldg), Assam, Chandmari, Ghy-3 ","O/O The CE, P.W.D. (Bldg), Assam, Chandmari, Ghy-3 ",23-Apr-2018 11:00 AM ,"O/O The CE, P.W.D. (Bldg), Assam, Chandmari, Ghy-3",No ,No,"6,000",Assam State Road Board Maintenance (Road) Fund,Guwahati,No,1.0,Fee/PreQual/Technical,.pdf,DOCUMENT COST,"3,89,650",Yes,fixed,,"E.E., PWD, Dibrugarh Building Division",Dibrugarh,18-Apr-2018 11:00 AM,27-Apr-2018 04:00 PM,18-Apr-2018 11:00 AM,27-Apr-2018 02:00 PM,NA ,NA ,18-Apr-2018 11:00 AM,27-Apr-2018 02:00 PM,16-May-2018 02:00 PM,"Addl CE PWD (Bldg), PCC Project Complex","O/O The CE, P.W.D. (Bldg), Assam, Chandmari, Ghy-3"
2.0,BC - Bankers Cheque,,,,,,,,,,,,,,,,,,,,,,,,,,,,,,,,,,,,,,.pdf,BID SECURITY,,,,,,,,,,,,,,,,,
3.0,BG - Bank Guarantee Irrevocable,,,,,,,,,,,,,,,,,,,,,,,,,,,,,,,,,,,,,,.pdf,BIDDING DOCUMENT,,,,,,,,,,,,,,,,,
4.0,FDR - Fixed Deposit Receipt,,,,,,,,,,,,,,,,,,,,,,,,,,,,,,,,,,,,,,.pdf,TECHNICAL QUALIFICATIONS,,,,,,,,,,,,,,,,,
,,,,,,,,,,,,,,,,,,,,,,,,,,,,,,,,,,,,,2.0,Finance,.xls,BOQ,,,,,,,,,,,,,,,,,
,,,,,,,,,,,,,,,,,,,,,,,,,,,,,,,,,,,,,,,.pdf,FORM OF BID,,,,,,,,,,,,,,,,,
