﻿EMD Amount in ₹,EMD through BG/ST or EMD Exemption Allowed,EMD Fee Type,EMD Percentage,EMD Payable To,EMD Payable At,S.No,Corrigendum Title,Corrigendum Type,View,Title,Work Description,Pre Qualification Details,Independent External Monitor/Remarks,Tender Value in ₹,Product Category,Sub category,Contract Type,Bid Validity(Days),Period Of Work(Days),Location,Pincode,Pre Bid Meeting Place,Pre Bid Meeting Address,Pre Bid Meeting Date,Bid Opening Place,Should Allow NDA Tender,Allow Preferential Bidder,Organisation Chain,Tender Reference Number,Tender ID,Tender Type,Form of contract,Tender Category,No. of Covers,General Technical Evaluation Allowed,ItemWise Technical Evaluation Allowed,Payment Mode,Is Multi Currency Allowed For BOQ,Is Multi Currency Allowed For Fee,Allow Two Stage Bidding,S.No,Instrument Type,Tender Fee in ₹,Fee Payable To,Fee Payable At,Tender Fee Exemption Allowed,Cover No,Cover,Document Type,Description,Publish Date,Bid Opening Date,Document Download / Sale Start Date,Document Download / Sale End Date,Clarification Start Date,Clarification End Date,Bid Submission Start Date,Bid Submission End Date,Financial Bid Opening Date,Name,Address
"1,79,899",Yes,percentage,2.0%,"Executive Engineer, Baksa W.R. Division, Mushalpur",Kokrajhar,1.0,Tender Document,Technical Bid,,Immediate measures for repairing of damages on Right Bank embankment of Puthimari river at 7th Km at Chauraguri under SDRF for 2017-18,Immediate measures for repairing of damages on Right Bank embankment of Puthimari river at 7th Km at Chauraguri under SDRF for 2017-18,Please refer to tender documents ,NA ,"89,94,932",Civil Works,NA ,Tender,90.0,60.0,Chauraguri (Baksa),781364.0,NA ,NA ,NA ,"O/O the Addl. Chief Engineer, Kokrajhar Zone, W.R.",No ,No,Bodoland Territorial Council-WRD,AdlCEKZWRAC104/1439dt.12.09.18,2018_BTCWR_8649_4,Open Tender,Item Rate,Works,2.0,No,No,Offline,No,No,No,1.0,DD - Demand Draft,"2,000","Executive Engineer, Baksa W.R. Division, Mushalpur",Kokrajhar,No,1.0,Fee/PreQual/Technical,.pdf,Tender Feee and EMD,15-Sep-2018 10:00 AM,24-Sep-2018 04:00 PM,15-Sep-2018 10:10 AM,24-Sep-2018 03:30 PM,NA ,NA ,19-Sep-2018 10:10 AM,24-Sep-2018 03:30 PM,27-Sep-2018 03:30 PM,"Addl. Chief Engineer, K.Z W.R. Deptt.","Addl. Chief Engineer, K.Z W.R. Deptt. BTC, KOkrajhar"
,,,,,,,,,,,,,,,,,,,,,,,,,,,,,,,,,,,,,,,,,2.0,FDR - Fixed Deposit Receipt,,,,,,,.pdf,Technical Qualification Documents,,,,,,,,,,,
,,,,,,,,,,,,,,,,,,,,,,,,,,,,,,,,,,,,,,,,,,,,,,,,,.pdf,Tender Documents Signed in each page,,,,,,,,,,,
,,,,,,,,,,,,,,,,,,,,,,,,,,,,,,,,,,,,,,,,,,,,,,,2.0,Finance,.xls,Bill of Quantity,,,,,,,,,,,
