﻿Tender Fee in ₹,Fee Payable To,Fee Payable At,Tender Fee Exemption Allowed,Organisation Chain,Tender Reference Number,Tender ID,Tender Type,Form of contract,Tender Category,No. of Covers,General Technical Evaluation Allowed,ItemWise Technical Evaluation Allowed,Payment Mode,Is Multi Currency Allowed For BOQ,Is Multi Currency Allowed For Fee,Allow Two Stage Bidding,Cover No,Cover,Document Type,Description,EMD Amount in ₹,EMD through BG/ST or EMD Exemption Allowed,EMD Fee Type,EMD Percentage,EMD Payable To,EMD Payable At,Title,Work Description,Pre Qualification Details,Independent External Monitor/Remarks,Tender Value in ₹,Product Category,Sub category,Contract Type,Bid Validity(Days),Period Of Work(Days),Location,Pincode,Pre Bid Meeting Place,Pre Bid Meeting Address,Pre Bid Meeting Date,Bid Opening Place,Should Allow NDA Tender,Allow Preferential Bidder,Publish Date,Bid Opening Date,Document Download / Sale Start Date,Document Download / Sale End Date,Clarification Start Date,Clarification End Date,Bid Submission Start Date,Bid Submission End Date,Name,Address,S.No,Instrument Type
"1,500",Empowered Officer ASRB,Guwahati,No,Public Works Roads Department,SE/JRC/SOPD(G)/1741.D,2018_PWD_10033_13,Open Tender,Item Rate,Works,2.0,No,No,Offline,No,No,No,1.0,Fee/PreQual/Technical,.pdf,Cost Of Bid,"1,47,000",Yes,fixed,,EE PWD Jorhat Rural Road Division,Jorhat,SOPD(G)/JRRD/DER/13,Cons of Jankhana Ganasatika Road,Please refer Tender documents. ,NA ,"73,11,327",Civil Works – Roads,NA ,Tender,180.0,180.0,Jorhat,785001.0,NA ,NA ,NA ,O/O The SE PWD JRC,No ,No,28-Nov-2018 10:00 AM,12-Dec-2018 01:00 PM,28-Nov-2018 10:00 AM,10-Dec-2018 04:00 PM,NA ,NA ,28-Nov-2018 10:00 AM,10-Dec-2018 04:00 PM,SE PWD JRC,O/O The SE PWD JRC,1.0,DD - Demand Draft
,,,,,,,,,,,,,,,,,,,.pdf,Bid Security,,,,,,,,,,,,,,,,,,,,,,,,,,,,,,,,,,,2.0,BC - Bankers Cheque
,,,,,,,,,,,,,,,,,,,.pdf,SBD,,,,,,,,,,,,,,,,,,,,,,,,,,,,,,,,,,,3.0,BG - Bank Guarantee Irrevocable
,,,,,,,,,,,,,,,,,,,.pdf,Technical Qualification Documents,,,,,,,,,,,,,,,,,,,,,,,,,,,,,,,,,,,4.0,FDR - Fixed Deposit Receipt
,,,,,,,,,,,,,,,,,2.0,Finance,.xls,BOQ,,,,,,,,,,,,,,,,,,,,,,,,,,,,,,,,,,,5.0,DCR - Deposit at call receipt
,,,,,,,,,,,,,,,,,,,.pdf,FOB,,,,,,,,,,,,,,,,,,,,,,,,,,,,,,,,,,,,
