﻿Tender Fee in ₹,Fee Payable To,Fee Payable At,Tender Fee Exemption Allowed,Name,Address,EMD Amount in ₹,EMD through BG/ST or EMD Exemption Allowed,EMD Fee Type,EMD Percentage,EMD Payable To,EMD Payable At,Organisation Chain,Tender Reference Number,Tender ID,Tender Type,Form of contract,Tender Category,No. of Covers,General Technical Evaluation Allowed,ItemWise Technical Evaluation Allowed,Payment Mode,Is Multi Currency Allowed For BOQ,Is Multi Currency Allowed For Fee,Allow Two Stage Bidding,Cover No,Cover,Document Type,Description,S.No,Instrument Type,Publish Date,Bid Opening Date,Document Download / Sale Start Date,Document Download / Sale End Date,Clarification Start Date,Clarification End Date,Bid Submission Start Date,Bid Submission End Date,Financial Bid Opening Date,Title,Work Description,Pre Qualification Details,Independent External Monitor/Remarks,Tender Value in ₹,Product Category,Sub category,Contract Type,Bid Validity(Days),Period Of Work(Days),Location,Pincode,Pre Bid Meeting Place,Pre Bid Meeting Address,Pre Bid Meeting Date,Bid Opening Place,Should Allow NDA Tender,Allow Preferential Bidder
"2,758","Empowered officer, Assam State Road Board",Guwahati,No,"Superintending Engineer, PWD (R), ARIASP Circle","Bamunimaidam, Guwahati","1,83,900",Yes,fixed,,"E E, PWD(R), Guwahati City Division No.-II",Guwahati,Public Works Roads Department,CS/GCD-II/TSP/2018-19/474,2018_PWD_9143_1,Open Tender,Works,Works,2.0,No,No,Offline,No,No,No,1.0,Fee/PreQual/Technical,.pdf,Cost of Bid Document,1.0,DD - Demand Draft,26-Oct-2018 10:00 AM,01-Nov-2018 10:00 AM,26-Oct-2018 10:00 AM,31-Oct-2018 01:00 PM,26-Oct-2018 10:00 AM ,31-Oct-2018 12:00 PM ,26-Oct-2018 10:00 AM,31-Oct-2018 01:00 PM,09-Nov-2018 09:00 AM,ARIASP-CityII-59,Improvement of Janakpur Path and its byelane at Beltola under TSP for the year 2018-19,Please refer Tender documents. ,NA ,"91,95,000",Civil Works,NA ,Tender,180.0,365.0,Kamrup,781021.0,NA ,NA ,NA ,"Superintending Engineer, PWD (R), ARIASP Circle",No ,No
,,,,,,,,,,,,,,,,,,,,,,,,,,,.pdf,Earnest Money,2.0,BC - Bankers Cheque,,,,,,,,,,,,,,,,,,,,,,,,,,,
,,,,,,,,,,,,,,,,,,,,,,,,,,,.pdf,SBD,3.0,BG - Bank Guarantee Irrevocable,,,,,,,,,,,,,,,,,,,,,,,,,,,
,,,,,,,,,,,,,,,,,,,,,,,,,,,.pdf,Technical Qualification Papers,4.0,FDR - Fixed Deposit Receipt,,,,,,,,,,,,,,,,,,,,,,,,,,,
,,,,,,,,,,,,,,,,,,,,,,,,,2.0,Finance,.xls,BOQ,,,,,,,,,,,,,,,,,,,,,,,,,,,,,
,,,,,,,,,,,,,,,,,,,,,,,,,,,.pdf,Form of Bid,,,,,,,,,,,,,,,,,,,,,,,,,,,,,
