﻿Name,Address,S.No,Instrument Type,Cover No,Cover,Document Type,Description,EMD Amount in ₹,EMD through BG/ST or EMD Exemption Allowed,EMD Fee Type,EMD Percentage,EMD Payable To,EMD Payable At,Title,Work Description,Pre Qualification Details,Independent External Monitor/Remarks,Tender Value in ₹,Product Category,Sub category,Contract Type,Bid Validity(Days),Period Of Work(Days),Location,Pincode,Pre Bid Meeting Place,Pre Bid Meeting Address,Pre Bid Meeting Date,Bid Opening Place,Should Allow NDA Tender,Allow Preferential Bidder,Publish Date,Bid Opening Date,Document Download / Sale Start Date,Document Download / Sale End Date,Clarification Start Date,Clarification End Date,Bid Submission Start Date,Bid Submission End Date,Organisation Chain,Tender Reference Number,Tender ID,Tender Type,Form of contract,Tender Category,No. of Covers,General Technical Evaluation Allowed,ItemWise Technical Evaluation Allowed,Payment Mode,Is Multi Currency Allowed For BOQ,Is Multi Currency Allowed For Fee,Allow Two Stage Bidding,Tender Fee in ₹,Fee Payable To,Fee Payable At,Tender Fee Exemption Allowed
SE PWD JRC,O/O THE SE PWD JRC,1.0,DD - Demand Draft,1.0,Fee/PreQual/Technical,.pdf,Cost of Bid,"1,75,800",Yes,fixed,,EE PWD JORHAT STATE ROAD DIVISION,JORHAT,SOPD(ODS)/JSRD/06,Tea Bagan Roads in Thengalbari,Please refer Tender documents. ,NA ,"87,88,969",Civil Works – Roads,NA ,Tender,90.0,180.0,JORHAT,785001.0,NA ,NA ,NA ,O/O THE SE PWD JRC,No ,No,29-Oct-2018 10:00 AM,07-Nov-2018 01:00 PM,29-Oct-2018 10:00 AM,05-Nov-2018 04:00 PM,NA ,NA ,29-Oct-2018 10:00 AM,05-Nov-2018 04:00 PM,Public Works Roads Department,XXVIII/691/SOPD(ODS)/1642,2018_PWD_9158_6,Open Tender,Item Rate,Works,2.0,No,No,Offline,No,No,No,"1,800",Empowered Officer ASRB,Guwahati,No
,,2.0,BC - Bankers Cheque,,,.pdf,Bid Security,,,,,,,,,,,,,,,,,,,,,,,,,,,,,,,,,,,,,,,,,,,,,,,,,
,,3.0,BG - Bank Guarantee Irrevocable,,,.pdf,SBD,,,,,,,,,,,,,,,,,,,,,,,,,,,,,,,,,,,,,,,,,,,,,,,,,
,,4.0,FDR - Fixed Deposit Receipt,,,.pdf,Technical Qualification Document,,,,,,,,,,,,,,,,,,,,,,,,,,,,,,,,,,,,,,,,,,,,,,,,,
,,5.0,DCR - Deposit at call receipt,2.0,Finance,.pdf,FOB,,,,,,,,,,,,,,,,,,,,,,,,,,,,,,,,,,,,,,,,,,,,,,,,,
,,,,,,.xls,BOQ,,,,,,,,,,,,,,,,,,,,,,,,,,,,,,,,,,,,,,,,,,,,,,,,,
