﻿S.No,Instrument Type,Cover No,Cover,Document Type,Description,EMD Amount in ₹,EMD through BG/ST or EMD Exemption Allowed,EMD Fee Type,EMD Percentage,EMD Payable To,EMD Payable At,Title,Work Description,Pre Qualification Details,Independent External Monitor/Remarks,Tender Value in ₹,Product Category,Sub category,Contract Type,Bid Validity(Days),Period Of Work(Days),Location,Pincode,Pre Bid Meeting Place,Pre Bid Meeting Address,Pre Bid Meeting Date,Bid Opening Place,Should Allow NDA Tender,Allow Preferential Bidder,Publish Date,Bid Opening Date,Document Download / Sale Start Date,Document Download / Sale End Date,Clarification Start Date,Clarification End Date,Bid Submission Start Date,Bid Submission End Date,Organisation Chain,Tender Reference Number,Tender ID,Tender Type,Form of contract,Tender Category,No. of Covers,General Technical Evaluation Allowed,ItemWise Technical Evaluation Allowed,Payment Mode,Is Multi Currency Allowed For BOQ,Is Multi Currency Allowed For Fee,Allow Two Stage Bidding,Tender Fee in ₹,Fee Payable To,Fee Payable At,Tender Fee Exemption Allowed,S.No,Corrigendum Title,Corrigendum Type,View,Name,Address
1,DD - Demand Draft,1.0,Fee,.pdf,Cost of Tender and EMD,693.0,Yes,percentage,2.0%,"The Executive Engineer, Nagaon WR Division",Nagaon,SURVEY 2,REJUVENATION OF KOLLONG RIVER (PRELIMINARY SURVEY and INVESTIGATION ETC. WORK PH-1),Please refer Tender documents. ,NA ,"34,666",Surveillance Equipments,NA ,Tender,180.0,30.0,Nagaon,782137.0,NA ,NA ,NA ,Guwahati,No ,No,12-Feb-2018 02:00 PM,19-Feb-2018 02:05 PM,12-Feb-2018 02:05 PM,19-Feb-2018 02:00 PM,NA ,NA ,13-Feb-2018 10:00 AM,19-Feb-2018 02:00 PM,Department of Water Resources||Chief Engineer - DoWR,NAGAON/SP/2017-18/1,2018_DoWR_4790_2,Open Tender,Supply,Goods,3.0,No,No,Offline,No,No,No,500.0,"The Executive Engineer, Nagaon WR Division",Nagaon,No,1.0,Retender,Retender,,"Chief Engineer,W.R.Deptt",O/O Chief Engineer Water Resources Department Chandmari
2,BC - Bankers Cheque,2.0,PreQual/Technical,.pdf,Technical Documents,,,,,,,,,,,,,,,,,,,,,,,,,,,,,,,,,,,,,,,,,,,,,,,,,,,,,,,
3,BG - Bank Guarantee Irrevocable,3.0,Finance,.xls,BOQ,,,,,,,,,,,,,,,,,,,,,,,,,,,,,,,,,,,,,,,,,,,,,,,,,,,,,,,
4,FDR - Fixed Deposit Receipt,,,,,,,,,,,,,,,,,,,,,,,,,,,,,,,,,,,,,,,,,,,,,,,,,,,,,,,,,,,
5,DCR - Deposit at call receipt,,,,,,,,,,,,,,,,,,,,,,,,,,,,,,,,,,,,,,,,,,,,,,,,,,,,,,,,,,,
