﻿Name,Address,EMD Amount in ₹,EMD through BG/ST or EMD Exemption Allowed,EMD Fee Type,EMD Percentage,EMD Payable To,EMD Payable At,Cover No,Cover,Document Type,Description,Publish Date,Bid Opening Date,Document Download / Sale Start Date,Document Download / Sale End Date,Clarification Start Date,Clarification End Date,Bid Submission Start Date,Bid Submission End Date,Financial Bid Opening Date,Title,Work Description,Pre Qualification Details,Independent External Monitor/Remarks,Tender Value in ₹,Product Category,Sub category,Contract Type,Bid Validity(Days),Period Of Work(Days),Location,Pincode,Pre Bid Meeting Place,Pre Bid Meeting Address,Pre Bid Meeting Date,Bid Opening Place,Should Allow NDA Tender,Allow Preferential Bidder,Tender Fee in ₹,Fee Payable To,Fee Payable At,Tender Fee Exemption Allowed,S.No,Instrument Type,Organisation Chain,Tender Reference Number,Tender ID,Tender Type,Form of contract,Tender Category,No. of Covers,General Technical Evaluation Allowed,ItemWise Technical Evaluation Allowed,Payment Mode,Is Multi Currency Allowed For BOQ,Is Multi Currency Allowed For Fee,Allow Two Stage Bidding
"Managing Director, ATDC Ltd.","Office of the Managing Director, Assam Tourism Development Corporation Ltd., Paltanbazar, Guwahati-8","1,92,346",Yes,fixed,,"Managing Director, ATDC Ltd.",Guwahati,1.0,Fee/PreQual/Technical,.pdf,Detail Notice Inviting Bid,20-Feb-2018 01:00 PM,06-Mar-2018 02:30 PM,21-Feb-2018 11:00 AM,03-Mar-2018 02:00 PM,NA ,NA ,21-Feb-2018 11:00 AM,03-Mar-2018 02:00 PM,09-Apr-2018 12:00 PM,Development of Tourism Infrastructure at Hajo,Development of Tourism Infrastructure at Hajo,Please refer Tender documents. ,NA ,"96,17,316",Civil Works - Others,NA ,Tender,180.0,365.0,"Hajo, District- Kamrup Rural, Assam",781102.0,Guwahati ,"Office of the Managing Director, Assam Tourism Development Corporation Ltd., Paltanbazar, Guwahati-8 ",26-Feb-2018 12:30 PM ,Guwahati,No ,No,"10,000","Managing Director, ATDC Ltd.",Guwahati,Yes,1.0,DD - Demand Draft,Department of Tourism||Assam Tourism Development Corporation Ltd. - DOT||HO-Guwahati-ATDCL - DOT,ATDC/CS/574/2017/7520 dtd. 08.02.2018,2018_DOT_5880_1,Open Tender,Item Rate,Works,2.0,No,No,Offline,No,No,No
,,,,,,,,,,.pdf,Security Deposit,,,,,,,,,,,,,,,,,,,,,,,,,,,,,,,,2.0,FDR - Fixed Deposit Receipt,,,,,,,,,,,,,
,,,,,,,,,,.pdf,Tender Fee,,,,,,,,,,,,,,,,,,,,,,,,,,,,,,,,,,,,,,,,,,,,,,
,,,,,,,,,,.pdf,Technical Bid with Sign and Seal,,,,,,,,,,,,,,,,,,,,,,,,,,,,,,,,,,,,,,,,,,,,,,
,,,,,,,,,,.pdf,Pre Qualification Details,,,,,,,,,,,,,,,,,,,,,,,,,,,,,,,,,,,,,,,,,,,,,,
,,,,,,,,2.0,Finance,.xls,BOQ,,,,,,,,,,,,,,,,,,,,,,,,,,,,,,,,,,,,,,,,,,,,,,
,,,,,,,,,,.pdf,Form of Bid,,,,,,,,,,,,,,,,,,,,,,,,,,,,,,,,,,,,,,,,,,,,,,
