﻿Cover No,Cover,Document Type,Description,Title,Work Description,Pre Qualification Details,Independent External Monitor/Remarks,Tender Value in ₹,Product Category,Sub category,Contract Type,Bid Validity(Days),Period Of Work(Days),Location,Pincode,Pre Bid Meeting Place,Pre Bid Meeting Address,Pre Bid Meeting Date,Bid Opening Place,Should Allow NDA Tender,Allow Preferential Bidder,S.No,Instrument Type,Tender Fee in ₹,Fee Payable To,Fee Payable At,Tender Fee Exemption Allowed,Name,Address,EMD Amount in ₹,EMD through BG/ST or EMD Exemption Allowed,EMD Fee Type,EMD Percentage,EMD Payable To,EMD Payable At,Publish Date,Bid Opening Date,Document Download / Sale Start Date,Document Download / Sale End Date,Clarification Start Date,Clarification End Date,Bid Submission Start Date,Bid Submission End Date,Financial Bid Opening Date,Organisation Chain,Tender Reference Number,Tender ID,Tender Type,Form of contract,Tender Category,No. of Covers,General Technical Evaluation Allowed,ItemWise Technical Evaluation Allowed,Payment Mode,Is Multi Currency Allowed For BOQ,Is Multi Currency Allowed For Fee,Allow Two Stage Bidding
1.0,Fee/PreQual/Technical,.pdf,EMD,TN_55_01,"TN_55_01 Construction of Grade-III and Grade IV Staff Qtr 12 units with earth filling and Community Hall at DC Campus, Udalguri under Udalguri Dist. under SOPD-G, 2017-18",Please refer Tender documents. ,NA ,"4,29,69,063",Civil Works,NA ,Tender,180.0,730.0,Kokrajhar,788730.0,NA ,NA ,NA ,"O/o the Addl. CE cum Director, PWD, BTC, Kokrajhar",No ,No,1.0,DD - Demand Draft,"13,000","Principal Secretary BTC, Kokrajhar","SBI, Kokrajhar",No,"Addl. CE cum Director, PWD, BTC, Kokrajhar","O/o the Addl. CE cum Director, PWD, BTC, Kokrajhar","8,59,381",Yes,fixed,,"EE, PWD, Udalguri R and B Division",Udalguri,23-May-2018 09:00 AM,08-Jun-2018 03:00 PM,23-May-2018 09:00 AM,07-Jun-2018 02:00 PM,23-May-2018 09:00 AM ,07-Jun-2018 02:00 PM ,23-May-2018 09:00 AM,07-Jun-2018 02:00 PM,27-Jun-2018 02:50 PM,Bodoland Territorial Council-PWD||Director Cum CHD - PWD BTC,09/ACE/BTC/UDL(RB)/18-19/03,2018_BTC_7326_1,Open Tender,Item Rate,Works,2.0,No,No,Offline,No,No,No
,,.pdf,Cost of Tender Document,,,,,,,,,,,,,,,,,,,2.0,BC - Bankers Cheque,,,,,,,,,,,,,,,,,,,,,,,,,,,,,,,,,,
,,.pdf,Technical Qualification Details,,,,,,,,,,,,,,,,,,,3.0,BG - Bank Guarantee Irrevocable,,,,,,,,,,,,,,,,,,,,,,,,,,,,,,,,,,
,,.pdf,SBD,,,,,,,,,,,,,,,,,,,4.0,FDR - Fixed Deposit Receipt,,,,,,,,,,,,,,,,,,,,,,,,,,,,,,,,,,
2.0,Finance,.xls,BOQ,,,,,,,,,,,,,,,,,,,,,,,,,,,,,,,,,,,,,,,,,,,,,,,,,,,,,,
,,.pdf,FOB,,,,,,,,,,,,,,,,,,,,,,,,,,,,,,,,,,,,,,,,,,,,,,,,,,,,,,
