﻿Name,Address,S.No,Instrument Type,EMD Amount in ₹,EMD through BG/ST or EMD Exemption Allowed,EMD Fee Type,EMD Percentage,EMD Payable To,EMD Payable At,Title,Work Description,Pre Qualification Details,Independent External Monitor/Remarks,Tender Value in ₹,Product Category,Sub category,Contract Type,Bid Validity(Days),Period Of Work(Days),Location,Pincode,Pre Bid Meeting Place,Pre Bid Meeting Address,Pre Bid Meeting Date,Bid Opening Place,Should Allow NDA Tender,Allow Preferential Bidder,Cover No,Cover,Document Type,Description,Publish Date,Bid Opening Date,Document Download / Sale Start Date,Document Download / Sale End Date,Clarification Start Date,Clarification End Date,Bid Submission Start Date,Bid Submission End Date,Financial Bid Opening Date,Organisation Chain,Tender Reference Number,Tender ID,Tender Type,Form of contract,Tender Category,No. of Covers,General Technical Evaluation Allowed,ItemWise Technical Evaluation Allowed,Payment Mode,Is Multi Currency Allowed For BOQ,Is Multi Currency Allowed For Fee,Allow Two Stage Bidding,Tender Fee in ₹,Fee Payable To,Fee Payable At,Tender Fee Exemption Allowed
"Superintending Engineer P.W.D., Tezpur Road Circle","Office of the Superintending Engineer P.W.D., Tezpur Road Circle, Tezpur",1.0,DD - Demand Draft,"2,00,000",Yes,fixed,,"EE, P.W.D., SRRD, Biswanath Chariali","Superintending Engineer P.W.D., Tezpur Road Circle",TRC/TB/SOPD(TG)2018-19/1288-91,Improvement of Sonabil TE Road for the year 2018_19 under SOPD ODS RANGAPARA LAC Package No. TRC_SOPD TG_RAN_05,Please refer Tender documents. ,NA ,"99,91,262",Civil Works – Roads,NA ,Tender,180.0,120.0,Rangapara,784505.0,"Office of the Superintending Engineer P.W.D., Tezp ","Office of the Superintending Engineer P.W.D., Tezpur Road Circle, Tezpur ",22-Nov-2018 11:00 AM ,"Superintending Engineer P.W.D., Tezpur Road Circle",No ,No,1.0,Fee/PreQual/Technical,.pdf,Bid Security and Cost of Tender Document and Affidavit for Correctness of Bid,10-Nov-2018 02:00 PM,03-Dec-2018 11:30 AM,12-Nov-2018 11:00 AM,29-Nov-2018 02:00 PM,10-Nov-2018 02:00 PM ,10-Nov-2018 04:00 PM ,13-Nov-2018 11:00 AM,29-Nov-2018 02:00 PM,11-Jan-2019 04:10 PM,Public Works Roads Department,TRC/TB/SOPD(TG)2018-19/1288-91,2018_PWD_9518_1,Open Tender,Item Rate,Works,2.0,No,No,Offline,No,No,No,"3,000","Empowered Officer, ASRB, Guwahati","Superintending Engineer P.W.D., Tezpur Road Circle",No
,,2.0,BG - Bank Guarantee Irrevocable,,,,,,,,,,,,,,,,,,,,,,,,,,,.pdf,FOB Technical Qualification Details,,,,,,,,,,,,,,,,,,,,,,,,,,
,,3.0,FDR - Fixed Deposit Receipt,,,,,,,,,,,,,,,,,,,,,,,,,,,.pdf,SBD,,,,,,,,,,,,,,,,,,,,,,,,,,
,,,,,,,,,,,,,,,,,,,,,,,,,,,,2.0,Finance,.xls,BOQ,,,,,,,,,,,,,,,,,,,,,,,,,,
,,,,,,,,,,,,,,,,,,,,,,,,,,,,,,.pdf,FOB Financial,,,,,,,,,,,,,,,,,,,,,,,,,,
