﻿Cover No,Cover,Document Type,Description,S.No,Instrument Type,Title,Work Description,Pre Qualification Details,Independent External Monitor/Remarks,Tender Value in ₹,Product Category,Sub category,Contract Type,Bid Validity(Days),Period Of Work(Days),Location,Pincode,Pre Bid Meeting Place,Pre Bid Meeting Address,Pre Bid Meeting Date,Bid Opening Place,Should Allow NDA Tender,Allow Preferential Bidder,Organisation Chain,Tender Reference Number,Tender ID,Tender Type,Form of contract,Tender Category,No. of Covers,General Technical Evaluation Allowed,ItemWise Technical Evaluation Allowed,Payment Mode,Is Multi Currency Allowed For BOQ,Is Multi Currency Allowed For Fee,Allow Two Stage Bidding,Publish Date,Bid Opening Date,Document Download / Sale Start Date,Document Download / Sale End Date,Clarification Start Date,Clarification End Date,Bid Submission Start Date,Bid Submission End Date,Financial Bid Opening Date,Tender Fee in ₹,Fee Payable To,Fee Payable At,Tender Fee Exemption Allowed,Name,Address,EMD Amount in ₹,EMD through BG/ST or EMD Exemption Allowed,EMD Fee Type,EMD Percentage,EMD Payable To,EMD Payable At
1.0,Fee/PreQual/Technical,.pdf,Tender fee and EMD,1.0,DD - Demand Draft,Supply of E-Rickshaw (modified) for FCS and CA Deptt,Invited from manufacturer / distributor / authorized dealer for selection of Manufacturer/ distributor/ authorized dealers for supply of 365 Nos. of E- Rickshaw (modified) for Aamar Dukan on Wheels,E-tender for E-Rickshaw (modified) ,NA ,0.0,Miscellaneous Works,E-Tender For E-Rickshaw (Modified ,Tender,365.0,365.0,"Directorate of FCS and CA, Bhangagarh, Guwahati-5",781005.0,Guwahati ,"Directorate of FCS and CA, Bhangagarh, Guwahati-5 ",23-Oct-2018 02:00 PM ,"Directorate of FCS and CA, Bhangagarh, Guwahati-5",No ,No,Food Civil Supplies and Consumer Affairs Department||Directorate of Food Civil Supplies and Consumer Affairs,DS(MC).3/2018/63 dt. 10-10-2018,2018_FCS_8937_1,Open Tender,Supply,Works,2.0,No,No,Offline,No,No,No,11-Oct-2018 11:00 AM,31-Oct-2018 03:00 PM,11-Oct-2018 12:00 PM,31-Oct-2018 02:00 PM,NA ,NA ,11-Oct-2018 12:00 PM,31-Oct-2018 02:00 PM,29-Dec-2018 03:00 PM,"2,000","DIrector, FCS and CA, Bhangagarh",Guwahati-5,No,"Director, FCS and CA","Directorate of FCS and CA, Bhangagarh, Guwahati-5","3,00,000",No,fixed,,"DIrector, FCS and CA, Bhangagarh",Guwahati-5
,,.pdf,Bidding documents to be signed by bidder,2.0,BC - Bankers Cheque,,,,,,,,,,,,,,,,,,,,,,,,,,,,,,,,,,,,,,,,,,,,,,,,,,,,
,,.pdf,Technical qualification,3.0,BG - Bank Guarantee Irrevocable,,,,,,,,,,,,,,,,,,,,,,,,,,,,,,,,,,,,,,,,,,,,,,,,,,,,
2.0,Finance,.xls,BOQ,4.0,FDR - Fixed Deposit Receipt,,,,,,,,,,,,,,,,,,,,,,,,,,,,,,,,,,,,,,,,,,,,,,,,,,,,
,,.pdf,Annexure of Price bid,,,,,,,,,,,,,,,,,,,,,,,,,,,,,,,,,,,,,,,,,,,,,,,,,,,,,,
