﻿S.No,Instrument Type,EMD Amount in ₹,EMD through BG/ST or EMD Exemption Allowed,EMD Fee Type,EMD Percentage,EMD Payable To,EMD Payable At,Publish Date,Bid Opening Date,Document Download / Sale Start Date,Document Download / Sale End Date,Clarification Start Date,Clarification End Date,Bid Submission Start Date,Bid Submission End Date,Financial Bid Opening Date,Title,Work Description,Pre Qualification Details,Independent External Monitor/Remarks,Tender Value in ₹,Product Category,Sub category,Contract Type,Bid Validity(Days),Period Of Work(Days),Location,Pincode,Pre Bid Meeting Place,Pre Bid Meeting Address,Pre Bid Meeting Date,Bid Opening Place,Should Allow NDA Tender,Allow Preferential Bidder,Tender Fee in ₹,Fee Payable To,Fee Payable At,Tender Fee Exemption Allowed,Cover No,Cover,Document Type,Description,Organisation Chain,Tender Reference Number,Tender ID,Tender Type,Form of contract,Tender Category,No. of Covers,General Technical Evaluation Allowed,ItemWise Technical Evaluation Allowed,Payment Mode,Is Multi Currency Allowed For BOQ,Is Multi Currency Allowed For Fee,Allow Two Stage Bidding,Name,Address
1.0,DD - Demand Draft,"92,600",Yes,fixed,,"EE, PWD, Kokrajhar Building Division",Kokrajhar,27-Sep-2018 12:00 PM,09-Oct-2018 02:00 PM,27-Sep-2018 12:00 PM,08-Oct-2018 04:30 PM,27-Sep-2018 12:00 PM ,08-Oct-2018 04:00 PM ,27-Sep-2018 12:00 PM,08-Oct-2018 04:30 PM,24-Oct-2018 03:10 PM,TN_187_A,"TN_187_A Repairing of Top Roof, Renovation/Repairing and Floor Tiles Fitting, Construction of Conference Hall, Repairing/Construction of approach road drainage system and supplying installation of A/C Machine and Projector at Conference Hall of CHD/",Please refer Tender documents. ,NA ,"46,29,712",Civil Works,NA ,Tender,180.0,240.0,Kokrajhar,788730.0,NA ,NA ,NA ,"O/o the Addl. CE cum Director, PWD, BTC, Kokrajhar",No ,No,"1,400","Principal Secretary BTC, Kokrajhar","SBI, Kokrajhar",No,1.0,Fee/PreQual/Technical,.pdf,EMD,Bodoland Territorial Council-PWD||Director Cum CHD - PWD BTC,ACE50/TECH/KOK(Bldg)/16-17/133,2018_BTC_8741_1,Open Tender,Item Rate,Works,2.0,No,No,Offline,No,No,No,"Addl. CE cum Director, PWD, BTC, Kokrajhar","O/o the Addl. CE cum Director, PWD, BTC, Kokrajhar"
2.0,BC - Bankers Cheque,,,,,,,,,,,,,,,,,,,,,,,,,,,,,,,,,,,,,,,,.pdf,Cost of Tender Document,,,,,,,,,,,,,,,
3.0,BG - Bank Guarantee Irrevocable,,,,,,,,,,,,,,,,,,,,,,,,,,,,,,,,,,,,,,,,.pdf,Technical Qualification Details,,,,,,,,,,,,,,,
4.0,FDR - Fixed Deposit Receipt,,,,,,,,,,,,,,,,,,,,,,,,,,,,,,,,,,,,,,,,.pdf,SBD,,,,,,,,,,,,,,,
,,,,,,,,,,,,,,,,,,,,,,,,,,,,,,,,,,,,,,,2.0,Finance,.xls,BOQ,,,,,,,,,,,,,,,
,,,,,,,,,,,,,,,,,,,,,,,,,,,,,,,,,,,,,,,,,.pdf,FOB,,,,,,,,,,,,,,,
