﻿S.No,Instrument Type,Publish Date,Bid Opening Date,Document Download / Sale Start Date,Document Download / Sale End Date,Clarification Start Date,Clarification End Date,Bid Submission Start Date,Bid Submission End Date,Financial Bid Opening Date,EMD Amount in ₹,EMD through BG/ST or EMD Exemption Allowed,EMD Fee Type,EMD Percentage,EMD Payable To,EMD Payable At,Cover No,Cover,Document Type,Description,Tender Fee in ₹,Fee Payable To,Fee Payable At,Tender Fee Exemption Allowed,Name,Address,Title,Work Description,Pre Qualification Details,Independent External Monitor/Remarks,Tender Value in ₹,Product Category,Sub category,Contract Type,Bid Validity(Days),Period Of Work(Days),Location,Pincode,Pre Bid Meeting Place,Pre Bid Meeting Address,Pre Bid Meeting Date,Bid Opening Place,Should Allow NDA Tender,Allow Preferential Bidder,Organisation Chain,Tender Reference Number,Tender ID,Tender Type,Form of contract,Tender Category,No. of Covers,General Technical Evaluation Allowed,ItemWise Technical Evaluation Allowed,Payment Mode,Is Multi Currency Allowed For BOQ,Is Multi Currency Allowed For Fee,Allow Two Stage Bidding
1.0,DD - Demand Draft,23-Feb-2018 10:30 AM,06-Mar-2018 02:00 PM,23-Feb-2018 10:30 AM,05-Mar-2018 04:30 PM,23-Feb-2018 10:30 AM ,05-Mar-2018 04:00 PM ,23-Feb-2018 10:30 AM,05-Mar-2018 04:30 PM,09-Mar-2018 03:15 PM,"79,606",Yes,fixed,,"EE, PWD of concerning Division",concerning Division,1.0,Fee/PreQual/Technical,.pdf,EMD,"1,200","Principal Secretary BTC, Kokrajhar","SBI, Kokrajhar",No,"Addl. CE cum Director, PWD, BTC, Kokrajhar","O/o the Addl. CE cum Director, PWD, BTC, Kokrajhar",TN_397_02,TN_397_02 Construction/ strengthening of road by ICBP from Ultapani L.P. School to Ultapani Village link road (Left side) (0.760 K.M.) under BADP (SCA) Scheme under Kokrajhar District for the year 2017-18.,Please refer Tender documents. ,NA ,"39,80,300",Civil Works,NA ,Tender,180.0,180.0,Kokrajhar,788730.0,NA ,NA ,NA ,"O/o the Addl. CE cum Director, PWD, BTC, Kokrajhar",No ,No,Bodoland Territorial Council-PWD||Director Cum CHD - PWD BTC,ACE101/TECH/NIT/BTC/BADP/16-17,2018_BTC_5960_2,Open Tender,Item Rate,Works,2.0,No,No,Offline,No,No,No
2.0,BC - Bankers Cheque,,,,,,,,,,,,,,,,,,.pdf,Cost of Tender Document,,,,,,,,,,,,,,,,,,,,,,,,,,,,,,,,,,,,,
3.0,BG - Bank Guarantee Irrevocable,,,,,,,,,,,,,,,,,,.pdf,Technical Qualification Details,,,,,,,,,,,,,,,,,,,,,,,,,,,,,,,,,,,,,
4.0,FDR - Fixed Deposit Receipt,,,,,,,,,,,,,,,,,,.pdf,SBD,,,,,,,,,,,,,,,,,,,,,,,,,,,,,,,,,,,,,
,,,,,,,,,,,,,,,,,2.0,Finance,.xls,BOQ,,,,,,,,,,,,,,,,,,,,,,,,,,,,,,,,,,,,,
,,,,,,,,,,,,,,,,,,,.pdf,FOB,,,,,,,,,,,,,,,,,,,,,,,,,,,,,,,,,,,,,
