﻿Title,Work Description,Pre Qualification Details,Independent External Monitor/Remarks,Tender Value in ₹,Product Category,Sub category,Contract Type,Bid Validity(Days),Period Of Work(Days),Location,Pincode,Pre Bid Meeting Place,Pre Bid Meeting Address,Pre Bid Meeting Date,Bid Opening Place,Should Allow NDA Tender,Allow Preferential Bidder,Cover No,Cover,Document Type,Description,S.No,Corrigendum Title,Corrigendum Type,View,S.No,Instrument Type,Name,Address,Organisation Chain,Tender Reference Number,Tender ID,Tender Type,Form of contract,Tender Category,No. of Covers,General Technical Evaluation Allowed,ItemWise Technical Evaluation Allowed,Payment Mode,Is Multi Currency Allowed For BOQ,Is Multi Currency Allowed For Fee,Allow Two Stage Bidding,Tender Fee in ₹,Fee Payable To,Fee Payable At,Tender Fee Exemption Allowed,EMD Amount in ₹,EMD through BG/ST or EMD Exemption Allowed,EMD Fee Type,EMD Percentage,EMD Payable To,EMD Payable At,Publish Date,Bid Opening Date,Document Download / Sale Start Date,Document Download / Sale End Date,Clarification Start Date,Clarification End Date,Bid Submission Start Date,Bid Submission End Date
MLCSNA/Hailakandi/03,"Construction of RCC Br. No 1/1 Over Nalah at Vatirkupa Pt-I (Saidbond Pt-III) near house of Sahidul Alom Choudhury , Ex Mnister under Mahabir Lachit -Chilarai Setu Nirman Abhijan under RIDF XXIV for the year 2018-19 P No MLCSNA/Hailakandi/03",Please refer Tender documents. ,NA ,"4,44,85,000",Civil Works,NA ,Tender,180.0,540.0,Hailakandi,781003.0,O/o the C.E PWD (Roads) ,O/o the C.E PWD (Roads) Chandmari Guwahati-3 ,19-Nov-2018 11:00 AM ,O/o the C.E PWD (Roads),No ,No,1.0,Fee/PreQual/Technical,.pdf,Cost of Bid,1.0,Cancel of Bid,Retender,,1.0,DD - Demand Draft,C.E PWD (Roads),O/o the C.E PWD (Roads) Chandmari Guwahati-3,Public Works Roads Department||CE (Border Roads and NEC Works) - PWD||NEC Roads and Bridge Cell - PWD,MLCSNA/RIDF/42/18-19/Pt/15,2018_PWD_9700_13,Open Tender,Item Rate,Works,2.0,No,No,Offline,No,No,No,"10,000",Empowered Officer ASRB,Chandmari Guwahati-3,No,"8,89,700",Yes,fixed,,Chief Engineer PWD (Roads),Chandmari Guwahati-3,15-Nov-2018 01:30 PM,01-Dec-2018 11:00 AM,15-Nov-2018 01:30 PM,30-Nov-2018 04:00 PM,15-Nov-2018 01:30 PM ,30-Nov-2018 04:00 PM ,15-Nov-2018 01:30 PM,30-Nov-2018 04:00 PM
,,,,,,,,,,,,,,,,,,,,.pdf,Bid Security,,,,,2.0,BC - Bankers Cheque,,,,,,,,,,,,,,,,,,,,,,,,,,,,,,,,,
,,,,,,,,,,,,,,,,,,,,.pdf,Technical Qualification Details,,,,,3.0,SS - Small Savings Instrument,,,,,,,,,,,,,,,,,,,,,,,,,,,,,,,,,
,,,,,,,,,,,,,,,,,,,,.pdf,Standard Bidding Document,,,,,4.0,BG - Bank Guarantee Irrevocable,,,,,,,,,,,,,,,,,,,,,,,,,,,,,,,,,
,,,,,,,,,,,,,,,,,,2.0,Finance,.xls,BOQ,,,,,5.0,FDR - Fixed Deposit Receipt,,,,,,,,,,,,,,,,,,,,,,,,,,,,,,,,,
,,,,,,,,,,,,,,,,,,,,.pdf,FOB,,,,,,,,,,,,,,,,,,,,,,,,,,,,,,,,,,,,,,,
