﻿S.No,Instrument Type,EMD Amount in ₹,EMD through BG/ST or EMD Exemption Allowed,EMD Fee Type,EMD Percentage,EMD Payable To,EMD Payable At,Organisation Chain,Tender Reference Number,Tender ID,Tender Type,Form of contract,Tender Category,No. of Covers,General Technical Evaluation Allowed,ItemWise Technical Evaluation Allowed,Payment Mode,Is Multi Currency Allowed For BOQ,Is Multi Currency Allowed For Fee,Allow Two Stage Bidding,Tender Fee in ₹,Fee Payable To,Fee Payable At,Tender Fee Exemption Allowed,Title,Work Description,Pre Qualification Details,Independent External Monitor/Remarks,Tender Value in ₹,Product Category,Sub category,Contract Type,Bid Validity(Days),Period Of Work(Days),Location,Pincode,Pre Bid Meeting Place,Pre Bid Meeting Address,Pre Bid Meeting Date,Bid Opening Place,Should Allow NDA Tender,Allow Preferential Bidder,Publish Date,Bid Opening Date,Document Download / Sale Start Date,Document Download / Sale End Date,Clarification Start Date,Clarification End Date,Bid Submission Start Date,Bid Submission End Date,Financial Bid Opening Date,Cover No,Cover,Document Type,Description,Name,Address
1.0,DD - Demand Draft,"1,94,110",Yes,fixed,,"EXECUTIVE ENGINEER , UDALGURI R AND B DIVISION",UDALGURI,Public Works Roads Department,URBD/Tech/Tea-Garden/2018-19/4,2018_PWD_9964_13,Open Tender,Item Rate,Works,2.0,No,No,Offline,No,No,No,"2,920",EMPOWERED OFFICER ASRB,CHANDMARI GUWAHATI-3,No,UDL_ SOPD(ODS)_TE_18-19_29,Construction of internal road of Atterikhat TE under SOPD(ODS) for the year 2018-19 P NO UDL_ SOPD(ODS)_TE_18-19_29,Please refer Tender documents. ,NA ,"97,05,503",Civil Works,NA ,Tender,180.0,90.0,UDALGURI,781003.0,NA ,NA ,NA ,O/O THE C.E PWD (ROADS),No ,No,20-Nov-2018 02:00 PM,01-Dec-2018 11:00 AM,20-Nov-2018 02:00 PM,30-Nov-2018 02:00 PM,20-Nov-2018 02:00 PM ,30-Nov-2018 02:00 PM ,20-Nov-2018 02:00 PM,30-Nov-2018 02:00 PM,22-Dec-2018 03:00 PM,1.0,Fee/PreQual/Technical,.pdf,COST OF BID,E.E UDALGURI R AND B DIVISION,"E.E UDALGURI R AND B DIVISION, UDALGURI"
2.0,BC - Bankers Cheque,,,,,,,,,,,,,,,,,,,,,,,,,,,,,,,,,,,,,,,,,,,,,,,,,,,,,.pdf,BID SECURITY,,
3.0,SS - Small Savings Instrument,,,,,,,,,,,,,,,,,,,,,,,,,,,,,,,,,,,,,,,,,,,,,,,,,,,,,.pdf,TECHNICAL QUALIFICATION DETAIL,,
4.0,BG - Bank Guarantee Irrevocable,,,,,,,,,,,,,,,,,,,,,,,,,,,,,,,,,,,,,,,,,,,,,,,,,,,,,.pdf,SBD,,
5.0,FDR - Fixed Deposit Receipt,,,,,,,,,,,,,,,,,,,,,,,,,,,,,,,,,,,,,,,,,,,,,,,,,,,2.0,Finance,.xls,BOQ,,
,,,,,,,,,,,,,,,,,,,,,,,,,,,,,,,,,,,,,,,,,,,,,,,,,,,,,,.pdf,FOB,,
