﻿Title,Work Description,Pre Qualification Details,Independent External Monitor/Remarks,Tender Value in ₹,Product Category,Sub category,Contract Type,Bid Validity(Days),Period Of Work(Days),Location,Pincode,Pre Bid Meeting Place,Pre Bid Meeting Address,Pre Bid Meeting Date,Bid Opening Place,Should Allow NDA Tender,Allow Preferential Bidder,Cover No,Cover,Document Type,Description,Publish Date,Bid Opening Date,Document Download / Sale Start Date,Document Download / Sale End Date,Clarification Start Date,Clarification End Date,Bid Submission Start Date,Bid Submission End Date,Financial Bid Opening Date,Tender Fee in ₹,Fee Payable To,Fee Payable At,Tender Fee Exemption Allowed,Name,Address,S.No,Instrument Type,Organisation Chain,Tender Reference Number,Tender ID,Tender Type,Form of contract,Tender Category,No. of Covers,General Technical Evaluation Allowed,ItemWise Technical Evaluation Allowed,Payment Mode,Is Multi Currency Allowed For BOQ,Is Multi Currency Allowed For Fee,Allow Two Stage Bidding,EMD Amount in ₹,EMD through BG/ST or EMD Exemption Allowed,EMD Fee Type,EMD Percentage,EMD Payable To,EMD Payable At
Construction of RCC Mini Bridge over Ratikhola River at Amteka to No 1 Oxiguri village road under SOPD CD 2018-19.,DPRD/BTC/SOPD/Chi-17/2018/19/2,Please refer Tender documents. ,NA ,"44,77,389",Civil Works,NA ,Tender,180.0,90.0,Amteka Chirang,783385.0,NA ,NA ,NA ,Director PNRD BTC Kokrajhar,No ,No,1.0,Fee/PreQual/Technical,.pdf,Cost of Bid,23-Jun-2018 10:30 AM,29-Jun-2018 05:00 PM,23-Jun-2018 10:30 AM,29-Jun-2018 04:30 PM,23-Jun-2018 10:30 AM ,29-Jun-2018 04:00 PM ,23-Jun-2018 10:30 AM,29-Jun-2018 04:30 PM,30-Jun-2018 10:00 AM,"1,343",Principal Secretary BTC Kokrajhar,Kokrajhar,No,Director PNRD BTC Kokrajhar,Director PNRD BTC Kokrajhar,1.0,DD - Demand Draft,Bodoland Territorial Council||Panchayat and Rural Development-BTC,DPRD/BTC/SOPD/Chi-17/2018/19/2,2018_BoTC_7704_1,Open Tender,Item Rate,Works,2.0,No,No,Offline,No,No,No,"89,548",Yes,fixed,,Director PNRD BTC Kokrajhar,Kokrajhar
,,,,,,,,,,,,,,,,,,,,.pdf,EMD,,,,,,,,,,,,,,,,2.0,BC - Bankers Cheque,,,,,,,,,,,,,,,,,,,
,,,,,,,,,,,,,,,,,,,,.pdf,SBD,,,,,,,,,,,,,,,,3.0,SS - Small Savings Instrument,,,,,,,,,,,,,,,,,,,
,,,,,,,,,,,,,,,,,,,,.pdf,Technical Qualifications,,,,,,,,,,,,,,,,4.0,BG - Bank Guarantee Irrevocable,,,,,,,,,,,,,,,,,,,
,,,,,,,,,,,,,,,,,,2.0,Finance,.xls,BOQ,,,,,,,,,,,,,,,,5.0,FDR - Fixed Deposit Receipt,,,,,,,,,,,,,,,,,,,
,,,,,,,,,,,,,,,,,,,,.pdf,FOB,,,,,,,,,,,,,,,,,,,,,,,,,,,,,,,,,,,,
