﻿Name,Address,EMD Amount in ₹,EMD through BG/ST or EMD Exemption Allowed,EMD Fee Type,EMD Percentage,EMD Payable To,EMD Payable At,Tender Fee in ₹,Fee Payable To,Fee Payable At,Tender Fee Exemption Allowed,Publish Date,Bid Opening Date,Document Download / Sale Start Date,Document Download / Sale End Date,Clarification Start Date,Clarification End Date,Bid Submission Start Date,Bid Submission End Date,Financial Bid Opening Date,S.No,Instrument Type,Title,Work Description,Pre Qualification Details,Independent External Monitor/Remarks,Tender Value in ₹,Product Category,Sub category,Contract Type,Bid Validity(Days),Period Of Work(Days),Location,Pincode,Pre Bid Meeting Place,Pre Bid Meeting Address,Pre Bid Meeting Date,Bid Opening Place,Should Allow NDA Tender,Allow Preferential Bidder,Organisation Chain,Tender Reference Number,Tender ID,Tender Type,Form of contract,Tender Category,No. of Covers,General Technical Evaluation Allowed,ItemWise Technical Evaluation Allowed,Payment Mode,Is Multi Currency Allowed For BOQ,Is Multi Currency Allowed For Fee,Allow Two Stage Bidding,Cover No,Cover,Document Type,Description
"Chief Engineer, PWD (Roads), Assam","O/o the Chief Engineer, PWD (Roads), Assam, Chandmari, Guwahati, 781003","6,65,000",Yes,fixed,,"Chief Engineer, PWD (Roads), Assam",Guwahati,"10,000",Empowered Officer ASRB,Guwahati,No,15-Nov-2018 11:00 AM,26-Nov-2018 03:00 PM,15-Nov-2018 11:00 AM,26-Nov-2018 02:00 PM,15-Nov-2018 11:00 AM ,22-Nov-2018 04:00 PM ,20-Nov-2018 11:00 AM,26-Nov-2018 02:00 PM,24-Dec-2018 01:10 PM,1.0,DD - Demand Draft,CE/SOPD/18-19/Batodrava-02,CE/Maint/SOPD/18-19/Batodrava-02 Improvement/Construction of (i) Medhichuk Kujidah Samuagaon (ii) Dhing Road to West Raidongia Rajagaon (iii) Jajari Chabukdhora Road (iv) Bogariguri Kujisatra Road under SOPD for 2018-19 under Nagaon Rural Road D,Please refer Tender documents. ,NA ,"3,32,73,000",Civil Works,NA ,Tender,180.0,365.0,Nagaon,782001.0,NA ,NA ,NA ,"O/o the Chief Engineer, PWD (Roads), Assam",No ,No,Public Works Roads Department,CE/Maint/SOPD/78/2018/2,2018_PWD_9486_48,Open Tender,Item Rate,Works,2.0,No,No,Offline,No,No,No,1.0,Fee/PreQual/Technical,.pdf,Bid Security
,,,,,,,,,,,,,,,,,,,,,2.0,BC - Bankers Cheque,,,,,,,,,,,,,,,,,,,,,,,,,,,,,,,,,,.pdf,Cost of Tender Document
,,,,,,,,,,,,,,,,,,,,,3.0,BG - Bank Guarantee Irrevocable,,,,,,,,,,,,,,,,,,,,,,,,,,,,,,,,,,.pdf,Technical Qualification Details
,,,,,,,,,,,,,,,,,,,,,4.0,FDR - Fixed Deposit Receipt,,,,,,,,,,,,,,,,,,,,,,,,,,,,,,,,,,.pdf,SBD
,,,,,,,,,,,,,,,,,,,,,,,,,,,,,,,,,,,,,,,,,,,,,,,,,,,,,,2.0,Finance,.xls,BOQ
,,,,,,,,,,,,,,,,,,,,,,,,,,,,,,,,,,,,,,,,,,,,,,,,,,,,,,,,.pdf,FOB
