﻿Organisation Chain,Tender Reference Number,Tender ID,Tender Type,Form of contract,Tender Category,No. of Covers,General Technical Evaluation Allowed,ItemWise Technical Evaluation Allowed,Payment Mode,Is Multi Currency Allowed For BOQ,Is Multi Currency Allowed For Fee,Allow Two Stage Bidding,Publish Date,Bid Opening Date,Document Download / Sale Start Date,Document Download / Sale End Date,Clarification Start Date,Clarification End Date,Bid Submission Start Date,Bid Submission End Date,Financial Bid Opening Date,Name,Address,EMD Amount in ₹,EMD through BG/ST or EMD Exemption Allowed,EMD Fee Type,EMD Percentage,EMD Payable To,EMD Payable At,Title,Work Description,Pre Qualification Details,Independent External Monitor/Remarks,Tender Value in ₹,Product Category,Sub category,Contract Type,Bid Validity(Days),Period Of Work(Days),Location,Pincode,Pre Bid Meeting Place,Pre Bid Meeting Address,Pre Bid Meeting Date,Bid Opening Place,Should Allow NDA Tender,Allow Preferential Bidder,Tender Fee in ₹,Fee Payable To,Fee Payable At,Tender Fee Exemption Allowed,S.No,Corrigendum Title,Corrigendum Type,View,Cover No,Cover,Document Type,Description,S.No,Instrument Type
Urban Development Department||Directorate of Municipality Administration - UDD,DMA(P)63/2017/Vol I/2,2018_UDD_7579_1,Open Tender,Works,Services,2.0,No,No,Offline,No,No,No,12-Jun-2018 10:00 AM,29-Jun-2018 03:30 PM,12-Jun-2018 10:00 AM,29-Jun-2018 03:00 PM,NA ,NA ,21-Jun-2018 02:00 PM,29-Jun-2018 03:00 PM,10-Aug-2018 04:00 PM,"Director, Municipal Administration, Assam","Municipal Administration, Dispur, Guwahati-06","25,000",No,fixed,,"Director, Municipal Administration",Guwahati,RFP_For Empanelment of Contractors under Project Jyoti Scheme,Design Build and Operate,Please refer Tender documents. ,NA ,"10,00,00,000",Supply/Erection/Commissioning Services,NA ,Empanelment,180.0,45.0,ULBs of Assam,781006.0,Guwahati ,"Directorate of Municipal Administration, Dispur, Guwahati-06 ",18-Jun-2018 11:00 AM ,Dispur_Guwahati-06,No ,No,"1,000","Director, Municipal Administration",Guwahati,No,1.0,Extension of Date,Date,,1.0,Fee/PreQual/Technical,.pdf,Bid Document signed on each page,1.0,DD - Demand Draft
,,,,,,,,,,,,,,,,,,,,,,,,,,,,,,,,,,,,,,,,,,,,,,,,,,,,2.0,Technical Corrigendum,Technical Bid,,,,.pdf,Bid Document Fee,,
,,,,,,,,,,,,,,,,,,,,,,,,,,,,,,,,,,,,,,,,,,,,,,,,,,,,,,,,,,.pdf,EMD,,
,,,,,,,,,,,,,,,,,,,,,,,,,,,,,,,,,,,,,,,,,,,,,,,,,,,,,,,,,,.pdf,Supporting Documents for Technical Qualification,,
,,,,,,,,,,,,,,,,,,,,,,,,,,,,,,,,,,,,,,,,,,,,,,,,,,,,,,,,2.0,Finance,.xls,Price Bid,,
