﻿Publish Date,Bid Opening Date,Document Download / Sale Start Date,Document Download / Sale End Date,Clarification Start Date,Clarification End Date,Bid Submission Start Date,Bid Submission End Date,EMD Amount in ₹,EMD through BG/ST or EMD Exemption Allowed,EMD Fee Type,EMD Percentage,EMD Payable To,EMD Payable At,Organisation Chain,Tender Reference Number,Tender ID,Tender Type,Form of contract,Tender Category,No. of Covers,General Technical Evaluation Allowed,ItemWise Technical Evaluation Allowed,Payment Mode,Is Multi Currency Allowed For BOQ,Is Multi Currency Allowed For Fee,Allow Two Stage Bidding,Title,Work Description,Pre Qualification Details,Independent External Monitor/Remarks,Tender Value in ₹,Product Category,Sub category,Contract Type,Bid Validity(Days),Period Of Work(Days),Location,Pincode,Pre Bid Meeting Place,Pre Bid Meeting Address,Pre Bid Meeting Date,Bid Opening Place,Should Allow NDA Tender,Allow Preferential Bidder,S.No,Instrument Type,Tender Fee in ₹,Fee Payable To,Fee Payable At,Tender Fee Exemption Allowed,Name,Address,Cover No,Cover,Document Type,Description,S.No,Corrigendum Title,Corrigendum Type,View
26-Nov-2018 11:00 AM,05-Dec-2018 11:00 AM,26-Nov-2018 11:00 AM,03-Dec-2018 02:00 PM,26-Nov-2018 11:00 AM ,03-Dec-2018 02:00 PM ,26-Nov-2018 11:00 AM,03-Dec-2018 02:00 PM,"2,11,680",Yes,fixed,,E.E. PWD Nalbari Rural Road Division,E.E. PWD Nalbari Rural Road Division,Public Works Roads Department,SENL/SOPD/2018-19/BAR-129,2018_PWD_10046_1,Open Tender,Item Rate,Works,2.0,No,No,Offline,No,No,No,SENL/SOPD/2018-19/BAR-129,Construction of RCC side drain at Mondia Dighirpam road Mondia Bazar area,Please refer Tender documents. ,NA ,"1,05,84,000",Civil Works – Roads,NA ,Tender,180.0,180.0,"S.E. PWD Nalbari Road Circle, Nalbari",781335.0,NA ,NA ,NA ,"S.E. PWD Nalbari Road Circle, Nalbari",No ,No,1.0,DD - Demand Draft,"3,200",ASRB,Guwahati,No,"S.E. PWD Nalbari Road Circle, Nalbari","S.E. PWD Nalbari Road Circle, Nalbari",1.0,Fee/PreQual/Technical,.pdf,Cost of BID,1.0,Cancellation of Tender,Cancellation of Tender,
,,,,,,,,,,,,,,,,,,,,,,,,,,,,,,,,,,,,,,,,,,,,,2.0,BG - Bank Guarantee Irrevocable,,,,,,,,,.pdf,BID Security,,,,
,,,,,,,,,,,,,,,,,,,,,,,,,,,,,,,,,,,,,,,,,,,,,3.0,FDR - Fixed Deposit Receipt,,,,,,,,,.pdf,SBD,,,,
,,,,,,,,,,,,,,,,,,,,,,,,,,,,,,,,,,,,,,,,,,,,,,,,,,,,,,,.pdf,Technical Information,,,,
,,,,,,,,,,,,,,,,,,,,,,,,,,,,,,,,,,,,,,,,,,,,,,,,,,,,,2.0,Finance,.xls,BOQ,,,,
,,,,,,,,,,,,,,,,,,,,,,,,,,,,,,,,,,,,,,,,,,,,,,,,,,,,,,,.pdf,FOB,,,,
