﻿Title,Work Description,Pre Qualification Details,Independent External Monitor/Remarks,Tender Value in ₹,Product Category,Sub category,Contract Type,Bid Validity(Days),Period Of Work(Days),Location,Pincode,Pre Bid Meeting Place,Pre Bid Meeting Address,Pre Bid Meeting Date,Bid Opening Place,Should Allow NDA Tender,Allow Preferential Bidder,Organisation Chain,Tender Reference Number,Tender ID,Tender Type,Form of contract,Tender Category,No. of Covers,General Technical Evaluation Allowed,ItemWise Technical Evaluation Allowed,Payment Mode,Is Multi Currency Allowed For BOQ,Is Multi Currency Allowed For Fee,Allow Two Stage Bidding,Publish Date,Bid Opening Date,Document Download / Sale Start Date,Document Download / Sale End Date,Clarification Start Date,Clarification End Date,Bid Submission Start Date,Bid Submission End Date,Financial Bid Opening Date,EMD Amount in ₹,EMD through BG/ST or EMD Exemption Allowed,EMD Fee Type,EMD Percentage,EMD Payable To,EMD Payable At,S.No,Instrument Type,Name,Address,Cover No,Cover,Document Type,Description,Tender Fee in ₹,Fee Payable To,Fee Payable At,Tender Fee Exemption Allowed
TRRD/SOPD/2018-19/Tinsukia-LAC,"Improvement of (i) Laipuli Matiakhana Road (Ch 2063.00m to Ch 3583.00m) and (ii) Laipuli Matiakhana Road (Ch 3583.00m to Ch 5383.00m) under SOPD for the year 2018-19 under PWD, Tinsukia Rural Road Division",Please Refer Tender documents ,NA ,"1,89,46,000",Civil Works,NA ,Tender,180.0,365.0,Tinsukia,786125.0,NA ,NA ,NA ,o/o the S.E. P.W.D. Dibrugarh Road Circle,No ,No,Public Works Roads Department,DRC-XIII/16/98/NIT/TSK/84,2018_PWD_9509_39,Open Tender,Item Rate,Works,2.0,No,No,Offline,No,No,No,16-Nov-2018 04:00 PM,30-Nov-2018 11:00 AM,16-Nov-2018 04:00 PM,29-Nov-2018 04:00 PM,NA ,NA ,16-Nov-2018 04:00 PM,29-Nov-2018 04:00 PM,20-Dec-2018 10:00 AM,"3,78,920",Yes,fixed,,E E PWD Tinsukia Rural Road Division,Tinsukia,1.0,DD - Demand Draft,S.E. P.W.D. Dibrugarh Road Circle,o/o the S.E. P.W.D. Dibrugarh Road Circle,1.0,Fee/PreQual/Technical,.pdf,Bid Security,"5,310","Empowered Officer, ASRB, Assam",Guwahati,No
,,,,,,,,,,,,,,,,,,,,,,,,,,,,,,,,,,,,,,,,,,,,,,2.0,BC - Bankers Cheque,,,,,.pdf,Cost of Tender Document,,,,
,,,,,,,,,,,,,,,,,,,,,,,,,,,,,,,,,,,,,,,,,,,,,,3.0,BG - Bank Guarantee Irrevocable,,,,,.pdf,Technical Qualification Details,,,,
,,,,,,,,,,,,,,,,,,,,,,,,,,,,,,,,,,,,,,,,,,,,,,4.0,FDR - Fixed Deposit Receipt,,,,,.pdf,SBD,,,,
,,,,,,,,,,,,,,,,,,,,,,,,,,,,,,,,,,,,,,,,,,,,,,,,,,2.0,Finance,.xls,BOQ,,,,
,,,,,,,,,,,,,,,,,,,,,,,,,,,,,,,,,,,,,,,,,,,,,,,,,,,,.pdf,Form of Bid,,,,
