﻿S.No,Instrument Type,Cover No,Cover,Document Type,Description,Organisation Chain,Tender Reference Number,Tender ID,Tender Type,Form of contract,Tender Category,No. of Covers,General Technical Evaluation Allowed,ItemWise Technical Evaluation Allowed,Payment Mode,Is Multi Currency Allowed For BOQ,Is Multi Currency Allowed For Fee,Allow Two Stage Bidding,EMD Amount in ₹,EMD through BG/ST or EMD Exemption Allowed,EMD Fee Type,EMD Percentage,EMD Payable To,EMD Payable At,Name,Address,Publish Date,Bid Opening Date,Document Download / Sale Start Date,Document Download / Sale End Date,Clarification Start Date,Clarification End Date,Bid Submission Start Date,Bid Submission End Date,Financial Bid Opening Date,Title,Work Description,Pre Qualification Details,Independent External Monitor/Remarks,Tender Value in ₹,Product Category,Sub category,Contract Type,Bid Validity(Days),Period Of Work(Days),Location,Pincode,Pre Bid Meeting Place,Pre Bid Meeting Address,Pre Bid Meeting Date,Bid Opening Place,Should Allow NDA Tender,Allow Preferential Bidder,S.No,Corrigendum Title,Corrigendum Type,View,Tender Fee in ₹,Fee Payable To,Fee Payable At,Tender Fee Exemption Allowed
1.0,DD - Demand Draft,1.0,Fee/PreQual/Technical,.pdf,COST OF BID DOCUMENTS,Bodoland Territorial Council||Forests-BTC,CRD/5 of 2018-19,2018_BoTC_9154_1,Open Tender,Item Rate,Works,2.0,No,No,Offline,No,No,No,"44,634",Yes,fixed,,Divisional Forest Officer Chirang Division,Kajalgaon,Divisional Forest Officer,Chirang Division Kajalgaon,27-Oct-2018 04:00 PM,14-Nov-2018 11:30 AM,27-Oct-2018 04:00 PM,13-Nov-2018 04:00 PM,27-Oct-2018 04:00 PM ,13-Nov-2018 03:30 PM ,27-Oct-2018 04:00 PM,13-Nov-2018 04:00 PM,27-Nov-2018 02:00 PM,CRD/2018-19/22,Construction of RCC Box Cell Bridge of Odlaguri village road under Chirang Division,Please refer Tender documents. ,NA ,"22,31,683",Civil Works,NA ,Tender,180.0,180.0,chirang,783385.0,NA ,NA ,NA ,O/o the DFO Chirang Division Kajalgaon,No ,No,1.0,Extension of time,Date,,670.0,Principal Secretary BTC,Kokrajhar,No
2.0,BC - Bankers Cheque,,,.pdf,BID SECURITY,,,,,,,,,,,,,,,,,,,,,,,,,,,,,,,,,,,,,,,,,,,,,,,,,,,,,,,,
3.0,BG - Bank Guarantee Irrevocable,,,.pdf,TECHNICAL QUALIFICATION,,,,,,,,,,,,,,,,,,,,,,,,,,,,,,,,,,,,,,,,,,,,,,,,,,,,,,,,
4.0,FDR - Fixed Deposit Receipt,,,.pdf,STANDARD BIDDING DOCUMENT,,,,,,,,,,,,,,,,,,,,,,,,,,,,,,,,,,,,,,,,,,,,,,,,,,,,,,,,
,,2.0,Finance,.xls,BILL OF QUANTITIES,,,,,,,,,,,,,,,,,,,,,,,,,,,,,,,,,,,,,,,,,,,,,,,,,,,,,,,,
,,,,.pdf,FORM OF BID,,,,,,,,,,,,,,,,,,,,,,,,,,,,,,,,,,,,,,,,,,,,,,,,,,,,,,,,
