﻿Name,Address,Publish Date,Bid Opening Date,Document Download / Sale Start Date,Document Download / Sale End Date,Clarification Start Date,Clarification End Date,Bid Submission Start Date,Bid Submission End Date,Financial Bid Opening Date,EMD Amount in ₹,EMD through BG/ST or EMD Exemption Allowed,EMD Fee Type,EMD Percentage,EMD Payable To,EMD Payable At,Organisation Chain,Tender Reference Number,Tender ID,Tender Type,Form of contract,Tender Category,No. of Covers,General Technical Evaluation Allowed,ItemWise Technical Evaluation Allowed,Payment Mode,Is Multi Currency Allowed For BOQ,Is Multi Currency Allowed For Fee,Allow Two Stage Bidding,Title,Work Description,Pre Qualification Details,Independent External Monitor/Remarks,Tender Value in ₹,Product Category,Sub category,Contract Type,Bid Validity(Days),Period Of Work(Days),Location,Pincode,Pre Bid Meeting Place,Pre Bid Meeting Address,Pre Bid Meeting Date,Bid Opening Place,Should Allow NDA Tender,Allow Preferential Bidder,S.No,Instrument Type,Cover No,Cover,Document Type,Description,Tender Fee in ₹,Fee Payable To,Fee Payable At,Tender Fee Exemption Allowed
Central Project Coordinator,"Gauhati High Court, Guwahati-781001",25-Sep-2018 03:30 PM,30-Oct-2018 11:00 AM,25-Sep-2018 03:30 PM,29-Oct-2018 05:00 PM,25-Sep-2018 04:00 PM ,01-Oct-2018 11:00 AM ,25-Sep-2018 04:00 PM,29-Oct-2018 05:00 PM,13-Nov-2018 10:15 AM,"32,500",Yes,fixed,,"Registrar General, Gauhati High Court",Guwahati,Gauhati High Court - Guwahati,HC-XLV-288/2018/2009/PMP,2018_GHC_8722_1,Open Tender,Supply,Goods,4.0,No,No,Offline,No,No,No,"Supply, installation and maintenance of 1 no. of Justice Clock (Video Wall/ Electronic Display Board) in the Gauhati High Court, Guwahati under phase-II of the eCourts Project","Supply, installation and maintenance of 1 no. of Justice Clock (Video Wall/ Electronic Display Board) in the Gauhati High Court, Guwahati under phase-II of the eCourts Project",Please refer Tender documents. ,NA ,0.0,Computer- H/W,NA ,Tender,180.0,45.0,Guwahati,781001.0,Guwahati ,"Judges Conference Room, 2nd Floor, New Building, Gauhati High Court, Guwahati - 781001 ",01-Oct-2018 11:30 AM ,Guwahati,No ,No,1.0,DD - Demand Draft,1.0,Fee,.pdf,EMD,0.0,Nil,Nil,No
,,,,,,,,,,,,,,,,,,,,,,,,,,,,,,,,,,,,,,,,,,,,,,,,2.0,BC - Bankers Cheque,,,.pdf,Processing Fee,,,,
,,,,,,,,,,,,,,,,,,,,,,,,,,,,,,,,,,,,,,,,,,,,,,,,3.0,BG - Bank Guarantee Irrevocable,2.0,PreQual,.pdf,Eligibility Criteria,,,,
,,,,,,,,,,,,,,,,,,,,,,,,,,,,,,,,,,,,,,,,,,,,,,,,,,3.0,Technical,.pdf,Technical Bid,,,,
,,,,,,,,,,,,,,,,,,,,,,,,,,,,,,,,,,,,,,,,,,,,,,,,,,,,.pdf,TVDS Datasheet,,,,
,,,,,,,,,,,,,,,,,,,,,,,,,,,,,,,,,,,,,,,,,,,,,,,,,,4.0,Finance,.xls,BoQ,,,,
,,,,,,,,,,,,,,,,,,,,,,,,,,,,,,,,,,,,,,,,,,,,,,,,,,,,.pdf,Detailed Financial Bid,,,,
