﻿Name,Address,Organisation Chain,Tender Reference Number,Tender ID,Tender Type,Form of contract,Tender Category,No. of Covers,General Technical Evaluation Allowed,ItemWise Technical Evaluation Allowed,Payment Mode,Is Multi Currency Allowed For BOQ,Is Multi Currency Allowed For Fee,Allow Two Stage Bidding,EMD Amount in ₹,EMD through BG/ST or EMD Exemption Allowed,EMD Fee Type,EMD Percentage,EMD Payable To,EMD Payable At,Tender Fee in ₹,Fee Payable To,Fee Payable At,Tender Fee Exemption Allowed,Publish Date,Bid Opening Date,Document Download / Sale Start Date,Document Download / Sale End Date,Clarification Start Date,Clarification End Date,Bid Submission Start Date,Bid Submission End Date,Financial Bid Opening Date,Title,Work Description,Pre Qualification Details,Independent External Monitor/Remarks,Tender Value in ₹,Product Category,Sub category,Contract Type,Bid Validity(Days),Period Of Work(Days),Location,Pincode,Pre Bid Meeting Place,Pre Bid Meeting Address,Pre Bid Meeting Date,Bid Opening Place,Should Allow NDA Tender,Allow Preferential Bidder,Cover No,Cover,Document Type,Description,S.No,Instrument Type
"ACE,PWRD, Barak Valley, Silchar","ACE, PWRD, Barak Valley, Silchar",Public Works Roads Department,ACE/BV/TECH/T.N/2017-18/69/34,2018_PWD_6861_5,Open Tender,Works,Works,2.0,No,No,Offline,No,No,No,"2,56,600",Yes,fixed,,"EE, Silchar Rural Road Division",Silchar,"3,900","Empowered Officer, Assam State Road Board",Guwahati,No,16-Apr-2018 10:30 AM,03-May-2018 02:00 PM,16-Apr-2018 10:30 AM,02-May-2018 04:30 PM,16-Apr-2018 10:30 AM ,20-Apr-2018 04:00 PM ,16-Apr-2018 10:30 AM,02-May-2018 04:30 PM,29-May-2018 04:10 PM,As 03 108A/SOPD/G/SIL/ACE,"As 03 108A/SOPD/G/SIL/ACE Construction of Road from NH 54 to Dharmikhal Grant ph II under Silchar Rural Road Division, Silchar, Length 1.75 Km PMGSY Package No.AS 03 108 for the year 2017-18 under SOPD G during 2017-18.",Please refer Tender documents. ,NA ,"1,28,27,505",Civil Works – Roads,NA ,Tender,180.0,365.0,Silchar,788001.0,NA ,NA ,NA ,"o/o the ACE,PWRD,SILCHAR",No ,No,1.0,Fee/PreQual/Technical,.pdf,NIT,1.0,DD - Demand Draft
,,,,,,,,,,,,,,,,,,,,,,,,,,,,,,,,,,,,,,,,,,,,,,,,,,,,,,.pdf,SBD,2.0,BC - Bankers Cheque
,,,,,,,,,,,,,,,,,,,,,,,,,,,,,,,,,,,,,,,,,,,,,,,,,,,,,,.pdf,Cost of Tender,3.0,FDR - Fixed Deposit Receipt
,,,,,,,,,,,,,,,,,,,,,,,,,,,,,,,,,,,,,,,,,,,,,,,,,,,,,,.pdf,EMD,,
,,,,,,,,,,,,,,,,,,,,,,,,,,,,,,,,,,,,,,,,,,,,,,,,,,,,,,.pdf,Technical Bid,,
,,,,,,,,,,,,,,,,,,,,,,,,,,,,,,,,,,,,,,,,,,,,,,,,,,,,2.0,Finance,.pdf,FOB,,
,,,,,,,,,,,,,,,,,,,,,,,,,,,,,,,,,,,,,,,,,,,,,,,,,,,,,,.xls,BOQ,,
