﻿EMD Amount in ₹,EMD through BG/ST or EMD Exemption Allowed,EMD Fee Type,EMD Percentage,EMD Payable To,EMD Payable At,Organisation Chain,Tender Reference Number,Tender ID,Tender Type,Form of contract,Tender Category,No. of Covers,General Technical Evaluation Allowed,ItemWise Technical Evaluation Allowed,Payment Mode,Is Multi Currency Allowed For BOQ,Is Multi Currency Allowed For Fee,Allow Two Stage Bidding,Cover No,Cover,Document Type,Description,Name,Address,S.No,Instrument Type,Publish Date,Bid Opening Date,Document Download / Sale Start Date,Document Download / Sale End Date,Clarification Start Date,Clarification End Date,Bid Submission Start Date,Bid Submission End Date,Financial Bid Opening Date,Tender Fee in ₹,Fee Payable To,Fee Payable At,Tender Fee Exemption Allowed,Title,Work Description,Pre Qualification Details,Independent External Monitor/Remarks,Tender Value in ₹,Product Category,Sub category,Contract Type,Bid Validity(Days),Period Of Work(Days),Location,Pincode,Pre Bid Meeting Place,Pre Bid Meeting Address,Pre Bid Meeting Date,Bid Opening Place,Should Allow NDA Tender,Allow Preferential Bidder
"1,45,000",Yes,fixed,,EE PWD Hailakandi Rural Road Division,Hailakandi,Public Works Roads Department,HKD/ETN/2018-19/367/4401,2018_PWD_10592_10,Open Tender,Item Rate,Works,2.0,No,No,Offline,No,No,No,1.0,Fee/PreQual/Technical,.pdf,Cost of Bid,EE PWD Hailakandi Rural Road Division,O/O The EE PWD Hailakandi Rural Road Division,1.0,DD - Demand Draft,27-Dec-2018 10:00 AM,04-Jan-2019 02:00 PM,27-Dec-2018 10:00 AM,03-Jan-2019 02:00 PM,27-Dec-2018 10:00 AM ,31-Dec-2018 02:00 PM ,27-Dec-2018 10:00 AM,03-Jan-2019 02:00 PM,24-Jan-2019 12:40 PM,"2,200",Empowered Officer Assam State Road Board Guwahati,Guwahati,No,EE(H)/SOPD-G/24,Improvement of road constructed under other Head from 2nd Km. of Latakandi Aenakhal Road to 1st Km. of K.D. Road from Ch. 0.00m to 1670.00m .Total Length 1.67 Km.,Please refer Tender documents. ,NA ,"72,14,000",Civil Works – Roads,NA ,Rate Contract,180.0,270.0,Hailakandi District,788151.0,NA ,NA ,NA ,o/o The EE Hailakandi PWD Rural Road Division,No ,No
,,,,,,,,,,,,,,,,,,,,,.pdf,Bid Security,,,2.0,BC - Bankers Cheque,,,,,,,,,,,,,,,,,,,,,,,,,,,,,,,
,,,,,,,,,,,,,,,,,,,,,.pdf,Technical Bid Document,,,3.0,BG - Bank Guarantee Irrevocable,,,,,,,,,,,,,,,,,,,,,,,,,,,,,,,
,,,,,,,,,,,,,,,,,,,,,.pdf,SBD,,,4.0,FDR - Fixed Deposit Receipt,,,,,,,,,,,,,,,,,,,,,,,,,,,,,,,
,,,,,,,,,,,,,,,,,,,2.0,Finance,.pdf,FOB,,,,,,,,,,,,,,,,,,,,,,,,,,,,,,,,,,,
,,,,,,,,,,,,,,,,,,,,,.xls,BOQ,,,,,,,,,,,,,,,,,,,,,,,,,,,,,,,,,,,
