﻿Name,Address,Title,Work Description,Pre Qualification Details,Independent External Monitor/Remarks,Tender Value in ₹,Product Category,Sub category,Contract Type,Bid Validity(Days),Period Of Work(Days),Location,Pincode,Pre Bid Meeting Place,Pre Bid Meeting Address,Pre Bid Meeting Date,Bid Opening Place,Should Allow NDA Tender,Allow Preferential Bidder,S.No,Corrigendum Title,Corrigendum Type,View,Organisation Chain,Tender Reference Number,Tender ID,Tender Type,Form of contract,Tender Category,No. of Covers,General Technical Evaluation Allowed,ItemWise Technical Evaluation Allowed,Payment Mode,Is Multi Currency Allowed For BOQ,Is Multi Currency Allowed For Fee,Allow Two Stage Bidding,Publish Date,Bid Opening Date,Document Download / Sale Start Date,Document Download / Sale End Date,Clarification Start Date,Clarification End Date,Bid Submission Start Date,Bid Submission End Date,Tender Fee in ₹,Fee Payable To,Fee Payable At,Tender Fee Exemption Allowed,EMD Amount in ₹,EMD through BG/ST or EMD Exemption Allowed,EMD Fee Type,EMD Percentage,EMD Payable To,EMD Payable At,S.No,Instrument Type,Cover No,Cover,Document Type,Description
Principal Birjhora mahavidyalaya,Birjhora mahavidyalaya Bongaigaon assam,Construction of RCC Science Block II GF,Construction of RCC Science Block II GF with Provision of 4 storied at Birjhora Mahavidyalaya at Birjhora mahavidyalaya assam under RUSA Grants,As per Tender document ,NA ,"69,74,343",Civil Works - Building,NA ,Tender,120.0,240.0,Birjhora mahavidyalaya Bongaigaon,783380.0,NA ,NA ,NA ,Birjhora mahavidyalaya Bongaigaon,No ,No,1.0,Cancllation of E-tender,Cancellation of Tender,,Department of Higher Education||Directorate of Higher Education||Birjhora Mahavidyalaya,BMB/RUSA/PMU/03/2018/274,2018_HE_7822_1,Open Tender,Works,Works,2.0,No,No,Offline,No,No,No,06-Jul-2018 02:00 PM,18-Jul-2018 03:00 PM,06-Jul-2018 03:00 PM,18-Jul-2018 02:00 PM,NA ,NA ,07-Jul-2018 10:00 AM,18-Jul-2018 02:00 PM,"3,000",Principal Birjhora Mahavidyalaya,Bongaigaon,No,"1,39,487",Yes,percentage,2.0%,Principal Birjhora Mahavidyalaya,Bongaigaon,1.0,DD - Demand Draft,1.0,Fee/PreQual/Technical,.pdf,Fee doument
,,,,,,,,,,,,,,,,,,,,,,,,,,,,,,,,,,,,,,,,,,,,,,,,,,,,,,,2.0,FDR - Fixed Deposit Receipt,,,.pdf,Prequalification
,,,,,,,,,,,,,,,,,,,,,,,,,,,,,,,,,,,,,,,,,,,,,,,,,,,,,,,,,,,.pdf,Technical
,,,,,,,,,,,,,,,,,,,,,,,,,,,,,,,,,,,,,,,,,,,,,,,,,,,,,,,,,2.0,Finance,.xls,Financial
,,,,,,,,,,,,,,,,,,,,,,,,,,,,,,,,,,,,,,,,,,,,,,,,,,,,,,,,,,,.pdf,FOB
