﻿Name,Address,EMD Amount in ₹,EMD through BG/ST or EMD Exemption Allowed,EMD Fee Type,EMD Percentage,EMD Payable To,EMD Payable At,Publish Date,Bid Opening Date,Document Download / Sale Start Date,Document Download / Sale End Date,Clarification Start Date,Clarification End Date,Bid Submission Start Date,Bid Submission End Date,Financial Bid Opening Date,Title,Work Description,Pre Qualification Details,Independent External Monitor/Remarks,Tender Value in ₹,Product Category,Sub category,Contract Type,Bid Validity(Days),Period Of Work(Days),Location,Pincode,Pre Bid Meeting Place,Pre Bid Meeting Address,Pre Bid Meeting Date,Bid Opening Place,Should Allow NDA Tender,Allow Preferential Bidder,S.No,Instrument Type,Tender Fee in ₹,Fee Payable To,Fee Payable At,Tender Fee Exemption Allowed,Organisation Chain,Tender Reference Number,Tender ID,Tender Type,Form of contract,Tender Category,No. of Covers,General Technical Evaluation Allowed,ItemWise Technical Evaluation Allowed,Payment Mode,Is Multi Currency Allowed For BOQ,Is Multi Currency Allowed For Fee,Allow Two Stage Bidding,Cover No,Cover,Document Type,Description
"Addl. CE cum Director, PWD, BTC, Kokrajhar","O/o the Addl. CE cum Director, PWD, BTC, Kokrajhar","1,76,220",Yes,fixed,,"EE, PWD Mushalpur R and B Division",Mushalpur,21-Jul-2018 10:30 AM,04-Aug-2018 02:00 PM,21-Jul-2018 10:30 AM,03-Aug-2018 04:30 PM,21-Jul-2018 10:30 AM ,03-Aug-2018 04:00 PM ,21-Jul-2018 10:30 AM,03-Aug-2018 04:30 PM,24-Aug-2018 02:55 PM,TN_140_ii,TN_140_ii Construction of road from Mayangpara to Belguri Batabari village (Providing and laying Interlocking Concrete block Pavement) in Baksa District under One Time Special Grant 2018-19,Please refer Tender documents. ,NA ,"88,10,469",Civil Works,NA ,Tender,180.0,270.0,Kokarajhar,788730.0,NA ,NA ,NA ,"O/o the Addl. CE cum Director, PWD, BTC, Kokrajhar",No ,No,1.0,DD - Demand Draft,"2,650","Principal Secretary BTC, Kokrajhar","SBI, Kokrajhar",No,Bodoland Territorial Council-PWD||Director Cum CHD - PWD BTC,ACE29/TECH/MSLPR/PtI/17-18/268,2018_BTC_7945_2,Open Tender,Item Rate,Works,2.0,No,No,Offline,No,No,No,1.0,Fee/PreQual/Technical,.pdf,EMD
,,,,,,,,,,,,,,,,,,,,,,,,,,,,,,,,,,,2.0,BC - Bankers Cheque,,,,,,,,,,,,,,,,,,,,.pdf,Cost of Tender Document
,,,,,,,,,,,,,,,,,,,,,,,,,,,,,,,,,,,3.0,BG - Bank Guarantee Irrevocable,,,,,,,,,,,,,,,,,,,,.pdf,Technical Qualification Details
,,,,,,,,,,,,,,,,,,,,,,,,,,,,,,,,,,,4.0,FDR - Fixed Deposit Receipt,,,,,,,,,,,,,,,,,,,,.pdf,SBD
,,,,,,,,,,,,,,,,,,,,,,,,,,,,,,,,,,,,,,,,,,,,,,,,,,,,,,2.0,Finance,.xls,BOQ
,,,,,,,,,,,,,,,,,,,,,,,,,,,,,,,,,,,,,,,,,,,,,,,,,,,,,,,,.pdf,FOB
