﻿Tender Fee in ₹,Fee Payable To,Fee Payable At,Tender Fee Exemption Allowed,Publish Date,Bid Opening Date,Document Download / Sale Start Date,Document Download / Sale End Date,Clarification Start Date,Clarification End Date,Bid Submission Start Date,Bid Submission End Date,Financial Bid Opening Date,EMD Amount in ₹,EMD through BG/ST or EMD Exemption Allowed,EMD Fee Type,EMD Percentage,EMD Payable To,EMD Payable At,Organisation Chain,Tender Reference Number,Tender ID,Tender Type,Form of contract,Tender Category,No. of Covers,General Technical Evaluation Allowed,ItemWise Technical Evaluation Allowed,Payment Mode,Is Multi Currency Allowed For BOQ,Is Multi Currency Allowed For Fee,Allow Two Stage Bidding,Title,Work Description,Pre Qualification Details,Independent External Monitor/Remarks,Tender Value in ₹,Product Category,Sub category,Contract Type,Bid Validity(Days),Period Of Work(Days),Location,Pincode,Pre Bid Meeting Place,Pre Bid Meeting Address,Pre Bid Meeting Date,Bid Opening Place,Should Allow NDA Tender,Allow Preferential Bidder,Name,Address,S.No,Instrument Type,Cover No,Cover,Document Type,Description
"1,000",Principal Secretary BTC,Kokrajhar,Yes,12-Jul-2018 10:00 AM,27-Jul-2018 04:00 PM,12-Jul-2018 10:30 AM,27-Jul-2018 03:30 PM,12-Jul-2018 10:30 AM ,27-Jul-2018 12:00 PM ,20-Jul-2018 10:00 AM,27-Jul-2018 03:30 PM,04-Aug-2018 03:05 PM,0.0,No,fixed,,Nil,Nil,Bodoland Territorial Council||Municipal corporation-BTC,Tender no 1,2018_BoTC_7871_1,Open Tender,Supply,Goods,2.0,No,No,Offline,No,No,No,Tender No.1,Supply of tent house materials,Refer to Bid Document ,NA ,0.0,Supply of Materials,NA ,Rate Contract,180.0,30.0,BTAD,783370.0,NA ,NA ,NA ,OFFICE OF THE ADDL. CHIEF PRINCIPAL CONSERVATOR OF,No ,No,OFFICE OF THE ADDL. CHIEF PRINCIPAL CONSERVATOR OF,OFFICE OF THE ADDL. CHIEF PRINCIPAL CONSERVATOR OF FOREST CUM CHD,1.0,DD - Demand Draft,1.0,Fee/PreQual/Technical,.pdf,Tender Fee
,,,,,,,,,,,,,,,,,,,,,,,,,,,,,,,,,,,,,,,,,,,,,,,,,,,,2.0,BC - Bankers Cheque,,,.pdf,Qualification Document
,,,,,,,,,,,,,,,,,,,,,,,,,,,,,,,,,,,,,,,,,,,,,,,,,,,,,,,,.pdf,SBD
,,,,,,,,,,,,,,,,,,,,,,,,,,,,,,,,,,,,,,,,,,,,,,,,,,,,,,2.0,Finance,.xls,Price Bid
,,,,,,,,,,,,,,,,,,,,,,,,,,,,,,,,,,,,,,,,,,,,,,,,,,,,,,,,.pdf,FOB
