﻿Tender Fee in ₹,Fee Payable To,Fee Payable At,Tender Fee Exemption Allowed,EMD Amount in ₹,EMD through BG/ST or EMD Exemption Allowed,EMD Fee Type,EMD Percentage,EMD Payable To,EMD Payable At,Organisation Chain,Tender Reference Number,Tender ID,Tender Type,Form of contract,Tender Category,No. of Covers,General Technical Evaluation Allowed,ItemWise Technical Evaluation Allowed,Payment Mode,Is Multi Currency Allowed For BOQ,Is Multi Currency Allowed For Fee,Allow Two Stage Bidding,S.No,Instrument Type,Cover No,Cover,Document Type,Description,Title,Work Description,Pre Qualification Details,Independent External Monitor/Remarks,Tender Value in ₹,Product Category,Sub category,Contract Type,Bid Validity(Days),Period Of Work(Days),Location,Pincode,Pre Bid Meeting Place,Pre Bid Meeting Address,Pre Bid Meeting Date,Bid Opening Place,Should Allow NDA Tender,Allow Preferential Bidder,Name,Address,Publish Date,Bid Opening Date,Document Download / Sale Start Date,Document Download / Sale End Date,Clarification Start Date,Clarification End Date,Bid Submission Start Date,Bid Submission End Date,Financial Bid Opening Date
"4,000","Empowered Officer, ASRB",Guwahati,No,"2,60,000",Yes,fixed,,"Superintending Engineer, PWD (R), WAC, Goalpara",Goalpara,Public Works Roads Department,CT-82/89/2016/36,2018_PWD_9253_32,Open Tender,Item Wise,Works,2.0,No,No,Offline,No,No,No,1.0,DD - Demand Draft,1.0,Fee/PreQual/Technical,.pdf,Cost of Bid,SOPD_GL_06,"Construction of Kalpani Dhaigaon Road including Slab Culverts 2X4.00 mx4.00m, 4X4.00X4.00 m span under SOPD for 2018-19 from Ch. 1500.00 m to 2485.00m",Please refer Tender documents. ,NA ,"1,30,00,000",Civil Works – Roads,NA ,Rate Contract,90.0,182.0,Goalpara,783121.0,"O/o The SE, PWD(R), WAC, Goalpara ","O/o The SE, PWD(R), WAC, Goalpara ",12-Nov-2018 12:00 PM ,"O/o The SE, PWD(R), WAC, Goalpara",No ,No,"Superintending Engineer, PWD (R), WAC, Goalpara","O/o The SE, PWD(R), WAC, Goalpara",03-Nov-2018 06:00 PM,27-Nov-2018 10:00 AM,03-Nov-2018 06:00 PM,23-Nov-2018 02:00 PM,NA ,NA ,07-Nov-2018 02:00 PM,23-Nov-2018 02:00 PM,22-Dec-2018 05:55 PM
,,,,,,,,,,,,,,,,,,,,,,,2.0,BG - Bank Guarantee Irrevocable,,,.pdf,Bid Security,,,,,,,,,,,,,,,,,,,,,,,,,,,,,
,,,,,,,,,,,,,,,,,,,,,,,3.0,FDR - Fixed Deposit Receipt,,,.pdf,Technical Qualification Details,,,,,,,,,,,,,,,,,,,,,,,,,,,,,
,,,,,,,,,,,,,,,,,,,,,,,,,2.0,Finance,.pdf,Form of Bid,,,,,,,,,,,,,,,,,,,,,,,,,,,,,
,,,,,,,,,,,,,,,,,,,,,,,,,,,.xls,Bill of Quantities,,,,,,,,,,,,,,,,,,,,,,,,,,,,,
