﻿Title,Work Description,Pre Qualification Details,Independent External Monitor/Remarks,Tender Value in ₹,Product Category,Sub category,Contract Type,Bid Validity(Days),Period Of Work(Days),Location,Pincode,Pre Bid Meeting Place,Pre Bid Meeting Address,Pre Bid Meeting Date,Bid Opening Place,Should Allow NDA Tender,Allow Preferential Bidder,Publish Date,Bid Opening Date,Document Download / Sale Start Date,Document Download / Sale End Date,Clarification Start Date,Clarification End Date,Bid Submission Start Date,Bid Submission End Date,Financial Bid Opening Date,Tender Fee in ₹,Fee Payable To,Fee Payable At,Tender Fee Exemption Allowed,Organisation Chain,Tender Reference Number,Tender ID,Tender Type,Form of contract,Tender Category,No. of Covers,General Technical Evaluation Allowed,ItemWise Technical Evaluation Allowed,Payment Mode,Is Multi Currency Allowed For BOQ,Is Multi Currency Allowed For Fee,Allow Two Stage Bidding,EMD Amount in ₹,EMD through BG/ST or EMD Exemption Allowed,EMD Fee Type,EMD Percentage,EMD Payable To,EMD Payable At,S.No,Instrument Type,Name,Address,Cover No,Cover,Document Type,Description
Annual Maintenance and IT Facilities Management Services of APWRD hardware and networking systems,Annual Maintenance and IT Facilities Management Services of APWRD hardware and networking systems,Please refer Tender documents. ,NA ,0.0,Repair and Maintenance Services,NA ,Tender,90.0,365.0,Assam,781003.0,Guwahati ,"Office of the Chief Engineer, PWD (Roads) Assam, Chandmari, Guwahati-781003 ",20-Oct-2018 03:00 PM ,"Office of the Chief Engineer, PWD (Roads) Assam, C",No ,No,10-Oct-2018 05:00 PM,02-Nov-2018 03:30 PM,11-Oct-2018 10:00 AM,02-Nov-2018 02:00 PM,11-Oct-2018 10:00 AM ,20-Oct-2018 02:00 PM ,11-Oct-2018 10:00 AM,02-Nov-2018 02:00 PM,11-Jan-2019 05:10 PM,"2,000",ASRB,Guwahati,No,Public Works Roads Department,CE/APCP/18/2018/Pt-I/9,2018_PWD_8932_1,Open Tender,Lump-sum,Services,2.0,No,No,Offline,No,No,No,"54,000",No,fixed,,"Chief Engineer,PWD (Roads), Assam",Guwahati,1.0,DD - Demand Draft,"CE PWD Roads ,Assam","Office of the Chief Engineer, PWD (Roads) Assam, Chandmari, Guwahati-781003",1.0,Fee/PreQual/Technical,.pdf,EMD
,,,,,,,,,,,,,,,,,,,,,,,,,,,,,,,,,,,,,,,,,,,,,,,,,,2.0,BG - Bank Guarantee Irrevocable,,,,,.pdf,cost of tender documents
,,,,,,,,,,,,,,,,,,,,,,,,,,,,,,,,,,,,,,,,,,,,,,,,,,,,,,,,.pdf,technical qualification details
,,,,,,,,,,,,,,,,,,,,,,,,,,,,,,,,,,,,,,,,,,,,,,,,,,,,,,,,.pdf,bidding documents
,,,,,,,,,,,,,,,,,,,,,,,,,,,,,,,,,,,,,,,,,,,,,,,,,,,,,,2.0,Finance,.pdf,Financial proposal
