﻿S.No,Instrument Type,Cover No,Cover,Document Type,Description,Publish Date,Bid Opening Date,Document Download / Sale Start Date,Document Download / Sale End Date,Clarification Start Date,Clarification End Date,Bid Submission Start Date,Bid Submission End Date,Tender Fee in ₹,Fee Payable To,Fee Payable At,Tender Fee Exemption Allowed,Title,Work Description,Pre Qualification Details,Independent External Monitor/Remarks,Tender Value in ₹,Product Category,Sub category,Contract Type,Bid Validity(Days),Period Of Work(Days),Location,Pincode,Pre Bid Meeting Place,Pre Bid Meeting Address,Pre Bid Meeting Date,Bid Opening Place,Should Allow NDA Tender,Allow Preferential Bidder,S.No,Corrigendum Title,Corrigendum Type,View,Organisation Chain,Tender Reference Number,Tender ID,Tender Type,Form of contract,Tender Category,No. of Covers,General Technical Evaluation Allowed,ItemWise Technical Evaluation Allowed,Payment Mode,Is Multi Currency Allowed For BOQ,Is Multi Currency Allowed For Fee,Allow Two Stage Bidding,Name,Address,EMD Amount in ₹,EMD through BG/ST or EMD Exemption Allowed,EMD Fee Type,EMD Percentage,EMD Payable To,EMD Payable At
1.0,DD - Demand Draft,1.0,Fee/PreQual/Technical,.pdf,Cost of Bid,09-Nov-2018 10:00 AM,29-Nov-2018 02:00 PM,09-Nov-2018 10:00 AM,28-Nov-2018 02:00 PM,09-Nov-2018 10:00 AM ,15-Nov-2018 04:00 PM ,09-Nov-2018 10:00 AM,28-Nov-2018 02:00 PM,"3,000",Empowered Officer Assam State Road Board Guwahati,Guwahati,No,SE/HKD/02/ SOPD(ODS)/2018-19,"Constn. of road under Barni Breeze TE (i) Salchapra Bandukmara Road (near Dispensary) to labour line road(ii) Salchapra Bandukmara Road to Tea Factory Labour line road, for the year 2018-19 under SOPD (ODS).",Please refer Tender documents. ,NA ,"1,00,00,000",Civil Works – Roads,NA ,Rate Contract,180.0,270.0,Hailakandi District,788151.0,NA ,NA ,NA ,O/O the SE PWD Roads Cachar Circle Silchar,No ,No,1.0,Date Extension,Date,,Public Works Roads Department,T/CC/ETN/HKD/2018-19/1391(T),2018_PWD_9470_1,Open Tender,Item Rate,Works,2.0,No,No,Offline,No,No,No,SE PWD Roads Cachar Circle Silchar,O/O the SE PWD Roads Cachar Circle Silchar,"2,00,000",Yes,fixed,,The EE PWD Hailakandi Rural Road Division,Hailakandi
2.0,BC - Bankers Cheque,,,.pdf,Bid Security,,,,,,,,,,,,,,,,,,,,,,,,,,,,,,,2.0,Re-Tender,Retender,,,,,,,,,,,,,,,,,,,,,,
3.0,BG - Bank Guarantee Irrevocable,,,.pdf,Technical Bid Documents,,,,,,,,,,,,,,,,,,,,,,,,,,,,,,,,,,,,,,,,,,,,,,,,,,,,,,,
4.0,FDR - Fixed Deposit Receipt,,,.pdf,SBD,,,,,,,,,,,,,,,,,,,,,,,,,,,,,,,,,,,,,,,,,,,,,,,,,,,,,,,
,,2.0,Finance,.pdf,FOB,,,,,,,,,,,,,,,,,,,,,,,,,,,,,,,,,,,,,,,,,,,,,,,,,,,,,,,
,,,,.xls,BOQ,,,,,,,,,,,,,,,,,,,,,,,,,,,,,,,,,,,,,,,,,,,,,,,,,,,,,,,
