﻿Publish Date,Bid Opening Date,Document Download / Sale Start Date,Document Download / Sale End Date,Clarification Start Date,Clarification End Date,Bid Submission Start Date,Bid Submission End Date,S.No,Instrument Type,Name,Address,Cover No,Cover,Document Type,Description,Tender Fee in ₹,Fee Payable To,Fee Payable At,Tender Fee Exemption Allowed,EMD Amount in ₹,EMD through BG/ST or EMD Exemption Allowed,EMD Fee Type,EMD Percentage,EMD Payable To,EMD Payable At,Organisation Chain,Tender Reference Number,Tender ID,Tender Type,Form of contract,Tender Category,No. of Covers,General Technical Evaluation Allowed,ItemWise Technical Evaluation Allowed,Payment Mode,Is Multi Currency Allowed For BOQ,Is Multi Currency Allowed For Fee,Allow Two Stage Bidding,S.No,Corrigendum Title,Corrigendum Type,View,Title,Work Description,Pre Qualification Details,Independent External Monitor/Remarks,Tender Value in ₹,Product Category,Sub category,Contract Type,Bid Validity(Days),Period Of Work(Days),Location,Pincode,Pre Bid Meeting Place,Pre Bid Meeting Address,Pre Bid Meeting Date,Bid Opening Place,Should Allow NDA Tender,Allow Preferential Bidder
12-Feb-2018 02:30 PM,19-Feb-2018 02:05 PM,12-Feb-2018 02:35 PM,19-Feb-2018 02:00 PM,NA ,NA ,13-Feb-2018 10:00 AM,19-Feb-2018 02:00 PM,1,DD - Demand Draft,Chief Engineer,O/O Chief Engineer Water Resources Department Chandmari,1.0,Fee,.pdf,Cost of Tender and EMD,"2,000","The Executive Engineer, N. Lakhimpur W.R. Division",N.Lakhimpur,No,"1,39,150",Yes,percentage,2.0%,"The Executive Engineer, N. Lakhimpur W.R. Division",N.Lakhimpur,Department of Water Resources||Chief Engineer - DoWR,N.LAKHIMPUR/SDRF/2017-18/4,2018_DoWR_5725_1,Open Tender,Works,Works,3.0,No,No,Offline,No,No,No,1.0,Tender Remain cancel,Cancellation of Tender,,Breach closing At Bogolijan PK-3,Immediate measures to Ranganadi left Bank from Ampora to Amtola (Breach closing at 7th Km Bogolijan) under SDRF for 2017-18,Please refer Tender documents. ,NA ,"69,57,495",Civil Works,NA ,Tender,180.0,60.0,Lakhimpur,787031.0,NA ,NA ,NA ,O/O Chief Engineer Water Resources Department Chan,No ,No
,,,,,,,,2,BC - Bankers Cheque,,,2.0,PreQual/Technical,.pdf,Technical Documents,,,,,,,,,,,,,,,,,,,,,,,,,,,,,,,,,,,,,,,,,,,,,
,,,,,,,,3,BG - Bank Guarantee Irrevocable,,,3.0,Finance,.xls,BOQ,,,,,,,,,,,,,,,,,,,,,,,,,,,,,,,,,,,,,,,,,,,,,
,,,,,,,,4,FDR - Fixed Deposit Receipt,,,,,,,,,,,,,,,,,,,,,,,,,,,,,,,,,,,,,,,,,,,,,,,,,,,
,,,,,,,,5,DCR - Deposit at call receipt,,,,,,,,,,,,,,,,,,,,,,,,,,,,,,,,,,,,,,,,,,,,,,,,,,,
