﻿Organisation Chain,Tender Reference Number,Tender ID,Tender Type,Form of contract,Tender Category,No. of Covers,General Technical Evaluation Allowed,ItemWise Technical Evaluation Allowed,Payment Mode,Is Multi Currency Allowed For BOQ,Is Multi Currency Allowed For Fee,Allow Two Stage Bidding,Name,Address,EMD Amount in ₹,EMD through BG/ST or EMD Exemption Allowed,EMD Fee Type,EMD Percentage,EMD Payable To,EMD Payable At,Tender Fee in ₹,Fee Payable To,Fee Payable At,Tender Fee Exemption Allowed,Cover No,Cover,Document Type,Description,Publish Date,Bid Opening Date,Document Download / Sale Start Date,Document Download / Sale End Date,Clarification Start Date,Clarification End Date,Bid Submission Start Date,Bid Submission End Date,Title,Work Description,Pre Qualification Details,Independent External Monitor/Remarks,Tender Value in ₹,Product Category,Sub category,Contract Type,Bid Validity(Days),Period Of Work(Days),Location,Pincode,Pre Bid Meeting Place,Pre Bid Meeting Address,Pre Bid Meeting Date,Bid Opening Place,Should Allow NDA Tender,Allow Preferential Bidder,S.No,Instrument Type
Public Works Roads Department,SE/JRC/SOPD(G)/1741.I,2018_PWD_10108_3,Open Tender,Item Rate,Works,2.0,No,No,Offline,No,No,No,SE PWD JRC,O/O The SE PWD JRC,"2,52,200",Yes,fixed,,EE PWD Golaghat State Road Division,Bokakhat,"2,500",Empowered Officer ASRB,Guwahati,No,1.0,Fee/PreQual/Technical,.pdf,Cost Of Bid,29-Nov-2018 10:00 AM,11-Dec-2018 01:00 PM,29-Nov-2018 10:00 AM,10-Dec-2018 04:00 PM,NA ,NA ,29-Nov-2018 10:00 AM,10-Dec-2018 04:00 PM,SOPD(G)/GSRD/BOK/03,Const of Bordihingia to Napamua Ali,Please refer Tender documents. ,NA ,"1,26,07,600",Civil Works – Roads,NA ,Tender,180.0,180.0,Bokakgat,785612.0,NA ,NA ,NA ,O/O The SE PWD JRC,No ,No,1.0,DD - Demand Draft
,,,,,,,,,,,,,,,,,,,,,,,,,,,.pdf,Bid Security,,,,,,,,,,,,,,,,,,,,,,,,,,,2.0,BC - Bankers Cheque
,,,,,,,,,,,,,,,,,,,,,,,,,,,.pdf,SBD,,,,,,,,,,,,,,,,,,,,,,,,,,,3.0,BG - Bank Guarantee Irrevocable
,,,,,,,,,,,,,,,,,,,,,,,,,,,.pdf,Technical Qualification Documents,,,,,,,,,,,,,,,,,,,,,,,,,,,4.0,FDR - Fixed Deposit Receipt
,,,,,,,,,,,,,,,,,,,,,,,,,2.0,Finance,.xls,BOQ,,,,,,,,,,,,,,,,,,,,,,,,,,,5.0,DCR - Deposit at call receipt
,,,,,,,,,,,,,,,,,,,,,,,,,,,.pdf,FOB,,,,,,,,,,,,,,,,,,,,,,,,,,,,
