﻿EMD Amount in ₹,EMD through BG/ST or EMD Exemption Allowed,EMD Fee Type,EMD Percentage,EMD Payable To,EMD Payable At,Title,Work Description,Pre Qualification Details,Independent External Monitor/Remarks,Tender Value in ₹,Product Category,Sub category,Contract Type,Bid Validity(Days),Period Of Work(Days),Location,Pincode,Pre Bid Meeting Place,Pre Bid Meeting Address,Pre Bid Meeting Date,Bid Opening Place,Should Allow NDA Tender,Allow Preferential Bidder,Name,Address,Publish Date,Bid Opening Date,Document Download / Sale Start Date,Document Download / Sale End Date,Clarification Start Date,Clarification End Date,Bid Submission Start Date,Bid Submission End Date,Tender Fee in ₹,Fee Payable To,Fee Payable At,Tender Fee Exemption Allowed,Organisation Chain,Tender Reference Number,Tender ID,Tender Type,Form of contract,Tender Category,No. of Covers,General Technical Evaluation Allowed,ItemWise Technical Evaluation Allowed,Payment Mode,Is Multi Currency Allowed For BOQ,Is Multi Currency Allowed For Fee,Allow Two Stage Bidding,S.No,Corrigendum Title,Corrigendum Type,View,Cover No,Cover,Document Type,Description,S.No,Instrument Type
"1,50,000",Yes,percentage,2.0%,Commissioner Panchayat and Rural Development Assam,Guwahati,Construction of Two New G.P. Buildings at South Salmara District,Construction of Two New G.P. Buildings at South Salmara District,Please refer Tender documents. ,NA ,"75,00,000",Construction Works,NA ,Tender,180.0,365.0,As per Annexure B,781037.0,"Juripar, Panjabari, Guwahati ","Office of the Commissioner, P and RD, Assam, Juripar, Panjabari, Guwahati ",08-Oct-2018 01:00 PM ,"Juripar, Panjabari, Guwahati",No ,No,Commissioner Panchayat and Rural Development Assam,"Office of the Commissioner, P and RD, Assam, Juripar, Panjabari, Guwahati",02-Oct-2018 09:00 AM,25-Oct-2018 02:00 PM,02-Oct-2018 09:00 AM,24-Oct-2018 02:00 PM,NA ,NA ,08-Oct-2018 02:00 PM,24-Oct-2018 02:00 PM,"2,250",Commissioner Panchayat and Rural Development Assam,Guwahati,No,Principal Secretary- P and RD- Assam Secretariat||Commissioner- P and RD- PNRD,No. PDDP.96 / 2018 / 29 (South Salmara),2018_PNRD_8840_1,Open Tender,Works,Works,2.0,No,No,Offline,No,No,No,1.0,ReTender_Construction of Two New G.P. Buildings at South Salmara District,Retender,,1.0,Fee/PreQual/Technical,.pdf,Bid Document,1,DD - Demand Draft
,,,,,,,,,,,,,,,,,,,,,,,,,,,,,,,,,,,,,,,,,,,,,,,,,,,,,,,,,.pdf,Technical Bid,2,BC - Bankers Cheque
,,,,,,,,,,,,,,,,,,,,,,,,,,,,,,,,,,,,,,,,,,,,,,,,,,,,,,,,,.pdf,Earnest Money Deposit,3,SS - Small Savings Instrument
,,,,,,,,,,,,,,,,,,,,,,,,,,,,,,,,,,,,,,,,,,,,,,,,,,,,,,,,,.pdf,Cost of Bid,4,FDR - Fixed Deposit Receipt
,,,,,,,,,,,,,,,,,,,,,,,,,,,,,,,,,,,,,,,,,,,,,,,,,,,,,,,2.0,Finance,.xls,Bill of Quantities,5,DCR - Deposit at call receipt
