﻿Tender Fee in ₹,Fee Payable To,Fee Payable At,Tender Fee Exemption Allowed,S.No,Corrigendum Title,Corrigendum Type,View,S.No,Instrument Type,Publish Date,Bid Opening Date,Document Download / Sale Start Date,Document Download / Sale End Date,Clarification Start Date,Clarification End Date,Bid Submission Start Date,Bid Submission End Date,Financial Bid Opening Date,Organisation Chain,Tender Reference Number,Tender ID,Tender Type,Form of contract,Tender Category,No. of Covers,General Technical Evaluation Allowed,ItemWise Technical Evaluation Allowed,Payment Mode,Is Multi Currency Allowed For BOQ,Is Multi Currency Allowed For Fee,Allow Two Stage Bidding,Cover No,Cover,Document Type,Description,Title,Work Description,Pre Qualification Details,Independent External Monitor/Remarks,Tender Value in ₹,Product Category,Sub category,Contract Type,Bid Validity(Days),Period Of Work(Days),Location,Pincode,Pre Bid Meeting Place,Pre Bid Meeting Address,Pre Bid Meeting Date,Bid Opening Place,Should Allow NDA Tender,Allow Preferential Bidder,EMD Amount in ₹,EMD through BG/ST or EMD Exemption Allowed,EMD Fee Type,EMD Percentage,EMD Payable To,EMD Payable At,Name,Address
500.0,DIRECTOR WSSO PHED ASSAM,Guwahati,No,1.0,copy of corrigendum,Technical Bid,,1,DD - Demand Draft,02-Apr-2018 06:00 PM,23-Apr-2018 04:00 PM,02-Apr-2018 06:00 PM,23-Apr-2018 02:00 PM,NA ,NA ,02-Apr-2018 06:00 PM,23-Apr-2018 02:00 PM,19-May-2018 02:00 PM,Public Health Engineering Department||Chief Engineer PHE(P)-Assam-PHED||Lower Assam Zone-Guwahati-PHED||Guwahati Circle-Guwahati-PHED,DIR_WSSO_2017_18_2309_13,2018_PHED_6654_1,Open Tender,Supply,Works,2.0,No,No,Offline,No,No,No,1.0,Fee/PreQual/Technical,.pdf,Cost of Bid Doc and Bid security,SUPPLY AND DELIVERY,SUPPLY AND DELIVERY OF 1) T-shirts printed with IEC messages 2) Caps printed with IEC messages,Please refer Tender documents ,NA ,"46,47,000",Composite Works,NA ,Tender,30.0,45.0,Guwahati,781035.0,NA ,NA ,NA ,o/o the CE PHE WATER ASSAM,No ,No,"92,940",Yes,percentage,2.0%,DIRECTOR WSSO PHED ASSAM,Guwahati,Director WSSO PHED ASSAM,Betkuchi Guwahati 35
,,,,,,,,2,BC - Bankers Cheque,,,,,,,,,,,,,,,,,,,,,,,,,.pdf,Technical qualifying document as per Bid Document,,,,,,,,,,,,,,,,,,,,,,,,,,
,,,,,,,,3,BG - Bank Guarantee Irrevocable,,,,,,,,,,,,,,,,,,,,,,,2.0,Finance,.xls,BOQ,,,,,,,,,,,,,,,,,,,,,,,,,,
,,,,,,,,4,FDR - Fixed Deposit Receipt,,,,,,,,,,,,,,,,,,,,,,,,,,,,,,,,,,,,,,,,,,,,,,,,,,,,
