﻿Publish Date,Bid Opening Date,Document Download / Sale Start Date,Document Download / Sale End Date,Clarification Start Date,Clarification End Date,Bid Submission Start Date,Bid Submission End Date,Financial Bid Opening Date,Tender Fee in ₹,Fee Payable To,Fee Payable At,Tender Fee Exemption Allowed,Organisation Chain,Tender Reference Number,Tender ID,Tender Type,Form of contract,Tender Category,No. of Covers,General Technical Evaluation Allowed,ItemWise Technical Evaluation Allowed,Payment Mode,Is Multi Currency Allowed For BOQ,Is Multi Currency Allowed For Fee,Allow Two Stage Bidding,Name,Address,EMD Amount in ₹,EMD through BG/ST or EMD Exemption Allowed,EMD Fee Type,EMD Percentage,EMD Payable To,EMD Payable At,Title,Work Description,Pre Qualification Details,Independent External Monitor/Remarks,Tender Value in ₹,Product Category,Sub category,Contract Type,Bid Validity(Days),Period Of Work(Days),Location,Pincode,Pre Bid Meeting Place,Pre Bid Meeting Address,Pre Bid Meeting Date,Bid Opening Place,Should Allow NDA Tender,Allow Preferential Bidder,Cover No,Cover,Document Type,Description,S.No,Instrument Type
31-Mar-2018 10:30 AM,12-Apr-2018 02:00 PM,31-Mar-2018 10:30 AM,11-Apr-2018 04:30 PM,31-Mar-2018 10:30 AM ,11-Apr-2018 04:00 PM ,31-Mar-2018 10:30 AM,11-Apr-2018 04:30 PM,24-Apr-2018 09:00 AM,"3,000","Principal Secretary BTC, Kokrajhar","SBI, Kokrajhar",No,Bodoland Territorial Council-PWD||Director Cum CHD - PWD BTC,ACE27/TECH/KOK/IFB/2016-17/137,2018_BTC_6609_2,Open Tender,Item Rate,Works,2.0,No,No,Offline,No,No,No,"Addl. CE cum Director, PWD, BTC, Kokrajhar","O/o the Addl. CE cum Director, PWD, BTC, Kokrajhar","1,95,196",Yes,fixed,,"EE, PWD of concerning Division",Concerning Division,TN_427_02,TN_427_02 Impvt. of Road with ICBP from NH-31 to Simultapu Pt-III village (Ch.0.00m to Ch.1500.00m) under SCSP under Kokrajhar Rural Road Division in Gossaigaon LAC during 2017-18.,Please refer Tender documents. ,NA ,"97,59,809",Civil Works,NA ,Tender,180.0,365.0,Kokrajhar,788730.0,NA ,NA ,NA ,"O/o the Addl. CE cum Director, PWD, BTC, Kokrajhar",No ,No,1.0,Fee/PreQual/Technical,.pdf,EMD,1.0,DD - Demand Draft
,,,,,,,,,,,,,,,,,,,,,,,,,,,,,,,,,,,,,,,,,,,,,,,,,,,,,,.pdf,Cost of Tender Document,2.0,BC - Bankers Cheque
,,,,,,,,,,,,,,,,,,,,,,,,,,,,,,,,,,,,,,,,,,,,,,,,,,,,,,.pdf,Technical Qualification Details,3.0,BG - Bank Guarantee Irrevocable
,,,,,,,,,,,,,,,,,,,,,,,,,,,,,,,,,,,,,,,,,,,,,,,,,,,,,,.pdf,SBD,4.0,FDR - Fixed Deposit Receipt
,,,,,,,,,,,,,,,,,,,,,,,,,,,,,,,,,,,,,,,,,,,,,,,,,,,,2.0,Finance,.xls,BOQ,,
,,,,,,,,,,,,,,,,,,,,,,,,,,,,,,,,,,,,,,,,,,,,,,,,,,,,,,.pdf,FOB,,
