﻿Name,Address,Organisation Chain,Tender Reference Number,Tender ID,Tender Type,Form of contract,Tender Category,No. of Covers,General Technical Evaluation Allowed,ItemWise Technical Evaluation Allowed,Payment Mode,Is Multi Currency Allowed For BOQ,Is Multi Currency Allowed For Fee,Allow Two Stage Bidding,S.No,Instrument Type,Cover No,Cover,Document Type,Description,EMD Amount in ₹,EMD through BG/ST or EMD Exemption Allowed,EMD Fee Type,EMD Percentage,EMD Payable To,EMD Payable At,Publish Date,Bid Opening Date,Document Download / Sale Start Date,Document Download / Sale End Date,Clarification Start Date,Clarification End Date,Bid Submission Start Date,Bid Submission End Date,Financial Bid Opening Date,Title,Work Description,Pre Qualification Details,Independent External Monitor/Remarks,Tender Value in ₹,Product Category,Sub category,Contract Type,Bid Validity(Days),Period Of Work(Days),Location,Pincode,Pre Bid Meeting Place,Pre Bid Meeting Address,Pre Bid Meeting Date,Bid Opening Place,Should Allow NDA Tender,Allow Preferential Bidder,S.No,Corrigendum Title,Corrigendum Type,View,Tender Fee in ₹,Fee Payable To,Fee Payable At,Tender Fee Exemption Allowed
"Managing Director, ATDC Ltd.","Office of the Managing Director, Assam Tourism Development Corporation, Guwahati-8",Department of Tourism||Assam Tourism Development Corporation Ltd. - DOT||HO-Guwahati-ATDCL - DOT,ATDC/2947/2018/8604 dt. 23.03.2018,2018_DOT_6681_1,Open Tender,Item Rate,Works,2.0,No,No,Offline,No,No,No,1.0,DD - Demand Draft,1.0,Fee/PreQual/Technical,.pdf,Detail Notice Inviting Bid,"43,580",Yes,fixed,,"Managing Director, ATDC Ltd.",Guwahati,03-Apr-2018 12:30 PM,02-May-2018 12:30 PM,04-Apr-2018 11:00 AM,27-Apr-2018 02:00 PM,NA ,NA ,04-Apr-2018 11:00 AM,27-Apr-2018 02:00 PM,31-Dec-2018 11:15 AM,"Tourist facilities at Balilessa Mandir, Nalbari","Tourist facilities at Balilessa Mandir, Nalbari",Please refer Tender documents. ,NA ,"21,79,000",Civil Works - Others,NA ,Tender,180.0,180.0,"Balilessa, District- Nalbari",781345.0,Guwahati ,"Office of the Managing Director, Assam Tourism Development Corporation, Guwahati-8 ",09-Apr-2018 12:30 PM ,Guwahati,No ,No,1.0,Extension Notice,Date,,"2,000","Managing Director, ATDC Ltd.",Guwahati,Yes
,,,,,,,,,,,,,,,2.0,FDR - Fixed Deposit Receipt,,,.pdf,Security Deposit,,,,,,,,,,,,,,,,,,,,,,,,,,,,,,,,,,,,,,,,,
,,,,,,,,,,,,,,,,,,,.pdf,Tender Fee,,,,,,,,,,,,,,,,,,,,,,,,,,,,,,,,,,,,,,,,,
,,,,,,,,,,,,,,,,,,,.pdf,Technical Bid with Seal and Sign,,,,,,,,,,,,,,,,,,,,,,,,,,,,,,,,,,,,,,,,,
,,,,,,,,,,,,,,,,,,,.pdf,Pre Qualification Details,,,,,,,,,,,,,,,,,,,,,,,,,,,,,,,,,,,,,,,,,
,,,,,,,,,,,,,,,,,2.0,Finance,.xls,BOQ,,,,,,,,,,,,,,,,,,,,,,,,,,,,,,,,,,,,,,,,,
,,,,,,,,,,,,,,,,,,,.pdf,Form of Bid,,,,,,,,,,,,,,,,,,,,,,,,,,,,,,,,,,,,,,,,,
