﻿EMD Amount in ₹,EMD through BG/ST or EMD Exemption Allowed,EMD Fee Type,EMD Percentage,EMD Payable To,EMD Payable At,Name,Address,S.No,Instrument Type,Publish Date,Bid Opening Date,Document Download / Sale Start Date,Document Download / Sale End Date,Clarification Start Date,Clarification End Date,Bid Submission Start Date,Bid Submission End Date,Financial Bid Opening Date,Cover No,Cover,Document Type,Description,Title,Work Description,Pre Qualification Details,Independent External Monitor/Remarks,Tender Value in ₹,Product Category,Sub category,Contract Type,Bid Validity(Days),Period Of Work(Days),Location,Pincode,Pre Bid Meeting Place,Pre Bid Meeting Address,Pre Bid Meeting Date,Bid Opening Place,Should Allow NDA Tender,Allow Preferential Bidder,Organisation Chain,Tender Reference Number,Tender ID,Tender Type,Form of contract,Tender Category,No. of Covers,General Technical Evaluation Allowed,ItemWise Technical Evaluation Allowed,Payment Mode,Is Multi Currency Allowed For BOQ,Is Multi Currency Allowed For Fee,Allow Two Stage Bidding,Tender Fee in ₹,Fee Payable To,Fee Payable At,Tender Fee Exemption Allowed
"1,00,000",No,fixed,,Assam Tea Corporation Ltd.,Guwahati,"MD, ATCL","ATCL Head Office, Housefed Complex, Dispur, Ghy-06",1.0,DD - Demand Draft,04-Apr-2018 06:00 PM,12-Apr-2018 03:00 PM,04-Apr-2018 06:30 PM,12-Apr-2018 02:00 PM,NA ,NA ,05-Apr-2018 04:00 PM,12-Apr-2018 02:00 PM,13-Apr-2018 03:50 PM,1.0,Fee/PreQual/Technical,.pdf,EMD,VERIFICATION / DETERMINATION OF ARREAR DUES OF THE RETIRED and SERVING WORKERS and EMPLOYEES AS ON 31.03.2017,VERIFICATION / DETERMINATION OF ARREAR DUES OF THE RETIRED and SERVING WORKERS and EMPLOYEES AS ON 31.03.2017,Please refer to bidding document ,NA ,0.0,Miscellaneous Services,NA ,Tender,90.0,45.0,ATCL gardens/office,781006.0,"ATCL Head Office, Housefed Complex, Dispur, Ghy-06 ","ATCL Head Office, Housefed Complex, Dispur, Ghy-06 ",06-Apr-2018 01:00 PM ,"ATCL Head Office, Housefed Complex, Dispur, Ghy-06",No ,No,Industries and Commerce Department||Commissioner Industries and Commerce Assam||Assam Tea Corporation Ltd.,ATCL / ET - 13/ 2018-19 dated 04/04/18,2018_ICD_6707_1,Open Tender,Item Wise,Services,2.0,No,No,Offline,No,No,No,0.0,Nil,Nil,No
,,,,,,,,,,,,,,,,,,,,,.pdf,Technical Documents,,,,,,,,,,,,,,,,,,,,,,,,,,,,,,,,,,,
,,,,,,,,,,,,,,,,,,,,,.pdf,Bidding Document seal and signed in each page,,,,,,,,,,,,,,,,,,,,,,,,,,,,,,,,,,,
,,,,,,,,,,,,,,,,,,,2.0,Finance,.xls,Price Bid(BOQ),,,,,,,,,,,,,,,,,,,,,,,,,,,,,,,,,,,
