﻿Organisation Chain,Tender Reference Number,Tender ID,Tender Type,Form of contract,Tender Category,No. of Covers,General Technical Evaluation Allowed,ItemWise Technical Evaluation Allowed,Payment Mode,Is Multi Currency Allowed For BOQ,Is Multi Currency Allowed For Fee,Allow Two Stage Bidding,Tender Fee in ₹,Fee Payable To,Fee Payable At,Tender Fee Exemption Allowed,Title,Work Description,Pre Qualification Details,Independent External Monitor/Remarks,Tender Value in ₹,Product Category,Sub category,Contract Type,Bid Validity(Days),Period Of Work(Days),Location,Pincode,Pre Bid Meeting Place,Pre Bid Meeting Address,Pre Bid Meeting Date,Bid Opening Place,Should Allow NDA Tender,Allow Preferential Bidder,Cover No,Cover,Document Type,Description,S.No,Instrument Type,Publish Date,Bid Opening Date,Document Download / Sale Start Date,Document Download / Sale End Date,Clarification Start Date,Clarification End Date,Bid Submission Start Date,Bid Submission End Date,EMD Amount in ₹,EMD through BG/ST or EMD Exemption Allowed,EMD Fee Type,EMD Percentage,EMD Payable To,EMD Payable At,Name,Address
Department of Handloom Textile and Sericulture||Directorate of Sericulture,SDW.1065/2017-18/85/2574,2018_DHTS_4987_1,Open Tender,Percentage,Works,2.0,No,No,Offline,No,No,No,"1,000","Director of Sericulture, Assam, Guwahati-22",guwahati,No,Construction of Boundary Wall at Bhakatpara Muga Farm for the year of 2017-18 under Assam Silk Outreach Mission (Project of Muga Mission)for Augmentation of Muga Raw Silk under SOPD-G,Construction of Boundary Wall at Bhakatpara Muga Farm for the year of 2017-18 under Assam Silk Outreach Mission (Project of Muga Mission)for Augmentation of Muga Raw Silk under SOPD-G,Please refer Tender documents. ,NA ,"91,00,000",Civil Works - Building,NA ,Tender,180.0,120.0,Kamrup,781022.0,"Directorate of Sericulture, Assam, Guwahati-22 ","Directorate of Sericulture, Assam, Guwahati-22 ",29-Jan-2018 02:00 PM ,"Directorate of Sericulture, Assam, Guwahati-22",No ,No,1.0,Fee/PreQual/Technical,.pdf,Tender Fee/EMD,1.0,DD - Demand Draft,17-Jan-2018 10:00 AM,07-Feb-2018 02:30 PM,19-Jan-2018 10:00 AM,30-Jan-2018 02:00 PM,NA ,NA ,19-Jan-2018 10:00 AM,30-Jan-2018 02:00 PM,"1,82,000",Yes,percentage,2.0%,"Executive Engineer ,Directorate of Sericulture,",Guwahati,Director,"Directorate of Sericulture, Assam, Guwahati-22"
,,,,,,,,,,,,,,,,,,,,,,,,,,,,,,,,,,,,,.pdf,Tender document,2.0,FDR - Fixed Deposit Receipt,,,,,,,,,,,,,,,,
,,,,,,,,,,,,,,,,,,,,,,,,,,,,,,,,,,,,,.pdf,Technical Qualification Criteria,,,,,,,,,,,,,,,,,,
,,,,,,,,,,,,,,,,,,,,,,,,,,,,,,,,,,,2.0,Finance,.xls,Price Bid,,,,,,,,,,,,,,,,,,
