﻿Cover No,Cover,Document Type,Description,Publish Date,Bid Opening Date,Document Download / Sale Start Date,Document Download / Sale End Date,Clarification Start Date,Clarification End Date,Bid Submission Start Date,Bid Submission End Date,Financial Bid Opening Date,Title,Work Description,Pre Qualification Details,Independent External Monitor/Remarks,Tender Value in ₹,Product Category,Sub category,Contract Type,Bid Validity(Days),Period Of Work(Days),Location,Pincode,Pre Bid Meeting Place,Pre Bid Meeting Address,Pre Bid Meeting Date,Bid Opening Place,Should Allow NDA Tender,Allow Preferential Bidder,Organisation Chain,Tender Reference Number,Tender ID,Tender Type,Form of contract,Tender Category,No. of Covers,General Technical Evaluation Allowed,ItemWise Technical Evaluation Allowed,Payment Mode,Is Multi Currency Allowed For BOQ,Is Multi Currency Allowed For Fee,Allow Two Stage Bidding,Tender Fee in ₹,Fee Payable To,Fee Payable At,Tender Fee Exemption Allowed,Name,Address,EMD Amount in ₹,EMD through BG/ST or EMD Exemption Allowed,EMD Fee Type,EMD Percentage,EMD Payable To,EMD Payable At,S.No,Instrument Type
1.0,Fee/PreQual/Technical,.pdf,Cost of Bid,03-Nov-2018 06:00 PM,27-Nov-2018 10:00 AM,03-Nov-2018 06:00 PM,23-Nov-2018 02:00 PM,NA ,NA ,07-Nov-2018 02:00 PM,23-Nov-2018 02:00 PM,19-Dec-2018 06:30 PM,SOPD_DH_32,Construction of Guru Teg Bahadur road to Kalabagan at Ward No 4 at Gauripur Town Ch 0.00 m to Ch.340.00m Ch.0.00m to Ch. 150.00m Municipal Road under S.O.P.D under 24No. Gauripur LAC for the year 2018-19,Please refer Tender documents. ,NA ,"51,48,800",Civil Works – Roads,NA ,Rate Contract,90.0,120.0,DHUBRI,783301.0,"O/o The SE, PWD(R), WAC, Goalpara ","O/o The SE, PWD(R), WAC, Goalpara ",12-Nov-2018 12:00 PM ,"O/o The SE, PWD(R), WAC, Goalpara",No ,No,Public Works Roads Department,CT-82/89/2016/36,2018_PWD_9253_77,Open Tender,Item Wise,Works,2.0,No,No,Offline,No,No,No,"2,000","Empowered Officer, ASRB",Guwahati,No,"Superintending Engineer, PWD (R), WAC, Goalpara","O/o The SE, PWD(R), WAC, Goalpara","1,03,000",Yes,fixed,,"Superintending Engineer, PWD (R), WAC, Goalpara",Goalpara,1.0,DD - Demand Draft
,,.pdf,Bid Security,,,,,,,,,,,,,,,,,,,,,,,,,,,,,,,,,,,,,,,,,,,,,,,,,,,,,2.0,BG - Bank Guarantee Irrevocable
,,.pdf,Technical Qualification Details,,,,,,,,,,,,,,,,,,,,,,,,,,,,,,,,,,,,,,,,,,,,,,,,,,,,,3.0,FDR - Fixed Deposit Receipt
2.0,Finance,.pdf,Form of Bid,,,,,,,,,,,,,,,,,,,,,,,,,,,,,,,,,,,,,,,,,,,,,,,,,,,,,,
,,.xls,Bill of Quantities,,,,,,,,,,,,,,,,,,,,,,,,,,,,,,,,,,,,,,,,,,,,,,,,,,,,,,
