﻿Organisation Chain,Tender Reference Number,Tender ID,Tender Type,Form of contract,Tender Category,No. of Covers,General Technical Evaluation Allowed,ItemWise Technical Evaluation Allowed,Payment Mode,Is Multi Currency Allowed For BOQ,Is Multi Currency Allowed For Fee,Allow Two Stage Bidding,EMD Amount in ₹,EMD through BG/ST or EMD Exemption Allowed,EMD Fee Type,EMD Percentage,EMD Payable To,EMD Payable At,Cover No,Cover,Document Type,Description,Publish Date,Bid Opening Date,Document Download / Sale Start Date,Document Download / Sale End Date,Clarification Start Date,Clarification End Date,Bid Submission Start Date,Bid Submission End Date,Title,Work Description,Pre Qualification Details,Independent External Monitor/Remarks,Tender Value in ₹,Product Category,Sub category,Contract Type,Bid Validity(Days),Period Of Work(Days),Location,Pincode,Pre Bid Meeting Place,Pre Bid Meeting Address,Pre Bid Meeting Date,Bid Opening Place,Should Allow NDA Tender,Allow Preferential Bidder,S.No,Instrument Type,Name,Address,S.No,Corrigendum Title,Corrigendum Type,View,Tender Fee in ₹,Fee Payable To,Fee Payable At,Tender Fee Exemption Allowed
Public Works Roads Department,T/CC/ETN/KMJ/2018-19/1406(T),2018_PWD_9587_3,Open Tender,Works,Works,2.0,No,No,Offline,No,No,No,"2,83,000",Yes,fixed,,The EE PWD Karimganj Rural Road Division,Karimganj,1.0,Fee/PreQual/Technical,.pdf,Cost of Bid,13-Nov-2018 10:00 AM,30-Nov-2018 02:00 PM,13-Nov-2018 10:00 AM,29-Nov-2018 02:00 PM,13-Nov-2018 10:00 AM ,20-Nov-2018 04:00 PM ,13-Nov-2018 10:00 AM,29-Nov-2018 02:00 PM,SE/KMJ/10/ SOPD-G/2018-19,"Improvement of Anipur Zamuang Road to C.R. Road via Dargarbond (Length, 2.8 Km) under SOPD(G) for 2018-19",Please refer Tender documents. ,NA ,"1,41,28,000",Civil Works – Roads,NA ,Tender,180.0,365.0,Karimganj District,788710.0,NA ,NA ,NA ,O/O the SE PWD Roads Cachar Circle Silchar,No ,No,1.0,DD - Demand Draft,SE PWD Roads Cachar Circle Silchar,O/O the SE PWD Roads Cachar Circle Silchar,1.0,Date Extension,Date,,"4,300",Empowered Officer Assam State Road Board Guwahati,Guwahati,No
,,,,,,,,,,,,,,,,,,,,,.pdf,Bid Security,,,,,,,,,,,,,,,,,,,,,,,,,,,2.0,BC - Bankers Cheque,,,2.0,Re-Tender,Retender,,,,,
,,,,,,,,,,,,,,,,,,,,,.pdf,Technical Bid Documents,,,,,,,,,,,,,,,,,,,,,,,,,,,3.0,BG - Bank Guarantee Irrevocable,,,,,,,,,,
,,,,,,,,,,,,,,,,,,,,,.pdf,SBD,,,,,,,,,,,,,,,,,,,,,,,,,,,4.0,FDR - Fixed Deposit Receipt,,,,,,,,,,
,,,,,,,,,,,,,,,,,,,2.0,Finance,.pdf,FOB,,,,,,,,,,,,,,,,,,,,,,,,,,,,,,,,,,,,,,
,,,,,,,,,,,,,,,,,,,,,.xls,BOQ,,,,,,,,,,,,,,,,,,,,,,,,,,,,,,,,,,,,,,
