﻿Organisation Chain,Tender Reference Number,Tender ID,Tender Type,Form of contract,Tender Category,No. of Covers,General Technical Evaluation Allowed,ItemWise Technical Evaluation Allowed,Payment Mode,Is Multi Currency Allowed For BOQ,Is Multi Currency Allowed For Fee,Allow Two Stage Bidding,Name,Address,Cover No,Cover,Document Type,Description,Title,Work Description,Pre Qualification Details,Independent External Monitor/Remarks,Tender Value in ₹,Product Category,Sub category,Contract Type,Bid Validity(Days),Period Of Work(Days),Location,Pincode,Pre Bid Meeting Place,Pre Bid Meeting Address,Pre Bid Meeting Date,Bid Opening Place,Should Allow NDA Tender,Allow Preferential Bidder,Publish Date,Bid Opening Date,Document Download / Sale Start Date,Document Download / Sale End Date,Clarification Start Date,Clarification End Date,Bid Submission Start Date,Bid Submission End Date,Financial Bid Opening Date,EMD Amount in ₹,EMD through BG/ST or EMD Exemption Allowed,EMD Fee Type,EMD Percentage,EMD Payable To,EMD Payable At,S.No,Instrument Type,Tender Fee in ₹,Fee Payable To,Fee Payable At,Tender Fee Exemption Allowed
Public Works Roads Department,DRC-XIII/16/98/NIT/DIB/185,2019_PWD_11665_2,Open Tender,Item Rate,Works,2.0,No,No,Offline,No,No,No,S.E. P.W.D. Dibrugarh Road Circle,o/o the S.E. P.W.D. Dibrugarh Road Circle,1.0,Fee/PreQual/Technical,.pdf,Bid Security,DRRD/SOPD/2018-19/Naharkatia,"Construction of Rupjyoti Ali under SOPD for the year 2018-19 under PWD, Dibrugarh Rural Road Division",Please Refer Tender documents ,NA ,"1,87,50,000",Civil Works,NA ,Tender,180.0,270.0,Dibrugarh,786001.0,NA ,NA ,NA ,o/o the S.E. P.W.D. Dibrugarh Road Circle,No ,No,14-Feb-2019 10:00 AM,22-Feb-2019 11:00 AM,14-Feb-2019 10:00 AM,21-Feb-2019 04:00 PM,NA ,NA ,14-Feb-2019 10:00 AM,21-Feb-2019 04:00 PM,27-Feb-2019 11:00 AM,"3,75,000",Yes,fixed,,E E PWD Dibrugarh Rural Road Division,Dibrugarh,1.0,DD - Demand Draft,"5,300","Empowered Officer, ASRB, Assam",Guwahati,No
,,,,,,,,,,,,,,,,,.pdf,Cost of Tender Document,,,,,,,,,,,,,,,,,,,,,,,,,,,,,,,,,,2.0,BC - Bankers Cheque,,,,
,,,,,,,,,,,,,,,,,.pdf,Technical Qualification Details,,,,,,,,,,,,,,,,,,,,,,,,,,,,,,,,,,3.0,BG - Bank Guarantee Irrevocable,,,,
,,,,,,,,,,,,,,,,,.pdf,SBD,,,,,,,,,,,,,,,,,,,,,,,,,,,,,,,,,,4.0,FDR - Fixed Deposit Receipt,,,,
,,,,,,,,,,,,,,,2.0,Finance,.xls,BOQ,,,,,,,,,,,,,,,,,,,,,,,,,,,,,,,,,,,,,,,
,,,,,,,,,,,,,,,,,.pdf,Form of Bid,,,,,,,,,,,,,,,,,,,,,,,,,,,,,,,,,,,,,,,
