﻿S.No,Corrigendum Title,Corrigendum Type,View,Organisation Chain,Tender Reference Number,Tender ID,Tender Type,Form of contract,Tender Category,No. of Covers,General Technical Evaluation Allowed,ItemWise Technical Evaluation Allowed,Payment Mode,Is Multi Currency Allowed For BOQ,Is Multi Currency Allowed For Fee,Allow Two Stage Bidding,Title,Work Description,Pre Qualification Details,Independent External Monitor/Remarks,Tender Value in ₹,Product Category,Sub category,Contract Type,Bid Validity(Days),Period Of Work(Days),Location,Pincode,Pre Bid Meeting Place,Pre Bid Meeting Address,Pre Bid Meeting Date,Bid Opening Place,Should Allow NDA Tender,Allow Preferential Bidder,S.No,Instrument Type,Tender Fee in ₹,Fee Payable To,Fee Payable At,Tender Fee Exemption Allowed,Cover No,Cover,Document Type,Description,Publish Date,Bid Opening Date,Document Download / Sale Start Date,Document Download / Sale End Date,Clarification Start Date,Clarification End Date,Bid Submission Start Date,Bid Submission End Date,EMD Amount in ₹,EMD through BG/ST or EMD Exemption Allowed,EMD Fee Type,EMD Percentage,EMD Payable To,EMD Payable At,Name,Address
1.0,"Due to Interruption in Internet connectivity, All the tenders due for closing during the period between (11-Dec-2019 and 20-Dec-2019) have been extended to 27-Dec-2019.",Admin Corrigendum Date Extend,,National Health Mission||State Programme Management Unit - NHM,NHM/32046/17/Construction dtd 20-11-19,2019_NHM_14910_1,Open Tender,Item Rate,Works,2.0,No,No,Offline,No,No,No,Upgradation of Labor Room as per LAQSHYA guideline Pkg No GROUP O1 4 nos of scheme in Kamrup Rural district.,Upgradation of Labor Room as per LAQSHYA guideline Pkg No GROUP O1 4 nos of scheme in Kamrup Rural district,Please refer Tender documents. ,NA ,"35,54,000",Civil Works,NA ,Tender,225.0,60.0,Kamrup Rural,781017.0,NA ,NA ,NA ,"Office of the MD, NHM, Christian Basti, Guwahati",No ,No,1.0,BG - Bank Guarantee Irrevocable,"5,000",State Health Society,Guwahati,No,1.0,Fee/PreQual/Technical,.pdf,"Tender Cost, EMD",25-Nov-2019 09:00 AM,28-Dec-2019 03:30 PM,25-Nov-2019 09:00 AM,27-Dec-2019 02:00 PM,NA ,NA ,25-Nov-2019 09:00 AM,27-Dec-2019 02:00 PM,"71,080",Yes,percentage,2.0%,State Health Society,Guwahati,"MD, NHM","Office of the MD, NHM, Christian Basti, Guwahati-781005"
2.0,Cancellation order,Cancellation of Tender,,,,,,,,,,,,,,,,,,,,,,,,,,,,,,,,,2.0,FDR - Fixed Deposit Receipt,,,,,,,.pdf,SBD,,,,,,,,,,,,,,,,
,,,,,,,,,,,,,,,,,,,,,,,,,,,,,,,,,,,3.0,DCR - Deposit at call receipt,,,,,,,.pdf,Technical Qualification,,,,,,,,,,,,,,,,
,,,,,,,,,,,,,,,,,,,,,,,,,,,,,,,,,,,,,,,,,2.0,Finance,.xls,BOQ,,,,,,,,,,,,,,,,
,,,,,,,,,,,,,,,,,,,,,,,,,,,,,,,,,,,,,,,,,,,.pdf,FOB,,,,,,,,,,,,,,,,
