﻿EMD Amount in ₹,EMD through BG/ST or EMD Exemption Allowed,EMD Fee Type,EMD Percentage,EMD Payable To,EMD Payable At,Name,Address,S.No,Instrument Type,Organisation Chain,Tender Reference Number,Tender ID,Tender Type,Form of contract,Tender Category,No. of Covers,General Technical Evaluation Allowed,ItemWise Technical Evaluation Allowed,Payment Mode,Is Multi Currency Allowed For BOQ,Is Multi Currency Allowed For Fee,Allow Two Stage Bidding,Publish Date,Bid Opening Date,Document Download / Sale Start Date,Document Download / Sale End Date,Clarification Start Date,Clarification End Date,Bid Submission Start Date,Bid Submission End Date,Financial Bid Opening Date,Title,Work Description,Pre Qualification Details,Independent External Monitor/Remarks,Tender Value in ₹,Product Category,Sub category,Contract Type,Bid Validity(Days),Period Of Work(Days),Location,Pincode,Pre Bid Meeting Place,Pre Bid Meeting Address,Pre Bid Meeting Date,Bid Opening Place,Should Allow NDA Tender,Allow Preferential Bidder,Cover No,Cover,Document Type,Description,Tender Fee in ₹,Fee Payable To,Fee Payable At,Tender Fee Exemption Allowed
"22,24,120",Yes,percentage,2.0%,Executive Engineer Lakhimpur Division (I),Lakhimpur,o/o Chief engineer (MI) Assam Ghy-3,o/o Chief engineer (MI) Assam Ghy-3,1,DD - Demand Draft,Irrigation Department||Chief Engineer(Minor Irrigation)-Irrigation Dept,NO_18_RIDF_XXIV_NABARD_2019_20,2019_ID_15578_1,Open Tender,Item Rate,Works,2.0,No,No,Offline,No,No,No,27-Dec-2019 10:00 AM,10-Jan-2020 03:00 PM,27-Dec-2019 10:05 AM,10-Jan-2020 02:00 PM,NA ,NA ,27-Dec-2019 10:05 AM,10-Jan-2020 02:00 PM,14-Jan-2020 01:10 PM,Balijan Flow I_Scheme under RIDF_XXIV_NABARD_ for the year 2019_20 under Lakhimpur Division_Irrg_ North Lakhimpur,Constn of HW_ Guide Bund and Afflux Bund _Diversion channel _ Closing Bund etc,Please refer Tender documents. ,NA ,"11,12,06,000",Civil Works,NA ,Tender,180.0,365.0,Balijan_Lakhimpur,787052.0,NA ,NA ,NA ,o/o Chief engineer (MI) Assam Ghy-3,No ,No,1.0,Fee/PreQual/Technical,.pdf,cost of bid,"20,000",Executive Engineer Lakhimpur Division (I),Lakhimpur,No
,,,,,,,,2,BC - Bankers Cheque,,,,,,,,,,,,,,,,,,,,,,,,,,,,,,,,,,,,,,,,,,,.pdf,EMD,,,,
,,,,,,,,3,BG - Bank Guarantee Irrevocable,,,,,,,,,,,,,,,,,,,,,,,,,,,,,,,,,,,,,,,,,,,.pdf,tech qualification,,,,
,,,,,,,,4,FDR - Fixed Deposit Receipt,,,,,,,,,,,,,,,,,,,,,,,,,,,,,,,,,,,,,,,,,,,.pdf,bid,,,,
,,,,,,,,5,DCR - Deposit at call receipt,,,,,,,,,,,,,,,,,,,,,,,,,,,,,,,,,,,,,,,,,2.0,Finance,.xls,BOQ,,,,
