﻿Publish Date,Bid Opening Date,Document Download / Sale Start Date,Document Download / Sale End Date,Clarification Start Date,Clarification End Date,Bid Submission Start Date,Bid Submission End Date,Financial Bid Opening Date,Organisation Chain,Tender Reference Number,Tender ID,Tender Type,Form of contract,Tender Category,No. of Covers,General Technical Evaluation Allowed,ItemWise Technical Evaluation Allowed,Payment Mode,Is Multi Currency Allowed For BOQ,Is Multi Currency Allowed For Fee,Allow Two Stage Bidding,Cover No,Cover,Document Type,Description,EMD Amount in ₹,EMD through BG/ST or EMD Exemption Allowed,EMD Fee Type,EMD Percentage,EMD Payable To,EMD Payable At,Tender Fee in ₹,Fee Payable To,Fee Payable At,Tender Fee Exemption Allowed,Title,Work Description,Pre Qualification Details,Independent External Monitor/Remarks,Tender Value in ₹,Product Category,Sub category,Contract Type,Bid Validity(Days),Period Of Work(Days),Location,Pincode,Pre Bid Meeting Place,Pre Bid Meeting Address,Pre Bid Meeting Date,Bid Opening Place,Should Allow NDA Tender,Allow Preferential Bidder,S.No,Instrument Type,Name,Address
31-Jan-2019 11:00 AM,06-Feb-2019 03:00 PM,31-Jan-2019 11:00 AM,05-Feb-2019 02:00 PM,31-Jan-2019 11:00 AM ,05-Feb-2019 02:00 PM ,31-Jan-2019 11:00 AM,05-Feb-2019 02:00 PM,04-Mar-2019 04:00 PM,Public Works Roads Department,T/GRC/NIT/510/2018-19/318,2019_PWD_11536_1,Open Tender,Item Rate,Works,2.0,No,No,Offline,No,No,No,1.0,Fee/PreQual/Technical,.pdf,Cost of Bid,"1,68,200",Yes,fixed,,Nil,Nil,"2,523",Nil,Nil,No,KAM(R)/SOPD/ GRC/2018-19/65,Construction of Road from Sajei Mahapurusiya Suba to Bagals Road (L.1.29 Km) under SOPD for the year 2018-19 under Rangia Rural Road Division- Kamalpur LAC,Please refer tender ,NA ,"84,10,300",Civil Works – Roads,NA ,Tender,90.0,NA ,Kamalpur,781380.0,NA ,NA ,NA ,online,No ,No,1.0,DD - Demand Draft,SEPWDGRC,O/O the SE PWD GRC
,,,,,,,,,,,,,,,,,,,,,,,,.pdf,Bid Security,,,,,,,,,,,,,,,,,,,,,,,,,,,,,2.0,BC - Bankers Cheque,,
,,,,,,,,,,,,,,,,,,,,,,,,.pdf,Technical Qualification Details,,,,,,,,,,,,,,,,,,,,,,,,,,,,,3.0,BG - Bank Guarantee Irrevocable,,
,,,,,,,,,,,,,,,,,,,,,,,,.pdf,SBD,,,,,,,,,,,,,,,,,,,,,,,,,,,,,4.0,FDR - Fixed Deposit Receipt,,
,,,,,,,,,,,,,,,,,,,,,,2.0,Finance,.xls,BOQ,,,,,,,,,,,,,,,,,,,,,,,,,,,,,,,,
,,,,,,,,,,,,,,,,,,,,,,,,.pdf,FOB,,,,,,,,,,,,,,,,,,,,,,,,,,,,,,,,
