﻿Tender Fee in ₹,Fee Payable To,Fee Payable At,Tender Fee Exemption Allowed,EMD Amount in ₹,EMD through BG/ST or EMD Exemption Allowed,EMD Fee Type,EMD Percentage,EMD Payable To,EMD Payable At,Cover No,Cover,Document Type,Description,Title,Work Description,Pre Qualification Details,Independent External Monitor/Remarks,Tender Value in ₹,Product Category,Sub category,Contract Type,Bid Validity(Days),Period Of Work(Days),Location,Pincode,Pre Bid Meeting Place,Pre Bid Meeting Address,Pre Bid Meeting Date,Bid Opening Place,Should Allow NDA Tender,Allow Preferential Bidder,Organisation Chain,Tender Reference Number,Tender ID,Tender Type,Form of contract,Tender Category,No. of Covers,General Technical Evaluation Allowed,ItemWise Technical Evaluation Allowed,Payment Mode,Is Multi Currency Allowed For BOQ,Is Multi Currency Allowed For Fee,Allow Two Stage Bidding,Name,Address,S.No,Instrument Type,Publish Date,Bid Opening Date,Document Download / Sale Start Date,Document Download / Sale End Date,Clarification Start Date,Clarification End Date,Bid Submission Start Date,Bid Submission End Date,Financial Bid Opening Date
"5,000","The Executive Engineer, Jorhat W.R. Division",Jorhat,No,"3,43,612",Yes,percentage,2.0%,"The Executive Engineer, Jorhat W.R. Division",Jorhat,1.0,Fee,.pdf,Cost of Tender and EMD,Immediate measures to restore Rowduwar (South) area from the flood damages of river Dhansiri for the year 2018-19 (Package 1),Immediate measures to restore Rowduwar (South) area from the flood damages of river Dhansiri for the year 2018-19 (Package 1),Please refer Tender documents. ,NA ,"1,71,80,624",Civil Works,NA ,Tender,180.0,60.0,Jorhat,785001.0,NA ,NA ,NA ,Dibrugarh,No ,No,Department of Water Resources||Chief Engineer - DoWR,JOR/SDRF/2018-19/ROWDUAR/1,2019_DoWR_11755_1,Open Tender,Works,Works,3.0,No,No,Offline,No,No,No,"Addl. Chief Engineer, UAZ, W.R. Deptt., Dibrugarh","O/o the Additional Chief Engineer, Upper Assam Zone, Water Resources Department, Dibrugarh - 05",1,DD - Demand Draft,09-Feb-2019 06:00 PM,21-Feb-2019 02:00 PM,09-Feb-2019 06:05 PM,20-Feb-2019 02:00 PM,NA ,NA ,15-Feb-2019 10:00 AM,20-Feb-2019 02:00 PM,01-Mar-2019 03:20 PM
,,,,,,,,,,2.0,PreQual/Technical,.pdf,Technical Documents,,,,,,,,,,,,,,,,,,,,,,,,,,,,,,,,,,2,BC - Bankers Cheque,,,,,,,,,
,,,,,,,,,,3.0,Finance,.xls,BOQ,,,,,,,,,,,,,,,,,,,,,,,,,,,,,,,,,,3,BG - Bank Guarantee Irrevocable,,,,,,,,,
,,,,,,,,,,,,,,,,,,,,,,,,,,,,,,,,,,,,,,,,,,,,,,,4,FDR - Fixed Deposit Receipt,,,,,,,,,
,,,,,,,,,,,,,,,,,,,,,,,,,,,,,,,,,,,,,,,,,,,,,,,5,DCR - Deposit at call receipt,,,,,,,,,
