﻿Publish Date,Bid Opening Date,Document Download / Sale Start Date,Document Download / Sale End Date,Clarification Start Date,Clarification End Date,Bid Submission Start Date,Bid Submission End Date,Financial Bid Opening Date,Name,Address,Organisation Chain,Tender Reference Number,Tender ID,Tender Type,Form of contract,Tender Category,No. of Covers,General Technical Evaluation Allowed,ItemWise Technical Evaluation Allowed,Payment Mode,Is Multi Currency Allowed For BOQ,Is Multi Currency Allowed For Fee,Allow Two Stage Bidding,Tender Fee in ₹,Fee Payable To,Fee Payable At,Tender Fee Exemption Allowed,Cover No,Cover,Document Type,Description,EMD Amount in ₹,EMD through BG/ST or EMD Exemption Allowed,EMD Fee Type,EMD Percentage,EMD Payable To,EMD Payable At,S.No,Instrument Type,Title,Work Description,Pre Qualification Details,Independent External Monitor/Remarks,Tender Value in ₹,Product Category,Sub category,Contract Type,Bid Validity(Days),Period Of Work(Days),Location,Pincode,Pre Bid Meeting Place,Pre Bid Meeting Address,Pre Bid Meeting Date,Bid Opening Place,Should Allow NDA Tender,Allow Preferential Bidder,S.No,Corrigendum Title,Corrigendum Type,View
14-Feb-2019 05:00 PM,12-Mar-2019 02:30 PM,14-Feb-2019 05:00 PM,12-Mar-2019 10:00 AM,NA ,NA ,15-Feb-2019 12:00 PM,12-Mar-2019 10:00 AM,13-Mar-2019 04:30 PM,Superintendent District Jail Golaghat,Office of the Superintendent District Jail Golaghat,Home B||Assam Prison Headquarters||District Jail-Golaghat,GDJ.14/2019/ 257 -A,2019_HB_11870_2,Open Tender,Supply,Goods,2.0,No,No,Offline,No,No,No,500.0,Superintendent District Jail Golaghat,Golaghat,No,1.0,Fee/PreQual/Technical,.pdf,Tender Fee/EMD,"6,000",No,fixed,,Superintendent District Jail Golaghat,Golaghat,1,DD - Demand Draft,Supply of Dietary articles for District Jail Golaghat during the Financial Year 2019_20_Group_B,Supply of Dietary articles for District Jail Golaghat during the Financial Year 2019_20_Group_B,Please refer Tender documents. ,NA ,"3,00,000",Food Products,NA ,Tender,90.0,10.0,District Jail Golaghat,785621.0,NA ,NA ,NA ,District Jail Golaghat,No ,No,1.0,Corrigendum,Date,
,,,,,,,,,,,,,,,,,,,,,,,,,,,,,,.pdf,Technical Document,,,,,,,2,SS - Small Savings Instrument,,,,,,,,,,,,,,,,,,,,,,
,,,,,,,,,,,,,,,,,,,,,,,,,,,,2.0,Finance,.xls,BoQ,,,,,,,3,BG - Bank Guarantee Irrevocable,,,,,,,,,,,,,,,,,,,,,,
,,,,,,,,,,,,,,,,,,,,,,,,,,,,,,,,,,,,,,4,FDR - Fixed Deposit Receipt,,,,,,,,,,,,,,,,,,,,,,
