﻿S.No,Instrument Type,Title,Work Description,Pre Qualification Details,Independent External Monitor/Remarks,Tender Value in ₹,Product Category,Sub category,Contract Type,Bid Validity(Days),Period Of Work(Days),Location,Pincode,Pre Bid Meeting Place,Pre Bid Meeting Address,Pre Bid Meeting Date,Bid Opening Place,Should Allow NDA Tender,Allow Preferential Bidder,EMD Amount in ₹,EMD through BG/ST or EMD Exemption Allowed,EMD Fee Type,EMD Percentage,EMD Payable To,EMD Payable At,Cover No,Cover,Document Type,Description,S.No,Corrigendum Title,Corrigendum Type,View,Name,Address,Tender Fee in ₹,Fee Payable To,Fee Payable At,Tender Fee Exemption Allowed,Organisation Chain,Tender Reference Number,Tender ID,Tender Type,Form of contract,Tender Category,No. of Covers,General Technical Evaluation Allowed,ItemWise Technical Evaluation Allowed,Payment Mode,Is Multi Currency Allowed For BOQ,Is Multi Currency Allowed For Fee,Allow Two Stage Bidding,Publish Date,Bid Opening Date,Document Download / Sale Start Date,Document Download / Sale End Date,Clarification Start Date,Clarification End Date,Bid Submission Start Date,Bid Submission End Date
1.0,DD - Demand Draft,SE/SIL/SOPD/G/1,"Improvement of Road Constructed under PMGSY Package No. AS 03 30 from Down Bandu Pailapool to South Laiduma Bandu Road under SOPD G for the 3 year 2018-19 under Silchar Rural Road Division, Silchar.",Please refer Tender documents. ,NA ,"1,63,76,802",Civil Works,NA ,Rate Contract,180.0,420.0,Cachar District,788103.0,NA ,NA ,NA ,O/O The SE Cachar Road Circle Silchar,No ,No,"3,27,600",Yes,fixed,,The EE PWD Silchar Rural Road Division,Silchar,1.0,Fee/PreQual/Technical,.pdf,Cost of Bid,1.0,Cancellation of Tender,Cancellation of Tender,,The SE PWD Roads Cachar Circle Silchar,"O/O The SE, PWD (Roads) Cachar Circle, Silchar","5,000",Empowered Officer Assam State Road Board Guwahati,Guwahati,No,Public Works Roads Department,T/CC/ETN/SIL/2019-20/3077(T),2019_PWD_14120_5,Open Tender,Item Rate,Works,2.0,No,No,Offline,No,No,No,13-Sep-2019 10:00 AM,27-Sep-2019 04:00 PM,13-Sep-2019 10:00 AM,27-Sep-2019 04:00 PM,13-Sep-2019 10:00 AM ,23-Sep-2019 04:00 PM ,13-Sep-2019 10:00 AM,27-Sep-2019 04:00 PM
2.0,BC - Bankers Cheque,,,,,,,,,,,,,,,,,,,,,,,,,,,.pdf,Bid Security,,,,,,,,,,,,,,,,,,,,,,,,,,,,,,,
3.0,BG - Bank Guarantee Irrevocable,,,,,,,,,,,,,,,,,,,,,,,,,,,.pdf,Technical Bid Document,,,,,,,,,,,,,,,,,,,,,,,,,,,,,,,
4.0,FDR - Fixed Deposit Receipt,,,,,,,,,,,,,,,,,,,,,,,,,,,.pdf,SBD,,,,,,,,,,,,,,,,,,,,,,,,,,,,,,,
,,,,,,,,,,,,,,,,,,,,,,,,,,2.0,Finance,.pdf,FOB,,,,,,,,,,,,,,,,,,,,,,,,,,,,,,,
,,,,,,,,,,,,,,,,,,,,,,,,,,,,.xls,BOQ,,,,,,,,,,,,,,,,,,,,,,,,,,,,,,,
