﻿Organisation Chain,Tender Reference Number,Tender ID,Tender Type,Form of contract,Tender Category,No. of Covers,General Technical Evaluation Allowed,ItemWise Technical Evaluation Allowed,Payment Mode,Is Multi Currency Allowed For BOQ,Is Multi Currency Allowed For Fee,Allow Two Stage Bidding,Tender Fee in ₹,Fee Payable To,Fee Payable At,Tender Fee Exemption Allowed,Cover No,Cover,Document Type,Description,EMD Amount in ₹,EMD through BG/ST or EMD Exemption Allowed,EMD Fee Type,EMD Percentage,EMD Payable To,EMD Payable At,S.No,Instrument Type,Name,Address,Title,Work Description,Pre Qualification Details,Independent External Monitor/Remarks,Tender Value in ₹,Product Category,Sub category,Contract Type,Bid Validity(Days),Period Of Work(Days),Location,Pincode,Pre Bid Meeting Place,Pre Bid Meeting Address,Pre Bid Meeting Date,Bid Opening Place,Should Allow NDA Tender,Allow Preferential Bidder,Publish Date,Bid Opening Date,Document Download / Sale Start Date,Document Download / Sale End Date,Clarification Start Date,Clarification End Date,Bid Submission Start Date,Bid Submission End Date,Financial Bid Opening Date
Public Works Building and NH Department||Chief Engineer-Building - PWBNH||SE-Guwahati Circle-2 - PWBNH,Extension_Homoeo_Panjabari,2019_PWBNH_13541_1,Open Tender,Item Wise,Works,2.0,No,No,Offline,No,No,No,"1,700",Assam State Road Board Maintenance (Roads) Fund,Guwahati,No,1.0,Fee/PreQual/Technical,.pdf,Cost of tender,"1,11,294",Yes,percentage,2.0%,EE PWD Guwahati Building Division-II Guwahati-6,Guwahati,1.0,DD - Demand Draft,SE Guwahati Building Circle-II Chandmari,SE office Guwahati Building Circle-II Chandmari,"Construction of works at SJN Homoeopathic Medical College Hospital, Panjabri, Ghy-37","Construction of works at SJN Homoeopathic Medical College Hospital, Panjabri, Ghy-37 under SOPD-ODS for the FY 2018-19 (Vertical extension of the Administrative Building 2nd Floor remaining portion)",Please refer Tender documents. ,NA ,"55,64,681",Civil Works - Building,NA ,Tender,180.0,240.0,"Panjabari, Guwahati",781037.0,SE office Guwahati Building Circle-II Chandmari ,SE office Guwahati Building Circle-II Chandmari ,18-Jul-2019 12:00 PM ,SE office Guwahati Building Circle-II Chandmari,No ,No,12-Jul-2019 12:00 PM,29-Jul-2019 11:30 AM,12-Jul-2019 12:00 PM,26-Jul-2019 02:00 PM,NA ,NA ,12-Jul-2019 12:00 PM,26-Jul-2019 02:00 PM,03-Aug-2019 11:00 AM
,,,,,,,,,,,,,,,,,,,.pdf,Bid security,,,,,,,2.0,BC - Bankers Cheque,,,,,,,,,,,,,,,,,,,,,,,,,,,,,
,,,,,,,,,,,,,,,,,,,.pdf,Bidding Document,,,,,,,3.0,BG - Bank Guarantee Irrevocable,,,,,,,,,,,,,,,,,,,,,,,,,,,,,
,,,,,,,,,,,,,,,,,,,.pdf,Technical Qualification,,,,,,,4.0,FDR - Fixed Deposit Receipt,,,,,,,,,,,,,,,,,,,,,,,,,,,,,
,,,,,,,,,,,,,,,,,2.0,Finance,.xls,BOQ,,,,,,,,,,,,,,,,,,,,,,,,,,,,,,,,,,,,,
,,,,,,,,,,,,,,,,,,,.pdf,Form of bid,,,,,,,,,,,,,,,,,,,,,,,,,,,,,,,,,,,,,
