﻿S.No,Corrigendum Title,Corrigendum Type,View,Organisation Chain,Tender Reference Number,Tender ID,Tender Type,Form of contract,Tender Category,No. of Covers,General Technical Evaluation Allowed,ItemWise Technical Evaluation Allowed,Payment Mode,Is Multi Currency Allowed For BOQ,Is Multi Currency Allowed For Fee,Allow Two Stage Bidding,Cover No,Cover,Document Type,Description,S.No,Instrument Type,Publish Date,Bid Opening Date,Document Download / Sale Start Date,Document Download / Sale End Date,Clarification Start Date,Clarification End Date,Bid Submission Start Date,Bid Submission End Date,Financial Bid Opening Date,Name,Address,Title,Work Description,Pre Qualification Details,Independent External Monitor/Remarks,Tender Value in ₹,Product Category,Sub category,Contract Type,Bid Validity(Days),Period Of Work(Days),Location,Pincode,Pre Bid Meeting Place,Pre Bid Meeting Address,Pre Bid Meeting Date,Bid Opening Place,Should Allow NDA Tender,Allow Preferential Bidder,Tender Fee in ₹,Fee Payable To,Fee Payable At,Tender Fee Exemption Allowed,EMD Amount in ₹,EMD through BG/ST or EMD Exemption Allowed,EMD Fee Type,EMD Percentage,EMD Payable To,EMD Payable At
1.0,Date Extension,Date,,Public Works Roads Department||CE PWD(R) - PWD,SE/NRC/TB/NIT/64/2018-19/32,2019_PWD_11650_1,Open Tender,Item Rate,Works,2.0,No,No,Offline,No,No,No,1.0,Fee/PreQual/Technical,.pdf,VoL1,1.0,DD - Demand Draft,05-Feb-2019 10:00 AM,14-Feb-2019 11:00 AM,05-Feb-2019 10:00 AM,13-Feb-2019 02:00 PM,NA ,NA ,05-Feb-2019 10:00 AM,13-Feb-2019 02:00 PM,26-Feb-2019 02:30 PM,SE PWD NRC,SE PWD NRC,Construction of Road from Podumoni to Kalajhar Road under SOPD for the year 2018-19,Construction of Road from Podumoni to Kalajhar Road under SOPD for the year 2018-19,Please refer Tender documents. ,NA ,"1,62,78,000",Civil Works – Roads,NA ,Tender,180.0,180.0,Jamunamukh,782428.0,NA ,NA ,NA ,SE PWD NRC,No ,No,"4,900",Empowered Officer ASRB,Guwahati,No,"3,25,560",Yes,percentage,2.0%,Chief Engineer PWD Roads,Guwahati
,,,,,,,,,,,,,,,,,,,.pdf,FEE,2.0,BG - Bank Guarantee Irrevocable,,,,,,,,,,,,,,,,,,,,,,,,,,,,,,,,,,,,,,,
,,,,,,,,,,,,,,,,,,,.pdf,Tech. Qualification,3.0,FDR - Fixed Deposit Receipt,,,,,,,,,,,,,,,,,,,,,,,,,,,,,,,,,,,,,,,
,,,,,,,,,,,,,,,,,2.0,Finance,.xls,BOQ,,,,,,,,,,,,,,,,,,,,,,,,,,,,,,,,,,,,,,,,,
,,,,,,,,,,,,,,,,,,,.pdf,FOB,,,,,,,,,,,,,,,,,,,,,,,,,,,,,,,,,,,,,,,,,
