﻿Cover No,Cover,Document Type,Description,Publish Date,Bid Opening Date,Document Download / Sale Start Date,Document Download / Sale End Date,Clarification Start Date,Clarification End Date,Bid Submission Start Date,Bid Submission End Date,Name,Address,Title,Work Description,Pre Qualification Details,Independent External Monitor/Remarks,Tender Value in ₹,Product Category,Sub category,Contract Type,Bid Validity(Days),Period Of Work(Days),Location,Pincode,Pre Bid Meeting Place,Pre Bid Meeting Address,Pre Bid Meeting Date,Bid Opening Place,Should Allow NDA Tender,Allow Preferential Bidder,S.No,Corrigendum Title,Corrigendum Type,View,Organisation Chain,Tender Reference Number,Tender ID,Tender Type,Form of contract,Tender Category,No. of Covers,General Technical Evaluation Allowed,ItemWise Technical Evaluation Allowed,Payment Mode,Is Multi Currency Allowed For BOQ,Is Multi Currency Allowed For Fee,Allow Two Stage Bidding,Tender Fee in ₹,Fee Payable To,Fee Payable At,Tender Fee Exemption Allowed,EMD Amount in ₹,EMD through BG/ST or EMD Exemption Allowed,EMD Fee Type,EMD Percentage,EMD Payable To,EMD Payable At,S.No,Instrument Type
1.0,Fee/PreQual/Technical,.pdf,"Tender Fee, Bid Security",25-Apr-2019 09:00 AM,06-May-2019 03:30 PM,25-Apr-2019 09:00 AM,04-May-2019 02:00 PM,NA ,NA ,25-Apr-2019 09:00 AM,04-May-2019 02:00 PM,"MD, NHM, Assam","O/O Mission Director, NHM,Assam, Saikia Commercial Complex, Christanbasti, G.S. Road , Guwahati",Upgradation of Labor Room as per Laqshya Guideline at 116 nos of Health Institutions,Upgradation of Labor Room as per Laqshya Guideline at 116 nos of Health Institutions,Please refer Tender documents. ,NA ,"5,76,288",Civil Works,NA ,Tender,225.0,30.0,Baksa,781343.0,NA ,NA ,NA ,"O/O Mission Director, NHM, Assam",No ,No,1.0,Cancellation Notice,Cancellation of Tender,,National Health Mission||State Programme Management Unit - NHM,NHM/CCW/Labor room/Laqshya/3839/18/69,2019_NHM_12762_1,Open Tender,Item Rate,Works,2.0,No,No,Offline,No,No,Yes,"5,000","State Health Society, Assam",Guwahati,No,"11,526",No,percentage,2.0%,"State Health Society, Assam",Guwahati,1.0,BG - Bank Guarantee Irrevocable
,,.pdf,"Technical Document, Bid Document",,,,,,,,,,,,,,,,,,,,,,,,,,,,,,,,,,,,,,,,,,,,,,,,,,,,,,,,2.0,FDR - Fixed Deposit Receipt
2.0,Finance,.xls,Price Bid,,,,,,,,,,,,,,,,,,,,,,,,,,,,,,,,,,,,,,,,,,,,,,,,,,,,,,,,3.0,DCR - Deposit at call receipt
,,.pdf,FoB,,,,,,,,,,,,,,,,,,,,,,,,,,,,,,,,,,,,,,,,,,,,,,,,,,,,,,,,,
