﻿EMD Amount in ₹,EMD through BG/ST or EMD Exemption Allowed,EMD Fee Type,EMD Percentage,EMD Payable To,EMD Payable At,S.No,Corrigendum Title,Corrigendum Type,View,Title,Work Description,Pre Qualification Details,Independent External Monitor/Remarks,Tender Value in ₹,Product Category,Sub category,Contract Type,Bid Validity(Days),Period Of Work(Days),Location,Pincode,Pre Bid Meeting Place,Pre Bid Meeting Address,Pre Bid Meeting Date,Bid Opening Place,Should Allow NDA Tender,Allow Preferential Bidder,Tender Fee in ₹,Fee Payable To,Fee Payable At,Tender Fee Exemption Allowed,Cover No,Cover,Document Type,Description,Publish Date,Bid Opening Date,Document Download / Sale Start Date,Document Download / Sale End Date,Clarification Start Date,Clarification End Date,Bid Submission Start Date,Bid Submission End Date,Name,Address,S.No,Instrument Type,Organisation Chain,Tender Reference Number,Tender ID,Tender Type,Form of contract,Tender Category,No. of Covers,General Technical Evaluation Allowed,ItemWise Technical Evaluation Allowed,Payment Mode,Is Multi Currency Allowed For BOQ,Is Multi Currency Allowed For Fee,Allow Two Stage Bidding
"1,94,545",Yes,fixed,,"Managing Director,APTDC",WPT and BC,1.0,Extension date Of Hostel at Kachugaon Girls High School,Date,,"Construction Of Hostel at Kachugaon Girls High School, Kokrajhar under Article 275(I) of the Constitution of India during the year 2019-20","Construction Of Hostel at Kachugaon Girls High School, Kokrajhar under Article 275(I) of the Constitution of India during the year 2019-20",Please refer Tender documents. ,NA ,"1,00,00,000",Civil Works,NA ,Tender,120.0,270.0,Kokrajhar,781005.0,NA ,NA ,NA ,Assam Plains Tribes Development Corporation Ltd.,No ,No,"3,000","Managing Director,APTDC",Guwahati,No,1.0,Fee/PreQual/Technical,.pdf,Tender Fee and EMD,19-Dec-2019 02:00 PM,07-Jan-2020 03:30 PM,19-Dec-2019 02:00 PM,07-Jan-2020 03:00 PM,19-Dec-2019 02:00 PM ,23-Dec-2019 04:00 PM ,24-Dec-2019 11:00 AM,07-Jan-2020 03:00 PM,"Managing Director,APTDC",Assam Plains Tribes Development Corporation Ltd. Guwahati-05,1.0,DD - Demand Draft,Welfare of Plain Tribes and Backward Classes||Director - WPT and BC,PTDC/Engg/2019-20/86,2019_WPTBC_15376_1,Open Tender,Item Rate,Works,2.0,No,No,Offline,No,No,No
,,,,,,,,,,,,,,,,,,,,,,,,,,,,,,,,,,.pdf,Technical Qualification Details,,,,,,,,,,,,,,,,,,,,,,,,,
,,,,,,,,,,,,,,,,,,,,,,,,,,,,,,,,,,.pdf,Tender document,,,,,,,,,,,,,,,,,,,,,,,,,
,,,,,,,,,,,,,,,,,,,,,,,,,,,,,,,,2.0,Finance,.xls,Price Bid,,,,,,,,,,,,,,,,,,,,,,,,,
,,,,,,,,,,,,,,,,,,,,,,,,,,,,,,,,,,.pdf,Form of Bid,,,,,,,,,,,,,,,,,,,,,,,,,
