﻿Organisation Chain,Tender Reference Number,Tender ID,Tender Type,Form of contract,Tender Category,No. of Covers,General Technical Evaluation Allowed,ItemWise Technical Evaluation Allowed,Payment Mode,Is Multi Currency Allowed For BOQ,Is Multi Currency Allowed For Fee,Allow Two Stage Bidding,Name,Address,S.No,Corrigendum Title,Corrigendum Type,View,Publish Date,Bid Opening Date,Document Download / Sale Start Date,Document Download / Sale End Date,Clarification Start Date,Clarification End Date,Bid Submission Start Date,Bid Submission End Date,Financial Bid Opening Date,EMD Amount in ₹,EMD through BG/ST or EMD Exemption Allowed,EMD Fee Type,EMD Percentage,EMD Payable To,EMD Payable At,S.No,Instrument Type,Tender Fee in ₹,Fee Payable To,Fee Payable At,Tender Fee Exemption Allowed,Title,Work Description,Pre Qualification Details,Independent External Monitor/Remarks,Tender Value in ₹,Product Category,Sub category,Contract Type,Bid Validity(Days),Period Of Work(Days),Location,Pincode,Pre Bid Meeting Place,Pre Bid Meeting Address,Pre Bid Meeting Date,Bid Opening Place,Should Allow NDA Tender,Allow Preferential Bidder,Cover No,Cover,Document Type,Description
Public Works Roads Department,SE/JRC/SOPD(ODS)/1772.D,2019_PWD_11658_7,Open Tender,Item Rate,Works,2.0,No,No,Offline,No,No,No,SE PWD JRC,O/O The SE PWD JRC,1.0,Time Extension,Date,,09-Feb-2019 10:00 AM,18-Feb-2019 01:00 PM,09-Feb-2019 10:00 AM,16-Feb-2019 04:00 PM,NA ,NA ,09-Feb-2019 10:00 AM,16-Feb-2019 04:00 PM,23-Feb-2019 05:00 PM,"1,45,100",Yes,fixed,,EE PWD Jorhat Rural Road Division,Jorhat,1.0,DD - Demand Draft,"1,500",Empowered Officer ASRB,Guwahati,No,SOPD(ODS)/JRRD/Titabor/07,Cons of internal roads under Dufflating Tea Garden,Please refer Tender documents. ,NA ,"72,51,585",Civil Works – Roads,NA ,Tender,180.0,180.0,Jorhat,785001.0,NA ,NA ,NA ,O/O The SE PWD JRC,No ,No,1.0,Fee/PreQual/Technical,.pdf,Cost of Bid
,,,,,,,,,,,,,,,,,,,,,,,,,,,,,,,,,,2.0,BC - Bankers Cheque,,,,,,,,,,,,,,,,,,,,,,,,,.pdf,Bid Security
,,,,,,,,,,,,,,,,,,,,,,,,,,,,,,,,,,3.0,BG - Bank Guarantee Irrevocable,,,,,,,,,,,,,,,,,,,,,,,,,.pdf,SBD
,,,,,,,,,,,,,,,,,,,,,,,,,,,,,,,,,,4.0,FDR - Fixed Deposit Receipt,,,,,,,,,,,,,,,,,,,,,,,,,.pdf,Technical Qualification Documents
,,,,,,,,,,,,,,,,,,,,,,,,,,,,,,,,,,5.0,DCR - Deposit at call receipt,,,,,,,,,,,,,,,,,,,,,,,2.0,Finance,.xls,BOQ
,,,,,,,,,,,,,,,,,,,,,,,,,,,,,,,,,,,,,,,,,,,,,,,,,,,,,,,,,,,,.pdf,FOB
