﻿Name,Address,Tender Fee in ₹,Fee Payable To,Fee Payable At,Tender Fee Exemption Allowed,S.No,Instrument Type,Title,Work Description,Pre Qualification Details,Independent External Monitor/Remarks,Tender Value in ₹,Product Category,Sub category,Contract Type,Bid Validity(Days),Period Of Work(Days),Location,Pincode,Pre Bid Meeting Place,Pre Bid Meeting Address,Pre Bid Meeting Date,Bid Opening Place,Should Allow NDA Tender,Allow Preferential Bidder,Cover No,Cover,Document Type,Description,EMD Amount in ₹,EMD through BG/ST or EMD Exemption Allowed,EMD Fee Type,EMD Percentage,EMD Payable To,EMD Payable At,Organisation Chain,Tender Reference Number,Tender ID,Tender Type,Form of contract,Tender Category,No. of Covers,General Technical Evaluation Allowed,ItemWise Technical Evaluation Allowed,Payment Mode,Is Multi Currency Allowed For BOQ,Is Multi Currency Allowed For Fee,Allow Two Stage Bidding,Publish Date,Bid Opening Date,Document Download / Sale Start Date,Document Download / Sale End Date,Clarification Start Date,Clarification End Date,Bid Submission Start Date,Bid Submission End Date,Financial Bid Opening Date
"Deputy Commissioner, Nalbari","Office of the Deputy Commissioner, Nalbari","2,000","Deputy Commissioner, Nalbari",Nalbari,No,1.0,DD - Demand Draft,Selection/appointment of Handling and Transport Contractor for Transportation of Food grains under NFSA 2013 of Nalbari District,Selection/appointment of Handling and Transport Contractor and fixation of Rate for Transportation of Food grains under NFSA 2013 of Nalbari District in 2 Tier system i.e. Tier-I and Tier-II for the year 2019-20,Transportation of Food-grains i.e. Rice under NFSA 2013 in Nalbari District  ,NA ,0.0,Miscellaneous Goods,Handling And Transport Of Nfsa Rice ,Tender,365.0,365.0,"O/o Deputy Commissioner, Nalbari",781335.0,NA ,NA ,NA ,"O/o Deputy Commissioner, Nalbari",No ,No,1.0,Fee/PreQual/Technical,.pdf,EMD and Tender fee,"9,00,000",No,fixed,,"Deputy Commissioner, Nalbari",Nalbarii,Food Civil Supplies and Consumer Affairs Department||Directorate of Food Civil Supplies and Consumer Affairs||Office of the FCS and CA Nalbari,NS.75/2013/NFSA-TC,2019_FCS_14250_1,Open Tender,Works,Goods,2.0,No,No,Offline,No,No,No,25-Sep-2019 03:30 PM,01-Oct-2019 04:00 PM,25-Sep-2019 03:30 PM,01-Oct-2019 03:00 PM,NA ,NA ,25-Sep-2019 03:30 PM,01-Oct-2019 03:00 PM,15-Oct-2019 11:00 AM
,,,,,,2.0,BC - Bankers Cheque,,,,,,,,,,,,,,,,,,,,,.pdf,Technical documents,,,,,,,,,,,,,,,,,,,,,,,,,,,,
,,,,,,,,,,,,,,,,,,,,,,,,,,,,.pdf,Tender document to be signed by the bidder in every page,,,,,,,,,,,,,,,,,,,,,,,,,,,,
,,,,,,,,,,,,,,,,,,,,,,,,,,2.0,Finance,.xls,Price Bid/ Financial Bid,,,,,,,,,,,,,,,,,,,,,,,,,,,,
