﻿EMD Amount in ₹,EMD through BG/ST or EMD Exemption Allowed,EMD Fee Type,EMD Percentage,EMD Payable To,EMD Payable At,S.No,Instrument Type,S.No,Corrigendum Title,Corrigendum Type,View,Publish Date,Bid Opening Date,Document Download / Sale Start Date,Document Download / Sale End Date,Clarification Start Date,Clarification End Date,Bid Submission Start Date,Bid Submission End Date,Financial Bid Opening Date,Name,Address,Cover No,Cover,Document Type,Description,Tender Fee in ₹,Fee Payable To,Fee Payable At,Tender Fee Exemption Allowed,Title,Work Description,Pre Qualification Details,Independent External Monitor/Remarks,Tender Value in ₹,Product Category,Sub category,Contract Type,Bid Validity(Days),Period Of Work(Days),Location,Pincode,Pre Bid Meeting Place,Pre Bid Meeting Address,Pre Bid Meeting Date,Bid Opening Place,Should Allow NDA Tender,Allow Preferential Bidder,Organisation Chain,Tender Reference Number,Tender ID,Tender Type,Form of contract,Tender Category,No. of Covers,General Technical Evaluation Allowed,ItemWise Technical Evaluation Allowed,Payment Mode,Is Multi Currency Allowed For BOQ,Is Multi Currency Allowed For Fee,Allow Two Stage Bidding
"16,000",Yes,fixed,,"Superintendent,District jail Sivsagar",Sivsagar,1.0,BG - Bank Guarantee Irrevocable,1.0,Corrigendum,Cancellation of Tender,,18-Feb-2019 02:00 PM,11-Mar-2019 03:00 PM,18-Feb-2019 02:00 PM,11-Mar-2019 01:00 PM,NA ,NA ,18-Feb-2019 02:00 PM,11-Mar-2019 01:00 PM,15-Mar-2019 02:00 PM,Superitendent,OFFICE OF THE SUPERINTENDENT DISTRICT JAIL SIVASAGAR SIVASAGAR-785640,1.0,Fee/PreQual/Technical,.pdf,Scan Copy of Tender Fee In IPO,500.0,"Superintendent,District jail Sivsagar",Sivsagar,No,"Supply of Dietary Articles to the District Jail, Sivasagar and District Jail, Sonari during the Financial Year 2019-20 For Group-C","Supply of Dietary Articles to the District Jail, Sivasagar and District Jail, Sonari during the Financial Year 2019-20 For Group-C",Please refer Tender documents. ,NA ,0.0,Food Products,NA ,Tender,90.0,365.0,Sivsagar and Sonari,785640.0,NA ,NA ,NA ,"District Jail, Sivasagar",No ,No,Home B||Assam Prison Headquarters||District Jail-Sivasagar,SDJ/112/2019/251,2019_HB_12027_3,Open Tender,Item Rate,Goods,2.0,No,No,Offline,No,No,No
,,,,,,2.0,FDR - Fixed Deposit Receipt,,,,,,,,,,,,,,,,,,.pdf,EMD,,,,,,,,,,,,,,,,,,,,,,,,,,,,,,,,,,,
,,,,,,3.0,DCR - Deposit at call receipt,,,,,,,,,,,,,,,,,,.pdf,Technical Qualification Criteria,,,,,,,,,,,,,,,,,,,,,,,,,,,,,,,,,,,
,,,,,,,,,,,,,,,,,,,,,,,,,.pdf,Scan copy of Tender Document,,,,,,,,,,,,,,,,,,,,,,,,,,,,,,,,,,,
,,,,,,,,,,,,,,,,,,,,,,,2.0,Finance,.xls,Price Bid,,,,,,,,,,,,,,,,,,,,,,,,,,,,,,,,,,,
