﻿Title,Work Description,Pre Qualification Details,Independent External Monitor/Remarks,Tender Value in ₹,Product Category,Sub category,Contract Type,Bid Validity(Days),Period Of Work(Days),Location,Pincode,Pre Bid Meeting Place,Pre Bid Meeting Address,Pre Bid Meeting Date,Bid Opening Place,Should Allow NDA Tender,Allow Preferential Bidder,Tender Fee in ₹,Fee Payable To,Fee Payable At,Tender Fee Exemption Allowed,EMD Amount in ₹,EMD through BG/ST or EMD Exemption Allowed,EMD Fee Type,EMD Percentage,EMD Payable To,EMD Payable At,S.No,Instrument Type,Publish Date,Bid Opening Date,Document Download / Sale Start Date,Document Download / Sale End Date,Clarification Start Date,Clarification End Date,Bid Submission Start Date,Bid Submission End Date,Financial Bid Opening Date,Cover No,Cover,Document Type,Description,Organisation Chain,Tender Reference Number,Tender ID,Tender Type,Form of contract,Tender Category,No. of Covers,General Technical Evaluation Allowed,ItemWise Technical Evaluation Allowed,Payment Mode,Is Multi Currency Allowed For BOQ,Is Multi Currency Allowed For Fee,Allow Two Stage Bidding,S.No,Corrigendum Title,Corrigendum Type,View,Name,Address
"Inffrastructure development of Vidya Bharati College Building (Ground Floor) at Singerpara, Kamalpur, Kamrup (R), Assam","Inffrastructure development of Vidya Bharati College Building (Ground Floor) at Singerpara, Kamalpur, Kamrup (R), Assam",Please refer Tender documents. ,NA ,"95,78,975",Civil Works - Others,NA ,Tender,180.0,365.0,"Kamalpur, Kamrup (R), Assam",781380.0,"Vidya Bharati college, Kamalpur ","Principal / Member Secretary, Vidya Bharati college, Singerpara, Kamalpur, Kamrup (R), Assam ",29-Jul-2019 12:00 PM ,"Vidya Bharati College, Kamalpur, Kamrup (R), Assam",No ,No,"5,000","Principal / Member Secretary, Vidya Bharati colleg","Kamalpur, Kamrup (R), Assam",Yes,"1,91,580",Yes,fixed,,"Principal / Member Secretary, Vidya Bharati colleg","Principal / Member Secretary, Vidya Bharati colleg",1.0,DD - Demand Draft,22-Jul-2019 03:00 PM,09-Aug-2019 12:00 PM,25-Jul-2019 12:00 PM,08-Aug-2019 02:00 PM,NA ,NA ,25-Jul-2019 12:00 PM,08-Aug-2019 02:00 PM,29-Aug-2019 10:00 AM,1.0,Fee/PreQual/Technical,.pdf,Detail Notice Inviting Bid,Department of Higher Education||Directorate of Higher Education||Vidya Bharati College,VBC/Const./2019/3-784 dt. 19.07.2019,2019_HE_13643_1,Open Tender,Item Rate,Works,2.0,No,No,Offline,No,No,No,1.0,Corrigendum cum extension Notice,Date,,"Principal / Member Secretary, Vidya Bharati colleg","Principal / Member Secretary, Vidya Bharati college, Singerpara, Kamalpur, Kamrup (R), Assam"
,,,,,,,,,,,,,,,,,,,,,,,,,,,,2.0,BC - Bankers Cheque,,,,,,,,,,,,.pdf,Security Deposit,,,,,,,,,,,,,,,,,,,
,,,,,,,,,,,,,,,,,,,,,,,,,,,,3.0,BG - Bank Guarantee Irrevocable,,,,,,,,,,,,.pdf,Tender Fee,,,,,,,,,,,,,,,,,,,
,,,,,,,,,,,,,,,,,,,,,,,,,,,,4.0,FDR - Fixed Deposit Receipt,,,,,,,,,,,,.pdf,Technical Bid with seal and sign,,,,,,,,,,,,,,,,,,,
,,,,,,,,,,,,,,,,,,,,,,,,,,,,,,,,,,,,,,,,,.pdf,Pre Qualification if any,,,,,,,,,,,,,,,,,,,
,,,,,,,,,,,,,,,,,,,,,,,,,,,,,,,,,,,,,,,2.0,Finance,.xls,BOQ,,,,,,,,,,,,,,,,,,,
,,,,,,,,,,,,,,,,,,,,,,,,,,,,,,,,,,,,,,,,,.pdf,Form of Bid,,,,,,,,,,,,,,,,,,,
