﻿S.No,Instrument Type,Title,Work Description,Pre Qualification Details,Independent External Monitor/Remarks,Tender Value in ₹,Product Category,Sub category,Contract Type,Bid Validity(Days),Period Of Work(Days),Location,Pincode,Pre Bid Meeting Place,Pre Bid Meeting Address,Pre Bid Meeting Date,Bid Opening Place,Should Allow NDA Tender,Allow Preferential Bidder,Publish Date,Bid Opening Date,Document Download / Sale Start Date,Document Download / Sale End Date,Clarification Start Date,Clarification End Date,Bid Submission Start Date,Bid Submission End Date,Financial Bid Opening Date,S.No,Corrigendum Title,Corrigendum Type,View,EMD Amount in ₹,EMD through BG/ST or EMD Exemption Allowed,EMD Fee Type,EMD Percentage,EMD Payable To,EMD Payable At,Cover No,Cover,Document Type,Description,Organisation Chain,Tender Reference Number,Tender ID,Tender Type,Form of contract,Tender Category,No. of Covers,General Technical Evaluation Allowed,ItemWise Technical Evaluation Allowed,Payment Mode,Is Multi Currency Allowed For BOQ,Is Multi Currency Allowed For Fee,Allow Two Stage Bidding,Name,Address,Tender Fee in ₹,Fee Payable To,Fee Payable At,Tender Fee Exemption Allowed
1.0,DD - Demand Draft,"Establishment of New Medical College attached with District/Referral Hospital at Dhubri, Assam under the Centrally Sponsored Scheme for the year 2018-19 (Balance Work)","Establishment of New Medical College attached with District/Referral Hospital at Dhubri, Assam under the Centrally Sponsored Scheme for the year 2018-19 (Balance Work)",Please refer Tender documents. ,NA ,"1,39,20,00,000",Civil Works - Building,NA ,Tender,180.0,910.0,Dhubri,783301.0,"O/O The CE, PWD (Bldg), Assam, Chandmari, Ghy-3 ","O/O The CE, PWD (Bldg), Assam, Chandmari, Ghy-3 ",04-Sep-2019 11:00 AM ,"O/O The CE, PWD (Bldg), Assam, Chandmari, Ghy-3",No ,No,28-Aug-2019 02:00 PM,21-Sep-2019 12:30 PM,28-Aug-2019 02:00 PM,20-Sep-2019 03:00 PM,NA ,NA ,06-Sep-2019 03:30 PM,20-Sep-2019 03:00 PM,01-Oct-2019 11:00 AM,1.0,Corrigendum,Financial Bid,,"2,78,40,000",Yes,fixed,,"EE, PWD Dhubri Building Division, Dhubri, Assam",Dhubri,1.0,Fee/PreQual/Technical,.pdf,DOCUMENT COST,Public Works Building and NH Department||Chief Engineer-Building - PWBNH,NMC-Dhubri BW,2019_PWBNH_13952_1,Open Tender,Item Rate,Works,2.0,No,No,Offline,No,No,No,"CE, PWD (Bldg), Assam, Chandmari, Ghy-3","O/O The CE, PWD (Bldg), Assam, Chandmari, Ghy-3","12,500",Assam State Road Board Maintenance (Road) Fund,Guwahati,No
2.0,BC - Bankers Cheque,,,,,,,,,,,,,,,,,,,,,,,,,,,,2.0,Drawing,Other,,,,,,,,,,.pdf,BID SECURITY,,,,,,,,,,,,,,,,,,,
3.0,BG - Bank Guarantee Irrevocable,,,,,,,,,,,,,,,,,,,,,,,,,,,,3.0,Corrigendum,Technical Bid,,,,,,,,,,.pdf,BIDDING DOCUMENT,,,,,,,,,,,,,,,,,,,
4.0,FDR - Fixed Deposit Receipt,,,,,,,,,,,,,,,,,,,,,,,,,,,,,,,,,,,,,,,,.pdf,TECHNICAL QUALIFICATIONS,,,,,,,,,,,,,,,,,,,
,,,,,,,,,,,,,,,,,,,,,,,,,,,,,,,,,,,,,,,2.0,Finance,.xls,BOQ,,,,,,,,,,,,,,,,,,,
,,,,,,,,,,,,,,,,,,,,,,,,,,,,,,,,,,,,,,,,,.pdf,FORM OF BID,,,,,,,,,,,,,,,,,,,
