﻿EMD Amount in ₹,EMD through BG/ST or EMD Exemption Allowed,EMD Fee Type,EMD Percentage,EMD Payable To,EMD Payable At,Organisation Chain,Tender Reference Number,Tender ID,Tender Type,Form of contract,Tender Category,No. of Covers,General Technical Evaluation Allowed,ItemWise Technical Evaluation Allowed,Payment Mode,Is Multi Currency Allowed For BOQ,Is Multi Currency Allowed For Fee,Allow Two Stage Bidding,Cover No,Cover,Document Type,Description,S.No,Instrument Type,Tender Fee in ₹,Fee Payable To,Fee Payable At,Tender Fee Exemption Allowed,Title,Work Description,Pre Qualification Details,Independent External Monitor/Remarks,Tender Value in ₹,Product Category,Sub category,Contract Type,Bid Validity(Days),Period Of Work(Days),Location,Pincode,Pre Bid Meeting Place,Pre Bid Meeting Address,Pre Bid Meeting Date,Bid Opening Place,Should Allow NDA Tender,Allow Preferential Bidder,Publish Date,Bid Opening Date,Document Download / Sale Start Date,Document Download / Sale End Date,Clarification Start Date,Clarification End Date,Bid Submission Start Date,Bid Submission End Date,Financial Bid Opening Date,Name,Address
"2,28,600",Yes,fixed,,E.E PWD Chirang R and B Division Kajalgaon,Kajalgaon,Bodoland Territorial Council-PWD||Director Cum CHD - PWD BTC,No. ACE- 05/CHN/IFB/2018-19/184,2019_BTC_14856_1,Open Tender,Item Rate,Works,2.0,No,No,Offline,No,No,No,1.0,Fee/PreQual/Technical,.pdf,EMD,1.0,DD - Demand Draft,"3,500","The Principal Secretary, BTC, Kokrajhar",Kokrajhar,No,Construction of Administrative Building Class Room at ITI Kajalgaon_TN_69_1,Construction of Administrative Building Class Room at ITI Kajalgaon_TN_69_1,Please refer Tender documents. ,NA ,"1,14,26,668",Civil Works,NA ,Tender,180.0,730.0,"Kajalgaon, Chirang",783385.0,NA ,NA ,NA ,"O/o the Addl. Chief Engineer cum Director, PWD,",No ,No,21-Nov-2019 12:30 PM,06-Dec-2019 02:00 PM,21-Nov-2019 12:30 PM,05-Dec-2019 04:30 PM,21-Nov-2019 12:30 PM ,05-Dec-2019 04:00 PM ,21-Nov-2019 12:30 PM,05-Dec-2019 04:30 PM,07-Jan-2020 03:50 PM,"Addl. Chief Engineer cum Director, PWD,","O/o the Addl. Chief Engineer cum Director, PWD, BTC, Kokrajhar"
,,,,,,,,,,,,,,,,,,,,,.pdf,Cost Of Bid,2.0,FDR - Fixed Deposit Receipt,,,,,,,,,,,,,,,,,,,,,,,,,,,,,,,,,
,,,,,,,,,,,,,,,,,,,,,.pdf,Technical Qualification,,,,,,,,,,,,,,,,,,,,,,,,,,,,,,,,,,,
,,,,,,,,,,,,,,,,,,,,,.pdf,SBD,,,,,,,,,,,,,,,,,,,,,,,,,,,,,,,,,,,
,,,,,,,,,,,,,,,,,,,2.0,Finance,.xls,BOQ,,,,,,,,,,,,,,,,,,,,,,,,,,,,,,,,,,,
,,,,,,,,,,,,,,,,,,,,,.pdf,FOB,,,,,,,,,,,,,,,,,,,,,,,,,,,,,,,,,,,
