﻿Cover No,Cover,Document Type,Description,EMD Amount in ₹,EMD through BG/ST or EMD Exemption Allowed,EMD Fee Type,EMD Percentage,EMD Payable To,EMD Payable At,Organisation Chain,Tender Reference Number,Tender ID,Tender Type,Form of contract,Tender Category,No. of Covers,General Technical Evaluation Allowed,ItemWise Technical Evaluation Allowed,Payment Mode,Is Multi Currency Allowed For BOQ,Is Multi Currency Allowed For Fee,Allow Two Stage Bidding,Name,Address,Tender Fee in ₹,Fee Payable To,Fee Payable At,Tender Fee Exemption Allowed,S.No,Instrument Type,Publish Date,Bid Opening Date,Document Download / Sale Start Date,Document Download / Sale End Date,Clarification Start Date,Clarification End Date,Bid Submission Start Date,Bid Submission End Date,Title,Work Description,Pre Qualification Details,Independent External Monitor/Remarks,Tender Value in ₹,Product Category,Sub category,Contract Type,Bid Validity(Days),Period Of Work(Days),Location,Pincode,Pre Bid Meeting Place,Pre Bid Meeting Address,Pre Bid Meeting Date,Bid Opening Place,Should Allow NDA Tender,Allow Preferential Bidder
1.0,Fee/PreQual/Technical,.pdf,Tender Cost,"9,81,054",Yes,fixed,,Director PNRD BTC Kokrajhar,Kokrajhar,Bodoland Territorial Council||Panchayat and Rural Development-BTC,DPRD/BTC/SOPD-8/2017/7,2019_BoTC_14368_1,Open Tender,Item Rate,Goods,2.0,No,No,Offline,No,No,No,Director PNRD BTC Kokrajhar,Director PNRD BTC Kokrajhar,"14,716",Principal Secretary BTC Kokrajhar,Kokrajhar,No,1.0,DD - Demand Draft,11-Oct-2019 12:30 PM,28-Oct-2019 02:00 PM,11-Oct-2019 12:30 PM,25-Oct-2019 05:00 PM,11-Oct-2019 12:30 PM ,25-Oct-2019 04:00 PM ,11-Oct-2019 12:30 PM,25-Oct-2019 05:00 PM,DPRD/BTC/SOPD-8/2017/7,DPRD/BTC/SOPD-8/2017/7,Refer to Bid Document ,NA ,"4,90,52,718",Miscellaneous Goods,NA ,Tender,180.0,90.0,DRDA Kokrajhar Chirang Udalguri and Baksa,783370.0,NA ,NA ,NA ,Director PNRD BTC Kokrajhar,No ,No
,,.pdf,EMD,,,,,,,,,,,,,,,,,,,,,,,,,,2.0,BC - Bankers Cheque,,,,,,,,,,,,,,,,,,,,,,,,,,
,,.pdf,SBD,,,,,,,,,,,,,,,,,,,,,,,,,,3.0,SS - Small Savings Instrument,,,,,,,,,,,,,,,,,,,,,,,,,,
,,.pdf,Technical Qualifications,,,,,,,,,,,,,,,,,,,,,,,,,,4.0,BG - Bank Guarantee Irrevocable,,,,,,,,,,,,,,,,,,,,,,,,,,
2.0,Finance,.xls,BOQ,,,,,,,,,,,,,,,,,,,,,,,,,,5.0,FDR - Fixed Deposit Receipt,,,,,,,,,,,,,,,,,,,,,,,,,,
,,.pdf,FOB,,,,,,,,,,,,,,,,,,,,,,,,,,,,,,,,,,,,,,,,,,,,,,,,,,,,,
