﻿Publish Date,Bid Opening Date,Document Download / Sale Start Date,Document Download / Sale End Date,Clarification Start Date,Clarification End Date,Bid Submission Start Date,Bid Submission End Date,Name,Address,Title,Work Description,Pre Qualification Details,Independent External Monitor/Remarks,Tender Value in ₹,Product Category,Sub category,Contract Type,Bid Validity(Days),Period Of Work(Days),Location,Pincode,Pre Bid Meeting Place,Pre Bid Meeting Address,Pre Bid Meeting Date,Bid Opening Place,Should Allow NDA Tender,Allow Preferential Bidder,Organisation Chain,Tender Reference Number,Tender ID,Tender Type,Form of contract,Tender Category,No. of Covers,General Technical Evaluation Allowed,ItemWise Technical Evaluation Allowed,Payment Mode,Is Multi Currency Allowed For BOQ,Is Multi Currency Allowed For Fee,Allow Two Stage Bidding,EMD Amount in ₹,EMD through BG/ST or EMD Exemption Allowed,EMD Fee Type,EMD Percentage,EMD Payable To,EMD Payable At,Cover No,Cover,Document Type,Description,S.No,Instrument Type,S.No,Corrigendum Title,Corrigendum Type,View,Tender Fee in ₹,Fee Payable To,Fee Payable At,Tender Fee Exemption Allowed
27-Apr-2019 09:00 AM,06-May-2019 03:30 PM,27-Apr-2019 09:00 AM,04-May-2019 02:00 PM,NA ,NA ,27-Apr-2019 09:25 AM,04-May-2019 02:00 PM,"Mission Director, NHM, Assam","O/O Mission Director, NHM,Assam, Saikia Commercial Complex, Christanbasti, G.S. Road , Guwahati",Package No. NHM/Laqshya/GROUP R,Upgradation of Labor Room as per LAQSHYA Guideline at 116 nos of Health Institutions 4 Nos. of scheme in Kokrajhar Dist.,Please refer Tender documents. ,NA ,"19,18,955",Civil Works,NA ,Rate Contract,225.0,45.0,Kokrajhar,783370.0,NA ,NA ,NA ,"O/O Mission Director, NHM, Assam",No ,No,National Health Mission||State Programme Management Unit - NHM,NHM/C-CW/Labor Room_LAQSHYA/3839/18/69,2019_NHM_12772_1,Open Tender,Item Rate,Works,2.0,No,No,Offline,No,No,Yes,"38,379",No,percentage,2.0%,"State Health Society, Assam",Guwahati,1.0,Fee/PreQual/Technical,.pdf,"Tender Fee, Bid Security",1.0,BG - Bank Guarantee Irrevocable,1.0,Cancellation Notice,Cancellation of Tender,,"5,000","State Health Society, Assam",Guwahati,No
,,,,,,,,,,,,,,,,,,,,,,,,,,,,,,,,,,,,,,,,,,,,,,,,,.pdf,"Technical Document, Bid Document",2.0,FDR - Fixed Deposit Receipt,,,,,,,,
,,,,,,,,,,,,,,,,,,,,,,,,,,,,,,,,,,,,,,,,,,,,,,,2.0,Finance,.xls,Price Bid,3.0,DCR - Deposit at call receipt,,,,,,,,
,,,,,,,,,,,,,,,,,,,,,,,,,,,,,,,,,,,,,,,,,,,,,,,,,.pdf,FoB,,,,,,,,,,
