﻿EMD Amount in ₹,EMD through BG/ST or EMD Exemption Allowed,EMD Fee Type,EMD Percentage,EMD Payable To,EMD Payable At,Cover No,Cover,Document Type,Description,Publish Date,Bid Opening Date,Document Download / Sale Start Date,Document Download / Sale End Date,Clarification Start Date,Clarification End Date,Bid Submission Start Date,Bid Submission End Date,Financial Bid Opening Date,Organisation Chain,Tender Reference Number,Tender ID,Tender Type,Form of contract,Tender Category,No. of Covers,General Technical Evaluation Allowed,ItemWise Technical Evaluation Allowed,Payment Mode,Is Multi Currency Allowed For BOQ,Is Multi Currency Allowed For Fee,Allow Two Stage Bidding,Name,Address,Tender Fee in ₹,Fee Payable To,Fee Payable At,Tender Fee Exemption Allowed,Title,Work Description,Pre Qualification Details,Independent External Monitor/Remarks,Tender Value in ₹,Product Category,Sub category,Contract Type,Bid Validity(Days),Period Of Work(Days),Location,Pincode,Pre Bid Meeting Place,Pre Bid Meeting Address,Pre Bid Meeting Date,Bid Opening Place,Should Allow NDA Tender,Allow Preferential Bidder,S.No,Instrument Type
"2,22,556",Yes,fixed,,"Managing Director, Housefed, Assam",Ghty,1.0,Fee/PreQual/Technical,.pdf,Cost of Tender,03-Aug-2019 05:15 PM,13-Aug-2019 11:00 AM,03-Aug-2019 05:15 PM,12-Aug-2019 02:00 PM,NA ,NA ,03-Aug-2019 05:30 PM,12-Aug-2019 02:00 PM,19-Aug-2019 11:00 AM,Cooperation Department||Assam State Co-operative Housing Federation Ltd.(HOUSEFED),HF/ENGG-3278/18-19/54,2019_CD_13794_1,Open Tender,Item Wise,Works,2.0,No,No,Offline,No,No,No,"Managing Director, Housefed, Assam","O/o. Managing Director, Housefed, Assam, Dispur, Guwahati-6","5,000","Managing Director, Housefed, Assam",Ghty,No,"Up-gradation of Bir Chilarai Park at Amingaon, Kamrup (Rural)","Up-gradation of Bir Chilarai Park at Amingaon, Kamrup (Rural)",Please refer Tender documents. ,NA ,"1,11,27,781",Civil Works,NA ,Tender,180.0,365.0,"Bir Chilarai Park at Amingaon, Kamrup (Rural)",781031.0,"O/o. Managing Director, Housefed, Assam ","O/o. Managing Director, Housefed, Assam, Dispur, Guwahati-6 ",05-Aug-2019 12:00 PM ,"O/o. Managing Director, Housefed, Assam",No ,No,1.0,DD - Demand Draft
,,,,,,,,.pdf,Bid Security,,,,,,,,,,,,,,,,,,,,,,,,,,,,,,,,,,,,,,,,,,,,,,,2.0,BC - Bankers Cheque
,,,,,,,,.pdf,Technical Qualification,,,,,,,,,,,,,,,,,,,,,,,,,,,,,,,,,,,,,,,,,,,,,,,3.0,FDR - Fixed Deposit Receipt
,,,,,,,,.pdf,Bidding Document,,,,,,,,,,,,,,,,,,,,,,,,,,,,,,,,,,,,,,,,,,,,,,,,
,,,,,,2.0,Finance,.xls,BOQ,,,,,,,,,,,,,,,,,,,,,,,,,,,,,,,,,,,,,,,,,,,,,,,,
,,,,,,,,.pdf,Form of Bid,,,,,,,,,,,,,,,,,,,,,,,,,,,,,,,,,,,,,,,,,,,,,,,,
