﻿Name,Address,Tender Fee in ₹,Fee Payable To,Fee Payable At,Tender Fee Exemption Allowed,S.No,Corrigendum Title,Corrigendum Type,View,Title,Work Description,Pre Qualification Details,Independent External Monitor/Remarks,Tender Value in ₹,Product Category,Sub category,Contract Type,Bid Validity(Days),Period Of Work(Days),Location,Pincode,Pre Bid Meeting Place,Pre Bid Meeting Address,Pre Bid Meeting Date,Bid Opening Place,Should Allow NDA Tender,Allow Preferential Bidder,S.No,Instrument Type,EMD Amount in ₹,EMD through BG/ST or EMD Exemption Allowed,EMD Fee Type,EMD Percentage,EMD Payable To,EMD Payable At,Cover No,Cover,Document Type,Description,Organisation Chain,Tender Reference Number,Tender ID,Tender Type,Form of contract,Tender Category,No. of Covers,General Technical Evaluation Allowed,ItemWise Technical Evaluation Allowed,Payment Mode,Is Multi Currency Allowed For BOQ,Is Multi Currency Allowed For Fee,Allow Two Stage Bidding,Publish Date,Bid Opening Date,Document Download / Sale Start Date,Document Download / Sale End Date,Clarification Start Date,Clarification End Date,Bid Submission Start Date,Bid Submission End Date,Financial Bid Opening Date
SEPWDGRC,O/O the SE PWD GRC,"4,250",Nil,Nil,No,1.0,Extension Notice,Date,,KAM(R)/ SOPD/GRC/ 2018-19/90,Improvement of Srihati Dolabari Road under SOPD-G for the year 2018-19 under Guwahati Road Division-Jalukbari LAC.,Please refer Tender ,NA ,"1,41,47,000",Civil Works – Roads,NA ,Tender,90.0,NA ,Amingaon,781031.0,NA ,NA ,NA ,online,No ,No,1.0,DD - Demand Draft,"2,83,000",Yes,fixed,,Nil,Nil,1.0,Fee/PreQual/Technical,.pdf,Cost of Bid,Public Works Roads Department,T/GRC/NIT/510/2018-19/380,2019_PWD_12171_1,Open Tender,Item Rate,Works,2.0,No,No,Offline,No,No,No,22-Feb-2019 12:00 PM,01-Mar-2019 05:00 PM,22-Feb-2019 12:00 PM,01-Mar-2019 02:00 PM,22-Feb-2019 12:00 PM ,01-Mar-2019 02:00 PM ,22-Feb-2019 12:00 PM,01-Mar-2019 02:00 PM,06-Mar-2019 12:00 PM
,,,,,,,,,,,,,,,,,,,,,,,,,,,,2.0,BC - Bankers Cheque,,,,,,,,,.pdf,Bid Security,,,,,,,,,,,,,,,,,,,,,,
,,,,,,,,,,,,,,,,,,,,,,,,,,,,3.0,BG - Bank Guarantee Irrevocable,,,,,,,,,.pdf,Technical Qualification Details,,,,,,,,,,,,,,,,,,,,,,
,,,,,,,,,,,,,,,,,,,,,,,,,,,,4.0,FDR - Fixed Deposit Receipt,,,,,,,,,.pdf,SBD,,,,,,,,,,,,,,,,,,,,,,
,,,,,,,,,,,,,,,,,,,,,,,,,,,,,,,,,,,,2.0,Finance,.xls,BOQ,,,,,,,,,,,,,,,,,,,,,,
,,,,,,,,,,,,,,,,,,,,,,,,,,,,,,,,,,,,,,.pdf,FOB,,,,,,,,,,,,,,,,,,,,,,
