﻿S.No,Corrigendum Title,Corrigendum Type,View,Title,Work Description,Pre Qualification Details,Independent External Monitor/Remarks,Tender Value in ₹,Product Category,Sub category,Contract Type,Bid Validity(Days),Period Of Work(Days),Location,Pincode,Pre Bid Meeting Place,Pre Bid Meeting Address,Pre Bid Meeting Date,Bid Opening Place,Should Allow NDA Tender,Allow Preferential Bidder,Publish Date,Bid Opening Date,Document Download / Sale Start Date,Document Download / Sale End Date,Clarification Start Date,Clarification End Date,Bid Submission Start Date,Bid Submission End Date,Financial Bid Opening Date,S.No,Instrument Type,EMD Amount in ₹,EMD through BG/ST or EMD Exemption Allowed,EMD Fee Type,EMD Percentage,EMD Payable To,EMD Payable At,Organisation Chain,Tender Reference Number,Tender ID,Tender Type,Form of contract,Tender Category,No. of Covers,General Technical Evaluation Allowed,ItemWise Technical Evaluation Allowed,Payment Mode,Is Multi Currency Allowed For BOQ,Is Multi Currency Allowed For Fee,Allow Two Stage Bidding,Tender Fee in ₹,Fee Payable To,Fee Payable At,Tender Fee Exemption Allowed,Cover No,Cover,Document Type,Description,Name,Address
1.0,Corrigendum Cum Extension,Date,,PEB Male Barrack at Detention Centre,Construction of Pre Engineering Building 4 Storied G plus 3 Male Barrack with WC Bath 200 persons capacity including Civil sanitary and Water Supply works Site preparation etc for Detainees of Detention Centre at Matia in Goalpara District,Please refer Tender documents. ,NA ,"1,65,65,617",Civil Works - Building,NA ,Tender,60.0,180.0,Matia in Goalpara Dist,783125.0,Office of the Chairman cum Managing Director APHC ,Assam Police Housing Corporation Ltd Rehabari Guwahati 8  ,21-Feb-2019 11:30 AM ,Office of the Chairman cum Managing Director APHC,No ,No,18-Feb-2019 02:00 PM,04-Mar-2019 02:30 PM,18-Feb-2019 02:00 PM,04-Mar-2019 02:00 PM,NA ,NA ,18-Feb-2019 02:00 PM,04-Mar-2019 02:00 PM,06-Mar-2019 04:10 PM,1.0,DD - Demand Draft,"3,31,312",Yes,percentage,2.0%,Assam Police Housing Corporation Ltd,Guwahati,Assam Police Housing Corporation Ltd,APHC/CS/44/2018-19_ Gr-X,2019_APHC_11982_1,Open Tender,Item Rate,Works,2.0,No,No,Offline,No,No,No,"5,000",Assam Police Housing Corporation Ltd,Guwahati,No,1.0,Fee/PreQual/Technical,.pdf,DOCUMENT COST,Chief Engineer,Assam Police Housing Corporation Ltd Rehabari Guwahati 8
2.0,Corrigendum Cum Extension,Fee,,,,,,,,,,,,,,,,,,,,,,,,,,,,,,,,,,,,,,,,,,,,,,,,,,,,,,,,.pdf,BID SECURITY,,
,,,,,,,,,,,,,,,,,,,,,,,,,,,,,,,,,,,,,,,,,,,,,,,,,,,,,,,,,,.pdf,TECHNICAL DOCUMENT,,
,,,,,,,,,,,,,,,,,,,,,,,,,,,,,,,,,,,,,,,,,,,,,,,,,,,,,,,,,,.pdf,BID DOCUMENT,,
,,,,,,,,,,,,,,,,,,,,,,,,,,,,,,,,,,,,,,,,,,,,,,,,,,,,,,,,2.0,Finance,.xls,BOQ,,
