﻿S.No,Instrument Type,Name,Address,Tender Fee in ₹,Fee Payable To,Fee Payable At,Tender Fee Exemption Allowed,Title,Work Description,Pre Qualification Details,Independent External Monitor/Remarks,Tender Value in ₹,Product Category,Sub category,Contract Type,Bid Validity(Days),Period Of Work(Days),Location,Pincode,Pre Bid Meeting Place,Pre Bid Meeting Address,Pre Bid Meeting Date,Bid Opening Place,Should Allow NDA Tender,Allow Preferential Bidder,Publish Date,Bid Opening Date,Document Download / Sale Start Date,Document Download / Sale End Date,Clarification Start Date,Clarification End Date,Bid Submission Start Date,Bid Submission End Date,Financial Bid Opening Date,EMD Amount in ₹,EMD through BG/ST or EMD Exemption Allowed,EMD Fee Type,EMD Percentage,EMD Payable To,EMD Payable At,Cover No,Cover,Document Type,Description,Organisation Chain,Tender Reference Number,Tender ID,Tender Type,Form of contract,Tender Category,No. of Covers,General Technical Evaluation Allowed,ItemWise Technical Evaluation Allowed,Payment Mode,Is Multi Currency Allowed For BOQ,Is Multi Currency Allowed For Fee,Allow Two Stage Bidding
1,DD - Demand Draft,"O/o the SE PWD (R and B) Circle, Kokrajhar","O/o the SE PWD (R and B) Circle, Kokrajhar","1,400",Principal Secretary BTC,Kokrajhar,No,Construction of School Building of Garuajhar High School under Udalguri District.,Construction of School Building of Garuajhar High School under Udalguri District.,Please refer Tender documents. ,NA ,"46,88,308",Civil Works,NA ,Tender,180.0,180.0,UDALGURI,784509.0,NA ,NA ,NA ,"O/o the SE PWD (R and B) Circle, Kokrajhar",No ,No,30-Aug-2019 06:40 PM,12-Sep-2019 03:30 PM,30-Aug-2019 06:40 PM,12-Sep-2019 03:00 PM,30-Aug-2019 06:40 PM ,12-Sep-2019 03:00 PM ,30-Aug-2019 06:40 PM,12-Sep-2019 03:00 PM,24-Sep-2019 10:50 AM,"93,800",Yes,fixed,,"E.E., PWD (R and B) Division",Udalguri,1.0,Fee/PreQual/Technical,.pdf,Cost and EMD,Bodoland Territorial Council||PWD-BTC,TN 136/3 of 2019-20,2019_BoTC_13978_1,Open Tender,Works,Works,2.0,No,No,Offline,No,No,No
2,BC - Bankers Cheque,,,,,,,,,,,,,,,,,,,,,,,,,,,,,,,,,,,,,,,,,,.pdf,Tech Qualification,,,,,,,,,,,,,
3,SS - Small Savings Instrument,,,,,,,,,,,,,,,,,,,,,,,,,,,,,,,,,,,,,,,,,,.pdf,SBD,,,,,,,,,,,,,
4,BG - Bank Guarantee Irrevocable,,,,,,,,,,,,,,,,,,,,,,,,,,,,,,,,,,,,,,,,2.0,Finance,.xls,BOQ,,,,,,,,,,,,,
5,FDR - Fixed Deposit Receipt,,,,,,,,,,,,,,,,,,,,,,,,,,,,,,,,,,,,,,,,,,.pdf,FOB,,,,,,,,,,,,,
6,DCR - Deposit at call receipt,,,,,,,,,,,,,,,,,,,,,,,,,,,,,,,,,,,,,,,,,,,,,,,,,,,,,,,,
