﻿Organisation Chain,Tender Reference Number,Tender ID,Tender Type,Form of contract,Tender Category,No. of Covers,General Technical Evaluation Allowed,ItemWise Technical Evaluation Allowed,Payment Mode,Is Multi Currency Allowed For BOQ,Is Multi Currency Allowed For Fee,Allow Two Stage Bidding,EMD Amount in ₹,EMD through BG/ST or EMD Exemption Allowed,EMD Fee Type,EMD Percentage,EMD Payable To,EMD Payable At,Name,Address,Title,Work Description,Pre Qualification Details,Independent External Monitor/Remarks,Tender Value in ₹,Product Category,Sub category,Contract Type,Bid Validity(Days),Period Of Work(Days),Location,Pincode,Pre Bid Meeting Place,Pre Bid Meeting Address,Pre Bid Meeting Date,Bid Opening Place,Should Allow NDA Tender,Allow Preferential Bidder,Publish Date,Bid Opening Date,Document Download / Sale Start Date,Document Download / Sale End Date,Clarification Start Date,Clarification End Date,Bid Submission Start Date,Bid Submission End Date,Financial Bid Opening Date,Cover No,Cover,Document Type,Description,S.No,Instrument Type,Tender Fee in ₹,Fee Payable To,Fee Payable At,Tender Fee Exemption Allowed
Bodoland Territorial Council-WRD,Addl.CE/KZ/WR/Misc/36/2083,2019_BTCWR_12205_8,Open Tender,Item Rate,Works,2.0,No,No,Offline,No,No,No,"2,79,764",Yes,percentage,2.0%,"Executive Engineer, Baksa W.R. Division, Mushalpur",Kokrajhar,"Addl Chief Engineer, Kokrajhar Zone, W.R. Deptt.,","O/O the Addl. Chief Engineer, Kokrajhar Zone, W.R. Kokrajhar",Immediate measures for closing avulsion of Panchnoi river at Kachomari (Bagdhara) village under SDRF for 2018-19.,Immediate measures for closing avulsion of Panchnoi river at Kachomari (Bagdhara) village under SDRF for 2018-19.,Please refer to tender documents ,NA ,"1,39,88,203",Civil Works,NA ,Tender,90.0,90.0,Kachomari (Bagdhara) village,784509.0,NA ,NA ,NA ,"O/O the Addl. Chief Engineer, Kokrajhar Zone, W.R.",No ,No,23-Feb-2019 10:00 AM,04-Mar-2019 04:00 PM,23-Feb-2019 10:10 AM,04-Mar-2019 03:30 PM,NA ,NA ,27-Feb-2019 10:10 AM,04-Mar-2019 03:30 PM,08-Mar-2019 03:20 PM,1.0,Fee/PreQual/Technical,.pdf,Tender Fees and EMD,1.0,DD - Demand Draft,"5,000","Executive Engineer, Baksa W.R. Division, Mushalpur",Kokrajhar,No
,,,,,,,,,,,,,,,,,,,,,,,,,,,,,,,,,,,,,,,,,,,,,,,,,,.pdf,Technical qualification documents,2.0,FDR - Fixed Deposit Receipt,,,,
,,,,,,,,,,,,,,,,,,,,,,,,,,,,,,,,,,,,,,,,,,,,,,,,,,.pdf,Tender documents signed in each page,,,,,,
,,,,,,,,,,,,,,,,,,,,,,,,,,,,,,,,,,,,,,,,,,,,,,,,2.0,Finance,.xls,BOQ,,,,,,
