﻿S.No,Bank Name,Title,Work Description,Pre Qualification Details,Independent External Monitor/Remarks,Tender Value in ₹,Product Category,Sub category,Contract Type,Bid Validity(Days),Period Of Work(Days),Location,Pincode,Pre Bid Meeting Place,Pre Bid Meeting Address,Pre Bid Meeting Date,Bid Opening Place,Should Allow NDA Tender,Allow Preferential Bidder,EMD Amount in ₹,EMD through BG/ST or EMD Exemption Allowed,EMD Fee Type,EMD Percentage,EMD Payable To,EMD Payable At,Name,Address,S.No,Particulars,Expected Value,Mandatory,Points(Weightage),S.No,Corrigendum Title,Corrigendum Type,View,Organisation Chain,Tender Reference Number,Tender ID,Tender Type,Form of contract,Tender Category,No. of Covers,General Technical Evaluation Allowed,ItemWise Technical Evaluation Allowed,Payment Mode,Is Multi Currency Allowed For BOQ,Is Multi Currency Allowed For Fee,Allow Two Stage Bidding,Tender Fee in ₹,Fee Payable To,Fee Payable At,Tender Fee Exemption Allowed,Publish Date,Bid Opening Date,Document Download / Sale Start Date,Document Download / Sale End Date,Clarification Start Date,Clarification End Date,Bid Submission Start Date,Bid Submission End Date,Cover No,Cover,Document Type,Description
1.0,SBI Bank,"LICENSE TO OPERATE ICE CREAM/COFEE/JUICE STALLS AT ASSAM STATE ZOO, GUWAHATI FOR A PERIOD OF 3 YEARS","LICENSE TO OPERATE ICE CREAM/COFEE/JUICE STALLS AT ASSAM STATE ZOO, GUWAHATI FOR A PERIOD OF 3 YEARS",Please refer Tender documents. ,NA ,,Hotel/ Catering,NA ,Tender,180.0,1095.0,"ASSAM STATE ZOO, GUWAHATI",781005.0,"Assam State Zoo, Guwahati ","OFFICE OF THE DIVISIONAL FOREST OFFICER, ASSAM STATE ZOO DIVISION, GUWAHATI-05 ",17-Jan-2020 01:00 PM ,"Assam State Zoo, Guwahati",No ,No,"10,000",No,fixed,,PCCF,Ghty,"DFO, Assam State Zoo","OFFICE OF THE DIVISIONAL FOREST OFFICER, ASSAM STATE ZOO DIVISION, GUWAHATI-05",1.0,"Concept of the Outlet (This should include the number of people to be engaged, what will be served, how it will be served, also including menu, manpower, innovative ideas etc.)",Yes,Yes,25,1.0,Cancellation of E-Tender,Cancellation of Tender,,Pr. Chief Conservator of Forest and Head of Forest Force||Principal Chief Conservator of Forests(Wildlife and Ch. Wildlife Warden)||Divisional Forest Officer - Assam Sate Zoo,NIT NO.Z/TENDER/ASZ/2178,2019_PCCF_15635_1,Open Tender,QCBS,Services,2.0,Yes [Compliance Required],No,Online,No,No,No,100.0,PCCF,Ghty,No,03-Jan-2020 09:00 AM,11-Feb-2020 12:00 PM,03-Jan-2020 09:05 AM,11-Feb-2020 09:00 AM,NA ,NA ,03-Jan-2020 10:00 AM,11-Feb-2020 09:00 AM,1.0,Fee/PreQual/Technical,.pdf,Technical Bid Documents
,,,,,,,,,,,,,,,,,,,,,,,,,,,,2.0,Field visit to the existing outlet,Yes,Yes,25,2.0,CORRIGENDUM NOTICE,Technical Bid,,,,,,,,,,,,,,,,,,,,,,,,,,,2.0,Finance,.xls,BOQ (Financial Bid)
,,,,,,,,,,,,,,,,,,,,,,,,,,,,3.0,Previous Experience,2,Yes,25,,,,,,,,,,,,,,,,,,,,,,,,,,,,,,,,,
,,,,,,,,,,,,,,,,,,,,,,,,,,,,4.0,"Sample testing, presentation, Professionalism etc,",Yes,Yes,25,,,,,,,,,,,,,,,,,,,,,,,,,,,,,,,,,
