﻿Publish Date,Bid Opening Date,Document Download / Sale Start Date,Document Download / Sale End Date,Clarification Start Date,Clarification End Date,Bid Submission Start Date,Bid Submission End Date,Financial Bid Opening Date,EMD Amount in ₹,EMD through BG/ST or EMD Exemption Allowed,EMD Fee Type,EMD Percentage,EMD Payable To,EMD Payable At,Name,Address,Cover No,Cover,Document Type,Description,Tender Fee in ₹,Fee Payable To,Fee Payable At,Tender Fee Exemption Allowed,Title,Work Description,Pre Qualification Details,Independent External Monitor/Remarks,Tender Value in ₹,Product Category,Sub category,Contract Type,Bid Validity(Days),Period Of Work(Days),Location,Pincode,Pre Bid Meeting Place,Pre Bid Meeting Address,Pre Bid Meeting Date,Bid Opening Place,Should Allow NDA Tender,Allow Preferential Bidder,Organisation Chain,Tender Reference Number,Tender ID,Tender Type,Form of contract,Tender Category,No. of Covers,General Technical Evaluation Allowed,ItemWise Technical Evaluation Allowed,Payment Mode,Is Multi Currency Allowed For BOQ,Is Multi Currency Allowed For Fee,Allow Two Stage Bidding,S.No,Instrument Type
06-Jul-2019 10:30 AM,23-Jul-2019 02:00 PM,06-Jul-2019 10:30 AM,22-Jul-2019 04:30 PM,06-Jul-2019 10:30 AM ,22-Jul-2019 04:00 PM ,06-Jul-2019 10:30 AM,22-Jul-2019 04:30 PM,06-Aug-2019 09:35 AM,"1,76,212",Yes,fixed,,"EE, PWD Udalguri R and B Division",Udalguri,"Addl. CE cum Director, PWD, BTC, Kokrajhar","O/o the Addl. CE cum Director, PWD, BTC, Kokrajhar",1.0,Fee/PreQual/Technical,.pdf,EMD,"2,700","Principal Secretary BTC, Kokrajhar","SBI, Kokrajhar",No,TN_329_6 Const. of CC block road from Pasnoikhuti Railway Gate to Khosir Gour House via Birbal Ghatual and Kumargiri House (Ch. 0.00m to Ch. 1200.00m) under 5th Assam State Finance Commission for the year 2018-19.,TN_329_6 Const. of CC block road from Pasnoikhuti Railway Gate to Khosir Gour House via Birbal Ghatual and Kumargiri House (Ch. 0.00m to Ch. 1200.00m) under 5th Assam State Finance Commission for the year 2018-19.,Please refer Tender documents. ,NA ,"88,10,612",Civil Works,NA ,Tender,180.0,180.0,Kokrajhar,788730.0,NA ,NA ,NA ,"O/o the Addl. CE cum Director, PWD, BTC, Kokrajhar",No ,No,Bodoland Territorial Council-PWD||Director Cum CHD - PWD BTC,ACE36/UDL(RB)/FASFC/2018-19/50,2019_BTC_13484_5,Open Tender,Item Rate,Works,2.0,No,No,Offline,No,No,No,1.0,DD - Demand Draft
,,,,,,,,,,,,,,,,,,,.pdf,Cost of Tender Document,,,,,,,,,,,,,,,,,,,,,,,,,,,,,,,,,,,,2.0,BC - Bankers Cheque
,,,,,,,,,,,,,,,,,,,.pdf,Technical Qualification Details,,,,,,,,,,,,,,,,,,,,,,,,,,,,,,,,,,,,3.0,BG - Bank Guarantee Irrevocable
,,,,,,,,,,,,,,,,,,,.pdf,SBD,,,,,,,,,,,,,,,,,,,,,,,,,,,,,,,,,,,,4.0,FDR - Fixed Deposit Receipt
,,,,,,,,,,,,,,,,,2.0,Finance,.xls,BOQ,,,,,,,,,,,,,,,,,,,,,,,,,,,,,,,,,,,,,
,,,,,,,,,,,,,,,,,,,.pdf,FOB,,,,,,,,,,,,,,,,,,,,,,,,,,,,,,,,,,,,,
