﻿S.No,Instrument Type,Organisation Chain,Tender Reference Number,Tender ID,Tender Type,Form of contract,Tender Category,No. of Covers,General Technical Evaluation Allowed,ItemWise Technical Evaluation Allowed,Payment Mode,Is Multi Currency Allowed For BOQ,Is Multi Currency Allowed For Fee,Allow Two Stage Bidding,Title,Work Description,Pre Qualification Details,Independent External Monitor/Remarks,Tender Value in ₹,Product Category,Sub category,Contract Type,Bid Validity(Days),Period Of Work(Days),Location,Pincode,Pre Bid Meeting Place,Pre Bid Meeting Address,Pre Bid Meeting Date,Bid Opening Place,Should Allow NDA Tender,Allow Preferential Bidder,Cover No,Cover,Document Type,Description,Name,Address,Tender Fee in ₹,Fee Payable To,Fee Payable At,Tender Fee Exemption Allowed,Publish Date,Bid Opening Date,Document Download / Sale Start Date,Document Download / Sale End Date,Clarification Start Date,Clarification End Date,Bid Submission Start Date,Bid Submission End Date,EMD Amount in ₹,EMD through BG/ST or EMD Exemption Allowed,EMD Fee Type,EMD Percentage,EMD Payable To,EMD Payable At,S.No,Corrigendum Title,Corrigendum Type,View
1.0,DD - Demand Draft,Public Works Roads Department,CE/APART/122/2019/5,2019_PWD_13208_3,Open Tender,Item Rate,Works,1.0,No,No,Offline,No,No,No,Package No. APART/NOCP/DICC/JH-01,Renovation of official building of District Industries and commerce Centres in the Jorhat District,Please refer Tender documents. ,NA ,"28,03,000",Civil Works - Building,NA ,Tender,90.0,180.0,Jorhat District,785001.0,"The CE, PWRD (EAP), Assam  ","The Chief Engineer PWRD EAP Assam ARRTI Complex, Fatasil Ambari, Guwahati-25  ",29-Jun-2019 11:00 AM ,"O/O The CE PWRD (EAP), Assam",No ,No,1.0,Fee/PreQual/Technical/Finance,.pdf,Tender Fee,"Chief Engineer PWRD (EAP), Assam","O/O The Chief Engineer PWRD (EAP), Assam ARRTI Complex, Fatasil Ambari, Guwahati-25","2,000","State Project Director,ARIAS SOCIETY",Guwahati,No,19-Jun-2019 02:00 PM,22-Jul-2019 02:00 PM,19-Jun-2019 02:00 PM,19-Jul-2019 02:00 PM,19-Jun-2019 02:00 PM ,29-Jun-2019 11:00 AM ,19-Jun-2019 02:30 PM,19-Jul-2019 02:00 PM,"56,060",No,fixed,,"CE, PWRD(EAP),Assam",Guwahati,1.0,CORRIGENDUM-1,Cancellation of Tender,
2.0,BG - Bank Guarantee Irrevocable,,,,,,,,,,,,,,,,,,,,,,,,,,,,,,,,,,.pdf,EMD,,,,,,,,,,,,,,,,,,,,,,,,
3.0,FDR - Fixed Deposit Receipt,,,,,,,,,,,,,,,,,,,,,,,,,,,,,,,,,,.pdf,SBD,,,,,,,,,,,,,,,,,,,,,,,,
,,,,,,,,,,,,,,,,,,,,,,,,,,,,,,,,,,,.pdf,Contractor Bid,,,,,,,,,,,,,,,,,,,,,,,,
,,,,,,,,,,,,,,,,,,,,,,,,,,,,,,,,,,,.xls,BOQ,,,,,,,,,,,,,,,,,,,,,,,,
,,,,,,,,,,,,,,,,,,,,,,,,,,,,,,,,,,,.pdf,Technical Qualification Details,,,,,,,,,,,,,,,,,,,,,,,,
