﻿Publish Date,Bid Opening Date,Document Download / Sale Start Date,Document Download / Sale End Date,Clarification Start Date,Clarification End Date,Bid Submission Start Date,Bid Submission End Date,S.No,Corrigendum Title,Corrigendum Type,View,Name,Address,Title,Work Description,Pre Qualification Details,Independent External Monitor/Remarks,Tender Value in ₹,Product Category,Sub category,Contract Type,Bid Validity(Days),Period Of Work(Days),Location,Pincode,Pre Bid Meeting Place,Pre Bid Meeting Address,Pre Bid Meeting Date,Bid Opening Place,Should Allow NDA Tender,Allow Preferential Bidder,Tender Fee in ₹,Fee Payable To,Fee Payable At,Tender Fee Exemption Allowed,Cover No,Cover,Document Type,Description,S.No,Instrument Type,EMD Amount in ₹,EMD through BG/ST or EMD Exemption Allowed,EMD Fee Type,EMD Percentage,EMD Payable To,EMD Payable At,Organisation Chain,Tender Reference Number,Tender ID,Tender Type,Form of contract,Tender Category,No. of Covers,General Technical Evaluation Allowed,ItemWise Technical Evaluation Allowed,Payment Mode,Is Multi Currency Allowed For BOQ,Is Multi Currency Allowed For Fee,Allow Two Stage Bidding
25-Oct-2019 06:00 PM,11-Nov-2019 02:00 PM,25-Oct-2019 06:00 PM,08-Nov-2019 02:00 PM,NA ,NA ,25-Oct-2019 06:00 PM,08-Nov-2019 02:00 PM,1.0,Cancellation Notice,Cancellation of Tender,,"CE, PWD (Bldg), Assam, Chandmari, Ghy-3","O/O The CE, PWD (Bldg), Assam, Chandmari, Ghy-3",Construction of Multi Storied Market Complex including car parking at Haladhar Bhuyan Market at Nagaon under CIDF,Construction of Multi Storied Market Complex including car parking at Haladhar Bhuyan Market at Nagaon under CIDF,Please refer Tender documents. ,NA ,"8,42,11,176",Civil Works - Building,NA ,Tender,180.0,730.0,Nagaon,782001.0,"O/O The CE, PWD (Bldg), Assam, Chandmari, Ghy-3 ","O/O The CE, PWD (Bldg), Assam, Chandmari, Ghy-3 ",04-Nov-2019 02:00 PM ,"O/O The CE, PWD (Bldg), Assam, Chandmari, Ghy-3",No ,No,"12,500",Assam State Road Board Maintenance (Road) Fund,Guwahati,No,1.0,Fee/PreQual/Technical,.pdf,DOCUMENT COST,1.0,DD - Demand Draft,"16,84,250",Yes,fixed,,"E.E., PWD, Nagaon Building Division",Nagaon,Public Works Building and NH Department||Chief Engineer-Building - PWBNH,SMC. CIDF-N -01,2019_PWBNH_14517_1,Open Tender,Item Rate,Works,2.0,No,No,Offline,No,No,No
,,,,,,,,,,,,,,,,,,,,,,,,,,,,,,,,,,,,,,.pdf,BID SECURITY,2.0,BC - Bankers Cheque,,,,,,,,,,,,,,,,,,,
,,,,,,,,,,,,,,,,,,,,,,,,,,,,,,,,,,,,,,.pdf,BIDDING DOCUMENT,3.0,BG - Bank Guarantee Irrevocable,,,,,,,,,,,,,,,,,,,
,,,,,,,,,,,,,,,,,,,,,,,,,,,,,,,,,,,,,,.pdf,TECHNICAL QUALIFICATIONS,4.0,FDR - Fixed Deposit Receipt,,,,,,,,,,,,,,,,,,,
,,,,,,,,,,,,,,,,,,,,,,,,,,,,,,,,,,,,2.0,Finance,.xls,BOQ,,,,,,,,,,,,,,,,,,,,,
,,,,,,,,,,,,,,,,,,,,,,,,,,,,,,,,,,,,,,.pdf,FORM OF BID,,,,,,,,,,,,,,,,,,,,,
