﻿Organisation Chain,Tender Reference Number,Tender ID,Tender Type,Form of contract,Tender Category,No. of Covers,General Technical Evaluation Allowed,ItemWise Technical Evaluation Allowed,Payment Mode,Is Multi Currency Allowed For BOQ,Is Multi Currency Allowed For Fee,Allow Two Stage Bidding,Cover No,Cover,Document Type,Description,Title,Work Description,Pre Qualification Details,Independent External Monitor/Remarks,Tender Value in ₹,Product Category,Sub category,Contract Type,Bid Validity(Days),Period Of Work(Days),Location,Pincode,Pre Bid Meeting Place,Pre Bid Meeting Address,Pre Bid Meeting Date,Bid Opening Place,Should Allow NDA Tender,Allow Preferential Bidder,Name,Address,EMD Amount in ₹,EMD through BG/ST or EMD Exemption Allowed,EMD Fee Type,EMD Percentage,EMD Payable To,EMD Payable At,S.No,Instrument Type,Publish Date,Bid Opening Date,Document Download / Sale Start Date,Document Download / Sale End Date,Clarification Start Date,Clarification End Date,Bid Submission Start Date,Bid Submission End Date,Financial Bid Opening Date,Tender Fee in ₹,Fee Payable To,Fee Payable At,Tender Fee Exemption Allowed
Public Works Roads Department,BRRD/SOPD/2018-19/SORBHOG-13,2019_PWD_11373_1,Open Tender,Works,Works,2.0,No,No,Offline,No,No,No,1.0,Fee/PreQual/Technical,.pdf,Cost of Bid,BRRD/SOPD/2018-19/SORBHOG-13,Construction of Pub Kalitapara Road under SOPD for the year 2018-19 in Sorbhog LAC,Ref to Technical document  ,NA ,"1,34,82,100",Civil Works,NA ,Tender,90.0,NA ,Barpeta,781301.0,NA ,NA ,NA ,O/O Executive Engineer PWD Barpeta Rural Road Divi,No ,No,Executive Engineer PWD,Barpeta Rural Road Division,"2,69,600",Yes,fixed,,Executive Engineer PWD,Barpeta Rural Road Division,1.0,BG - Bank Guarantee Irrevocable,25-Jan-2019 12:00 PM,04-Feb-2019 10:00 AM,25-Jan-2019 02:00 PM,02-Feb-2019 02:00 PM,25-Jan-2019 12:00 PM ,02-Feb-2019 02:00 PM ,25-Jan-2019 02:00 PM,02-Feb-2019 02:00 PM,13-Feb-2019 02:00 PM,"4,100",Empowered Officer ASRB,Guwahati,No
,,,,,,,,,,,,,,,.pdf,Bid Security,,,,,,,,,,,,,,,,,,,,,,,,,,,2.0,FDR - Fixed Deposit Receipt,,,,,,,,,,,,,
,,,,,,,,,,,,,,,.pdf,Technical Qualification,,,,,,,,,,,,,,,,,,,,,,,,,,,3.0,DCR - Deposit at call receipt,,,,,,,,,,,,,
,,,,,,,,,,,,,,,.pdf,SBD,,,,,,,,,,,,,,,,,,,,,,,,,,,,,,,,,,,,,,,,,
,,,,,,,,,,,,,2.0,Finance,.xls,BOQ,,,,,,,,,,,,,,,,,,,,,,,,,,,,,,,,,,,,,,,,,
,,,,,,,,,,,,,,,.pdf,Form of Bid,,,,,,,,,,,,,,,,,,,,,,,,,,,,,,,,,,,,,,,,,
