﻿Cover No,Cover,Document Type,Description,S.No,Corrigendum Title,Corrigendum Type,View,Name,Address,S.No,Instrument Type,EMD Amount in ₹,EMD through BG/ST or EMD Exemption Allowed,EMD Fee Type,EMD Percentage,EMD Payable To,EMD Payable At,Publish Date,Bid Opening Date,Document Download / Sale Start Date,Document Download / Sale End Date,Clarification Start Date,Clarification End Date,Bid Submission Start Date,Bid Submission End Date,Tender Fee in ₹,Fee Payable To,Fee Payable At,Tender Fee Exemption Allowed,Title,Work Description,Pre Qualification Details,Independent External Monitor/Remarks,Tender Value in ₹,Product Category,Sub category,Contract Type,Bid Validity(Days),Period Of Work(Days),Location,Pincode,Pre Bid Meeting Place,Pre Bid Meeting Address,Pre Bid Meeting Date,Bid Opening Place,Should Allow NDA Tender,Allow Preferential Bidder,Organisation Chain,Tender Reference Number,Tender ID,Tender Type,Form of contract,Tender Category,No. of Covers,General Technical Evaluation Allowed,ItemWise Technical Evaluation Allowed,Payment Mode,Is Multi Currency Allowed For BOQ,Is Multi Currency Allowed For Fee,Allow Two Stage Bidding
1.0,Fee/PreQual/Technical,.pdf,DOCUMENT COST,1.0,Cancellation Notice,Cancellation of Tender,,Chief Engineer,Assam Police Housing Corporation Ltd Rehabari Guwahati 8,1.0,DD - Demand Draft,"32,89,917",Yes,percentage,2.0%,Assam Police Housing Corporation Ltd,Guwahati,07-Sep-2019 06:00 PM,16-Sep-2019 02:30 PM,07-Sep-2019 06:00 PM,16-Sep-2019 02:00 PM,NA ,NA ,07-Sep-2019 06:00 PM,16-Sep-2019 02:00 PM,"15,000",Assam Police Housing Corporation Ltd,Guwahati,No,"Construction of New District Jail Phase II Civil works, Electrical Work Sanitary water Supply Site preparation etc at Narainpur in Hailakandi District GROUP I","Construction of New District Jail Phase II Civil works, Electrical Work Sanitary water Supply Site preparation etc at Narainpur in Hailakandi District GROUP I",Please refer Tender documents. ,NA ,"16,44,95,838",Civil Works - Building,NA ,Tender,120.0,540.0,"Narainpur, Hailakandi District",788152.0,Office of the Chairman-Cum-Managing-Director APHC  ,Assam Police Housing Corporation Ltd Rehabari Guwahati 8 ,10-Sep-2019 02:00 PM ,Office of the Chairman-Cum-Managing-Director APHC,No ,No,Assam Police Housing Corporation Ltd,APHC/CS/59/2018-19_HAILAKANDI,2019_APHC_14078_1,Open Tender,Item Rate,Works,2.0,No,No,Offline,No,No,No
,,.pdf,BID SECURITY,,,,,,,,,,,,,,,,,,,,,,,,,,,,,,,,,,,,,,,,,,,,,,,,,,,,,,,,,
,,.pdf,TECHNICAL DOCUMENT,,,,,,,,,,,,,,,,,,,,,,,,,,,,,,,,,,,,,,,,,,,,,,,,,,,,,,,,,
,,.pdf,BID DOCUMENT,,,,,,,,,,,,,,,,,,,,,,,,,,,,,,,,,,,,,,,,,,,,,,,,,,,,,,,,,
2.0,Finance,.xls,BOQ,,,,,,,,,,,,,,,,,,,,,,,,,,,,,,,,,,,,,,,,,,,,,,,,,,,,,,,,,
,,.pdf,FORM OF BID,,,,,,,,,,,,,,,,,,,,,,,,,,,,,,,,,,,,,,,,,,,,,,,,,,,,,,,,,
