﻿Cover No,Cover,Document Type,Description,EMD Amount in ₹,EMD through BG/ST or EMD Exemption Allowed,EMD Fee Type,EMD Percentage,EMD Payable To,EMD Payable At,Organisation Chain,Tender Reference Number,Tender ID,Tender Type,Form of contract,Tender Category,No. of Covers,General Technical Evaluation Allowed,ItemWise Technical Evaluation Allowed,Payment Mode,Is Multi Currency Allowed For BOQ,Is Multi Currency Allowed For Fee,Allow Two Stage Bidding,Title,Work Description,Pre Qualification Details,Independent External Monitor/Remarks,Tender Value in ₹,Product Category,Sub category,Contract Type,Bid Validity(Days),Period Of Work(Days),Location,Pincode,Pre Bid Meeting Place,Pre Bid Meeting Address,Pre Bid Meeting Date,Bid Opening Place,Should Allow NDA Tender,Allow Preferential Bidder,Name,Address,Publish Date,Bid Opening Date,Document Download / Sale Start Date,Document Download / Sale End Date,Clarification Start Date,Clarification End Date,Bid Submission Start Date,Bid Submission End Date,Financial Bid Opening Date,S.No,Instrument Type,Tender Fee in ₹,Fee Payable To,Fee Payable At,Tender Fee Exemption Allowed,S.No,Particulars,Expected Value,Mandatory,Points(Weightage)
1.0,Fee/PreQual/Technical,.pdf,Tender FEE and EMD,"50,000",No,fixed,,"Director, WPT and BC",Guwahati,Welfare of Plain Tribes and Backward Classes||Director - WPT and BC,DW/NIT/661/2018-19/66 Dated 21/01/2019,2019_WPTBC_11411_1,Open Tender,QCBS,Services,2.0,Yes,No,Offline,No,No,No,"CREATION OF VERNACULAR LANGUAGE E BOOKS (ePub Version-3.0) for class XI and XII(Text book/Reference Book) with online software for viewing, downloading and updating and interactive self-assessment section","CREATION OF VERNACULAR LANGUAGE E BOOKS (ePub Version-3.0) for class XI and XII(Text book/Reference Book) with online software for viewing, downloading and updating and interactive self-assessment section",Please refer Tender documents. ,NA ,0.0,Miscellaneous Services,NA ,Tender,90.0,730.0,"Guwahati, Assam",781006.0,"Directorate of WPT BC, Dispur, Guwahati 6 ","Directorate of WPT BC, Dispur, Guwahati 6 ",28-Jan-2019 11:00 AM ,"Directorate of WPT BC, Dispur, Guwahati 6",No ,No,"Director, WPT and BC, Assam","Directorate of WPT BC, Dispur, Guwahati 6",25-Jan-2019 06:00 PM,04-Feb-2019 11:00 AM,25-Jan-2019 06:00 PM,02-Feb-2019 03:00 PM,NA ,NA ,25-Jan-2019 06:00 PM,02-Feb-2019 03:00 PM,07-Feb-2019 04:05 PM,1.0,DD - Demand Draft,"2,000","Director, WPT and BC",Guwahati,No,1.0,Experience of developing software,1,Yes,15
,,.pdf,Tender Document,,,,,,,,,,,,,,,,,,,,,,,,,,,,,,,,,,,,,,,,,,,,,,,,,2.0,BC - Bankers Cheque,,,,,2.0,Experience of working with Government,1,Yes,10
,,.pdf,Technical qualification Documents,,,,,,,,,,,,,,,,,,,,,,,,,,,,,,,,,,,,,,,,,,,,,,,,,,,,,,,3.0,Online interactive software or website in vernacular language,Yes,Yes,10
2.0,Finance,.xls,Financial Bid,,,,,,,,,,,,,,,,,,,,,,,,,,,,,,,,,,,,,,,,,,,,,,,,,,,,,,,4.0,Presentation,Yes,Yes,25
,,,,,,,,,,,,,,,,,,,,,,,,,,,,,,,,,,,,,,,,,,,,,,,,,,,,,,,,,,5.0,Previous experience of publishing e books in vernacular language made in e-pub format,1,Yes,10
,,,,,,,,,,,,,,,,,,,,,,,,,,,,,,,,,,,,,,,,,,,,,,,,,,,,,,,,,,6.0,Turn over,"2,00,00,000",Yes,10
,,,,,,,,,,,,,,,,,,,,,,,,,,,,,,,,,,,,,,,,,,,,,,,,,,,,,,,,,,7.0,Volume of work in single work order for software etc (excluding hardware) for any Government department,"10,00,000",Yes,20
