﻿Publish Date,Bid Opening Date,Document Download / Sale Start Date,Document Download / Sale End Date,Clarification Start Date,Clarification End Date,Bid Submission Start Date,Bid Submission End Date,Title,Work Description,Pre Qualification Details,Independent External Monitor/Remarks,Tender Value in ₹,Product Category,Sub category,Contract Type,Bid Validity(Days),Period Of Work(Days),Location,Pincode,Pre Bid Meeting Place,Pre Bid Meeting Address,Pre Bid Meeting Date,Bid Opening Place,Should Allow NDA Tender,Allow Preferential Bidder,Name,Address,Tender Fee in ₹,Fee Payable To,Fee Payable At,Tender Fee Exemption Allowed,Cover No,Cover,Document Type,Description,EMD Amount in ₹,EMD through BG/ST or EMD Exemption Allowed,EMD Fee Type,EMD Percentage,EMD Payable To,EMD Payable At,S.No,Instrument Type,S.No,Corrigendum Title,Corrigendum Type,View,Organisation Chain,Tender Reference Number,Tender ID,Tender Type,Form of contract,Tender Category,No. of Covers,General Technical Evaluation Allowed,ItemWise Technical Evaluation Allowed,Payment Mode,Is Multi Currency Allowed For BOQ,Is Multi Currency Allowed For Fee,Allow Two Stage Bidding
26-Nov-2019 09:00 AM,27-Dec-2019 02:10 PM,26-Nov-2019 09:00 AM,27-Dec-2019 02:00 PM,26-Nov-2019 09:00 AM ,13-Dec-2019 12:00 PM ,26-Nov-2019 09:00 AM,27-Dec-2019 02:00 PM,Balartari Barnalikuchi,Reconstruction of RCC Br.No. 1/1 to Balartari Barnalikuchi village to Bairagi road under SOPD-FDR for the year 2019-20,Please refer Tender documents. ,NA ,"4,09,34,000",Civil Works - Bridges,NA ,Tender,180.0,365.0,Barpeta,781301.0,NA ,NA ,NA ,"O/o the Chief Engineer, PWD (Roads) Assam",No ,No,"Chief Engineer, PWD (Roads) Assam","O/o the Chief Engineer, PWD (Roads) Assam","10,000","Empowered Officer, ASRB",GUWAHATI,Yes,1.0,Fee/PreQual/Technical,.pdf,Cost of Bid document,"8,19,000",Yes,fixed,,"Chief Engineer, PWD(Roads) , Assam",GUWAHATI,1.0,DD - Demand Draft,1.0,"Due to Interruption in Internet connectivity, All the tenders due for closing during the period between (11-Dec-2019 and 20-Dec-2019) have been extended to 27-Dec-2019.",Admin Corrigendum Date Extend,,Public Works Roads Department,CE/Commn/31 /2019-20/3-Balartari Barnalikuchi,2019_PWD_14946_1,Open Tender,Item Rate,Works,2.0,No,No,Offline,No,No,No
,,,,,,,,,,,,,,,,,,,,,,,,,,,,,,,,,,.pdf,Bid Security,,,,,,,2.0,BC - Bankers Cheque,,,,,,,,,,,,,,,,,
,,,,,,,,,,,,,,,,,,,,,,,,,,,,,,,,,,.pdf,Technical qualification details,,,,,,,3.0,BG - Bank Guarantee Irrevocable,,,,,,,,,,,,,,,,,
,,,,,,,,,,,,,,,,,,,,,,,,,,,,,,,,2.0,Finance,.pdf,Form of Bid,,,,,,,4.0,FDR - Fixed Deposit Receipt,,,,,,,,,,,,,,,,,
,,,,,,,,,,,,,,,,,,,,,,,,,,,,,,,,,,.xls,Bill of Quantity,,,,,,,,,,,,,,,,,,,,,,,,,
