﻿Tender Fee in ₹,Fee Payable To,Fee Payable At,Tender Fee Exemption Allowed,Organisation Chain,Tender Reference Number,Tender ID,Tender Type,Form of contract,Tender Category,No. of Covers,General Technical Evaluation Allowed,ItemWise Technical Evaluation Allowed,Payment Mode,Is Multi Currency Allowed For BOQ,Is Multi Currency Allowed For Fee,Allow Two Stage Bidding,EMD Amount in ₹,EMD through BG/ST or EMD Exemption Allowed,EMD Fee Type,EMD Percentage,EMD Payable To,EMD Payable At,Publish Date,Bid Opening Date,Document Download / Sale Start Date,Document Download / Sale End Date,Clarification Start Date,Clarification End Date,Bid Submission Start Date,Bid Submission End Date,Financial Bid Opening Date,Cover No,Cover,Document Type,Description,S.No,Instrument Type,Name,Address,Title,Work Description,Pre Qualification Details,Independent External Monitor/Remarks,Tender Value in ₹,Product Category,Sub category,Contract Type,Bid Validity(Days),Period Of Work(Days),Location,Pincode,Pre Bid Meeting Place,Pre Bid Meeting Address,Pre Bid Meeting Date,Bid Opening Place,Should Allow NDA Tender,Allow Preferential Bidder
"3,700","Assam State Road Board,Account No.10566991479",Guwahati,No,Public Works Building and NH Department||Chief Engineer-Building - PWBNH||SE-Planning - PWBNH,PWD-NH(R ) /RAN /SOPD/2019-20/16,2019_PWBNH_15175_1,Open Tender,Item Rate,Works,2.0,No,No,Offline,No,No,No,"1,46,174",Yes,fixed,,"Executive Engineer,PWD, Rangia NH Division",Rangia,04-Dec-2019 02:00 PM,09-Dec-2019 02:05 PM,04-Dec-2019 02:00 PM,09-Dec-2019 02:00 PM,NA ,NA ,04-Dec-2019 02:00 PM,09-Dec-2019 02:00 PM,13-Jan-2020 04:30 PM,1.0,Fee/PreQual/Technical,.pdf,DOCUMENT COST,1.0,DD - Demand Draft,"CE, P.W.D. (NH Works), Assam, Chandmari-3","O/O The CE, P.W.D. (NH Works), Assam, Chandmari-3","Improvement of Mission Chariali Bus Stand area (from Ch. 134.137 Km to Ch. 134.425 Km) on NH-15(old NH-52) under SOPD for the year 2019-20 under PWD, Rangia NH Division in the State of Assam","Improvement of Mission Chariali Bus Stand area (from Ch. 134.137 Km to Ch. 134.425 Km) on NH-15(old NH-52) under SOPD for the year 2019-20 under PWD, Rangia NH Division in the State of Assam",Please refer Tender documents. ,NA ,"73,08,684",Civil Works – Highways,NA ,Tender,180.0,30.0,Rangia,781354.0,"O/O The CE, P.W.D. (NH Works), Assam, Chandmari-3 ","O/O The CE, P.W.D. (NH Works), Assam, Chandmari-3 ",05-Dec-2019 12:00 PM ,"O/O The CE, P.W.D. (NH Works), Assam, Chandmari-3",No ,No
,,,,,,,,,,,,,,,,,,,,,,,,,,,,,,,,,,.pdf,BID SECURITY,2.0,BC - Bankers Cheque,,,,,,,,,,,,,,,,,,,,
,,,,,,,,,,,,,,,,,,,,,,,,,,,,,,,,,,.pdf,BIDDING DOCUMENT,3.0,BG - Bank Guarantee Irrevocable,,,,,,,,,,,,,,,,,,,,
,,,,,,,,,,,,,,,,,,,,,,,,,,,,,,,,,,.pdf,TECHNICAL QUALIFICATIONS,4.0,FDR - Fixed Deposit Receipt,,,,,,,,,,,,,,,,,,,,
,,,,,,,,,,,,,,,,,,,,,,,,,,,,,,,,2.0,Finance,.xls,BOQ,,,,,,,,,,,,,,,,,,,,,,
,,,,,,,,,,,,,,,,,,,,,,,,,,,,,,,,,,.pdf,FORM OF BID,,,,,,,,,,,,,,,,,,,,,,
