﻿Publish Date,Bid Opening Date,Document Download / Sale Start Date,Document Download / Sale End Date,Clarification Start Date,Clarification End Date,Bid Submission Start Date,Bid Submission End Date,Tender Fee in ₹,Fee Payable To,Fee Payable At,Tender Fee Exemption Allowed,Name,Address,EMD Amount in ₹,EMD through BG/ST or EMD Exemption Allowed,EMD Fee Type,EMD Percentage,EMD Payable To,EMD Payable At,Organisation Chain,Tender Reference Number,Tender ID,Tender Type,Form of contract,Tender Category,No. of Covers,General Technical Evaluation Allowed,ItemWise Technical Evaluation Allowed,Payment Mode,Is Multi Currency Allowed For BOQ,Is Multi Currency Allowed For Fee,Allow Two Stage Bidding,Title,Work Description,Pre Qualification Details,Independent External Monitor/Remarks,Tender Value in ₹,Product Category,Sub category,Contract Type,Bid Validity(Days),Period Of Work(Days),Location,Pincode,Pre Bid Meeting Place,Pre Bid Meeting Address,Pre Bid Meeting Date,Bid Opening Place,Should Allow NDA Tender,Allow Preferential Bidder,S.No,Instrument Type,Cover No,Cover,Document Type,Description
09-Feb-2019 09:00 AM,18-Feb-2019 02:00 PM,09-Feb-2019 09:00 AM,16-Feb-2019 04:30 PM,09-Feb-2019 09:00 AM ,16-Feb-2019 04:00 PM ,09-Feb-2019 09:00 AM,16-Feb-2019 04:30 PM,"1,480",Principal Secretary BTC Kokrajhar,"SBI, Kokrajhar",No,"Addl. CE cum Director, PWD, BTC, Kokrajhar","O/o the Addl. CE cum Director, PWD, BTC, Kokrajhar","97,300",Yes,fixed,,"EE, PWD Mushalpur R and B Division",Mushalpur,Bodoland Territorial Council-PWD||Director Cum CHD - PWD BTC,ACE29/TECH/MSLPR/PtI/18-19/299,2019_BTC_11750_1,Open Tender,Item Rate,Works,2.0,No,No,Offline,No,No,No,TN_265_i,TN_265_i Improvement of road from Madhya Narayanpur to Milonpur village including construction of RCC slab culvert near Uday Narzary house under SOPD for the year 2016-17.,Please refer Tender documents. ,NA ,"48,62,621",Civil Works,NA ,Tender,180.0,270.0,Kokrajhar,788730.0,NA ,NA ,NA ,"O/o the Addl. CE cum Director, PWD, BTC, Kokrajhar",No ,No,1.0,DD - Demand Draft,1.0,Fee/PreQual/Technical,.pdf,EMD
,,,,,,,,,,,,,,,,,,,,,,,,,,,,,,,,,,,,,,,,,,,,,,,,,,,2.0,BC - Bankers Cheque,,,.pdf,Cost of Tender Document
,,,,,,,,,,,,,,,,,,,,,,,,,,,,,,,,,,,,,,,,,,,,,,,,,,,3.0,BG - Bank Guarantee Irrevocable,,,.pdf,Technical Qualification Details
,,,,,,,,,,,,,,,,,,,,,,,,,,,,,,,,,,,,,,,,,,,,,,,,,,,4.0,FDR - Fixed Deposit Receipt,,,.pdf,SBD
,,,,,,,,,,,,,,,,,,,,,,,,,,,,,,,,,,,,,,,,,,,,,,,,,,,,,2.0,Finance,.xls,BOQ
,,,,,,,,,,,,,,,,,,,,,,,,,,,,,,,,,,,,,,,,,,,,,,,,,,,,,,,.pdf,FOB
