﻿Tender Fee in ₹,Fee Payable To,Fee Payable At,Tender Fee Exemption Allowed,Cover No,Cover,Document Type,Description,Organisation Chain,Tender Reference Number,Tender ID,Tender Type,Form of contract,Tender Category,No. of Covers,General Technical Evaluation Allowed,ItemWise Technical Evaluation Allowed,Payment Mode,Is Multi Currency Allowed For BOQ,Is Multi Currency Allowed For Fee,Allow Two Stage Bidding,Name,Address,Publish Date,Bid Opening Date,Document Download / Sale Start Date,Document Download / Sale End Date,Clarification Start Date,Clarification End Date,Bid Submission Start Date,Bid Submission End Date,Financial Bid Opening Date,S.No,Instrument Type,Title,Work Description,Pre Qualification Details,Independent External Monitor/Remarks,Tender Value in ₹,Product Category,Sub category,Contract Type,Bid Validity(Days),Period Of Work(Days),Location,Pincode,Pre Bid Meeting Place,Pre Bid Meeting Address,Pre Bid Meeting Date,Bid Opening Place,Should Allow NDA Tender,Allow Preferential Bidder,EMD Amount in ₹,EMD through BG/ST or EMD Exemption Allowed,EMD Fee Type,EMD Percentage,EMD Payable To,EMD Payable At
"5,000","Executive Engineer, Kokrajhar W.R. Division, Kokra",Kokrajhar,No,1.0,Fee/PreQual/Technical,.pdf,Tender FEE and EMD,Bodoland Territorial Council-WRD,AddlCE/KZ/WR/ET/Acctt/100/2030,2019_BTCWR_11833_3,Open Tender,Item Rate,Works,2.0,No,No,Offline,No,No,No,"Addl Chief Engineer, Kokrajhar Zone, W.R. Deptt.,","O/O the Addl. Chief Engineer, Kokrajhar Zone, W.R. Deptt., B.T.C. Kokrajhar.",13-Feb-2019 03:00 PM,22-Feb-2019 04:00 PM,13-Feb-2019 03:10 PM,22-Feb-2019 03:30 PM,NA ,NA ,16-Feb-2019 10:10 AM,22-Feb-2019 03:30 PM,28-Feb-2019 06:35 PM,1.0,DD - Demand Draft,"Immediate measures for restoration of damages at Simlabari, Surendrapur villages of river Sankosh on its L/B for 2018-19 under S.D.R.F.","Immediate measures for restoration of damages at Simlabari, Surendrapur villages of river Sankosh on its L/B for 2018-19 under S.D.R.F.",Please refer to tender documents ,NA ,"1,49,99,660",Civil Works,NA ,Tender,90.0,90.0,Different Reaches of Simlabari and Surendrapur,783370.0,NA ,NA ,NA ,"O/O the Addl. Chief Engineer, Kokrajhar Zone, W.R.",No ,No,"2,99,993",Yes,percentage,2.0%,"Executive Engineer, Kokrajhar W.R. Division, Kokra",Kokrajhar
,,,,,,.pdf,Technical Qualification Documents,,,,,,,,,,,,,,,,,,,,,,,,,2.0,FDR - Fixed Deposit Receipt,,,,,,,,,,,,,,,,,,,,,,,,
,,,,,,.pdf,Tender Documents Signed in Each Page,,,,,,,,,,,,,,,,,,,,,,,,,,,,,,,,,,,,,,,,,,,,,,,,,,
,,,,2.0,Finance,.xls,Bill of Quantity,,,,,,,,,,,,,,,,,,,,,,,,,,,,,,,,,,,,,,,,,,,,,,,,,,
