﻿Publish Date,Bid Opening Date,Document Download / Sale Start Date,Document Download / Sale End Date,Clarification Start Date,Clarification End Date,Bid Submission Start Date,Bid Submission End Date,Financial Bid Opening Date,Title,Work Description,Pre Qualification Details,Independent External Monitor/Remarks,Tender Value in ₹,Product Category,Sub category,Contract Type,Bid Validity(Days),Period Of Work(Days),Location,Pincode,Pre Bid Meeting Place,Pre Bid Meeting Address,Pre Bid Meeting Date,Bid Opening Place,Should Allow NDA Tender,Allow Preferential Bidder,EMD Amount in ₹,EMD through BG/ST or EMD Exemption Allowed,EMD Fee Type,EMD Percentage,EMD Payable To,EMD Payable At,Cover No,Cover,Document Type,Description,Organisation Chain,Tender Reference Number,Tender ID,Tender Type,Form of contract,Tender Category,No. of Covers,General Technical Evaluation Allowed,ItemWise Technical Evaluation Allowed,Payment Mode,Is Multi Currency Allowed For BOQ,Is Multi Currency Allowed For Fee,Allow Two Stage Bidding,S.No,Instrument Type,Tender Fee in ₹,Fee Payable To,Fee Payable At,Tender Fee Exemption Allowed,Name,Address
26-Jun-2019 04:00 PM,02-Jul-2019 11:00 AM,26-Jun-2019 04:00 PM,01-Jul-2019 04:00 PM,NA ,NA ,26-Jun-2019 04:00 PM,01-Jul-2019 04:00 PM,05-Jul-2019 02:00 PM,DRRD/SOPD(G)/2019-20/Joypur Khunsa Road,"Improvement (Immediate restoration) of Joypur Khunsa road (SH) from Ch.4000.00m to Ch.22800.00m and Kothalguri Deomali road (SH) from Ch.0.00m to Ch.1000.00m under SOPD for the year 2019-20 under PWD, Dibrugarh R R Divn",Please Refer Tender documents ,NA ,"1,50,00,000",Civil Works,NA ,Tender,90.0,90.0,Dibrugarh,786001.0,NA ,NA ,NA ,o/o the S.E. P.W.D. Dibrugarh Road Circle,No ,No,"3,00,000",Yes,fixed,,E E PWD Dibrugarh Rural Road Division,Dibrugarh,1.0,Fee/PreQual/Technical,.pdf,Bid Security,Public Works Roads Department,DRC-XIII/16/98/NIT/DIB/212,2019_PWD_13346_1,Open Tender,Item Rate,Works,2.0,No,No,Offline,No,No,No,1.0,DD - Demand Draft,"4,200","Empowered Officer, ASRB, Assam",Guwahati,No,S.E. P.W.D. Dibrugarh Road Circle,o/o the S.E. P.W.D. Dibrugarh Road Circle
,,,,,,,,,,,,,,,,,,,,,,,,,,,,,,,,,,,.pdf,Cost of Tender Document,,,,,,,,,,,,,,2.0,BC - Bankers Cheque,,,,,,
,,,,,,,,,,,,,,,,,,,,,,,,,,,,,,,,,,,.pdf,Technical Qualification Details,,,,,,,,,,,,,,3.0,BG - Bank Guarantee Irrevocable,,,,,,
,,,,,,,,,,,,,,,,,,,,,,,,,,,,,,,,,,,.pdf,SBD,,,,,,,,,,,,,,4.0,FDR - Fixed Deposit Receipt,,,,,,
,,,,,,,,,,,,,,,,,,,,,,,,,,,,,,,,,2.0,Finance,.xls,BOQ,,,,,,,,,,,,,,,,,,,,,
,,,,,,,,,,,,,,,,,,,,,,,,,,,,,,,,,,,.pdf,Form of Bid,,,,,,,,,,,,,,,,,,,,,
