﻿EMD Amount in ₹,EMD through BG/ST or EMD Exemption Allowed,EMD Fee Type,EMD Percentage,EMD Payable To,EMD Payable At,Title,Work Description,Pre Qualification Details,Independent External Monitor/Remarks,Tender Value in ₹,Product Category,Sub category,Contract Type,Bid Validity(Days),Period Of Work(Days),Location,Pincode,Pre Bid Meeting Place,Pre Bid Meeting Address,Pre Bid Meeting Date,Bid Opening Place,Should Allow NDA Tender,Allow Preferential Bidder,Publish Date,Bid Opening Date,Document Download / Sale Start Date,Document Download / Sale End Date,Clarification Start Date,Clarification End Date,Bid Submission Start Date,Bid Submission End Date,Financial Bid Opening Date,Organisation Chain,Tender Reference Number,Tender ID,Tender Type,Form of contract,Tender Category,No. of Covers,General Technical Evaluation Allowed,ItemWise Technical Evaluation Allowed,Payment Mode,Is Multi Currency Allowed For BOQ,Is Multi Currency Allowed For Fee,Allow Two Stage Bidding,Tender Fee in ₹,Fee Payable To,Fee Payable At,Tender Fee Exemption Allowed,S.No,Instrument Type,Name,Address,Cover No,Cover,Document Type,Description
"2,69,773",Yes,percentage,2.0%,"The Executive Engineer, Hailakandi W R Division",Hailakandi,IM FROM MOHANPUR TO CONFLUENCE,IMMEDIATE MEASURES TO DYKE ALONG L/B OF RIVER KATAKHAL FROM MOHANPUR TO CONFLUENCE FOR 2018-19 (BRACH CLOSING WORK) (CH. 5495M 5556M),Please refer Tender documents. ,NA ,"1,34,88,631",Civil Works,NA ,Tender,180.0,60.0,HAILAKANDI,788152.0,NA ,NA ,NA ,GUWAHATI,No ,No,30-May-2019 06:00 PM,10-Jun-2019 02:00 PM,30-May-2019 06:05 PM,10-Jun-2019 02:00 PM,NA ,NA ,05-Jun-2019 10:00 AM,10-Jun-2019 02:00 PM,20-Jun-2019 05:30 PM,Department of Water Resources||Chief Engineer - DoWR,HAILAKANDI/2018-19/SDRF/III,2019_DoWR_12885_1,Open Tender,Works,Works,3.0,No,No,Offline,No,No,No,"5,000","The Executive Engineer, Hailakandi W R Division",Hailakandi,No,1,DD - Demand Draft,"Chief Engineer,W.R.Deptt",O/O Chief Engineer Water Resources Department Chandmari,1.0,Fee,.pdf,FEE
,,,,,,,,,,,,,,,,,,,,,,,,,,,,,,,,,,,,,,,,,,,,,,,,,,2,BC - Bankers Cheque,,,2.0,PreQual/Technical,.pdf,TECHNICAL DOCUMENTS
,,,,,,,,,,,,,,,,,,,,,,,,,,,,,,,,,,,,,,,,,,,,,,,,,,3,BG - Bank Guarantee Irrevocable,,,3.0,Finance,.xls,BOQ
,,,,,,,,,,,,,,,,,,,,,,,,,,,,,,,,,,,,,,,,,,,,,,,,,,4,FDR - Fixed Deposit Receipt,,,,,,
