﻿S.No,Corrigendum Title,Corrigendum Type,View,Cover No,Cover,Document Type,Description,Tender Fee in ₹,Fee Payable To,Fee Payable At,Tender Fee Exemption Allowed,EMD Amount in ₹,EMD through BG/ST or EMD Exemption Allowed,EMD Fee Type,EMD Percentage,EMD Payable To,EMD Payable At,S.No,Instrument Type,Publish Date,Bid Opening Date,Document Download / Sale Start Date,Document Download / Sale End Date,Clarification Start Date,Clarification End Date,Bid Submission Start Date,Bid Submission End Date,Organisation Chain,Tender Reference Number,Tender ID,Tender Type,Form of contract,Tender Category,No. of Covers,General Technical Evaluation Allowed,ItemWise Technical Evaluation Allowed,Payment Mode,Is Multi Currency Allowed For BOQ,Is Multi Currency Allowed For Fee,Allow Two Stage Bidding,Title,Work Description,Pre Qualification Details,Independent External Monitor/Remarks,Tender Value in ₹,Product Category,Sub category,Contract Type,Bid Validity(Days),Period Of Work(Days),Location,Pincode,Pre Bid Meeting Place,Pre Bid Meeting Address,Pre Bid Meeting Date,Bid Opening Place,Should Allow NDA Tender,Allow Preferential Bidder,Name,Address
1.0,Cancelation Notice,Cancellation of Tender,,1.0,Fee/PreQual/Technical,.pdf,DOCUMENT COST,"12,500",Assam State Road Board Maintenance (Road) Fund,Guwahati,Yes,"10,02,760",Yes,fixed,,"Guwahati Electrical Division,",Guwahati,1.0,DD - Demand Draft,02-Mar-2019 12:00 PM,18-Mar-2019 03:30 PM,02-Mar-2019 12:00 PM,18-Mar-2019 03:00 PM,NA ,NA ,02-Mar-2019 12:00 PM,18-Mar-2019 03:00 PM,Public Works Building and NH Department||Chief Engineer-Building - PWBNH,Stadium Karimganj Gr. C,2019_PWBNH_12384_1,Open Tender,Item Rate,Works,2.0,No,No,Offline,No,No,No,Providing Flood Lighting in the Proposed Stadium at Karimganj in Karimganj District of Assam,Providing Flood Lighting in the Proposed Stadium at Karimganj in Karimganj District of Assam,Please refer Tender documents. ,NA ,"5,01,37,873",Electrical Works,NA ,Tender,180.0,180.0,Karimganj,788710.0,"O/O The CE, PWD (Bldg), Assam, Chandmari, Ghy-3 ","O/O The CE, PWD (Bldg), Assam, Chandmari, Ghy-3 ",05-Mar-2019 12:00 PM ,"O/O The CE, PWD (Bldg), Assam, Chandmari, Ghy-3",No ,No,"CE, PWD (Bldg), Assam, Chandmari, Ghy-3","O/O The CE, PWD (Bldg), Assam, Chandmari, Ghy-3"
2.0,Extension Notice,Date,,,,.pdf,BID SECURITY,,,,,,,,,,,2.0,BC - Bankers Cheque,,,,,,,,,,,,,,,,,,,,,,,,,,,,,,,,,,,,,,,,,
,,,,,,.pdf,BIDDINGD DOCUMENT,,,,,,,,,,,3.0,BG - Bank Guarantee Irrevocable,,,,,,,,,,,,,,,,,,,,,,,,,,,,,,,,,,,,,,,,,
,,,,,,.pdf,TECHNICAL QUALIFICATIONS,,,,,,,,,,,4.0,FDR - Fixed Deposit Receipt,,,,,,,,,,,,,,,,,,,,,,,,,,,,,,,,,,,,,,,,,
,,,,2.0,Finance,.xls,BOQ,,,,,,,,,,,,,,,,,,,,,,,,,,,,,,,,,,,,,,,,,,,,,,,,,,,,,
,,,,,,.pdf,FORM OF BID,,,,,,,,,,,,,,,,,,,,,,,,,,,,,,,,,,,,,,,,,,,,,,,,,,,,,
