﻿Name,Address,Tender Fee in ₹,Fee Payable To,Fee Payable At,Tender Fee Exemption Allowed,EMD Amount in ₹,EMD through BG/ST or EMD Exemption Allowed,EMD Fee Type,EMD Percentage,EMD Payable To,EMD Payable At,S.No,Instrument Type,Title,Work Description,Pre Qualification Details,Independent External Monitor/Remarks,Tender Value in ₹,Product Category,Sub category,Contract Type,Bid Validity(Days),Period Of Work(Days),Location,Pincode,Pre Bid Meeting Place,Pre Bid Meeting Address,Pre Bid Meeting Date,Bid Opening Place,Should Allow NDA Tender,Allow Preferential Bidder,Organisation Chain,Tender Reference Number,Tender ID,Tender Type,Form of contract,Tender Category,No. of Covers,General Technical Evaluation Allowed,ItemWise Technical Evaluation Allowed,Payment Mode,Is Multi Currency Allowed For BOQ,Is Multi Currency Allowed For Fee,Allow Two Stage Bidding,S.No,Corrigendum Title,Corrigendum Type,View,Cover No,Cover,Document Type,Description,Publish Date,Bid Opening Date,Document Download / Sale Start Date,Document Download / Sale End Date,Clarification Start Date,Clarification End Date,Bid Submission Start Date,Bid Submission End Date
EE ICD,Bamunimaidam Guwahati,"6,500",EE ICD,GUWAHATI,No,"6,51,800",Yes,fixed,,EE ICD,GUWAHATI,1.0,DD - Demand Draft,Construction of RCC office Building G plus 2 for DICC Nalbari,Construction of RCC office Building G plus 2 for DICC Nalbari,Please refer Tender documents. ,NA ,"3,25,90,000",Civil Works,NA ,Tender,180.0,540.0,Nalbari,781335.0,NA ,NA ,NA ,Bamunimaidam Guwahati,No ,No,Industries and Commerce Department||Commissioner Industries and Commerce Assam,EE-G/700/2017/309/2375-80 dated 7/12/19,2019_ICD_15264_1,Open Tender,Item Rate,Works,2.0,No,No,Offline,No,No,No,1.0,Cancellation notice,Cancellation of Tender,,1.0,Fee/PreQual/Technical,.pdf,Cost of Bid and Bid Security,09-Dec-2019 02:00 PM,23-Dec-2019 02:30 PM,09-Dec-2019 02:00 PM,23-Dec-2019 02:00 PM,09-Dec-2019 02:00 PM ,23-Dec-2019 02:00 PM ,13-Dec-2019 02:00 PM,23-Dec-2019 02:00 PM
,,,,,,,,,,,,2.0,BC - Bankers Cheque,,,,,,,,,,,,,,,,,,,,,,,,,,,,,,,,,,,,,,.pdf,Technical Bid,,,,,,,,
,,,,,,,,,,,,3.0,FDR - Fixed Deposit Receipt,,,,,,,,,,,,,,,,,,,,,,,,,,,,,,,,,,,,,,.pdf,Signed Bid Document,,,,,,,,
,,,,,,,,,,,,,,,,,,,,,,,,,,,,,,,,,,,,,,,,,,,,,,,,,2.0,Finance,.xls,BOQ,,,,,,,,
