﻿Cover No,Cover,Document Type,Description,S.No,Instrument Type,EMD Amount in ₹,EMD through BG/ST or EMD Exemption Allowed,EMD Fee Type,EMD Percentage,EMD Payable To,EMD Payable At,Publish Date,Bid Opening Date,Document Download / Sale Start Date,Document Download / Sale End Date,Clarification Start Date,Clarification End Date,Bid Submission Start Date,Bid Submission End Date,Financial Bid Opening Date,Tender Fee in ₹,Fee Payable To,Fee Payable At,Tender Fee Exemption Allowed,Title,Work Description,Pre Qualification Details,Independent External Monitor/Remarks,Tender Value in ₹,Product Category,Sub category,Contract Type,Bid Validity(Days),Period Of Work(Days),Location,Pincode,Pre Bid Meeting Place,Pre Bid Meeting Address,Pre Bid Meeting Date,Bid Opening Place,Should Allow NDA Tender,Allow Preferential Bidder,Organisation Chain,Tender Reference Number,Tender ID,Tender Type,Form of contract,Tender Category,No. of Covers,General Technical Evaluation Allowed,ItemWise Technical Evaluation Allowed,Payment Mode,Is Multi Currency Allowed For BOQ,Is Multi Currency Allowed For Fee,Allow Two Stage Bidding,Name,Address
1.0,Fee/PreQual/Technical,.pdf,Cost of Bid,1.0,DD - Demand Draft,"1,52,360",Yes,fixed,,"E.E PWRD, Jonai Territorial Road Division",Silapathar,16-Dec-2019 04:30 PM,30-Dec-2019 11:00 AM,17-Dec-2019 10:00 AM,27-Dec-2019 02:00 PM,17-Dec-2019 10:00 AM ,27-Dec-2019 02:00 PM ,17-Dec-2019 11:00 AM,27-Dec-2019 02:00 PM,07-Jan-2020 03:00 PM,"2,290","Empowered officer, Assam State Road Board, Assa",GUWAHATI,Yes,FDR(SOPD)/JONAI/03,Repairs and restoration of Road from NH-52 at Jiadhal Tinigharia Kekuri to Gheyari (Ch.0.00 m to Ch.270.00 m) including protection work under FDR (SOPD) for the year 2019-20.,Please refer Tender documents. ,NA ,"76,17,574",Civil Works,NA ,Tender,180.0,120.0,Jiadhal Tinigharia,787060.0,NA ,NA ,NA ,"North Lakhimpur Road Circle, North Lakhimpur",No ,No,Public Works Roads Department,NLRC/T/2019/3624,2019_PWD_15329_1,Open Tender,Item Rate,Works,2.0,No,No,Offline,No,No,No,"Superintending Engineer, PWRD, NLRC, NL","Superintending Engineer, PWRD, North Lakhimpur Road Circle, North Lakhimpur"
,,.pdf,EMD,2.0,FDR - Fixed Deposit Receipt,,,,,,,,,,,,,,,,,,,,,,,,,,,,,,,,,,,,,,,,,,,,,,,,,,,,
,,.pdf,Technical Qualification documents,,,,,,,,,,,,,,,,,,,,,,,,,,,,,,,,,,,,,,,,,,,,,,,,,,,,,,
,,.pdf,SBD,,,,,,,,,,,,,,,,,,,,,,,,,,,,,,,,,,,,,,,,,,,,,,,,,,,,,,
2.0,Finance,.pdf,FOB,,,,,,,,,,,,,,,,,,,,,,,,,,,,,,,,,,,,,,,,,,,,,,,,,,,,,,
,,.xls,BOQ,,,,,,,,,,,,,,,,,,,,,,,,,,,,,,,,,,,,,,,,,,,,,,,,,,,,,,
