﻿Publish Date,Bid Opening Date,Document Download / Sale Start Date,Document Download / Sale End Date,Clarification Start Date,Clarification End Date,Bid Submission Start Date,Bid Submission End Date,Financial Bid Opening Date,Organisation Chain,Tender Reference Number,Tender ID,Tender Type,Form of contract,Tender Category,No. of Covers,General Technical Evaluation Allowed,ItemWise Technical Evaluation Allowed,Payment Mode,Is Multi Currency Allowed For BOQ,Is Multi Currency Allowed For Fee,Allow Two Stage Bidding,Name,Address,Cover No,Cover,Document Type,Description,S.No,Instrument Type,Title,Work Description,Pre Qualification Details,Independent External Monitor/Remarks,Tender Value in ₹,Product Category,Sub category,Contract Type,Bid Validity(Days),Period Of Work(Days),Location,Pincode,Pre Bid Meeting Place,Pre Bid Meeting Address,Pre Bid Meeting Date,Bid Opening Place,Should Allow NDA Tender,Allow Preferential Bidder,EMD Amount in ₹,EMD through BG/ST or EMD Exemption Allowed,EMD Fee Type,EMD Percentage,EMD Payable To,EMD Payable At,Tender Fee in ₹,Fee Payable To,Fee Payable At,Tender Fee Exemption Allowed
19-Feb-2019 10:30 AM,27-Feb-2019 11:00 AM,20-Feb-2019 10:30 AM,26-Feb-2019 02:00 PM,20-Feb-2019 10:30 AM ,26-Feb-2019 02:00 PM ,20-Feb-2019 10:30 AM,26-Feb-2019 02:00 PM,28-Feb-2019 11:25 AM,Public Works Roads Department,CE/STBR/SP/TEN/56/2018-19/56,2019_PWD_11935_1,Open Tender,Item Rate,Works,2.0,No,No,Offline,No,No,No,"Chief Engineer, PWD (Roads), Assam","O/o the Chief Engineer, PWD (Roads), Assam, Chandmari, Guwahati, 781003",1.0,Fee/PreQual/Technical,.pdf,EMD,1.0,DD - Demand Draft,Sivasagar/SIG/39,Sivasagar/SIG/39 Construction of RCC Br. No 1/1 over river Dikhow including approaches and protection work connecting Sibsagar LAC and Amguri LAC from NH-37 to Harmati Garh which connects Deka Barbaruh Ali under Signature Project for 2018-19 .,Please refer Tender documents. ,NA ,"9,98,98,000",Civil Works,NA ,Tender,180.0,730.0,Sivasagar,781003.0,NA ,NA ,NA ,"O/o the Chief Engineer, PWD (Roads), Assam, Chandm",No ,No,"19,97,960",Yes,fixed,,"Chief Engineer, PWD (Roads), Assam",Guwahati,"10,000",Empowered Officer ASRB,Guwahati,No
,,,,,,,,,,,,,,,,,,,,,,,,,,.pdf,Cost of Tender Document,2.0,BC - Bankers Cheque,,,,,,,,,,,,,,,,,,,,,,,,,,,,
,,,,,,,,,,,,,,,,,,,,,,,,,,.pdf,Technical Qualification Details,3.0,BG - Bank Guarantee Irrevocable,,,,,,,,,,,,,,,,,,,,,,,,,,,,
,,,,,,,,,,,,,,,,,,,,,,,,,,.pdf,SBD,4.0,FDR - Fixed Deposit Receipt,,,,,,,,,,,,,,,,,,,,,,,,,,,,
,,,,,,,,,,,,,,,,,,,,,,,,2.0,Finance,.xls,BOQ,,,,,,,,,,,,,,,,,,,,,,,,,,,,,,
,,,,,,,,,,,,,,,,,,,,,,,,,,.pdf,FOB,,,,,,,,,,,,,,,,,,,,,,,,,,,,,,
