﻿EMD Amount in ₹,EMD through BG/ST or EMD Exemption Allowed,EMD Fee Type,EMD Percentage,EMD Payable To,EMD Payable At,Name,Address,Organisation Chain,Tender Reference Number,Tender ID,Tender Type,Form of contract,Tender Category,No. of Covers,General Technical Evaluation Allowed,ItemWise Technical Evaluation Allowed,Payment Mode,Is Multi Currency Allowed For BOQ,Is Multi Currency Allowed For Fee,Allow Two Stage Bidding,Publish Date,Bid Opening Date,Document Download / Sale Start Date,Document Download / Sale End Date,Clarification Start Date,Clarification End Date,Bid Submission Start Date,Bid Submission End Date,Financial Bid Opening Date,Tender Fee in ₹,Fee Payable To,Fee Payable At,Tender Fee Exemption Allowed,Title,Work Description,Pre Qualification Details,Independent External Monitor/Remarks,Tender Value in ₹,Product Category,Sub category,Contract Type,Bid Validity(Days),Period Of Work(Days),Location,Pincode,Pre Bid Meeting Place,Pre Bid Meeting Address,Pre Bid Meeting Date,Bid Opening Place,Should Allow NDA Tender,Allow Preferential Bidder,Cover No,Cover,Document Type,Description,S.No,Instrument Type
"1,99,000",Yes,fixed,,EE PWD Jorhat Rural Road Division,Jorhat,SE PWD JRC,O/O The SE PWD JRC,Public Works Roads Department,SE/JRC/SOPD(G)/2186.I,2019_PWD_11200_6,Open Tender,Item Rate,Works,2.0,No,No,Offline,No,No,No,24-Jan-2019 10:00 AM,01-Feb-2019 01:00 PM,24-Jan-2019 10:00 AM,29-Jan-2019 04:00 PM,NA ,NA ,24-Jan-2019 10:00 AM,29-Jan-2019 04:00 PM,06-Feb-2019 09:00 AM,"2,000",Empowered Officer ASRB,Guwahati,No,SOPD(G)/JRRD/TEOK/07/RE,Construction from Morijanji D Gaon Road to LCR Connecting Road,Please refer Tender documents. ,NA ,"99,35,497",Civil Works – Roads,NA ,Tender,180.0,180.0,Jorhat,785001.0,NA ,NA ,NA ,O/O The SE PWD JRC,No ,No,1.0,Fee/PreQual/Technical,.pdf,Cost of Bid,1.0,DD - Demand Draft
,,,,,,,,,,,,,,,,,,,,,,,,,,,,,,,,,,,,,,,,,,,,,,,,,,,,,,.pdf,Bid Security,2.0,BC - Bankers Cheque
,,,,,,,,,,,,,,,,,,,,,,,,,,,,,,,,,,,,,,,,,,,,,,,,,,,,,,.pdf,SBD,3.0,BG - Bank Guarantee Irrevocable
,,,,,,,,,,,,,,,,,,,,,,,,,,,,,,,,,,,,,,,,,,,,,,,,,,,,,,.pdf,Technical Qualification Documents,4.0,FDR - Fixed Deposit Receipt
,,,,,,,,,,,,,,,,,,,,,,,,,,,,,,,,,,,,,,,,,,,,,,,,,,,,2.0,Finance,.xls,BOQ,5.0,DCR - Deposit at call receipt
,,,,,,,,,,,,,,,,,,,,,,,,,,,,,,,,,,,,,,,,,,,,,,,,,,,,,,.pdf,FOB,,
