﻿Cover No,Cover,Document Type,Description,Publish Date,Bid Opening Date,Document Download / Sale Start Date,Document Download / Sale End Date,Clarification Start Date,Clarification End Date,Bid Submission Start Date,Bid Submission End Date,Financial Bid Opening Date,S.No,Corrigendum Title,Corrigendum Type,View,EMD Amount in ₹,EMD through BG/ST or EMD Exemption Allowed,EMD Fee Type,EMD Percentage,EMD Payable To,EMD Payable At,Tender Fee in ₹,Fee Payable To,Fee Payable At,Tender Fee Exemption Allowed,S.No,Instrument Type,Title,Work Description,Pre Qualification Details,Independent External Monitor/Remarks,Tender Value in ₹,Product Category,Sub category,Contract Type,Bid Validity(Days),Period Of Work(Days),Location,Pincode,Pre Bid Meeting Place,Pre Bid Meeting Address,Pre Bid Meeting Date,Bid Opening Place,Should Allow NDA Tender,Allow Preferential Bidder,Organisation Chain,Tender Reference Number,Tender ID,Tender Type,Form of contract,Tender Category,No. of Covers,General Technical Evaluation Allowed,ItemWise Technical Evaluation Allowed,Payment Mode,Is Multi Currency Allowed For BOQ,Is Multi Currency Allowed For Fee,Allow Two Stage Bidding,Name,Address
1.0,Fee/PreQual/Technical,.pdf,EMD,14-Feb-2019 05:30 PM,20-Feb-2019 03:00 PM,14-Feb-2019 06:00 PM,20-Feb-2019 02:00 PM,14-Feb-2019 06:00 PM ,20-Feb-2019 02:00 PM ,14-Feb-2019 06:00 PM,20-Feb-2019 02:00 PM,26-Feb-2019 11:30 AM,1.0,Corrigendum,Other,,"8,09,860",Yes,fixed,,"Chief Engineer PWD (Roads),Assam, Chandmar",Guwahati,"10,000","Empowered Officer, ASRB",Guwahati,No,1.0,DD - Demand Draft,MLCSNA/SOPD-G/TEOK/02,MLCSNA/SOPD-G/TEOK/02 Construction of RCC Bridge no. 4/1 on Kharghoria Bridge at LCR Road over River Amjan (2) Construction of RCC Bridge no.2/1 at Jagduar Kakoti Gaon to Bonai Na-Pamua connecting Road over Kamar Pathar under Mahavir Lachit Chilara,Please refer Tender documents. ,NA ,"4,04,93,000",Civil Works,NA ,Tender,180.0,730.0,Jorhat Rural Road Division,781003.0,NA ,NA ,NA ,"O/o the Chief Engineer PWD (Roads),Assam, Chandmar",No ,No,Public Works Roads Department,CE/STBR/II/SOPD/2018-19/25,2019_PWD_11878_2,Open Tender,Item Rate,Works,2.0,No,No,Offline,No,No,No,"Chief Engineer PWD (Roads),Assam, Chandmar","O/o the Chief Engineer PWD (Roads),Assam, Chandmari, Guwahati-3"
,,.pdf,Cost of Tender Document,,,,,,,,,,,,,,,,,,,,,,,,2.0,BC - Bankers Cheque,,,,,,,,,,,,,,,,,,,,,,,,,,,,,,,,,
,,.pdf,Technical Qualification details,,,,,,,,,,,,,,,,,,,,,,,,3.0,BG - Bank Guarantee Irrevocable,,,,,,,,,,,,,,,,,,,,,,,,,,,,,,,,,
,,.pdf,SBD,,,,,,,,,,,,,,,,,,,,,,,,4.0,FDR - Fixed Deposit Receipt,,,,,,,,,,,,,,,,,,,,,,,,,,,,,,,,,
2.0,Finance,.xls,BOQ,,,,,,,,,,,,,,,,,,,,,,,,,,,,,,,,,,,,,,,,,,,,,,,,,,,,,,,,,,
,,.pdf,FOB,,,,,,,,,,,,,,,,,,,,,,,,,,,,,,,,,,,,,,,,,,,,,,,,,,,,,,,,,,
