﻿Tender Fee in ₹,Fee Payable To,Fee Payable At,Tender Fee Exemption Allowed,Name,Address,S.No,Instrument Type,Organisation Chain,Tender Reference Number,Tender ID,Tender Type,Form of contract,Tender Category,No. of Covers,General Technical Evaluation Allowed,ItemWise Technical Evaluation Allowed,Payment Mode,Is Multi Currency Allowed For BOQ,Is Multi Currency Allowed For Fee,Allow Two Stage Bidding,Publish Date,Bid Opening Date,Document Download / Sale Start Date,Document Download / Sale End Date,Clarification Start Date,Clarification End Date,Bid Submission Start Date,Bid Submission End Date,Financial Bid Opening Date,EMD Amount in ₹,EMD through BG/ST or EMD Exemption Allowed,EMD Fee Type,EMD Percentage,EMD Payable To,EMD Payable At,Cover No,Cover,Document Type,Description,Title,Work Description,Pre Qualification Details,Independent External Monitor/Remarks,Tender Value in ₹,Product Category,Sub category,Contract Type,Bid Validity(Days),Period Of Work(Days),Location,Pincode,Pre Bid Meeting Place,Pre Bid Meeting Address,Pre Bid Meeting Date,Bid Opening Place,Should Allow NDA Tender,Allow Preferential Bidder
"2,000",Empowered Officer ASRB,Guwahati,No,SE PWD JRC,O/O The SE PWD JRC,1.0,DD - Demand Draft,Public Works Roads Department,SE/JRC/SOPD(ODS)/1772.C,2019_PWD_11657_14,Open Tender,Item Rate,Works,2.0,No,No,Offline,No,No,No,08-Feb-2019 10:00 AM,14-Feb-2019 01:00 PM,08-Feb-2019 10:00 AM,13-Feb-2019 04:00 PM,NA ,NA ,08-Feb-2019 10:00 AM,13-Feb-2019 04:00 PM,20-Feb-2019 09:00 AM,"1,95,000",Yes,fixed,,EE PWD Jorhat Rural Road Division,Jorhat,1.0,Fee/PreQual/Technical,.pdf,Cost of Bid,SOPD(ODS)/JRRD/MAR/14,Construction of Internal roads of Seleng Tea Estate,Please refer Tender documents. ,NA ,"97,46,000",Civil Works – Roads,NA ,Tender,180.0,180.0,Jorhat,785001.0,NA ,NA ,NA ,O/O The SE PWD JRC,No ,No
,,,,,,2.0,BC - Bankers Cheque,,,,,,,,,,,,,,,,,,,,,,,,,,,,,,,.pdf,Bid Security,,,,,,,,,,,,,,,,,,
,,,,,,3.0,BG - Bank Guarantee Irrevocable,,,,,,,,,,,,,,,,,,,,,,,,,,,,,,,.pdf,SBD,,,,,,,,,,,,,,,,,,
,,,,,,4.0,FDR - Fixed Deposit Receipt,,,,,,,,,,,,,,,,,,,,,,,,,,,,,,,.pdf,Technical Qualification Documents,,,,,,,,,,,,,,,,,,
,,,,,,5.0,DCR - Deposit at call receipt,,,,,,,,,,,,,,,,,,,,,,,,,,,,,2.0,Finance,.xls,BOQ,,,,,,,,,,,,,,,,,,
,,,,,,,,,,,,,,,,,,,,,,,,,,,,,,,,,,,,,,.pdf,FOB,,,,,,,,,,,,,,,,,,
