﻿EMD Amount in ₹,EMD through BG/ST or EMD Exemption Allowed,EMD Fee Type,EMD Percentage,EMD Payable To,EMD Payable At,S.No,Instrument Type,Title,Work Description,Pre Qualification Details,Independent External Monitor/Remarks,Tender Value in ₹,Product Category,Sub category,Contract Type,Bid Validity(Days),Period Of Work(Days),Location,Pincode,Pre Bid Meeting Place,Pre Bid Meeting Address,Pre Bid Meeting Date,Bid Opening Place,Should Allow NDA Tender,Allow Preferential Bidder,Cover No,Cover,Document Type,Description,Name,Address,Organisation Chain,Tender Reference Number,Tender ID,Tender Type,Form of contract,Tender Category,No. of Covers,General Technical Evaluation Allowed,ItemWise Technical Evaluation Allowed,Payment Mode,Is Multi Currency Allowed For BOQ,Is Multi Currency Allowed For Fee,Allow Two Stage Bidding,Tender Fee in ₹,Fee Payable To,Fee Payable At,Tender Fee Exemption Allowed,Publish Date,Bid Opening Date,Document Download / Sale Start Date,Document Download / Sale End Date,Clarification Start Date,Clarification End Date,Bid Submission Start Date,Bid Submission End Date
"5,62,220",Yes,fixed,,"Chief Engineer, PWD (Roads), Assam",GUWAHATI,1.0,DD - Demand Draft,MLCSNA/RIDF-XXV/Dhubri/01,MLCSNA/RIDF-XXV/Dhubri/01 Construction of RCC Br. No. 1/1 on Koimari Garjaan Road under Mahavir Lachit Chilarai Setu Nirman Abhijan under RIDF-XXV of NABARD for the year 2019-20 under Dhubri Rural Road Division.,Please refer Tender documents. ,NA ,"2,81,11,000",Civil Works,NA ,Tender,180.0,548.0,Dhubri,781003.0,NA ,NA ,NA ,"O/o the Chief Engineer, PWD (Roads), Assam",No ,No,1.0,Fee/PreQual/Technical,.pdf,EMD,"Chief Engineer, PWD (Roads), Assam","O/o the Chief Engineer, PWD (Roads), Assam, Chandmari, 781003",Public Works Roads Department,CESTBRNAB/RIDFXXV/17/19-20/Pt4,2019_PWD_15241_1,Open Tender,Item Rate,Works,2.0,No,No,Offline,No,No,No,"8,500","Empowered Officer, ASRB",GUWAHATI,No,07-Dec-2019 10:30 AM,31-Dec-2019 11:00 AM,09-Dec-2019 10:30 AM,30-Dec-2019 02:00 PM,09-Dec-2019 10:10 AM ,30-Dec-2019 02:00 PM ,09-Dec-2019 10:30 AM,30-Dec-2019 02:00 PM
,,,,,,2.0,BC - Bankers Cheque,,,,,,,,,,,,,,,,,,,,,.pdf,Cost of Tender Document,,,,,,,,,,,,,,,,,,,,,,,,,,,
,,,,,,3.0,BG - Bank Guarantee Irrevocable,,,,,,,,,,,,,,,,,,,,,.pdf,Technical Qualification Details,,,,,,,,,,,,,,,,,,,,,,,,,,,
,,,,,,4.0,FDR - Fixed Deposit Receipt,,,,,,,,,,,,,,,,,,,,,.pdf,SBD,,,,,,,,,,,,,,,,,,,,,,,,,,,
,,,,,,,,,,,,,,,,,,,,,,,,,,2.0,Finance,.xls,BOQ,,,,,,,,,,,,,,,,,,,,,,,,,,,
,,,,,,,,,,,,,,,,,,,,,,,,,,,,.pdf,FOB,,,,,,,,,,,,,,,,,,,,,,,,,,,
