﻿EMD Amount in ₹,EMD through BG/ST or EMD Exemption Allowed,EMD Fee Type,EMD Percentage,EMD Payable To,EMD Payable At,Publish Date,Bid Opening Date,Document Download / Sale Start Date,Document Download / Sale End Date,Clarification Start Date,Clarification End Date,Bid Submission Start Date,Bid Submission End Date,Financial Bid Opening Date,Organisation Chain,Tender Reference Number,Tender ID,Tender Type,Form of contract,Tender Category,No. of Covers,General Technical Evaluation Allowed,ItemWise Technical Evaluation Allowed,Payment Mode,Is Multi Currency Allowed For BOQ,Is Multi Currency Allowed For Fee,Allow Two Stage Bidding,Cover No,Cover,Document Type,Description,S.No,Instrument Type,S.No,Corrigendum Title,Corrigendum Type,View,Tender Fee in ₹,Fee Payable To,Fee Payable At,Tender Fee Exemption Allowed,Name,Address,Title,Work Description,Pre Qualification Details,Independent External Monitor/Remarks,Tender Value in ₹,Product Category,Sub category,Contract Type,Bid Validity(Days),Period Of Work(Days),Location,Pincode,Pre Bid Meeting Place,Pre Bid Meeting Address,Pre Bid Meeting Date,Bid Opening Place,Should Allow NDA Tender,Allow Preferential Bidder
"2,77,000",Yes,fixed,,"Chief Engineer, PWD (Roads), Assam",GUWAHATI,26-Nov-2019 09:00 AM,27-Dec-2019 02:10 PM,26-Nov-2019 09:00 AM,27-Dec-2019 02:00 PM,26-Nov-2019 09:00 AM ,13-Dec-2019 12:00 PM ,26-Nov-2019 09:00 AM,27-Dec-2019 02:00 PM,18-Jan-2020 09:00 AM,Public Works Roads Department||CE PWD(R) - PWD||Traffic Engineering Cell - PWD,CE/Commn/31 /2019-20/2-Gerukabari,2019_PWD_14956_1,Open Tender,Item Rate,Works,2.0,No,No,Offline,No,No,No,1.0,Fee/PreQual/Technical,.pdf,Cost of Bid,1.0,DD - Demand Draft,1.0,"Due to Interruption in Internet connectivity, All the tenders due for closing during the period between (11-Dec-2019 and 20-Dec-2019) have been extended to 27-Dec-2019.",Admin Corrigendum Date Extend,,"4,000","Empowered Officer, Assam State Road Board",GUWAHATI,Yes,"Chief Engineer, PWD (Roads), Assam","Chief Engineer, PWD (Roads), Assam. Guwahati-3",Gerukabari Jamdoha Road,"Reconstruction of RCC Bridge No. 1/1 on Gerukabari Jamdoha Road (PMGSY Package No. AS-25-98) under SOPD FDR for the year 2019-20 under Bongaigaon Rural Road Division,.",Please refer Tender documents. ,NA ,"1,38,71,000",Civil Works - Bridges,NA ,Tender,180.0,365.0,Bongaigaon,783380.0,NA ,NA ,NA ,"O/o the Chief Engineer, PWD (Roads), Assam",No ,No
,,,,,,,,,,,,,,,,,,,,,,,,,,,,,,.pdf,Bid Security,2.0,BC - Bankers Cheque,,,,,,,,,,,,,,,,,,,,,,,,,,,,
,,,,,,,,,,,,,,,,,,,,,,,,,,,,,,.pdf,Technical qualification details,3.0,BG - Bank Guarantee Irrevocable,,,,,,,,,,,,,,,,,,,,,,,,,,,,
,,,,,,,,,,,,,,,,,,,,,,,,,,,,2.0,Finance,.pdf,Form of Bid,4.0,FDR - Fixed Deposit Receipt,,,,,,,,,,,,,,,,,,,,,,,,,,,,
,,,,,,,,,,,,,,,,,,,,,,,,,,,,,,.xls,Bill of Quantity,,,,,,,,,,,,,,,,,,,,,,,,,,,,,,
