﻿Tender Fee in ₹,Fee Payable To,Fee Payable At,Tender Fee Exemption Allowed,Publish Date,Bid Opening Date,Document Download / Sale Start Date,Document Download / Sale End Date,Clarification Start Date,Clarification End Date,Bid Submission Start Date,Bid Submission End Date,Financial Bid Opening Date,Cover No,Cover,Document Type,Description,S.No,Instrument Type,Organisation Chain,Tender Reference Number,Tender ID,Tender Type,Form of contract,Tender Category,No. of Covers,General Technical Evaluation Allowed,ItemWise Technical Evaluation Allowed,Payment Mode,Is Multi Currency Allowed For BOQ,Is Multi Currency Allowed For Fee,Allow Two Stage Bidding,Title,Work Description,Pre Qualification Details,Independent External Monitor/Remarks,Tender Value in ₹,Product Category,Sub category,Contract Type,Bid Validity(Days),Period Of Work(Days),Location,Pincode,Pre Bid Meeting Place,Pre Bid Meeting Address,Pre Bid Meeting Date,Bid Opening Place,Should Allow NDA Tender,Allow Preferential Bidder,S.No,Corrigendum Title,Corrigendum Type,View,EMD Amount in ₹,EMD through BG/ST or EMD Exemption Allowed,EMD Fee Type,EMD Percentage,EMD Payable To,EMD Payable At,Name,Address
"1,000",GM TAX,TAX,No,22-Jan-2019 11:00 AM,28-Feb-2019 02:30 PM,22-Jan-2019 05:00 PM,28-Feb-2019 02:00 PM,NA ,NA ,25-Jan-2019 02:00 PM,28-Feb-2019 02:00 PM,02-Jul-2019 03:30 PM,1.0,Fee/PreQual/Technical,.pdf,Technical bid,1.0,DD - Demand Draft,Taxation Department||Head Office-Guwahati - TAX,CE-1/2019/1,2019_TAX_11263_1,Open Tender,Works,Works,2.0,No,No,Offline,No,No,No,"providing drivers to be engaged at various offices under the Commissionerate of Taxes (CoT), Assam","providing drivers to be engaged at various offices under the Commissionerate of Taxes (CoT), Assam",Please refer Tender documents. ,NA ,"1,000",Miscellaneous Works,NA ,Tender,90.0,365.0,all COT location,781006.0,Guwahati ,karbhawan Guwahati Assam ,25-Jan-2019 02:00 PM ,"karbhawan, Guwahati",No ,No,1.0,corrigendum14022019,Date,,"20,000",No,fixed,,GM TAX,TAX,COT,karbhawan Guwahati Assam 781006
,,,,,,,,,,,,,,,.pdf,Tender EMD,2.0,BC - Bankers Cheque,,,,,,,,,,,,,,,,,,,,,,,,,,,,,,,,,,,,,,,,,,,
,,,,,,,,,,,,,,,.pdf,Cost of Tender,,,,,,,,,,,,,,,,,,,,,,,,,,,,,,,,,,,,,,,,,,,,,
,,,,,,,,,,,,,2.0,Finance,.xls,Financial bid,,,,,,,,,,,,,,,,,,,,,,,,,,,,,,,,,,,,,,,,,,,,,
