﻿Organisation Chain,Tender Reference Number,Tender ID,Tender Type,Form of contract,Tender Category,No. of Covers,General Technical Evaluation Allowed,ItemWise Technical Evaluation Allowed,Payment Mode,Is Multi Currency Allowed For BOQ,Is Multi Currency Allowed For Fee,Allow Two Stage Bidding,Cover No,Cover,Document Type,Description,Tender Fee in ₹,Fee Payable To,Fee Payable At,Tender Fee Exemption Allowed,Publish Date,Bid Opening Date,Document Download / Sale Start Date,Document Download / Sale End Date,Clarification Start Date,Clarification End Date,Bid Submission Start Date,Bid Submission End Date,Financial Bid Opening Date,Title,Work Description,Pre Qualification Details,Independent External Monitor/Remarks,Tender Value in ₹,Product Category,Sub category,Contract Type,Bid Validity(Days),Period Of Work(Days),Location,Pincode,Pre Bid Meeting Place,Pre Bid Meeting Address,Pre Bid Meeting Date,Bid Opening Place,Should Allow NDA Tender,Allow Preferential Bidder,Name,Address,S.No,Instrument Type,EMD Amount in ₹,EMD through BG/ST or EMD Exemption Allowed,EMD Fee Type,EMD Percentage,EMD Payable To,EMD Payable At
Public Works Roads Department,GRD/SOPD(G)/2019-20/01,2019_PWD_15404_1,Open Tender,Item Rate,Works,2.0,No,No,Offline,No,No,No,1.0,Fee/PreQual/Technical,.pdf,DOCUMENT COST,"10,000",Assam State Road Board A/C No. 10566991479,GUWAHATI,No,20-Dec-2019 12:00 PM,10-Jan-2020 11:00 AM,20-Dec-2019 12:00 PM,09-Jan-2020 02:00 PM,NA ,NA ,26-Dec-2019 10:30 AM,09-Jan-2020 02:00 PM,20-Jan-2020 02:55 PM,"Improvement and Widening of Vetamukh to Abhaypur Chowk via Botling Plant Tiniali, North Guwahati College including construction of RCC Road Side drain cum footpath, cross drain etc. from Ch. 1800.00m to Ch. 2990.00m under SOPD(G) for the year 2019-20","Improvement and Widening of Vetamukh to Abhaypur Chowk via Botling Plant Tiniali, North Guwahati College including construction of RCC Road Side drain cum footpath, cross drain etc. from Ch. 1800.00m to Ch. 2990.00m under SOPD(G) for the year 2019-20",Please refer Tender documents. ,NA ,"17,01,72,000",Civil Works – Roads,NA ,Tender,180.0,365.0,Kamrup,781031.0,"O/O the CE, PWD (Roads), Assam, Chandmari, Ghy-3 ","O/O the CE, PWD (Roads), Assam, Chandmari, Ghy-3 ",30-Dec-2019 11:00 AM ,"O/O the CE, PWD (Roads), Assam, Chandmari, Ghy-3",No ,No,"CE, PWRD (BR and NEC Works), Assam, Chandmari-3","O/O the CE, PWD (Roads), Assam, Chandmari, Ghy-3",1.0,DD - Demand Draft,"34,03,000",Yes,fixed,,"EE, PWD, Guwahati Road Division, Guwahati",GUWAHATI
,,,,,,,,,,,,,,,.pdf,BID SECURITY,,,,,,,,,,,,,,,,,,,,,,,,,,,,,,,,,,2.0,BC - Bankers Cheque,,,,,,
,,,,,,,,,,,,,,,.pdf,BIDIDNG DOCUMENT,,,,,,,,,,,,,,,,,,,,,,,,,,,,,,,,,,3.0,BG - Bank Guarantee Irrevocable,,,,,,
,,,,,,,,,,,,,,,.pdf,TECHNICAL QUALIFICATIONS,,,,,,,,,,,,,,,,,,,,,,,,,,,,,,,,,,4.0,FDR - Fixed Deposit Receipt,,,,,,
,,,,,,,,,,,,,2.0,Finance,.xls,BOQ,,,,,,,,,,,,,,,,,,,,,,,,,,,,,,,,,,,,,,,,,
,,,,,,,,,,,,,,,.pdf,FORM OF BID,,,,,,,,,,,,,,,,,,,,,,,,,,,,,,,,,,,,,,,,,
