﻿Cover No,Cover,Document Type,Description,S.No,Instrument Type,EMD Amount in ₹,EMD through BG/ST or EMD Exemption Allowed,EMD Fee Type,EMD Percentage,EMD Payable To,EMD Payable At,Title,Work Description,Pre Qualification Details,Independent External Monitor/Remarks,Tender Value in ₹,Product Category,Sub category,Contract Type,Bid Validity(Days),Period Of Work(Days),Location,Pincode,Pre Bid Meeting Place,Pre Bid Meeting Address,Pre Bid Meeting Date,Bid Opening Place,Should Allow NDA Tender,Allow Preferential Bidder,Name,Address,Organisation Chain,Tender Reference Number,Tender ID,Tender Type,Form of contract,Tender Category,No. of Covers,General Technical Evaluation Allowed,ItemWise Technical Evaluation Allowed,Payment Mode,Is Multi Currency Allowed For BOQ,Is Multi Currency Allowed For Fee,Allow Two Stage Bidding,Publish Date,Bid Opening Date,Document Download / Sale Start Date,Document Download / Sale End Date,Clarification Start Date,Clarification End Date,Bid Submission Start Date,Bid Submission End Date,Financial Bid Opening Date,Tender Fee in ₹,Fee Payable To,Fee Payable At,Tender Fee Exemption Allowed
1.0,Fee/PreQual/Technical,.pdf,Scan Copy of Fees and EMD,1.0,DD - Demand Draft,"4,00,000",Yes,fixed,,Director of Information and Public Relations Assam,Guwahati,SUPPLY OF AUDIO VISUAL EQUIPMENT ITS ACCESSORIES,SUPPLY OF AUDIO VISUAL EQUIPMENT ITS ACCESSORIES,Please refer Tender documents. ,NA ,0.0,Miscellaneous Goods,NA ,Tender,90.0,30.0,Guwahati,781006.0,DIPR Assam Dispur Guwahati-06 ,DIPR Assam Dispur Guwahati-06 ,01-Feb-2019 12:00 PM ,O/o DIPR Assam Dispur Guwahati-06,No ,No,DIPR Assam Dispur Guwahati-06,O/O DIPR Assam Dispur Guwahati-06,Information and Public Relations Department||Directorate of Information and Public Relation,AA(S).3/2018/690 Dtd 25/01/2019,2019_DIPR_11406_1,Open Tender,Supply,Goods,2.0,No,No,Offline,No,No,No,25-Jan-2019 05:00 PM,14-Feb-2019 04:00 PM,25-Jan-2019 05:00 PM,14-Feb-2019 02:00 PM,NA ,NA ,02-Feb-2019 12:00 PM,14-Feb-2019 02:00 PM,18-Feb-2019 04:00 PM,"1,000",Director of Information and Public Relations Assam,Guwahati,No
,,.pdf,Scan Copy of All Technical Qualification Documents,2.0,FDR - Fixed Deposit Receipt,,,,,,,,,,,,,,,,,,,,,,,,,,,,,,,,,,,,,,,,,,,,,,,,,,,,
,,.pdf,Tender Document,3.0,DCR - Deposit at call receipt,,,,,,,,,,,,,,,,,,,,,,,,,,,,,,,,,,,,,,,,,,,,,,,,,,,,
2.0,Finance,.xls,BOQ,,,,,,,,,,,,,,,,,,,,,,,,,,,,,,,,,,,,,,,,,,,,,,,,,,,,,,
,,.pdf,Annexure 1 List of Technical Items,,,,,,,,,,,,,,,,,,,,,,,,,,,,,,,,,,,,,,,,,,,,,,,,,,,,,,
