﻿EMD Amount in ₹,EMD through BG/ST or EMD Exemption Allowed,EMD Fee Type,EMD Percentage,EMD Payable To,EMD Payable At,Title,Work Description,Pre Qualification Details,Independent External Monitor/Remarks,Tender Value in ₹,Product Category,Sub category,Contract Type,Bid Validity(Days),Period Of Work(Days),Location,Pincode,Pre Bid Meeting Place,Pre Bid Meeting Address,Pre Bid Meeting Date,Bid Opening Place,Should Allow NDA Tender,Allow Preferential Bidder,S.No,Instrument Type,Publish Date,Bid Opening Date,Document Download / Sale Start Date,Document Download / Sale End Date,Clarification Start Date,Clarification End Date,Bid Submission Start Date,Bid Submission End Date,Financial Bid Opening Date,Organisation Chain,Tender Reference Number,Tender ID,Tender Type,Form of contract,Tender Category,No. of Covers,General Technical Evaluation Allowed,ItemWise Technical Evaluation Allowed,Payment Mode,Is Multi Currency Allowed For BOQ,Is Multi Currency Allowed For Fee,Allow Two Stage Bidding,Tender Fee in ₹,Fee Payable To,Fee Payable At,Tender Fee Exemption Allowed,Cover No,Cover,Document Type,Description,S.No,Corrigendum Title,Corrigendum Type,View,Name,Address
"9,80,410",Yes,fixed,,"E.E., PWD, Dibrugarh Building Division",Dibrugarh,Proposed construction of Town Hall under fifth commission at Chabua (TC),Proposed construction of Town Hall under fifth commission at Chabua (TC),Please refer Tender documents. ,NA ,"4,90,20,529",Civil Works - Building,NA ,Tender,180.0,545.0,Chabua,786184.0,"O/O The CE, PWD (Bldg), Assam, Chandmari, Ghy-3 ","O/O The CE, PWD (Bldg), Assam, Chandmari, Ghy-3 ",04-Mar-2019 11:00 AM ,"O/O The CE, PWD (Bldg), Assam, Chandmari, Ghy-3",No ,No,1.0,DD - Demand Draft,02-Mar-2019 02:00 PM,08-Mar-2019 03:00 PM,02-Mar-2019 02:00 PM,07-Mar-2019 02:00 PM,NA ,NA ,02-Mar-2019 02:00 PM,07-Mar-2019 02:00 PM,09-Mar-2019 01:05 PM,Public Works Building and NH Department||Chief Engineer-Building - PWBNH,SMC.TH - 13 (RT),2019_PWBNH_12394_1,Open Tender,Item Rate,Works,2.0,No,No,Offline,No,No,No,"12,500",Assam State Road Board Maintenance (Road) Fund,Guwahati,No,1.0,Fee/PreQual/Technical,.pdf,DOCUMENT COST,1.0,Extension,Date,,"CE, PWD (Bldg), Assam, Chandmari, Ghy-3","O/O The CE, PWD (Bldg), Assam, Chandmari, Ghy-3"
,,,,,,,,,,,,,,,,,,,,,,,,2.0,BC - Bankers Cheque,,,,,,,,,,,,,,,,,,,,,,,,,,,,,.pdf,BID SECURITY,,,,,,
,,,,,,,,,,,,,,,,,,,,,,,,3.0,BG - Bank Guarantee Irrevocable,,,,,,,,,,,,,,,,,,,,,,,,,,,,,.pdf,BIDDING DOCUMENT,,,,,,
,,,,,,,,,,,,,,,,,,,,,,,,4.0,FDR - Fixed Deposit Receipt,,,,,,,,,,,,,,,,,,,,,,,,,,,,,.pdf,TECHNICAL QUALIFICATIONS,,,,,,
,,,,,,,,,,,,,,,,,,,,,,,,,,,,,,,,,,,,,,,,,,,,,,,,,,,,2.0,Finance,.xls,BOQ,,,,,,
,,,,,,,,,,,,,,,,,,,,,,,,,,,,,,,,,,,,,,,,,,,,,,,,,,,,,,.pdf,FORM OF BID,,,,,,
