﻿Cover No,Cover,Document Type,Description,Title,Work Description,Pre Qualification Details,Independent External Monitor/Remarks,Tender Value in ₹,Product Category,Sub category,Contract Type,Bid Validity(Days),Period Of Work(Days),Location,Pincode,Pre Bid Meeting Place,Pre Bid Meeting Address,Pre Bid Meeting Date,Bid Opening Place,Should Allow NDA Tender,Allow Preferential Bidder,Organisation Chain,Tender Reference Number,Tender ID,Tender Type,Form of contract,Tender Category,No. of Covers,General Technical Evaluation Allowed,ItemWise Technical Evaluation Allowed,Payment Mode,Is Multi Currency Allowed For BOQ,Is Multi Currency Allowed For Fee,Allow Two Stage Bidding,Tender Fee in ₹,Fee Payable To,Fee Payable At,Tender Fee Exemption Allowed,S.No,Instrument Type,Name,Address,EMD Amount in ₹,EMD through BG/ST or EMD Exemption Allowed,EMD Fee Type,EMD Percentage,EMD Payable To,EMD Payable At,Publish Date,Bid Opening Date,Document Download / Sale Start Date,Document Download / Sale End Date,Clarification Start Date,Clarification End Date,Bid Submission Start Date,Bid Submission End Date,Financial Bid Opening Date
1.0,Fee/PreQual/Technical,.pdf,Fee and EMD,Immediate measures to restoration works at village Pakhamara from the river Mora Pagladia under SDRF for 2018-19,Immediate measures to restoration works at village Pakhamara from the river Mora Pagladia under SDRF for 2018-19,Please refer Tender documents. ,NA ,"84,16,459",Civil Works,NA ,Tender,90.0,60.0,Pakhamara village,784509.0,NA ,NA ,NA ,"O/O the Addl. Chief Engineer, Kokrajhar Zone, W.R.",No ,No,Bodoland Territorial Council-WRD,"Addl.CE/KZ/WR/E-T/104/246, dtd.31/05/2019",2019_BTCWR_12971_1,Open Tender,Item Rate,Works,2.0,No,No,Offline,No,No,No,"2,000","Executive Engineer, Baksa W.R.Division",Kokrajhar,No,1.0,DD - Demand Draft,"Addl. Chief Engineer, K.Z W.R. Deptt.","O/O the Addl. Chief Engineer, K.Z W.R. Deptt. B.T.C. Kokrajhar.","1,68,329",Yes,percentage,2.0%,"Engineer, Baksa W.R.Division",Kokrajhar,07-Jun-2019 10:00 AM,17-Jun-2019 04:00 PM,07-Jun-2019 10:10 AM,17-Jun-2019 03:30 PM,NA ,NA ,12-Jun-2019 10:10 AM,17-Jun-2019 03:30 PM,17-Jun-2019 06:10 PM
,,.pdf,Technical Qualification,,,,,,,,,,,,,,,,,,,,,,,,,,,,,,,,,,,,2.0,FDR - Fixed Deposit Receipt,,,,,,,,,,,,,,,,,
,,.pdf,Tender Documents signed in each page,,,,,,,,,,,,,,,,,,,,,,,,,,,,,,,,,,,,,,,,,,,,,,,,,,,,,,
2.0,Finance,.xls,Bill of Quantity,,,,,,,,,,,,,,,,,,,,,,,,,,,,,,,,,,,,,,,,,,,,,,,,,,,,,,
