﻿EMD Amount in ₹,EMD through BG/ST or EMD Exemption Allowed,EMD Fee Type,EMD Percentage,EMD Payable To,EMD Payable At,Publish Date,Bid Opening Date,Document Download / Sale Start Date,Document Download / Sale End Date,Clarification Start Date,Clarification End Date,Bid Submission Start Date,Bid Submission End Date,Tender Fee in ₹,Fee Payable To,Fee Payable At,Tender Fee Exemption Allowed,Name,Address,Title,Work Description,Pre Qualification Details,Independent External Monitor/Remarks,Tender Value in ₹,Product Category,Sub category,Contract Type,Bid Validity(Days),Period Of Work(Days),Location,Pincode,Pre Bid Meeting Place,Pre Bid Meeting Address,Pre Bid Meeting Date,Bid Opening Place,Should Allow NDA Tender,Allow Preferential Bidder,Organisation Chain,Tender Reference Number,Tender ID,Tender Type,Form of contract,Tender Category,No. of Covers,General Technical Evaluation Allowed,ItemWise Technical Evaluation Allowed,Payment Mode,Is Multi Currency Allowed For BOQ,Is Multi Currency Allowed For Fee,Allow Two Stage Bidding,Cover No,Cover,Document Type,Description,S.No,Instrument Type
"6,11,000",Yes,fixed,,"Chief Engineer, PWD (Roads), Assam",Guwahati,11-Jun-2019 02:00 PM,24-Jun-2019 12:00 PM,14-Jun-2019 11:00 AM,21-Jun-2019 02:00 PM,14-Jun-2019 11:00 AM ,21-Jun-2019 12:00 PM ,14-Jun-2019 11:00 AM,21-Jun-2019 02:00 PM,"9,200","Empowered Officer, ASRB",Guwahati,No,"C.E. PWD (Roads), Assam","O/o the C.E. PWD (Roads), Assam, Chandmari, Guwahati, 781003",CE/Maint/SOPD/18-19/Dergaon-02,"CE/Maint/SOPD/18-19/Dergaon-02 Improvement/Construction of (i) Porbotia to NH-37 (ii)Gualgaon to Koibotra Gaon Road, (iii)Sarucharai Gharphalia to AT Road (iv)Koibotra gaon to Malow ali. (v)NH-37 to Tekela Gaon, (vi)Malowkhat Koibotragaon Road (vii)H",Please refer Tender documents. ,NA ,"3,05,68,000",Civil Works,NA ,Tender,90.0,365.0,Jorhat,781003.0,NA ,NA ,NA ,"O/o the C.E. PWD (Roads), Assam",No ,No,Public Works Roads Department,CE/Maint/SOPD/248/2018/20,2019_PWD_13030_1,Open Tender,Item Rate,Works,2.0,No,No,Offline,No,No,No,1.0,Fee/PreQual/Technical,.pdf,EMD,1.0,DD - Demand Draft
,,,,,,,,,,,,,,,,,,,,,,,,,,,,,,,,,,,,,,,,,,,,,,,,,,,,,.pdf,Cost of Tender Document,2.0,BC - Bankers Cheque
,,,,,,,,,,,,,,,,,,,,,,,,,,,,,,,,,,,,,,,,,,,,,,,,,,,,,.pdf,Technical Qualification Details,3.0,BG - Bank Guarantee Irrevocable
,,,,,,,,,,,,,,,,,,,,,,,,,,,,,,,,,,,,,,,,,,,,,,,,,,,,,.pdf,SBD,4.0,FDR - Fixed Deposit Receipt
,,,,,,,,,,,,,,,,,,,,,,,,,,,,,,,,,,,,,,,,,,,,,,,,,,,2.0,Finance,.xls,BOQ,,
,,,,,,,,,,,,,,,,,,,,,,,,,,,,,,,,,,,,,,,,,,,,,,,,,,,,,.pdf,FOB,,
