﻿Organisation Chain,Tender Reference Number,Tender ID,Tender Type,Form of contract,Tender Category,No. of Covers,General Technical Evaluation Allowed,ItemWise Technical Evaluation Allowed,Payment Mode,Is Multi Currency Allowed For BOQ,Is Multi Currency Allowed For Fee,Allow Two Stage Bidding,S.No,Instrument Type,Publish Date,Bid Opening Date,Document Download / Sale Start Date,Document Download / Sale End Date,Clarification Start Date,Clarification End Date,Bid Submission Start Date,Bid Submission End Date,Financial Bid Opening Date,S.No,Corrigendum Title,Corrigendum Type,View,EMD Amount in ₹,EMD through BG/ST or EMD Exemption Allowed,EMD Fee Type,EMD Percentage,EMD Payable To,EMD Payable At,Tender Fee in ₹,Fee Payable To,Fee Payable At,Tender Fee Exemption Allowed,Name,Address,Title,Work Description,Pre Qualification Details,Independent External Monitor/Remarks,Tender Value in ₹,Product Category,Sub category,Contract Type,Bid Validity(Days),Period Of Work(Days),Location,Pincode,Pre Bid Meeting Place,Pre Bid Meeting Address,Pre Bid Meeting Date,Bid Opening Place,Should Allow NDA Tender,Allow Preferential Bidder,Cover No,Cover,Document Type,Description
Public Works Building and NH Department||Chief Engineer-Building - PWBNH,BPM.22/2019/3_Sadbhav Mandop Berabak,2019_PWBNH_13480_1,Open Tender,Item Rate,Works,2.0,No,No,Offline,No,No,No,1.0,DD - Demand Draft,05-Jul-2019 11:00 AM,23-Jul-2019 03:00 PM,05-Jul-2019 11:00 AM,22-Jul-2019 02:00 PM,NA ,NA ,05-Jul-2019 11:00 AM,22-Jul-2019 02:00 PM,24-Sep-2019 03:30 PM,1.0,Extension Notice,Date,,"3,68,828",Yes,percentage,2.0%,E.E. PWD Silchar Building Division,Silchar,"3,500",Assam State Road Board Maintenance (Road) Fund,Guwahati,No,"Addl CE, PWD (Bldg) PCC Project Complex Guwahati-3","O/O The CE, PWD (Bldg), Assam, Chandmari, Ghy-3","Construction of Sadbhav Mandop at Berabak Salchapara Pt - III, Block HQ (Kumarpara) under MSDP 12TH Plan","Construction of Sadbhav Mandop at Berabak Salchapara Pt - III, Block HQ (Kumarpara) under MSDP 12TH Plan",Please refer Tender documents. ,NA ,"1,84,41,375",Civil Works - Building,NA ,Tender,180.0,365.0,Salchapara,788801.0,"O/O The CE, PWD (Bldg), Assam, Chandmari, Ghy-3 ","O/O The CE, PWD (Bldg), Assam, Chandmari, Ghy-3 ",06-Jul-2019 11:00 AM ,"O/O The CE, PWD (Bldg), Assam, Chandmari, Ghy-3",No ,No,1.0,Fee/PreQual/Technical,.pdf,DOCUMENT COST
,,,,,,,,,,,,,2.0,BC - Bankers Cheque,,,,,,,,,,,,,,,,,,,,,,,,,,,,,,,,,,,,,,,,,,,,,,.pdf,BID SECURITY
,,,,,,,,,,,,,3.0,BG - Bank Guarantee Irrevocable,,,,,,,,,,,,,,,,,,,,,,,,,,,,,,,,,,,,,,,,,,,,,,.pdf,BIDDING DCOUMENT
,,,,,,,,,,,,,4.0,FDR - Fixed Deposit Receipt,,,,,,,,,,,,,,,,,,,,,,,,,,,,,,,,,,,,,,,,,,,,,,.pdf,TECHNICAL QUALIFICATIONS
,,,,,,,,,,,,,,,,,,,,,,,,,,,,,,,,,,,,,,,,,,,,,,,,,,,,,,,,,,2.0,Finance,.xls,BOQ
,,,,,,,,,,,,,,,,,,,,,,,,,,,,,,,,,,,,,,,,,,,,,,,,,,,,,,,,,,,,.pdf,FORM OF BID
