﻿S.No,Instrument Type,Name,Address,Cover No,Cover,Document Type,Description,EMD Amount in ₹,EMD through BG/ST or EMD Exemption Allowed,EMD Fee Type,EMD Percentage,EMD Payable To,EMD Payable At,Organisation Chain,Tender Reference Number,Tender ID,Tender Type,Form of contract,Tender Category,No. of Covers,General Technical Evaluation Allowed,ItemWise Technical Evaluation Allowed,Payment Mode,Is Multi Currency Allowed For BOQ,Is Multi Currency Allowed For Fee,Allow Two Stage Bidding,Title,Work Description,Pre Qualification Details,Independent External Monitor/Remarks,Tender Value in ₹,Product Category,Sub category,Contract Type,Bid Validity(Days),Period Of Work(Days),Location,Pincode,Pre Bid Meeting Place,Pre Bid Meeting Address,Pre Bid Meeting Date,Bid Opening Place,Should Allow NDA Tender,Allow Preferential Bidder,Tender Fee in ₹,Fee Payable To,Fee Payable At,Tender Fee Exemption Allowed,Publish Date,Bid Opening Date,Document Download / Sale Start Date,Document Download / Sale End Date,Clarification Start Date,Clarification End Date,Bid Submission Start Date,Bid Submission End Date,Financial Bid Opening Date
1.0,BG - Bank Guarantee Irrevocable,"The Superintendent, District Jail, Morigaon","District Jail, Morigaon,Pin-782105",1.0,Fee/PreQual/Technical,.pdf,Scan Copy of IPO(Rs.500),"9,000",No,fixed,,"Superintendent, District Jail, Morigaon",Morigaon,Home B||Assam Prison Headquarters||District Jail-Morigaon,DJM/01/2019/255 Date.18 -03-2019,2019_HB_12709_2,Open Tender,Supply,Goods,2.0,No,No,Offline,No,No,No,Supply of Dietary articles for the District Jail Morigaon during the Financial Year 2019-20. Group C,Supply of Dietary articles for the District Jail Morigaon during the Financial Year 2019-20. Group C,Please refer Tender documents. ,NA ,0.0,Food Products,NA ,Tender,365.0,3.0,"District jail, Morigaon",782105.0,NA ,NA ,NA ,"District Jail, Morigaon,Pin-782105",No ,No,500.0,"Superintendent, District Jail, Morigaon",Morigaon,No,18-Mar-2019 12:00 PM,25-Mar-2019 02:30 PM,18-Mar-2019 12:00 PM,25-Mar-2019 01:00 PM,NA ,NA ,19-Mar-2019 10:00 AM,25-Mar-2019 01:00 PM,30-Apr-2019 11:00 AM
2.0,FDR - Fixed Deposit Receipt,,,,,.pdf,EMD,,,,,,,,,,,,,,,,,,,,,,,,,,,,,,,,,,,,,,,,,,,,,,,,,,
3.0,IPO - Indian Postal Order,,,,,.pdf,Technical Qualification Documents,,,,,,,,,,,,,,,,,,,,,,,,,,,,,,,,,,,,,,,,,,,,,,,,,,
,,,,,,.pdf,Bidding Document Seal and signed,,,,,,,,,,,,,,,,,,,,,,,,,,,,,,,,,,,,,,,,,,,,,,,,,,
,,,,2.0,Finance,.xls,Price Bid/BOQ,,,,,,,,,,,,,,,,,,,,,,,,,,,,,,,,,,,,,,,,,,,,,,,,,,
