﻿EMD Amount in ₹,EMD through BG/ST or EMD Exemption Allowed,EMD Fee Type,EMD Percentage,EMD Payable To,EMD Payable At,Organisation Chain,Tender Reference Number,Tender ID,Tender Type,Form of contract,Tender Category,No. of Covers,General Technical Evaluation Allowed,ItemWise Technical Evaluation Allowed,Payment Mode,Is Multi Currency Allowed For BOQ,Is Multi Currency Allowed For Fee,Allow Two Stage Bidding,Tender Fee in ₹,Fee Payable To,Fee Payable At,Tender Fee Exemption Allowed,S.No,Instrument Type,Title,Work Description,Pre Qualification Details,Independent External Monitor/Remarks,Tender Value in ₹,Product Category,Sub category,Contract Type,Bid Validity(Days),Period Of Work(Days),Location,Pincode,Pre Bid Meeting Place,Pre Bid Meeting Address,Pre Bid Meeting Date,Bid Opening Place,Should Allow NDA Tender,Allow Preferential Bidder,Publish Date,Bid Opening Date,Document Download / Sale Start Date,Document Download / Sale End Date,Clarification Start Date,Clarification End Date,Bid Submission Start Date,Bid Submission End Date,Financial Bid Opening Date,Cover No,Cover,Document Type,Description,Name,Address
"70,245",No,percentage,2.0%,"State Health Society,Assam",Guwahati,National Health Mission||State Programme Management Unit - NHM,NHM/CCW/Labor room Laqshya/3839/18/75,2019_NHM_12797_29,Open Tender,Item Rate,Works,2.0,No,No,Offline,No,No,No,"5,000","State Health Society,Assam",Guwahati,No,1.0,BG - Bank Guarantee Irrevocable,Upgradation of Labor room as per Laqshya Guideline at 116 nos of Health Institution Group Z 5nos in Udalguri district,Upgradation of Labor room as per Laqshya Guideline at 116 nos of Health Institution Group Z 5nos in Udalguri district,Please refer Tender documents. ,NA ,"35,12,240",Civil Works,NA ,Tender,225.0,45.0,Udalguri,784509.0,NA ,NA ,NA ,"O/O Mission Director, NHM,Assam",No ,No,02-May-2019 06:00 PM,13-May-2019 03:30 PM,02-May-2019 06:00 PM,10-May-2019 02:00 PM,NA ,NA ,02-May-2019 06:00 PM,10-May-2019 02:00 PM,31-Aug-2019 03:25 PM,1.0,Fee/PreQual/Technical,.pdf,"Tender Fee, Bid Security","MD,NHM,Assam","O/o Mission Director, NHM, Assam, Saikia Commercial Complex, Christanbasti, G.S Road, Guwahati"
,,,,,,,,,,,,,,,,,,,,,,,2.0,FDR - Fixed Deposit Receipt,,,,,,,,,,,,,,,,,,,,,,,,,,,,,,.pdf,"Technical Bid,Bid Document",,
,,,,,,,,,,,,,,,,,,,,,,,3.0,DCR - Deposit at call receipt,,,,,,,,,,,,,,,,,,,,,,,,,,,,2.0,Finance,.xls,Price Bid,,
,,,,,,,,,,,,,,,,,,,,,,,,,,,,,,,,,,,,,,,,,,,,,,,,,,,,,,.pdf,FoB,,
