﻿EMD Amount in ₹,EMD through BG/ST or EMD Exemption Allowed,EMD Fee Type,EMD Percentage,EMD Payable To,EMD Payable At,Title,Work Description,Pre Qualification Details,Independent External Monitor/Remarks,Tender Value in ₹,Product Category,Sub category,Contract Type,Bid Validity(Days),Period Of Work(Days),Location,Pincode,Pre Bid Meeting Place,Pre Bid Meeting Address,Pre Bid Meeting Date,Bid Opening Place,Should Allow NDA Tender,Allow Preferential Bidder,S.No,Instrument Type,Organisation Chain,Tender Reference Number,Tender ID,Tender Type,Form of contract,Tender Category,No. of Covers,General Technical Evaluation Allowed,ItemWise Technical Evaluation Allowed,Payment Mode,Is Multi Currency Allowed For BOQ,Is Multi Currency Allowed For Fee,Allow Two Stage Bidding,Publish Date,Bid Opening Date,Document Download / Sale Start Date,Document Download / Sale End Date,Clarification Start Date,Clarification End Date,Bid Submission Start Date,Bid Submission End Date,Financial Bid Opening Date,Cover No,Cover,Document Type,Description,Name,Address,Tender Fee in ₹,Fee Payable To,Fee Payable At,Tender Fee Exemption Allowed
"1,50,000",Yes,fixed,,The EE PWD Karimganj Rural Road Division Karimganj,Karimganj,SE/KMJ/49/ SOPD-G/2018-19,Improvement of B.B. Road (From Ch.0.00M to Ch.14900M) under SOPD-G for the year 2018-19 under Karimganj Rural Road Division.,Please refer Tender documents. ,NA ,"75,00,000",Civil Works – Roads,NA ,Rate Contract,180.0,210.0,Karimganj District,788710.0,NA ,NA ,NA ,O/O the SE PWD Cachar Roads Circle Silchar,No ,No,1.0,DD - Demand Draft,Public Works Roads Department,T/CC/ETN/KMJ/2018-19/2429(T),2019_PWD_12593_1,Open Tender,Item Rate,Works,2.0,No,No,Offline,No,No,No,11-Mar-2019 10:00 AM,26-Mar-2019 02:00 PM,11-Mar-2019 10:00 AM,25-Mar-2019 02:00 PM,11-Mar-2019 10:00 AM ,20-Mar-2019 04:00 PM ,11-Mar-2019 10:00 AM,25-Mar-2019 02:00 PM,29-Jun-2019 09:30 AM,1.0,Fee/PreQual/Technical,.pdf,Cost of Bid,SE PWD Cachar Roads Circle Silchar,O/O the SE PWD Cachar Roads Circle Silchar,"2,300",The Empowered Officer Assam State Road Board Ghy,Guwahati,No
,,,,,,,,,,,,,,,,,,,,,,,,2.0,BC - Bankers Cheque,,,,,,,,,,,,,,,,,,,,,,,,,.pdf,Bid Security,,,,,,
,,,,,,,,,,,,,,,,,,,,,,,,3.0,BG - Bank Guarantee Irrevocable,,,,,,,,,,,,,,,,,,,,,,,,,.pdf,Technical Bid Documents,,,,,,
,,,,,,,,,,,,,,,,,,,,,,,,4.0,FDR - Fixed Deposit Receipt,,,,,,,,,,,,,,,,,,,,,,,,,.pdf,SBD,,,,,,
,,,,,,,,,,,,,,,,,,,,,,,,,,,,,,,,,,,,,,,,,,,,,,,,2.0,Finance,.pdf,FOB,,,,,,
,,,,,,,,,,,,,,,,,,,,,,,,,,,,,,,,,,,,,,,,,,,,,,,,,,.xls,BOQ,,,,,,
