﻿Title,Work Description,Pre Qualification Details,Independent External Monitor/Remarks,Tender Value in ₹,Product Category,Sub category,Contract Type,Bid Validity(Days),Period Of Work(Days),Location,Pincode,Pre Bid Meeting Place,Pre Bid Meeting Address,Pre Bid Meeting Date,Bid Opening Place,Should Allow NDA Tender,Allow Preferential Bidder,Organisation Chain,Tender Reference Number,Tender ID,Tender Type,Form of contract,Tender Category,No. of Covers,General Technical Evaluation Allowed,ItemWise Technical Evaluation Allowed,Payment Mode,Is Multi Currency Allowed For BOQ,Is Multi Currency Allowed For Fee,Allow Two Stage Bidding,Cover No,Cover,Document Type,Description,Name,Address,Publish Date,Bid Opening Date,Document Download / Sale Start Date,Document Download / Sale End Date,Clarification Start Date,Clarification End Date,Bid Submission Start Date,Bid Submission End Date,Financial Bid Opening Date,EMD Amount in ₹,EMD through BG/ST or EMD Exemption Allowed,EMD Fee Type,EMD Percentage,EMD Payable To,EMD Payable At,S.No,Instrument Type,Tender Fee in ₹,Fee Payable To,Fee Payable At,Tender Fee Exemption Allowed
Improvement of Road from Kharua-Bilpar,Improvement of Road from Kharua-Bilpar to Kalbari under AP (SCSP) (L -0.850 KM) under Mushalpur (R and B) Division under Barama LAC for the year 2018-19,Please refer Tender documents. ,NA ,"60,83,000",Civil Works – Roads,NA ,Tender,180.0,180.0,Khurua Bilpar,781372.0,NA ,NA ,NA ,"O/o the SE PWD(R and B) Circle, Kokrajhar",No ,No,Bodoland Territorial Council||PWD-BTC,TN 127 of 2018-19,2019_BoTC_12307_1,Open Tender,Works,Works,2.0,No,No,Offline,No,No,No,1.0,Fee/PreQual/Technical,.pdf,Cost and EMD,"SE PWD(R and B) Circle, Kokrajhar","O/o the SE PWD(R and B) Circle, Kokrajhar",27-Feb-2019 12:40 PM,11-Mar-2019 03:30 PM,27-Feb-2019 12:40 PM,11-Mar-2019 03:00 PM,27-Feb-2019 12:40 PM ,11-Mar-2019 03:00 PM ,27-Feb-2019 12:40 PM,11-Mar-2019 03:00 PM,03-Jun-2019 11:00 AM,"1,21,700",Yes,fixed,,"Executive Engineer, PWD Mushalpur (R andB) Divisio",Mushalpur,1,DD - Demand Draft,"1,900","Principal Secretary, BTC",Kokrajhar,No
,,,,,,,,,,,,,,,,,,,,,,,,,,,,,,,,,.pdf,Technical Qualification,,,,,,,,,,,,,,,,,,2,BC - Bankers Cheque,,,,
,,,,,,,,,,,,,,,,,,,,,,,,,,,,,,,,,.pdf,SBD,,,,,,,,,,,,,,,,,,3,SS - Small Savings Instrument,,,,
,,,,,,,,,,,,,,,,,,,,,,,,,,,,,,,2.0,Finance,.xls,BOQ,,,,,,,,,,,,,,,,,,4,BG - Bank Guarantee Irrevocable,,,,
,,,,,,,,,,,,,,,,,,,,,,,,,,,,,,,,,.pdf,FOB,,,,,,,,,,,,,,,,,,5,FDR - Fixed Deposit Receipt,,,,
,,,,,,,,,,,,,,,,,,,,,,,,,,,,,,,,,,,,,,,,,,,,,,,,,,,,6,DCR - Deposit at call receipt,,,,
