﻿S.No,Instrument Type,Tender Fee in ₹,Fee Payable To,Fee Payable At,Tender Fee Exemption Allowed,Name,Address,EMD Amount in ₹,EMD through BG/ST or EMD Exemption Allowed,EMD Fee Type,EMD Percentage,EMD Payable To,EMD Payable At,Organisation Chain,Tender Reference Number,Tender ID,Tender Type,Form of contract,Tender Category,No. of Covers,General Technical Evaluation Allowed,ItemWise Technical Evaluation Allowed,Payment Mode,Is Multi Currency Allowed For BOQ,Is Multi Currency Allowed For Fee,Allow Two Stage Bidding,Title,Work Description,Pre Qualification Details,Independent External Monitor/Remarks,Tender Value in ₹,Product Category,Sub category,Contract Type,Bid Validity(Days),Period Of Work(Days),Location,Pincode,Pre Bid Meeting Place,Pre Bid Meeting Address,Pre Bid Meeting Date,Bid Opening Place,Should Allow NDA Tender,Allow Preferential Bidder,Cover No,Cover,Document Type,Description,Publish Date,Bid Opening Date,Document Download / Sale Start Date,Document Download / Sale End Date,Clarification Start Date,Clarification End Date,Bid Submission Start Date,Bid Submission End Date,Financial Bid Opening Date
1.0,DD - Demand Draft,"10,000",Empowered Officer ASRB,Guwahati,No,"Chief Engineer, PWD (Roads), Assam","O/o the Chief Engineer, PWD (Roads), Assam, Chandmari, Guwahati, 781003","13,74,400",Yes,fixed,,"Chief Engineer, PWD (Roads), Assam",Guwahati,Public Works Roads Department,CE/MLCSNA/SOPD-G/80/18-19/Pt/6,2019_PWD_10983_3,Open Tender,Item Rate,Works,2.0,No,No,Offline,No,No,No,MLCSNA/SOPD-G/Gouripur/02,MLCSNA/SOPD-G/Gouripur/02 Construction of RCC Br. No 1/2 3rd Km of KD Road to IBB Road via Lakhimari BSF Camp over River Torsha in Dhubri District Conversion of SPT bridge to RCC bridge under MLCSNA under SOPD (G) for the year 2018-19,Please refer Tender documents. ,NA ,"6,87,20,000",Civil Works,NA ,Tender,180.0,730.0,Gouripur,781003.0,NA ,NA ,NA ,"O/o the Chief Engineer, PWD (Roads), Assam, Chandm",No ,No,1.0,Fee/PreQual/Technical,.pdf,EMD,09-Jan-2019 02:00 PM,18-Jan-2019 11:00 AM,09-Jan-2019 02:00 PM,17-Jan-2019 02:00 PM,09-Jan-2019 02:00 PM ,17-Jan-2019 02:00 PM ,09-Jan-2019 02:00 PM,17-Jan-2019 02:00 PM,14-Feb-2019 01:30 PM
2.0,BC - Bankers Cheque,,,,,,,,,,,,,,,,,,,,,,,,,,,,,,,,,,,,,,,,,,,,,,.pdf,Cost of Tender Document,,,,,,,,,
3.0,BG - Bank Guarantee Irrevocable,,,,,,,,,,,,,,,,,,,,,,,,,,,,,,,,,,,,,,,,,,,,,,.pdf,Technical Qualification Details,,,,,,,,,
4.0,FDR - Fixed Deposit Receipt,,,,,,,,,,,,,,,,,,,,,,,,,,,,,,,,,,,,,,,,,,,,,,.pdf,SBD,,,,,,,,,
,,,,,,,,,,,,,,,,,,,,,,,,,,,,,,,,,,,,,,,,,,,,,2.0,Finance,.xls,BOQ,,,,,,,,,
,,,,,,,,,,,,,,,,,,,,,,,,,,,,,,,,,,,,,,,,,,,,,,,.pdf,FOB,,,,,,,,,
