﻿Publish Date,Bid Opening Date,Document Download / Sale Start Date,Document Download / Sale End Date,Clarification Start Date,Clarification End Date,Bid Submission Start Date,Bid Submission End Date,Financial Bid Opening Date,EMD Amount in ₹,EMD through BG/ST or EMD Exemption Allowed,EMD Fee Type,EMD Percentage,EMD Payable To,EMD Payable At,Tender Fee in ₹,Fee Payable To,Fee Payable At,Tender Fee Exemption Allowed,Name,Address,Title,Work Description,Pre Qualification Details,Independent External Monitor/Remarks,Tender Value in ₹,Product Category,Sub category,Contract Type,Bid Validity(Days),Period Of Work(Days),Location,Pincode,Pre Bid Meeting Place,Pre Bid Meeting Address,Pre Bid Meeting Date,Bid Opening Place,Should Allow NDA Tender,Allow Preferential Bidder,Cover No,Cover,Document Type,Description,S.No,Instrument Type,Organisation Chain,Tender Reference Number,Tender ID,Tender Type,Form of contract,Tender Category,No. of Covers,General Technical Evaluation Allowed,ItemWise Technical Evaluation Allowed,Payment Mode,Is Multi Currency Allowed For BOQ,Is Multi Currency Allowed For Fee,Allow Two Stage Bidding
04-Feb-2019 03:00 PM,21-Feb-2019 02:00 PM,04-Feb-2019 03:00 PM,20-Feb-2019 04:30 PM,04-Feb-2019 03:00 PM ,20-Feb-2019 04:00 PM ,04-Feb-2019 03:00 PM,20-Feb-2019 04:30 PM,26-Feb-2019 01:40 PM,"1,43,720",Yes,fixed,,"EE, PWD Mushalpur R and B Division",Mushalpur,"2,170",Principal Secretary BTC Kokrajhar,"SBI, Kokrajhar",No,"Addl. CE cum Director, PWD, BTC, Kokrajhar","O/o the Addl. CE cum Director, PWD, BTC, Kokrajhar",TN_313_i,"TN_313_i Erosion Protection of Bogajuli River Bathouiguri to Amblaiguri PWD, road (South side) under SOPD, for the year 2015-16 (From Ch.142.00m to Ch.282.00m).",Please refer Tender documents. ,NA ,"71,84,917",Civil Works,NA ,Tender,180.0,270.0,Kokrajhar,788730.0,NA ,NA ,NA ,"O/o the Addl. CE cum Director, PWD, BTC, Kokrajhar",No ,No,1.0,Fee/PreQual/Technical,.pdf,EMD,1.0,DD - Demand Draft,Bodoland Territorial Council-PWD||Director Cum CHD - PWD BTC,ACE29/MSLPR/IFB/PtI/18-19/358,2019_BTC_11628_1,Open Tender,Item Rate,Works,2.0,No,No,Offline,No,No,No
,,,,,,,,,,,,,,,,,,,,,,,,,,,,,,,,,,,,,,,,,.pdf,Cost of Tender Document,2.0,BC - Bankers Cheque,,,,,,,,,,,,,
,,,,,,,,,,,,,,,,,,,,,,,,,,,,,,,,,,,,,,,,,.pdf,Technical Qualification Details,3.0,BG - Bank Guarantee Irrevocable,,,,,,,,,,,,,
,,,,,,,,,,,,,,,,,,,,,,,,,,,,,,,,,,,,,,,,,.pdf,SBD,4.0,FDR - Fixed Deposit Receipt,,,,,,,,,,,,,
,,,,,,,,,,,,,,,,,,,,,,,,,,,,,,,,,,,,,,,2.0,Finance,.xls,BOQ,,,,,,,,,,,,,,,
,,,,,,,,,,,,,,,,,,,,,,,,,,,,,,,,,,,,,,,,,.pdf,FOB,,,,,,,,,,,,,,,
