﻿Title,Work Description,Pre Qualification Details,Independent External Monitor/Remarks,Tender Value in ₹,Product Category,Sub category,Contract Type,Bid Validity(Days),Period Of Work(Days),Location,Pincode,Pre Bid Meeting Place,Pre Bid Meeting Address,Pre Bid Meeting Date,Bid Opening Place,Should Allow NDA Tender,Allow Preferential Bidder,S.No,Instrument Type,Publish Date,Bid Opening Date,Document Download / Sale Start Date,Document Download / Sale End Date,Clarification Start Date,Clarification End Date,Bid Submission Start Date,Bid Submission End Date,Financial Bid Opening Date,Cover No,Cover,Document Type,Description,EMD Amount in ₹,EMD through BG/ST or EMD Exemption Allowed,EMD Fee Type,EMD Percentage,EMD Payable To,EMD Payable At,Tender Fee in ₹,Fee Payable To,Fee Payable At,Tender Fee Exemption Allowed,Organisation Chain,Tender Reference Number,Tender ID,Tender Type,Form of contract,Tender Category,No. of Covers,General Technical Evaluation Allowed,ItemWise Technical Evaluation Allowed,Payment Mode,Is Multi Currency Allowed For BOQ,Is Multi Currency Allowed For Fee,Allow Two Stage Bidding,Name,Address,S.No,Corrigendum Title,Corrigendum Type,View
Preparation Of City Street Vending Plans Under Support To Urban Street Vendors Susv Component Of Deen Dayal Antyodaya Yojana National Urban Livelihood Mission,Request For Proposal For The Consultancy Services For Preparation Of City Street Vending Plans Under Support To Urban Street Vendors Susv Component Of Deen Dayal Antyodaya Yojana National Urban Livelihood Mission,Please refer Tender documents. ,NA ,0.0,Miscellaneous Services,NA ,Tender,120.0,180.0,Kamrup M,781006.0,O/o State Mission Director ASILMS ,O/o State Mission Director ASULMS  ,26-Jun-2019 03:00 PM ,O/o State Mission Director Assam,No ,No,1.0,DD - Demand Draft,17-Jun-2019 04:30 PM,24-Jul-2019 11:00 AM,17-Jun-2019 06:00 PM,22-Jul-2019 05:00 PM,NA ,NA ,26-Jun-2019 04:00 PM,22-Jul-2019 05:00 PM,03-Aug-2019 11:00 AM,1.0,Fee/PreQual/Technical,.pdf,Scan Copy of Tender Cost and EMD,"1,00,000",No,fixed,,State Mission Director ASULMS,Guwahati,"5,000",State Mission Director ASULMS,Guwahati,No,Urban Development Department||Assam State Urban Livelihoods Mission Society,ASULMS/SSV-2/2016/17/81/2558,2019_UDD_13151_1,Open Tender,Item Rate,Services,2.0,No,No,Offline,No,No,No,State Mission Director ASULMS,O/o State Mission Director Assam ASULMS,1.0,Corrigendum for Date,Date,
,,,,,,,,,,,,,,,,,,,,,,,,,,,,,,,.pdf,Scan copy of all technical qualification documents,,,,,,,,,,,,,,,,,,,,,,,,,,2.0,CorrigendumforPresentation,Technical Bid,
,,,,,,,,,,,,,,,,,,,,,,,,,,,,,,,.pdf,Bidding Document,,,,,,,,,,,,,,,,,,,,,,,,,,,,,
,,,,,,,,,,,,,,,,,,,,,,,,,,,,,2.0,Finance,.xls,Price Bid,,,,,,,,,,,,,,,,,,,,,,,,,,,,,
