﻿Publish Date,Bid Opening Date,Document Download / Sale Start Date,Document Download / Sale End Date,Clarification Start Date,Clarification End Date,Bid Submission Start Date,Bid Submission End Date,Financial Bid Opening Date,Organisation Chain,Tender Reference Number,Tender ID,Tender Type,Form of contract,Tender Category,No. of Covers,General Technical Evaluation Allowed,ItemWise Technical Evaluation Allowed,Payment Mode,Is Multi Currency Allowed For BOQ,Is Multi Currency Allowed For Fee,Allow Two Stage Bidding,Name,Address,S.No,Instrument Type,EMD Amount in ₹,EMD through BG/ST or EMD Exemption Allowed,EMD Fee Type,EMD Percentage,EMD Payable To,EMD Payable At,Title,Work Description,Pre Qualification Details,Independent External Monitor/Remarks,Tender Value in ₹,Product Category,Sub category,Contract Type,Bid Validity(Days),Period Of Work(Days),Location,Pincode,Pre Bid Meeting Place,Pre Bid Meeting Address,Pre Bid Meeting Date,Bid Opening Place,Should Allow NDA Tender,Allow Preferential Bidder,Tender Fee in ₹,Fee Payable To,Fee Payable At,Tender Fee Exemption Allowed,Cover No,Cover,Document Type,Description,S.No,Corrigendum Title,Corrigendum Type,View
28-Feb-2019 10:00 AM,15-Mar-2019 02:30 PM,28-Feb-2019 10:00 AM,15-Mar-2019 02:00 PM,NA ,NA ,28-Feb-2019 10:00 AM,15-Mar-2019 02:00 PM,08-May-2019 04:00 PM,Directorate of Horticulture Assam,HORTI.FP/04/EoI/Branding/ 511/2017-18/110,2019_DHA_12323_1,Open Tender,Supply,Goods,2.0,No,No,Offline,No,No,No,"Director of Horticulture and FP, Assam, Khanapara","Directorate of Horticulture and FP, Assam, Khanapara, Ghy-22",1.0,DD - Demand Draft,"50,000",No,fixed,,"Chief Executive Officer, Assam SFAC",Guwahati,SUPPLY OF PLANTING MATERIALS UNDER MOVCD-NER -ASSAM (FOR THE YEAR 2018-19),SUPPLY OF PLANTING MATERIALS UNDER MOVCD-NER -ASSAM (FOR THE YEAR 2018-19),Please refer Tender documents. ,NA ,0.0,Miscellaneous Goods,NA ,Tender,120.0,60.0,As per Bidding Document,781022.0,NA ,NA ,NA ,"Directorate of Horticulture and FP,Assam,Khanapara",No ,No,500.0,"Chief Executive Officer, Assam, SFAC",Guwahati,No,1.0,Fee/PreQual/Technical,.pdf,Tender Fee,1.0,Modification regarding Demand Draft,Other,
,,,,,,,,,,,,,,,,,,,,,,,,,,,,,,,,,,,,,,,,,,,,,,,,,,,,,,,,.pdf,Bid Security,,,,
,,,,,,,,,,,,,,,,,,,,,,,,,,,,,,,,,,,,,,,,,,,,,,,,,,,,,,,,.pdf,Technical Qualification Documents,,,,
,,,,,,,,,,,,,,,,,,,,,,,,,,,,,,,,,,,,,,,,,,,,,,,,,,,,,,,,.pdf,Bidding Document seal and signed in each page,,,,
,,,,,,,,,,,,,,,,,,,,,,,,,,,,,,,,,,,,,,,,,,,,,,,,,,,,,,2.0,Finance,.pdf,Price Bid(as per format),,,,
