﻿S.No,Instrument Type,Publish Date,Bid Opening Date,Document Download / Sale Start Date,Document Download / Sale End Date,Clarification Start Date,Clarification End Date,Bid Submission Start Date,Bid Submission End Date,Financial Bid Opening Date,Organisation Chain,Tender Reference Number,Tender ID,Tender Type,Form of contract,Tender Category,No. of Covers,General Technical Evaluation Allowed,ItemWise Technical Evaluation Allowed,Payment Mode,Is Multi Currency Allowed For BOQ,Is Multi Currency Allowed For Fee,Allow Two Stage Bidding,Title,Work Description,Pre Qualification Details,Independent External Monitor/Remarks,Tender Value in ₹,Product Category,Sub category,Contract Type,Bid Validity(Days),Period Of Work(Days),Location,Pincode,Pre Bid Meeting Place,Pre Bid Meeting Address,Pre Bid Meeting Date,Bid Opening Place,Should Allow NDA Tender,Allow Preferential Bidder,Tender Fee in ₹,Fee Payable To,Fee Payable At,Tender Fee Exemption Allowed,Cover No,Cover,Document Type,Description,EMD Amount in ₹,EMD through BG/ST or EMD Exemption Allowed,EMD Fee Type,EMD Percentage,EMD Payable To,EMD Payable At,Name,Address
1.0,DD - Demand Draft,27-Dec-2019 04:00 PM,03-Jan-2020 11:00 AM,27-Dec-2019 04:00 PM,02-Jan-2020 02:00 PM,NA ,NA ,27-Dec-2019 04:00 PM,02-Jan-2020 02:00 PM,06-Jan-2020 10:30 AM,Public Works Building and NH Department||Chief Engineer-Building - PWBNH||SE-Guwahati Circle-1 - PWBNH,CS/SE(B-I)/35/2019-20/4484-92 dtd.26-12-2019,2019_PWBNH_15597_1,Open Tender,Item Rate,Works,2.0,No,No,Offline,No,No,No,Construction of Stadium at Panchapur Bongaigaon under Untied Fund State Specific Scheme 2018 19,Construction of Stadium at Panchapur Bongaigaon under Untied Fund State Specific Scheme 2018 19,Please refer Tender documents. ,NA ,"92,58,962",Civil Works - Building,NA ,Tender,180.0,120.0,"Bongaigaon District, Assam",783380.0,SE PWD Guwahati Bldg Circle I Fancy Bazar Ghy 1 ,O/O the SE PWD Guwahati Bldg Circle I Fancy Bazar Ghy 1  ,30-Dec-2019 11:00 AM ,SE PWD Guwahati Bldg Circle I Fancy Bazar Ghy 1,No ,No,"2,778",Assam State Road Board Maintenance (Road) Fund,Guwahati,No,1.0,Fee/PreQual/Technical,.pdf,Document Cost,"1,85,200",Yes,fixed,,EE PWD Goalpara Bldg Division,Goalpara,SE PWD Guwahati Bldg Circle I Fancy Bazar Ghy 1,O/O the SE PWD Guwahati Bldg Circle I Fancy Bazar Ghy 1
2.0,BC - Bankers Cheque,,,,,,,,,,,,,,,,,,,,,,,,,,,,,,,,,,,,,,,,,,,,,,,.pdf,Bid Security,,,,,,,,
3.0,BG - Bank Guarantee Irrevocable,,,,,,,,,,,,,,,,,,,,,,,,,,,,,,,,,,,,,,,,,,,,,,,.pdf,SBD,,,,,,,,
4.0,FDR - Fixed Deposit Receipt,,,,,,,,,,,,,,,,,,,,,,,,,,,,,,,,,,,,,,,,,,,,,,,.pdf,Technical Qualification,,,,,,,,
,,,,,,,,,,,,,,,,,,,,,,,,,,,,,,,,,,,,,,,,,,,,,,2.0,Finance,.xls,BOQ,,,,,,,,
,,,,,,,,,,,,,,,,,,,,,,,,,,,,,,,,,,,,,,,,,,,,,,,,.pdf,FOB,,,,,,,,
