﻿Organisation Chain,Tender Reference Number,Tender ID,Tender Type,Form of contract,Tender Category,No. of Covers,General Technical Evaluation Allowed,ItemWise Technical Evaluation Allowed,Payment Mode,Is Multi Currency Allowed For BOQ,Is Multi Currency Allowed For Fee,Allow Two Stage Bidding,Title,Work Description,Pre Qualification Details,Independent External Monitor/Remarks,Tender Value in ₹,Product Category,Sub category,Contract Type,Bid Validity(Days),Period Of Work(Days),Location,Pincode,Pre Bid Meeting Place,Pre Bid Meeting Address,Pre Bid Meeting Date,Bid Opening Place,Should Allow NDA Tender,Allow Preferential Bidder,Tender Fee in ₹,Fee Payable To,Fee Payable At,Tender Fee Exemption Allowed,EMD Amount in ₹,EMD through BG/ST or EMD Exemption Allowed,EMD Fee Type,EMD Percentage,EMD Payable To,EMD Payable At,S.No,Corrigendum Title,Corrigendum Type,View,S.No,Instrument Type,Publish Date,Bid Opening Date,Document Download / Sale Start Date,Document Download / Sale End Date,Clarification Start Date,Clarification End Date,Bid Submission Start Date,Bid Submission End Date,Cover No,Cover,Document Type,Description,Name,Address
Public Works Roads Department,31-SIDLI/SOPD (G)/2018-19/03,2019_PWD_10864_1,Open Tender,Item Rate,Works,2.0,No,No,Offline,No,No,No,"Improvement/ Construction of roads of 31-Sidli LAC under SOPD (G) for the year 2018-19. (1) approach roads to District Centre at Kajalgaon, (2) Sidli Dangsibari road (PMGSY).","Improvement/ Construction of roads of 31-Sidli LAC under SOPD (G) for the year 2018-19. (1) approach roads to District Centre at Kajalgaon, (2) Sidli Dangsibari road (PMGSY).",Please refer Tender documents. ,NA ,"3,65,33,000",Civil Works,NA ,Tender,180.0,365.0,Sidli,783373.0,"O/O The CE PWD (Roads), Assam, Chandmari, Ghy-3 ","O/O The CE PWD (Roads), Assam, Chandmari, Ghy-3 ",05-Jan-2019 11:00 AM ,"O/O The CE PWD (Roads), Assam, Chandmari, Ghy-3",No ,No,"10,000",Assam State Road Board A/C No. 10566991479,Guwahati,No,"7,30,700",Yes,fixed,,Concerned Executive Engineer,Nil,1.0,Extension,Date,,1.0,DD - Demand Draft,04-Jan-2019 12:15 PM,22-Jan-2019 11:00 AM,04-Jan-2019 12:15 PM,21-Jan-2019 02:00 PM,NA ,NA ,04-Jan-2019 12:15 PM,21-Jan-2019 02:00 PM,1.0,Fee/PreQual/Technical,.pdf,DOCUMENT COST,"CE PWRD(BR and NEC Works), Assam, Chandmari, Ghy-3","O/O The CE PWD (Roads), Assam, Chandmari, Ghy-3"
,,,,,,,,,,,,,,,,,,,,,,,,,,,,,,,,,,,,,,,,,,,,,2.0,BC - Bankers Cheque,,,,,,,,,,,.pdf,BID SECURITY,,
,,,,,,,,,,,,,,,,,,,,,,,,,,,,,,,,,,,,,,,,,,,,,3.0,BG - Bank Guarantee Irrevocable,,,,,,,,,,,.pdf,BIDDING DOCUMENT,,
,,,,,,,,,,,,,,,,,,,,,,,,,,,,,,,,,,,,,,,,,,,,,4.0,FDR - Fixed Deposit Receipt,,,,,,,,,,,.pdf,TECHNICAL QUALIFICATIONS,,
,,,,,,,,,,,,,,,,,,,,,,,,,,,,,,,,,,,,,,,,,,,,,,,,,,,,,,,2.0,Finance,.xls,BOQ,,
,,,,,,,,,,,,,,,,,,,,,,,,,,,,,,,,,,,,,,,,,,,,,,,,,,,,,,,,,.pdf,FORM OF BID,,
