﻿Publish Date,Bid Opening Date,Document Download / Sale Start Date,Document Download / Sale End Date,Clarification Start Date,Clarification End Date,Bid Submission Start Date,Bid Submission End Date,Financial Bid Opening Date,Cover No,Cover,Document Type,Description,S.No,Instrument Type,Tender Fee in ₹,Fee Payable To,Fee Payable At,Tender Fee Exemption Allowed,EMD Amount in ₹,EMD through BG/ST or EMD Exemption Allowed,EMD Fee Type,EMD Percentage,EMD Payable To,EMD Payable At,Name,Address,Organisation Chain,Tender Reference Number,Tender ID,Tender Type,Form of contract,Tender Category,No. of Covers,General Technical Evaluation Allowed,ItemWise Technical Evaluation Allowed,Payment Mode,Is Multi Currency Allowed For BOQ,Is Multi Currency Allowed For Fee,Allow Two Stage Bidding,Title,Work Description,Pre Qualification Details,Independent External Monitor/Remarks,Tender Value in ₹,Product Category,Sub category,Contract Type,Bid Validity(Days),Period Of Work(Days),Location,Pincode,Pre Bid Meeting Place,Pre Bid Meeting Address,Pre Bid Meeting Date,Bid Opening Place,Should Allow NDA Tender,Allow Preferential Bidder
04-May-2019 01:00 PM,09-May-2019 01:30 PM,04-May-2019 01:00 PM,09-May-2019 01:00 PM,NA ,NA ,04-May-2019 01:00 PM,09-May-2019 01:00 PM,13-May-2019 04:55 PM,1.0,Fee/PreQual/Technical,.pdf,Tender fee in IPO(Rs.500),1.0,BG - Bank Guarantee Irrevocable,500.0,"The Superintendent,District Jail,Sadiya",Sadiya,No,"1,936",No,fixed,,"The Superintendent,District Jail,Sadiya",Sadiya,"Superintendent,District Jail,Sadiya","Office of the Superintendent, District Jail,Sadiya,",Home B||Assam Prison Headquarters||District Jail-Sadiya,"DJS/65/2019/149 Dated, Sadiya the 27th March, 2019",2019_HB_12737_6,Open Tender,Supply,Goods,2.0,No,No,Offline,No,No,No,"Supply of Dietary articles for the District Jail,Sadiya during the Financial year 2019-20.","Supply of Dietary articles for the District Jail,Sadiya during the Financial year 2019-20 for Group-D",Please refer Tender documents. ,NA ,0.0,Supply of Materials,NA ,Tender,365.0,365.0,"District Jail,Sadiya",786157.0,NA ,NA ,NA ,"O/O The Superintendent of District Jail,Sadiya",No ,No
,,,,,,,,,,,.pdf,EMD,2.0,FDR - Fixed Deposit Receipt,,,,,,,,,,,,,,,,,,,,,,,,,,,,,,,,,,,,,,,,,,,
,,,,,,,,,,,.pdf,Technical Qualification Documents,3.0,DCR - Deposit at call receipt,,,,,,,,,,,,,,,,,,,,,,,,,,,,,,,,,,,,,,,,,,,
,,,,,,,,,,,.pdf,Tender Document with seal and sign,4.0,IPO - Indian Postal Order,,,,,,,,,,,,,,,,,,,,,,,,,,,,,,,,,,,,,,,,,,,
,,,,,,,,,2.0,Finance,.xls,Price bid/BOQ,,,,,,,,,,,,,,,,,,,,,,,,,,,,,,,,,,,,,,,,,,,,,
