﻿EMD Amount in ₹,EMD through BG/ST or EMD Exemption Allowed,EMD Fee Type,EMD Percentage,EMD Payable To,EMD Payable At,S.No,Instrument Type,Organisation Chain,Tender Reference Number,Tender ID,Tender Type,Form of contract,Tender Category,No. of Covers,General Technical Evaluation Allowed,ItemWise Technical Evaluation Allowed,Payment Mode,Is Multi Currency Allowed For BOQ,Is Multi Currency Allowed For Fee,Allow Two Stage Bidding,Cover No,Cover,Document Type,Description,Tender Fee in ₹,Fee Payable To,Fee Payable At,Tender Fee Exemption Allowed,Title,Work Description,Pre Qualification Details,Independent External Monitor/Remarks,Tender Value in ₹,Product Category,Sub category,Contract Type,Bid Validity(Days),Period Of Work(Days),Location,Pincode,Pre Bid Meeting Place,Pre Bid Meeting Address,Pre Bid Meeting Date,Bid Opening Place,Should Allow NDA Tender,Allow Preferential Bidder,Publish Date,Bid Opening Date,Document Download / Sale Start Date,Document Download / Sale End Date,Clarification Start Date,Clarification End Date,Bid Submission Start Date,Bid Submission End Date,Financial Bid Opening Date,Name,Address
"8,000",Yes,fixed,,"Superintendent District Jail, Diphu",Diphu,1.0,DD - Demand Draft,Home B||Assam Prison Headquarters||District Jail-Diphu,DJD/Tender-DPU/183 GROUP C,2019_HB_12011_1,Open Tender,Item Rate,Goods,2.0,No,No,Offline,No,No,No,1.0,Fee/PreQual/Technical,.pdf,TENDER FEE 500 IN FORM OF IPO,500.0,Superintendent District Jail,Diphu,No,DJD/Tendr-DPU/183 GROUP C,"Supply of Dietary Articles for District Jail Diphu,for the year 2019-2020",Fee/Tender/Tecnical ,NA ,"4,00,000",Supply of Materials,Dietary Articals ,Tender,90.0,365.0,"Superintendent District Jail, Diphu",782460.0,NA ,NA ,NA ,"Superintendent District Jail, Diphu",No ,No,18-Feb-2019 02:00 PM,11-Mar-2019 02:30 PM,18-Feb-2019 02:00 PM,11-Mar-2019 02:00 PM,NA ,NA ,18-Feb-2019 02:00 PM,11-Mar-2019 02:00 PM,14-Mar-2019 06:30 PM,"Superintendent District Jail, Diphu","6th killo, Lumding Road, Diphu, Karbi Anglong, Assam"
,,,,,,2.0,BG - Bank Guarantee Irrevocable,,,,,,,,,,,,,,,,.pdf,COURT FE 8.25,,,,,,,,,,,,,,,,,,,,,,,,,,,,,,,,,
,,,,,,3.0,FDR - Fixed Deposit Receipt,,,,,,,,,,,,,,,,.pdf,Techinal,,,,,,,,,,,,,,,,,,,,,,,,,,,,,,,,,
,,,,,,,,,,,,,,,,,,,,,2.0,Finance,.xls,item wise Rate Group C,,,,,,,,,,,,,,,,,,,,,,,,,,,,,,,,,
