﻿Publish Date,Bid Opening Date,Document Download / Sale Start Date,Document Download / Sale End Date,Clarification Start Date,Clarification End Date,Bid Submission Start Date,Bid Submission End Date,S.No,Instrument Type,EMD Amount in ₹,EMD through BG/ST or EMD Exemption Allowed,EMD Fee Type,EMD Percentage,EMD Payable To,EMD Payable At,Name,Address,Organisation Chain,Tender Reference Number,Tender ID,Tender Type,Form of contract,Tender Category,No. of Covers,General Technical Evaluation Allowed,ItemWise Technical Evaluation Allowed,Payment Mode,Is Multi Currency Allowed For BOQ,Is Multi Currency Allowed For Fee,Allow Two Stage Bidding,Tender Fee in ₹,Fee Payable To,Fee Payable At,Tender Fee Exemption Allowed,Cover No,Cover,Document Type,Description,S.No,Corrigendum Title,Corrigendum Type,View,Title,Work Description,Pre Qualification Details,Independent External Monitor/Remarks,Tender Value in ₹,Product Category,Sub category,Contract Type,Bid Validity(Days),Period Of Work(Days),Location,Pincode,Pre Bid Meeting Place,Pre Bid Meeting Address,Pre Bid Meeting Date,Bid Opening Place,Should Allow NDA Tender,Allow Preferential Bidder
22-Dec-2020 09:00 AM,21-Jan-2021 02:30 PM,22-Dec-2020 09:15 AM,21-Jan-2021 02:00 PM,22-Dec-2020 09:30 AM ,04-Jan-2021 11:00 AM ,22-Dec-2020 09:30 AM,21-Jan-2021 02:00 PM,1.0,BG - Bank Guarantee Irrevocable,"4,92,580",No,fixed,,"Chief Engineer, PWRD (EAP), Assam",GUWAHATI,"The Chief Engineer, PWRD (EAP), Assam","O/o The Chief Engineer, PWRD (EAP), Assam",Public Works Roads Department,CE/APART/86/2020/9,2020_PWD_19719_4,Open Tender,Lump-sum,Works,2.0,No,No,Offline,No,No,No,"5,000","State Project Director, ARIAS Society",GUWAHATI,No,1.0,Fee/PreQual/Technical,.pdf,EMD,1.0,Cancellation of Tender,Cancellation of Tender,,APART/NOCP/ MARKETS/ LKR-05 (Market Modernisation and Improvement Program (MMIP) of Dhalpur Weekly Market in Lakhimpur District under APART),Market Modernisation and Improvement Program (MMIP) of Dhalpur Weekly Market in Lakhimpur District under APART,Please refer Tender Documents ,NA ,"2,46,29,000",Civil Works - Building,NA ,Tender,90.0,450.0,Lakhimpur District,784165.0,"O/o The Chief Engineer, PWRD (EAP), Assam ","O/o The Chief Engineer, PWRD (EAP), Assam ",04-Jan-2021 11:00 AM ,"O/o The Chief Engineer, PWRD (EAP), Assam",No ,No
,,,,,,,,2.0,FDR - Fixed Deposit Receipt,,,,,,,,,,,,,,,,,,,,,,,,,,,,.pdf,SBD,,,,,,,,,,,,,,,,,,,,,,
,,,,,,,,,,,,,,,,,,,,,,,,,,,,,,,,,,,,,.pdf,Tender fee,,,,,,,,,,,,,,,,,,,,,,
,,,,,,,,,,,,,,,,,,,,,,,,,,,,,,,,,,,,,.pdf,Technical Qualification Details,,,,,,,,,,,,,,,,,,,,,,
,,,,,,,,,,,,,,,,,,,,,,,,,,,,,,,,,,,,,.pdf,Letter of Bid (Technical),,,,,,,,,,,,,,,,,,,,,,
,,,,,,,,,,,,,,,,,,,,,,,,,,,,,,,,,,,2.0,Finance,.pdf,Letter of Bid (Financial),,,,,,,,,,,,,,,,,,,,,,
,,,,,,,,,,,,,,,,,,,,,,,,,,,,,,,,,,,,,.xls,BOQ,,,,,,,,,,,,,,,,,,,,,,
