﻿Title,Work Description,Pre Qualification Details,Independent External Monitor/Remarks,Tender Value in ₹,Product Category,Sub category,Contract Type,Bid Validity(Days),Period Of Work(Days),Location,Pincode,Pre Bid Meeting Place,Pre Bid Meeting Address,Pre Bid Meeting Date,Bid Opening Place,Should Allow NDA Tender,Allow Preferential Bidder,Publish Date,Bid Opening Date,Document Download / Sale Start Date,Document Download / Sale End Date,Clarification Start Date,Clarification End Date,Bid Submission Start Date,Bid Submission End Date,Financial Bid Opening Date,Tender Fee in ₹,Fee Payable To,Fee Payable At,Tender Fee Exemption Allowed,Cover No,Cover,Document Type,Description,EMD Amount in ₹,EMD through BG/ST or EMD Exemption Allowed,EMD Fee Type,EMD Percentage,EMD Payable To,EMD Payable At,Organisation Chain,Tender Reference Number,Tender ID,Tender Type,Form of contract,Tender Category,No. of Covers,General Technical Evaluation Allowed,ItemWise Technical Evaluation Allowed,Payment Mode,Is Multi Currency Allowed For BOQ,Is Multi Currency Allowed For Fee,Allow Two Stage Bidding,Name,Address,S.No,Instrument Type
APART/NOCP/DICC/GLT-01 (Renovation of official building of District Industries and commerce Centres in the Golaghat District),Renovation of official building of District Industries and commerce Centres in the Golaghat District,Please refer Tender Documents ,NA ,"27,68,000",Civil Works - Building,NA ,Tender,90.0,180.0,Golaghat District,785621.0,"O/o The Chief Engineer,PWRD (EAP),Assam ","O/o The Chief Engineer,PWRD (EAP),Assam Fatasil Ambari,Guwahti-781025 ",11-Aug-2020 11:00 AM ,"O/o The Chief Engineer,PWRD (EAP),Assam",No ,No,29-Jul-2020 04:00 PM,28-Aug-2020 02:30 PM,29-Jul-2020 04:15 PM,28-Aug-2020 02:00 PM,29-Jul-2020 04:15 PM ,11-Aug-2020 11:00 AM ,29-Jul-2020 05:00 PM,28-Aug-2020 02:00 PM,11-Dec-2020 02:30 PM,"2,000","State Project Director,ARIAS SOCIETY",GUWAHATI,No,1.0,Fee/PreQual/Technical,.pdf,EMD,"55,360",No,fixed,,"Chief Engineer,PWRD (EAP),Assam",GUWAHATI,Public Works Roads Department,CE/APART/40/2020/7,2020_PWD_18218_3,Open Tender,Lump-sum,Works,2.0,No,No,Offline,No,No,No,"Chief Engineer,PWRD (EAP),Assam","O/o The Chief Engineer,PWRD (EAP),Assam Fatasil Ambari,Guwahti-781025",1.0,BG - Bank Guarantee Irrevocable
,,,,,,,,,,,,,,,,,,,,,,,,,,,,,,,,,.pdf,SBD,,,,,,,,,,,,,,,,,,,,,,2.0,FDR - Fixed Deposit Receipt
,,,,,,,,,,,,,,,,,,,,,,,,,,,,,,,,,.pdf,Tender Fee,,,,,,,,,,,,,,,,,,,,,,,
,,,,,,,,,,,,,,,,,,,,,,,,,,,,,,,,,.pdf,Technical Qualification Details,,,,,,,,,,,,,,,,,,,,,,,
,,,,,,,,,,,,,,,,,,,,,,,,,,,,,,,,,.pdf,Letter of Bid (Technical),,,,,,,,,,,,,,,,,,,,,,,
,,,,,,,,,,,,,,,,,,,,,,,,,,,,,,,2.0,Finance,.xls,BOQ,,,,,,,,,,,,,,,,,,,,,,,
,,,,,,,,,,,,,,,,,,,,,,,,,,,,,,,,,.pdf,Letter of Bid (Financial),,,,,,,,,,,,,,,,,,,,,,,
