﻿Title,Work Description,Pre Qualification Details,Independent External Monitor/Remarks,Tender Value in ₹,Product Category,Sub category,Contract Type,Bid Validity(Days),Period Of Work(Days),Location,Pincode,Pre Bid Meeting Place,Pre Bid Meeting Address,Pre Bid Meeting Date,Bid Opening Place,Should Allow NDA Tender,Allow Preferential Bidder,Tender Fee in ₹,Fee Payable To,Fee Payable At,Tender Fee Exemption Allowed,Organisation Chain,Tender Reference Number,Tender ID,Tender Type,Form of contract,Tender Category,No. of Covers,General Technical Evaluation Allowed,ItemWise Technical Evaluation Allowed,Payment Mode,Is Multi Currency Allowed For BOQ,Is Multi Currency Allowed For Fee,Allow Two Stage Bidding,Name,Address,S.No,Instrument Type,Cover No,Cover,Document Type,Description,Publish Date,Bid Opening Date,Document Download / Sale Start Date,Document Download / Sale End Date,Clarification Start Date,Clarification End Date,Bid Submission Start Date,Bid Submission End Date,Financial Bid Opening Date,EMD Amount in ₹,EMD through BG/ST or EMD Exemption Allowed,EMD Fee Type,EMD Percentage,EMD Payable To,EMD Payable At
SENL/SOPD-G/2020-21/NAL-24 (Construction of Road from Milan Bazar LP School to Dhopartol under SOPD),"Construction of Road from Milan Bazar LP School to Dhopartol under SOPD (G) for the year 2019-20, Nalbari LAC",Please refer Tender documents. ,NA ,"69,06,000",Civil Works – Roads,NA ,Rate Contract,180.0,180.0,"S.E. PWD Nalbari Road Circle, Nalbari",781335.0,NA ,NA ,NA ,"S.E. PWD Nalbari Road Circle, Nalbari",No ,No,"2,100",ASRB,GUWAHATI,Yes,Public Works Roads Department,SENL/NIT/N/2020-21/50/1060,2020_PWD_17797_14,Open Tender,Item Rate,Works,2.0,No,No,Offline,No,No,No,"S.E. PWD Nalbari Road Circle, Nalbari","S.E. PWD Nalbari Road Circle, Nalbari",1.0,DD - Demand Draft,1.0,Fee/PreQual/Technical,.pdf,Cost of BID,08-Jun-2020 11:00 AM,19-Jun-2020 11:00 AM,08-Jun-2020 11:00 AM,17-Jun-2020 02:00 PM,08-Jun-2020 11:00 AM ,17-Jun-2020 02:00 PM ,08-Jun-2020 11:00 AM,17-Jun-2020 02:00 PM,23-Jul-2020 09:00 AM,"1,38,120",Yes,fixed,,E.E. PWD Nalbari D T R Division,E.E. PWD Nalbari D T R Division
,,,,,,,,,,,,,,,,,,,,,,,,,,,,,,,,,,,,,2.0,BG - Bank Guarantee Irrevocable,,,.pdf,BID Security,,,,,,,,,,,,,,,
,,,,,,,,,,,,,,,,,,,,,,,,,,,,,,,,,,,,,3.0,FDR - Fixed Deposit Receipt,,,.pdf,SBD,,,,,,,,,,,,,,,
,,,,,,,,,,,,,,,,,,,,,,,,,,,,,,,,,,,,,,,,,.pdf,Technical Information,,,,,,,,,,,,,,,
,,,,,,,,,,,,,,,,,,,,,,,,,,,,,,,,,,,,,,,2.0,Finance,.xls,BOQ,,,,,,,,,,,,,,,
,,,,,,,,,,,,,,,,,,,,,,,,,,,,,,,,,,,,,,,,,.pdf,FOB,,,,,,,,,,,,,,,
