﻿Organisation Chain,Tender Reference Number,Tender ID,Tender Type,Form of contract,Tender Category,No. of Covers,General Technical Evaluation Allowed,ItemWise Technical Evaluation Allowed,Payment Mode,Is Multi Currency Allowed For BOQ,Is Multi Currency Allowed For Fee,Allow Two Stage Bidding,Publish Date,Bid Opening Date,Document Download / Sale Start Date,Document Download / Sale End Date,Clarification Start Date,Clarification End Date,Bid Submission Start Date,Bid Submission End Date,Financial Bid Opening Date,Cover No,Cover,Document Type,Description,Title,Work Description,Pre Qualification Details,Independent External Monitor/Remarks,Tender Value in ₹,Product Category,Sub category,Contract Type,Bid Validity(Days),Period Of Work(Days),Location,Pincode,Pre Bid Meeting Place,Pre Bid Meeting Address,Pre Bid Meeting Date,Bid Opening Place,Should Allow NDA Tender,Allow Preferential Bidder,S.No,Instrument Type,EMD Amount in ₹,EMD through BG/ST or EMD Exemption Allowed,EMD Fee Type,EMD Percentage,EMD Payable To,EMD Payable At,Tender Fee in ₹,Fee Payable To,Fee Payable At,Tender Fee Exemption Allowed,Name,Address
Public Works Roads Department,No. GRC/NIT/510./2018-19/ 3027 Dated. 05.11.2020,2020_PWD_19217_1,Open Tender,Item Rate,Works,2.0,No,No,Offline,No,No,No,09-Nov-2020 11:00 AM,17-Nov-2020 01:00 PM,09-Nov-2020 11:00 AM,16-Nov-2020 02:00 PM,09-Nov-2020 11:00 AM ,16-Nov-2020 02:00 PM ,09-Nov-2020 11:00 AM,16-Nov-2020 02:00 PM,24-Dec-2020 12:30 PM,1.0,Fee/PreQual/Technical,.pdf,Bid Cost,"KAM/GRC/SOPD(G)/ 2020-21/47 Reconstruction of Road from 1) Rangia College Approach Road (2.00 Km.) 2) Jamtola Jagya Mandir Road (1.50 Km.) under SOPD-G for the year 2020-21, Rangia LAC under North Kamrup Territorial Road Division, Rangia.","Reconstruction of Road from 1) Rangia College Approach Road (2.00 Km.) 2) Jamtola Jagya Mandir Road (1.50 Km.) under SOPD-G for the year 2020-21, Rangia LAC under North Kamrup Territorial Road Division, Rangia.",Please Refer Tender ,NA ,,Civil Works – Roads,NA ,Tender,90.0,NA ,Rangia,781354.0,NA ,NA ,NA ,Online,No ,No,1.0,DD - Demand Draft,"1,50,000",Yes,fixed,,PWD,GUWAHATI,"2,250",PWD,GUWAHATI,Yes,"S.E, GRC","O/o Superintending Engineer, Guwahati Road Circle, Ghy-01"
,,,,,,,,,,,,,,,,,,,,,,,,.pdf,Bid Security,,,,,,,,,,,,,,,,,,,2.0,BC - Bankers Cheque,,,,,,,,,,,,
,,,,,,,,,,,,,,,,,,,,,,,,.pdf,SBD,,,,,,,,,,,,,,,,,,,3.0,BG - Bank Guarantee Irrevocable,,,,,,,,,,,,
,,,,,,,,,,,,,,,,,,,,,,,,.pdf,Technical Qualification Details,,,,,,,,,,,,,,,,,,,4.0,FDR - Fixed Deposit Receipt,,,,,,,,,,,,
,,,,,,,,,,,,,,,,,,,,,,2.0,Finance,.xls,BOQ,,,,,,,,,,,,,,,,,,,,,,,,,,,,,,,,
,,,,,,,,,,,,,,,,,,,,,,,,.pdf,FOB,,,,,,,,,,,,,,,,,,,,,,,,,,,,,,,,
