﻿Publish Date,Bid Opening Date,Document Download / Sale Start Date,Document Download / Sale End Date,Clarification Start Date,Clarification End Date,Bid Submission Start Date,Bid Submission End Date,Financial Bid Opening Date,Cover No,Cover,Document Type,Description,Name,Address,Title,Work Description,Pre Qualification Details,Independent External Monitor/Remarks,Tender Value in ₹,Product Category,Sub category,Contract Type,Bid Validity(Days),Period Of Work(Days),Location,Pincode,Pre Bid Meeting Place,Pre Bid Meeting Address,Pre Bid Meeting Date,Bid Opening Place,Should Allow NDA Tender,Allow Preferential Bidder,Tender Fee in ₹,Fee Payable To,Fee Payable At,Tender Fee Exemption Allowed,Organisation Chain,Tender Reference Number,Tender ID,Tender Type,Form of contract,Tender Category,No. of Covers,General Technical Evaluation Allowed,ItemWise Technical Evaluation Allowed,Payment Mode,Is Multi Currency Allowed For BOQ,Is Multi Currency Allowed For Fee,Allow Two Stage Bidding,S.No,Instrument Type,EMD Amount in ₹,EMD through BG/ST or EMD Exemption Allowed,EMD Fee Type,EMD Percentage,EMD Payable To,EMD Payable At
08-Sep-2020 02:30 PM,14-Sep-2020 02:30 PM,08-Sep-2020 03:30 PM,14-Sep-2020 02:00 PM,NA ,NA ,08-Sep-2020 03:30 PM,14-Sep-2020 02:00 PM,21-Sep-2020 04:45 PM,1.0,Fee/PreQual/Technical,.pdf,DOCUMENT COST,"CE, PWD (Bldg), Assam, Chandmari, Ghy-3","O/O The CE, PWD (Bldg), Assam, Chandmari, Ghy-3",Upgradation of 24 nos. of existing Hospitals for setting up of ICUs for treatment of patients of COVID-19 under Assam Critical Care Project-2020 at MMCH.,Upgradation of 24 nos. of existing Hospitals for setting up of ICUs for treatment of patients of COVID-19 under Assam Critical Care Project-2020 at MMCH.,Please refer Tender documents. ,NA ,"4,33,07,000",Civil Works - Building,NA ,Tender,180.0,120.0,MMCH,781001.0,"O/O The CE, PWD (Bldg), Assam, Chandmari, Ghy-3 ","O/O The CE, PWD (Bldg), Assam, Chandmari, Ghy-3 ",11-Sep-2020 11:00 AM ,"O/O The CE, PWD (Bldg), Assam, Chandmari, Ghy-3",No ,No,"12,500",Assam State Road Board Maintenance (Road) Fund,Guwahati,No,Public Works Building and NH Department||Chief Engineer-Building - PWBNH,DIS-COV -19/25 (RT),2020_PWBNH_18625_1,Open Tender,Item Rate,Works,2.0,No,No,Offline,No,No,No,1.0,DD - Demand Draft,"8,66,140",Yes,percentage,2.0%,"EE, P.W.D. Guwahati Building Division-II, Dispur",Guwahati
,,,,,,,,,,,.pdf,BID SECURITY,,,,,,,,,,,,,,,,,,,,,,,,,,,,,,,,,,,,,,2.0,BC - Bankers Cheque,,,,,,
,,,,,,,,,,,.pdf,BIDDING DCOUMENT,,,,,,,,,,,,,,,,,,,,,,,,,,,,,,,,,,,,,,3.0,BG - Bank Guarantee Irrevocable,,,,,,
,,,,,,,,,,,.pdf,TECHNICAL QUALIFICATIONS,,,,,,,,,,,,,,,,,,,,,,,,,,,,,,,,,,,,,,4.0,FDR - Fixed Deposit Receipt,,,,,,
,,,,,,,,,2.0,Finance,.xls,BOQ,,,,,,,,,,,,,,,,,,,,,,,,,,,,,,,,,,,,,,,,,,,,,
,,,,,,,,,,,.pdf,FORM OF BID,,,,,,,,,,,,,,,,,,,,,,,,,,,,,,,,,,,,,,,,,,,,,
