﻿Tender Fee in ₹,Fee Payable To,Fee Payable At,Tender Fee Exemption Allowed,Name,Address,Publish Date,Bid Opening Date,Document Download / Sale Start Date,Document Download / Sale End Date,Clarification Start Date,Clarification End Date,Bid Submission Start Date,Bid Submission End Date,Financial Bid Opening Date,EMD Amount in ₹,EMD through BG/ST or EMD Exemption Allowed,EMD Fee Type,EMD Percentage,EMD Payable To,EMD Payable At,Organisation Chain,Tender Reference Number,Tender ID,Tender Type,Form of contract,Tender Category,No. of Covers,General Technical Evaluation Allowed,ItemWise Technical Evaluation Allowed,Payment Mode,Is Multi Currency Allowed For BOQ,Is Multi Currency Allowed For Fee,Allow Two Stage Bidding,S.No,Instrument Type,Title,Work Description,Pre Qualification Details,Independent External Monitor/Remarks,Tender Value in ₹,Product Category,Sub category,Contract Type,Bid Validity(Days),Period Of Work(Days),Location,Pincode,Pre Bid Meeting Place,Pre Bid Meeting Address,Pre Bid Meeting Date,Bid Opening Place,Should Allow NDA Tender,Allow Preferential Bidder,Cover No,Cover,Document Type,Description
"4,000",Up gradation of existing IA Rani,GHY,No,MD AIIDC,Bamunimaidam Ghy 21,10-Oct-2020 10:00 AM,21-Oct-2020 03:00 PM,10-Oct-2020 10:00 AM,21-Oct-2020 02:00 PM,10-Oct-2020 10:00 AM ,21-Oct-2020 02:00 PM ,14-Oct-2020 10:00 AM,21-Oct-2020 02:00 PM,22-Dec-2020 02:00 PM,"2,64,600",Yes,fixed,,Up gradation of existing IA Rani,GHY,Industries and Commerce Department||Assam Industrial Infrastructure Development Corporation,AIIDC/2016/2020/1010 date 9/10/2020,2020_ICD_18900_2,Open Tender,Item Rate,Works,2.0,No,No,Offline,No,No,No,1.0,DD - Demand Draft,Improvement of the Internal road by CC pavement and construction of storm water RCC drain at I/A Rani under Up gradation of Industrial Area Rani project Gr No II,Improvement of the Internal road by CC pavement and construction of storm water RCC drain at I/A Rani under Up gradation of Industrial Area Rani project Gr No II,Please refer Tender documents. ,NA ,"1,32,26,945",Civil Works – Roads,NA ,Tender,180.0,120.0,IA Rani Kamrup,781131.0,NA ,NA ,NA ,Bamunimaidam Ghy,No ,No,1.0,Fee/PreQual/Technical,.pdf,Cost of bid and Bid security
,,,,,,,,,,,,,,,,,,,,,,,,,,,,,,,,,,2.0,BC - Bankers Cheque,,,,,,,,,,,,,,,,,,,,,.pdf,Signed bid document
,,,,,,,,,,,,,,,,,,,,,,,,,,,,,,,,,,,,,,,,,,,,,,,,,,,,,,,,.pdf,Technical qualification
,,,,,,,,,,,,,,,,,,,,,,,,,,,,,,,,,,,,,,,,,,,,,,,,,,,,,,2.0,Finance,.xls,BOQ
,,,,,,,,,,,,,,,,,,,,,,,,,,,,,,,,,,,,,,,,,,,,,,,,,,,,,,,,.pdf,FOB
