﻿S.No,Instrument Type,Publish Date,Bid Opening Date,Document Download / Sale Start Date,Document Download / Sale End Date,Clarification Start Date,Clarification End Date,Bid Submission Start Date,Bid Submission End Date,Financial Bid Opening Date,Name,Address,Cover No,Cover,Document Type,Description,EMD Amount in ₹,EMD through BG/ST or EMD Exemption Allowed,EMD Fee Type,EMD Percentage,EMD Payable To,EMD Payable At,Title,Work Description,Pre Qualification Details,Independent External Monitor/Remarks,Tender Value in ₹,Product Category,Sub category,Contract Type,Bid Validity(Days),Period Of Work(Days),Location,Pincode,Pre Bid Meeting Place,Pre Bid Meeting Address,Pre Bid Meeting Date,Bid Opening Place,Should Allow NDA Tender,Allow Preferential Bidder,Organisation Chain,Tender Reference Number,Tender ID,Tender Type,Form of contract,Tender Category,No. of Covers,General Technical Evaluation Allowed,ItemWise Technical Evaluation Allowed,Payment Mode,Is Multi Currency Allowed For BOQ,Is Multi Currency Allowed For Fee,Allow Two Stage Bidding,Tender Fee in ₹,Fee Payable To,Fee Payable At,Tender Fee Exemption Allowed
1.0,DD - Demand Draft,17-Feb-2020 04:00 PM,28-Feb-2020 03:00 PM,17-Feb-2020 04:00 PM,28-Feb-2020 02:00 PM,17-Feb-2020 04:00 PM ,24-Feb-2020 11:00 AM ,17-Feb-2020 04:00 PM,28-Feb-2020 02:00 PM,07-Mar-2020 02:00 PM,"CEO, GMDA","Bhangagarh, Guwahati-05",1.0,Fee/PreQual/Technical,.pdf,Tender Fee and EMD,"1,90,048",Yes,percentage,2.0%,"CEO, GMDA",Guwahati,"Construction of Gallery and Development of Play Ground (Mini Stadium) at Uddayan Kristi Sangha Play Ground, Lokhra, Kamrup, Assam","Construction of Gallery and Development of Play Ground (Mini Stadium) at Uddayan Kristi Sangha Play Ground, Lokhra, Kamrup, Assam",Please refer Tender documents. ,NA ,"95,02,400",Civil Works,NA ,Tender,120.0,180.0,Guwahati,781005.0,NA ,NA ,NA ,"Office of CEO, GMDA",No ,No,Guwahati Metropolitan Development Authority||Guwahati Development Department - GMDA,GMDA/DEV/124/2019/15,2020_GMDA_16571_1,Open Tender,Item Rate,Works,2.0,No,No,Offline,No,No,No,"2,000","CEO, GMDA",Guwahati,No
2.0,BC - Bankers Cheque,,,,,,,,,,,,,,.pdf,Technical Documents,,,,,,,,,,,,,,,,,,,,,,,,,,,,,,,,,,,,,,,,,
3.0,FDR - Fixed Deposit Receipt,,,,,,,,,,,,2.0,Finance,.xls,BOQ,,,,,,,,,,,,,,,,,,,,,,,,,,,,,,,,,,,,,,,,,
,,,,,,,,,,,,,,,.pdf,Form of Bid,,,,,,,,,,,,,,,,,,,,,,,,,,,,,,,,,,,,,,,,,
