﻿Organisation Chain,Tender Reference Number,Tender ID,Tender Type,Form of contract,Tender Category,No. of Covers,General Technical Evaluation Allowed,ItemWise Technical Evaluation Allowed,Payment Mode,Is Multi Currency Allowed For BOQ,Is Multi Currency Allowed For Fee,Allow Two Stage Bidding,EMD Amount in ₹,EMD through BG/ST or EMD Exemption Allowed,EMD Fee Type,EMD Percentage,EMD Payable To,EMD Payable At,S.No,Corrigendum Title,Corrigendum Type,View,Name,Address,Title,Work Description,Pre Qualification Details,Independent External Monitor/Remarks,Tender Value in ₹,Product Category,Sub category,Contract Type,Bid Validity(Days),Period Of Work(Days),Location,Pincode,Pre Bid Meeting Place,Pre Bid Meeting Address,Pre Bid Meeting Date,Bid Opening Place,Should Allow NDA Tender,Allow Preferential Bidder,S.No,Instrument Type,Cover No,Cover,Document Type,Description,Tender Fee in ₹,Fee Payable To,Fee Payable At,Tender Fee Exemption Allowed,Publish Date,Bid Opening Date,Document Download / Sale Start Date,Document Download / Sale End Date,Clarification Start Date,Clarification End Date,Bid Submission Start Date,Bid Submission End Date,Financial Bid Opening Date
Public Works Roads Department,ACE/TEZ/CS/NR/2020-21/06,2020_PWD_17457_1,Open Tender,Item Rate,Works,2.0,No,No,Offline,No,No,No,"5,00,000",Yes,fixed,,The Executive Engineer PWD Morigaon District Terri,Morigan,1.0,Cancellation of Tender,Cancellation of Tender,,ADDITIONAL CHIEF ENGINEER.PWD ROADS,O/O THE ADDITIONAL CHIEF ENGINEER PWD ROADS TEZPUR ZONE TEZPUR,ACE/SOPD (G)/Tez/Mor/2020-21/01,Improvement of Road from NH-715 (Jagiroad Morigaon road) near Ghunusha Habi to NH-37 road under SOPD (G) for the year 2019-20 of Morigaon District Territorial Road Division Morigaon,Please refer Tender documents. ,NA ,"2,47,55,909",Civil Works,NA ,Tender,180.0,180.0,Morigaon,782105.0,NA ,NA ,NA ,O/O THE ADDITIONAL CHIEF ENGINEER PWD ROADS TEZPUR,No ,No,1.0,BG - Bank Guarantee Irrevocable,1.0,Fee/PreQual/Technical,.pdf,Cost of Tender document,"5,000",EMPOWERED OFFICER ASSAM STATE ROAD BOARD GUWAHATI,GUWAHATI,Yes,11-May-2020 01:00 PM,19-May-2020 03:00 PM,11-May-2020 01:30 PM,19-May-2020 02:00 PM,11-May-2020 01:30 PM ,19-May-2020 02:00 PM ,11-May-2020 01:30 PM,19-May-2020 02:00 PM,28-May-2020 02:55 PM
,,,,,,,,,,,,,,,,,,,,,,,,,,,,,,,,,,,,,,,,,,,2.0,FDR - Fixed Deposit Receipt,,,.pdf,EMD,,,,,,,,,,,,,
,,,,,,,,,,,,,,,,,,,,,,,,,,,,,,,,,,,,,,,,,,,,,,,.pdf,Technical Qualification Details,,,,,,,,,,,,,
,,,,,,,,,,,,,,,,,,,,,,,,,,,,,,,,,,,,,,,,,,,,,,,.pdf,SBD,,,,,,,,,,,,,
,,,,,,,,,,,,,,,,,,,,,,,,,,,,,,,,,,,,,,,,,,,,,2.0,Finance,.xls,BOQ,,,,,,,,,,,,,
,,,,,,,,,,,,,,,,,,,,,,,,,,,,,,,,,,,,,,,,,,,,,,,.pdf,FOB,,,,,,,,,,,,,
