﻿EMD Amount in ₹,EMD through BG/ST or EMD Exemption Allowed,EMD Fee Type,EMD Percentage,EMD Payable To,EMD Payable At,S.No,Instrument Type,Organisation Chain,Tender Reference Number,Tender ID,Tender Type,Form of contract,Tender Category,No. of Covers,General Technical Evaluation Allowed,ItemWise Technical Evaluation Allowed,Payment Mode,Is Multi Currency Allowed For BOQ,Is Multi Currency Allowed For Fee,Allow Two Stage Bidding,Title,Work Description,Pre Qualification Details,Independent External Monitor/Remarks,Tender Value in ₹,Product Category,Sub category,Contract Type,Bid Validity(Days),Period Of Work(Days),Location,Pincode,Pre Bid Meeting Place,Pre Bid Meeting Address,Pre Bid Meeting Date,Bid Opening Place,Should Allow NDA Tender,Allow Preferential Bidder,Publish Date,Bid Opening Date,Document Download / Sale Start Date,Document Download / Sale End Date,Clarification Start Date,Clarification End Date,Bid Submission Start Date,Bid Submission End Date,Financial Bid Opening Date,Tender Fee in ₹,Fee Payable To,Fee Payable At,Tender Fee Exemption Allowed,Name,Address,Cover No,Cover,Document Type,Description
"4,00,040",Yes,percentage,2.0%,Assam Police Housing Corporation Ltd,Guwahati,1.0,DD - Demand Draft,Assam Police Housing Corporation Ltd,APHC/CS/14/2020-21_Latasil,2020_APHC_18574_1,Open Tender,Item Rate,Works,2.0,No,No,Offline,No,No,No,Construction of RCC 3storied PS Building (foundation provision G3) with provision of Reception and Conference Hall with Cyber Room etc. in existing PS at Latasil P.S. in Kamrup(M) District under MOITRI Scheme.,Construction of RCC 3storied PS Building (foundation provision G3) with provision of Reception and Conference Hall with Cyber Room etc. in existing PS at Latasil P.S. in Kamrup(M) District under MOITRI Scheme.,Please refer Tender documents. ,NA ,"2,00,01,990",Civil Works - Building,NA ,Tender,120.0,360.0,Latasil P.S. in Kamrup(M) District,781001.0,Assam Police Housing Corporation Ltd. ,Assam Police Housing Corporation Ltd Rehabari Guwahati 8 ,10-Sep-2020 02:00 PM ,Assam Police Housing Corporation Ltd.,No ,No,04-Sep-2020 04:00 PM,23-Sep-2020 11:30 AM,04-Sep-2020 04:00 PM,22-Sep-2020 02:00 PM,NA ,NA ,04-Sep-2020 04:00 PM,22-Sep-2020 02:00 PM,13-Nov-2020 01:00 PM,"10,000",Assam Police Housing Corporation Ltd,Guwahati,No,Chief Engineer,Assam Police Housing Corporation Ltd Rehabari Guwahati 8,1.0,Fee/PreQual/Technical,.pdf,DOCUMENT COST
,,,,,,,,,,,,,,,,,,,,,,,,,,,,,,,,,,,,,,,,,,,,,,,,,,,,,,,,.pdf,BID SECURITY
,,,,,,,,,,,,,,,,,,,,,,,,,,,,,,,,,,,,,,,,,,,,,,,,,,,,,,,,.pdf,TECHNICAL DOCUMENT
,,,,,,,,,,,,,,,,,,,,,,,,,,,,,,,,,,,,,,,,,,,,,,,,,,,,,,,,.pdf,BID DOCUMENT
,,,,,,,,,,,,,,,,,,,,,,,,,,,,,,,,,,,,,,,,,,,,,,,,,,,,,,2.0,Finance,.xls,BOQ
,,,,,,,,,,,,,,,,,,,,,,,,,,,,,,,,,,,,,,,,,,,,,,,,,,,,,,,,.pdf,FORM OF BID
