﻿Name,Address,Publish Date,Bid Opening Date,Document Download / Sale Start Date,Document Download / Sale End Date,Clarification Start Date,Clarification End Date,Bid Submission Start Date,Bid Submission End Date,Financial Bid Opening Date,Tender Fee in ₹,Fee Payable To,Fee Payable At,Tender Fee Exemption Allowed,Cover No,Cover,Document Type,Description,Organisation Chain,Tender Reference Number,Tender ID,Tender Type,Form of contract,Tender Category,No. of Covers,General Technical Evaluation Allowed,ItemWise Technical Evaluation Allowed,Payment Mode,Is Multi Currency Allowed For BOQ,Is Multi Currency Allowed For Fee,Allow Two Stage Bidding,S.No,Instrument Type,Title,Work Description,Pre Qualification Details,Independent External Monitor/Remarks,Tender Value in ₹,Product Category,Sub category,Contract Type,Bid Validity(Days),Period Of Work(Days),Location,Pincode,Pre Bid Meeting Place,Pre Bid Meeting Address,Pre Bid Meeting Date,Bid Opening Place,Should Allow NDA Tender,Allow Preferential Bidder,EMD Amount in ₹,EMD through BG/ST or EMD Exemption Allowed,EMD Fee Type,EMD Percentage,EMD Payable To,EMD Payable At
SE PWD JRC,O/O SE PWD JRC,23-Nov-2020 10:00 AM,03-Dec-2020 01:00 PM,23-Nov-2020 10:00 AM,01-Dec-2020 04:00 PM,NA ,NA ,23-Nov-2020 10:00 AM,01-Dec-2020 04:00 PM,07-Dec-2020 02:40 PM,"1,500",Empowered Officer ASRB,GUWAHATI,No,1.0,Fee/PreQual/Technical,.pdf,Cost of Bid,Public Works Roads Department,SE/JRC/SOPD(G)/3251,2020_PWD_19377_7,Open Tender,Item Rate,Works,2.0,No,No,Offline,No,No,No,1.0,DD - Demand Draft,Construction of Henduriting Bagan and 20 No. Line LP School Connecting Road under Golaghat and Khumtai Territorial Road Division under SOPD(G) for the year 2020-21 (L-1.225) in Khumtai LAC. Pkg. No. SOPD(G)/2020-21/GKTRD/KHM/07,Construction of Henduriting Bagan and 20 No. Line LP School Connecting Road under Golaghat and Khumtai Territorial Road Division under SOPD(G) for the year 2020-21 (L-1.225) in Khumtai LAC. Pkg. No. SOPD(G)/2020-21/GKTRD/KHM/07,Please refer Tender documents. ,NA ,"74,08,364",Civil Works – Roads,NA ,Tender,180.0,180.0,Khumtai,785702.0,NA ,NA ,NA ,O/O SE PWD JRC,No ,No,"1,48,167",Yes,percentage,2.0%,EE PWD Golaghat and Khumtai Territorial Road Div.,Khumtai
,,,,,,,,,,,,,,,,,.pdf,Bid Security,,,,,,,,,,,,,,2.0,BC - Bankers Cheque,,,,,,,,,,,,,,,,,,,,,,,,
,,,,,,,,,,,,,,,,,.pdf,Technical Qualification Document,,,,,,,,,,,,,,3.0,BG - Bank Guarantee Irrevocable,,,,,,,,,,,,,,,,,,,,,,,,
,,,,,,,,,,,,,,,,,.pdf,SBD,,,,,,,,,,,,,,4.0,FDR - Fixed Deposit Receipt,,,,,,,,,,,,,,,,,,,,,,,,
,,,,,,,,,,,,,,,2.0,Finance,.xls,BOQ,,,,,,,,,,,,,,5.0,DCR - Deposit at call receipt,,,,,,,,,,,,,,,,,,,,,,,,
,,,,,,,,,,,,,,,,,.pdf,FOB,,,,,,,,,,,,,,,,,,,,,,,,,,,,,,,,,,,,,,,
