﻿Name,Address,Cover No,Cover,Document Type,Description,Publish Date,Bid Opening Date,Document Download / Sale Start Date,Document Download / Sale End Date,Clarification Start Date,Clarification End Date,Bid Submission Start Date,Bid Submission End Date,Financial Bid Opening Date,Organisation Chain,Tender Reference Number,Tender ID,Tender Type,Form of contract,Tender Category,No. of Covers,General Technical Evaluation Allowed,ItemWise Technical Evaluation Allowed,Payment Mode,Is Multi Currency Allowed For BOQ,Is Multi Currency Allowed For Fee,Allow Two Stage Bidding,EMD Amount in ₹,EMD through BG/ST or EMD Exemption Allowed,EMD Fee Type,EMD Percentage,EMD Payable To,EMD Payable At,Title,Work Description,Pre Qualification Details,Independent External Monitor/Remarks,Tender Value in ₹,Product Category,Sub category,Contract Type,Bid Validity(Days),Period Of Work(Days),Location,Pincode,Pre Bid Meeting Place,Pre Bid Meeting Address,Pre Bid Meeting Date,Bid Opening Place,Should Allow NDA Tender,Allow Preferential Bidder,S.No,Instrument Type,Tender Fee in ₹,Fee Payable To,Fee Payable At,Tender Fee Exemption Allowed
S.E. P.W.D. Dibrugarh Road Circle,o/o the S.E. P.W.D. Dibrugarh Road Circle,1.0,Fee/PreQual/Technical,.pdf,Bid Security,20-Jan-2020 10:00 AM,01-Feb-2020 11:00 AM,20-Jan-2020 10:00 AM,30-Jan-2020 04:00 PM,NA ,NA ,20-Jan-2020 10:00 AM,30-Jan-2020 04:00 PM,12-Feb-2020 11:00 AM,Public Works Roads Department,DRC-XIII/16/98/NIT/TSK/ 129,2020_PWD_15871_1,Open Tender,Item Rate,Works,2.0,No,No,Offline,No,No,No,"1,27,900",Yes,fixed,,E E PWD Digboi and Margherita Teritorial Road Divn,Margherita,Margherita/ASOMDARSHAN/2019-20,Constuction of 1 No Lajum Namghar Road (Religious Place) under ASOM DARSHAN for the year 2019-20,Please Refer Tender documents ,NA ,"63,92,000",Civil Works,NA ,Tender,90.0,180.0,Margherita,786181.0,NA ,NA ,NA ,o/o the S.E. P.W.D. Dibrugarh Road Circle,No ,No,1.0,DD - Demand Draft,"1,800","Empowered Officer, ASRB, Assam",GUWAHATI,No
,,,,.pdf,Cost of Tender Document,,,,,,,,,,,,,,,,,,,,,,,,,,,,,,,,,,,,,,,,,,,,,,,2.0,BC - Bankers Cheque,,,,
,,,,.pdf,Technical Qualification Details,,,,,,,,,,,,,,,,,,,,,,,,,,,,,,,,,,,,,,,,,,,,,,,3.0,BG - Bank Guarantee Irrevocable,,,,
,,,,.pdf,SBD,,,,,,,,,,,,,,,,,,,,,,,,,,,,,,,,,,,,,,,,,,,,,,,4.0,FDR - Fixed Deposit Receipt,,,,
,,2.0,Finance,.xls,BOQ,,,,,,,,,,,,,,,,,,,,,,,,,,,,,,,,,,,,,,,,,,,,,,,,,,,,
,,,,.pdf,Form of Bid,,,,,,,,,,,,,,,,,,,,,,,,,,,,,,,,,,,,,,,,,,,,,,,,,,,,
