﻿Organisation Chain,Tender Reference Number,Tender ID,Tender Type,Form of contract,Tender Category,No. of Covers,General Technical Evaluation Allowed,ItemWise Technical Evaluation Allowed,Payment Mode,Is Multi Currency Allowed For BOQ,Is Multi Currency Allowed For Fee,Allow Two Stage Bidding,EMD Amount in ₹,EMD through BG/ST or EMD Exemption Allowed,EMD Fee Type,EMD Percentage,EMD Payable To,EMD Payable At,S.No,Instrument Type,Name,Address,Title,Work Description,Pre Qualification Details,Independent External Monitor/Remarks,Tender Value in ₹,Product Category,Sub category,Contract Type,Bid Validity(Days),Period Of Work(Days),Location,Pincode,Pre Bid Meeting Place,Pre Bid Meeting Address,Pre Bid Meeting Date,Bid Opening Place,Should Allow NDA Tender,Allow Preferential Bidder,Cover No,Cover,Document Type,Description,Publish Date,Bid Opening Date,Document Download / Sale Start Date,Document Download / Sale End Date,Clarification Start Date,Clarification End Date,Bid Submission Start Date,Bid Submission End Date,Financial Bid Opening Date,Tender Fee in ₹,Fee Payable To,Fee Payable At,Tender Fee Exemption Allowed
Public Works Roads Department,No. GRC/NIT/510./2018-19/2922 Dated.29/10/2020,2020_PWD_19161_1,Open Tender,Item Rate,Works,2.0,No,No,Offline,No,No,No,"2,70,400",Yes,fixed,,PWD,GUWAHATI,1.0,DD - Demand Draft,"SE,GRC,PWD,Ghy-01","O/O The Superintending Engineer,PWD,GRC,Ghy-01",KAM/GRC/SOPD(G)/ 2020-21/36,1.Karara Gaon Panchayat Chwk to Nakuchi Chwk .2.Karara Bathan Rd to Sutarkuchi via Bhakat Suba.3.Rd from 2nd Km of Karara Pingaleswar Rd to Pingaleswar Bar Pukhuri.4.H.P. Culvert at Arjuntal Chowk to Bakultal Mandir rd,Please refer tender ,NA ,,Civil Works – Roads,NA ,Tender,90.0,NA ,Kamalpur,781380.0,NA ,NA ,NA ,Online,No ,No,1.0,Fee/PreQual/Technical,.pdf,Bid security,03-Nov-2020 02:00 PM,10-Nov-2020 01:00 PM,03-Nov-2020 02:00 PM,09-Nov-2020 02:00 PM,03-Nov-2020 02:00 PM ,09-Nov-2020 02:00 PM ,03-Nov-2020 02:00 PM,09-Nov-2020 02:00 PM,10-Dec-2020 04:00 PM,"4,056",PWD,GUWAHATI,Yes
,,,,,,,,,,,,,,,,,,,2.0,BC - Bankers Cheque,,,,,,,,,,,,,,,,,,,,,,,.pdf,Bid cost,,,,,,,,,,,,,
,,,,,,,,,,,,,,,,,,,3.0,BG - Bank Guarantee Irrevocable,,,,,,,,,,,,,,,,,,,,,,,.pdf,Technical qualification details,,,,,,,,,,,,,
,,,,,,,,,,,,,,,,,,,4.0,FDR - Fixed Deposit Receipt,,,,,,,,,,,,,,,,,,,,,,,.pdf,SBD,,,,,,,,,,,,,
,,,,,,,,,,,,,,,,,,,,,,,,,,,,,,,,,,,,,,,,,2.0,Finance,.xls,BOQ,,,,,,,,,,,,,
,,,,,,,,,,,,,,,,,,,,,,,,,,,,,,,,,,,,,,,,,,,.pdf,FOB,,,,,,,,,,,,,
