﻿Cover No,Cover,Document Type,Description,Title,Work Description,Pre Qualification Details,Independent External Monitor/Remarks,Tender Value in ₹,Product Category,Sub category,Contract Type,Bid Validity(Days),Period Of Work(Days),Location,Pincode,Pre Bid Meeting Place,Pre Bid Meeting Address,Pre Bid Meeting Date,Bid Opening Place,Should Allow NDA Tender,Allow Preferential Bidder,Tender Fee in ₹,Fee Payable To,Fee Payable At,Tender Fee Exemption Allowed,Organisation Chain,Tender Reference Number,Tender ID,Tender Type,Form of contract,Tender Category,No. of Covers,General Technical Evaluation Allowed,ItemWise Technical Evaluation Allowed,Payment Mode,Is Multi Currency Allowed For BOQ,Is Multi Currency Allowed For Fee,Allow Two Stage Bidding,S.No,Corrigendum Title,Corrigendum Type,View,S.No,Instrument Type,Publish Date,Bid Opening Date,Document Download / Sale Start Date,Document Download / Sale End Date,Clarification Start Date,Clarification End Date,Bid Submission Start Date,Bid Submission End Date,EMD Amount in ₹,EMD through BG/ST or EMD Exemption Allowed,EMD Fee Type,EMD Percentage,EMD Payable To,EMD Payable At,Name,Address
1.0,Fee/PreQual/Technical,.pdf,DOCUMENT COST,"Construction of 2 Storied RCC LS qtr. 8units 1 Bldg. Civil Works, etc. at Hamren P.R. in Karbi Anglong Dist. under 13th F.C.A for the year 2013-14 (Balance Work)","Construction of 2 Storied RCC LS qtr. 8units 1 Bldg. Civil Works, etc. at Hamren P.R. in Karbi Anglong Dist. under 13th F.C.A for the year 2013-14 (Balance Work)",Please refer Tender documents. ,NA ,"61,38,790",Civil Works - Building,NA ,Tender,120.0,270.0,Hamren P.S.in Karbi Anglong Dist,782486.0,NA ,NA ,NA ,Assam Police Housing Corporation Ltd.,No ,No,"4,000",Assam Police Housing Corporation Ltd,Guwahati,No,Assam Police Housing Corporation Ltd,APHC/CS/68/2018-19_HamrenPS,2020_APHC_16042_1,Open Tender,Item Rate,Works,2.0,No,No,Offline,No,No,No,1.0,Cancellation Notice,Cancellation of Tender,,1.0,DD - Demand Draft,24-Jan-2020 04:00 PM,11-Feb-2020 02:30 PM,24-Jan-2020 04:00 PM,11-Feb-2020 02:00 PM,NA ,NA ,24-Jan-2020 04:00 PM,11-Feb-2020 02:00 PM,"1,22,776",Yes,percentage,2.0%,Assam Police Housing Corporation Ltd,Guwahati,Chief Engineer,Assam Police Housing Corporation Ltd Rehabari Guwahati 8
,,.pdf,BID SECURITY,,,,,,,,,,,,,,,,,,,,,,,,,,,,,,,,,,,,,,,,,,,,,,,,,,,,,,,,,
,,.pdf,TECHNICAL DOCUMENT,,,,,,,,,,,,,,,,,,,,,,,,,,,,,,,,,,,,,,,,,,,,,,,,,,,,,,,,,
,,.pdf,BID DOCUMENT,,,,,,,,,,,,,,,,,,,,,,,,,,,,,,,,,,,,,,,,,,,,,,,,,,,,,,,,,
2.0,Finance,.xls,BOQ,,,,,,,,,,,,,,,,,,,,,,,,,,,,,,,,,,,,,,,,,,,,,,,,,,,,,,,,,
,,.pdf,FORM OF BID,,,,,,,,,,,,,,,,,,,,,,,,,,,,,,,,,,,,,,,,,,,,,,,,,,,,,,,,,
