﻿Name,Address,Title,Work Description,Pre Qualification Details,Independent External Monitor/Remarks,Tender Value in ₹,Product Category,Sub category,Contract Type,Bid Validity(Days),Period Of Work(Days),Location,Pincode,Pre Bid Meeting Place,Pre Bid Meeting Address,Pre Bid Meeting Date,Bid Opening Place,Should Allow NDA Tender,Allow Preferential Bidder,Organisation Chain,Tender Reference Number,Tender ID,Tender Type,Form of contract,Tender Category,No. of Covers,General Technical Evaluation Allowed,ItemWise Technical Evaluation Allowed,Payment Mode,Is Multi Currency Allowed For BOQ,Is Multi Currency Allowed For Fee,Allow Two Stage Bidding,Tender Fee in ₹,Fee Payable To,Fee Payable At,Tender Fee Exemption Allowed,Publish Date,Bid Opening Date,Document Download / Sale Start Date,Document Download / Sale End Date,Clarification Start Date,Clarification End Date,Bid Submission Start Date,Bid Submission End Date,Financial Bid Opening Date,S.No,Instrument Type,Cover No,Cover,Document Type,Description,EMD Amount in ₹,EMD through BG/ST or EMD Exemption Allowed,EMD Fee Type,EMD Percentage,EMD Payable To,EMD Payable At
"Chief Engineer, PWD (Roads), Assam","O/o the Chief Engineer, PWD (Roads), Assam, Chandmari, Guwahati, 781003",Khumtai/SIG/II/03 Improvement of road from Dhodar Ali (35th km) to Sevadol Ali via Tribeni High School and Akar Ali (ch.0.00 m to ch. 8000.00 m ) under Signature Project for the year 2019-20 under Khumtai LAC,Khumtai/SIG/II/03 Improvement of road from Dhodar Ali (35th km) to Sevadol Ali via Tribeni High School and Akar Ali (ch.0.00 m to ch. 8000.00 m ) under Signature Project for the year 2019-20 under Khumtai LAC,Please refer Tender documents. ,NA ,"10,00,00,000",Civil Works,NA ,Tender,180.0,730.0,Khumtai,781003.0,NA ,NA ,NA ,"O/o the Chief Engineer, PWD (Roads), Assam",No ,No,Public Works Roads Department,CE/STBR/SP/97/2019-20/7,2020_PWD_17854_1,Open Tender,Item Rate,Works,2.0,No,No,Offline,No,No,No,"10,000","Empowered Officer, ASRB",GUWAHATI,Yes,09-Jun-2020 03:30 PM,25-Jun-2020 11:00 AM,10-Jun-2020 10:30 AM,24-Jun-2020 02:00 PM,10-Jun-2020 10:30 AM ,24-Jun-2020 02:00 PM ,10-Jun-2020 10:30 AM,24-Jun-2020 02:00 PM,24-Jul-2020 12:40 PM,1.0,DD - Demand Draft,1.0,Fee/PreQual/Technical,.pdf,Cost of Tender Document,"20,00,000",Yes,fixed,,"Chief Engineer, PWD (Roads), Assam",GUWAHATI
,,,,,,,,,,,,,,,,,,,,,,,,,,,,,,,,,,,,,,,,,,,,,,2.0,BC - Bankers Cheque,,,.pdf,Standard Bidding Document,,,,,,
,,,,,,,,,,,,,,,,,,,,,,,,,,,,,,,,,,,,,,,,,,,,,,3.0,BG - Bank Guarantee Irrevocable,,,.pdf,Bid security,,,,,,
,,,,,,,,,,,,,,,,,,,,,,,,,,,,,,,,,,,,,,,,,,,,,,4.0,FDR - Fixed Deposit Receipt,,,.pdf,Technical Qualification Details,,,,,,
,,,,,,,,,,,,,,,,,,,,,,,,,,,,,,,,,,,,,,,,,,,,,,,,2.0,Finance,.xls,Bill of Quantities,,,,,,
,,,,,,,,,,,,,,,,,,,,,,,,,,,,,,,,,,,,,,,,,,,,,,,,,,.pdf,Form of Bid,,,,,,
