﻿Name,Address,Cover No,Cover,Document Type,Description,Title,Work Description,Pre Qualification Details,Independent External Monitor/Remarks,Tender Value in ₹,Product Category,Sub category,Contract Type,Bid Validity(Days),Period Of Work(Days),Location,Pincode,Pre Bid Meeting Place,Pre Bid Meeting Address,Pre Bid Meeting Date,Bid Opening Place,Should Allow NDA Tender,Allow Preferential Bidder,S.No,Instrument Type,EMD Amount in ₹,EMD through BG/ST or EMD Exemption Allowed,EMD Fee Type,EMD Percentage,EMD Payable To,EMD Payable At,Organisation Chain,Tender Reference Number,Tender ID,Tender Type,Form of contract,Tender Category,No. of Covers,General Technical Evaluation Allowed,ItemWise Technical Evaluation Allowed,Payment Mode,Is Multi Currency Allowed For BOQ,Is Multi Currency Allowed For Fee,Allow Two Stage Bidding,Tender Fee in ₹,Fee Payable To,Fee Payable At,Tender Fee Exemption Allowed,Publish Date,Bid Opening Date,Document Download / Sale Start Date,Document Download / Sale End Date,Clarification Start Date,Clarification End Date,Bid Submission Start Date,Bid Submission End Date,Financial Bid Opening Date
"The Chief Engineer, PWD (Roads), Assam","O/o the Chief Engineer, PWD (Roads), Assam, Chandmari, Guwahati, 781003",1.0,Fee/PreQual/Technical,.pdf,Cost of Tender Document,MLCSNA/RIDF-XXV/Jorhat/02 Construction of RCC Br. no. 3/1 on Jamuguri Road over Rowroia Jan Under MLCSNA of RDIF XXV of NABARD 2019-20,MLCSNA/RIDF-XXV/Jorhat/02 Construction of RCC Br. no. 3/1 on Jamuguri Road over Rowroia Jan Under MLCSNA of RDIF XXV of NABARD 2019-20,Please refer Tender documents. ,NA ,"1,09,23,000",Civil Works,NA ,Tender,180.0,548.0,Jorhat,781003.0,NA ,NA ,NA ,"O/o the Chief Engineer, PWD (Roads), Assam",No ,No,1.0,DD - Demand Draft,"2,18,460",Yes,fixed,,"Chief Engineer, PWD (Roads), Assam",GUWAHATI,Public Works Roads Department,CE/STBR/NAB/RIDF- XXV/17/19-20/Pt/12,2020_PWD_17141_2,Open Tender,Item Rate,Works,2.0,No,No,Offline,No,No,No,"3,277","Empowered Officer, ASRB",GUWAHATI,No,12-Mar-2020 04:10 PM,21-Mar-2020 11:00 AM,13-Mar-2020 10:30 AM,20-Mar-2020 02:00 PM,13-Mar-2020 10:30 AM ,20-Mar-2020 02:00 PM ,13-Mar-2020 10:30 AM,20-Mar-2020 02:00 PM,18-May-2020 01:10 PM
,,,,.pdf,Earnest Money Doposit,,,,,,,,,,,,,,,,,,,2.0,BC - Bankers Cheque,,,,,,,,,,,,,,,,,,,,,,,,,,,,,,,,
,,,,.pdf,Technical Qualification Details,,,,,,,,,,,,,,,,,,,3.0,BG - Bank Guarantee Irrevocable,,,,,,,,,,,,,,,,,,,,,,,,,,,,,,,,
,,,,.pdf,SBD,,,,,,,,,,,,,,,,,,,4.0,FDR - Fixed Deposit Receipt,,,,,,,,,,,,,,,,,,,,,,,,,,,,,,,,
,,2.0,Finance,.xls,BOQ,,,,,,,,,,,,,,,,,,,,,,,,,,,,,,,,,,,,,,,,,,,,,,,,,,,,
,,,,.pdf,FOB,,,,,,,,,,,,,,,,,,,,,,,,,,,,,,,,,,,,,,,,,,,,,,,,,,,,
