﻿Publish Date,Bid Opening Date,Document Download / Sale Start Date,Document Download / Sale End Date,Clarification Start Date,Clarification End Date,Bid Submission Start Date,Bid Submission End Date,Financial Bid Opening Date,EMD Amount in ₹,EMD through BG/ST or EMD Exemption Allowed,EMD Fee Type,EMD Percentage,EMD Payable To,EMD Payable At,Cover No,Cover,Document Type,Description,S.No,Instrument Type,Title,Work Description,Pre Qualification Details,Independent External Monitor/Remarks,Tender Value in ₹,Product Category,Sub category,Contract Type,Bid Validity(Days),Period Of Work(Days),Location,Pincode,Pre Bid Meeting Place,Pre Bid Meeting Address,Pre Bid Meeting Date,Bid Opening Place,Should Allow NDA Tender,Allow Preferential Bidder,Name,Address,Tender Fee in ₹,Fee Payable To,Fee Payable At,Tender Fee Exemption Allowed,Organisation Chain,Tender Reference Number,Tender ID,Tender Type,Form of contract,Tender Category,No. of Covers,General Technical Evaluation Allowed,ItemWise Technical Evaluation Allowed,Payment Mode,Is Multi Currency Allowed For BOQ,Is Multi Currency Allowed For Fee,Allow Two Stage Bidding
22-May-2020 04:00 PM,06-Jun-2020 11:30 AM,22-May-2020 04:00 PM,05-Jun-2020 04:00 PM,NA ,NA ,22-May-2020 04:00 PM,05-Jun-2020 04:00 PM,18-Jun-2020 04:00 PM,"4,70,600",Yes,fixed,,"EE,PWD DLMT Territorial Road Division",Dibrugarh,1.0,Fee/PreQual/Technical,.pdf,Bid Security,1.0,DD - Demand Draft,SCSP/2019-20/Dibrugarh LAC,Construction of Jamirah Mottak Koibortragaon Road (Part-I CH. 0.00m to Ch.930.00M)(Part-II Ch. 0.00 m to Ch. 1040.00m) (Part-III Ch. 0.00 m to 810.00 m) under SCSP scheme for the year 2019-20- Dibrugarhl LAC.,Please Refer Tender documents ,NA ,"2,35,30,000",Civil Works,NA ,Tender,90.0,270.0,Dibrugarh,786001.0,NA ,NA ,NA ,o/o the Addl CE PWD(R) Eastern Zone Dbr,No ,No,Addl CE PWD(R) Eastern Zone Dbr,o/o the Addl CE PWD(R) Eastern Zone Dbr,"7,100","Empowered Officer, ASRB, Assam",GUWAHATI,No,Public Works Roads Department,NIT/ACE/EZ/SOPD(G)/113/2018/47,2020_PWD_17586_1,Open Tender,Item Rate,Works,2.0,No,No,Offline,No,No,No
,,,,,,,,,,,,,,,,,.pdf,Cost of Tender Document,2.0,BC - Bankers Cheque,,,,,,,,,,,,,,,,,,,,,,,,,,,,,,,,,,,,,
,,,,,,,,,,,,,,,,,.pdf,Technical Qualification Details,3.0,BG - Bank Guarantee Irrevocable,,,,,,,,,,,,,,,,,,,,,,,,,,,,,,,,,,,,,
,,,,,,,,,,,,,,,,,.pdf,SBD,4.0,FDR - Fixed Deposit Receipt,,,,,,,,,,,,,,,,,,,,,,,,,,,,,,,,,,,,,
,,,,,,,,,,,,,,,2.0,Finance,.pdf,Form of Bid,,,,,,,,,,,,,,,,,,,,,,,,,,,,,,,,,,,,,,,
,,,,,,,,,,,,,,,,,.xls,BOQ,,,,,,,,,,,,,,,,,,,,,,,,,,,,,,,,,,,,,,,
