﻿Cover No,Cover,Document Type,Description,Organisation Chain,Tender Reference Number,Tender ID,Tender Type,Form of contract,Tender Category,No. of Covers,General Technical Evaluation Allowed,ItemWise Technical Evaluation Allowed,Payment Mode,Is Multi Currency Allowed For BOQ,Is Multi Currency Allowed For Fee,Allow Two Stage Bidding,Title,Work Description,Pre Qualification Details,Independent External Monitor/Remarks,Tender Value in ₹,Product Category,Sub category,Contract Type,Bid Validity(Days),Period Of Work(Days),Location,Pincode,Pre Bid Meeting Place,Pre Bid Meeting Address,Pre Bid Meeting Date,Bid Opening Place,Should Allow NDA Tender,Allow Preferential Bidder,Tender Fee in ₹,Fee Payable To,Fee Payable At,Tender Fee Exemption Allowed,Publish Date,Bid Opening Date,Document Download / Sale Start Date,Document Download / Sale End Date,Clarification Start Date,Clarification End Date,Bid Submission Start Date,Bid Submission End Date,S.No,Instrument Type,EMD Amount in ₹,EMD through BG/ST or EMD Exemption Allowed,EMD Fee Type,EMD Percentage,EMD Payable To,EMD Payable At,Name,Address
1.0,Fee/PreQual/Technical,.pdf,Cost and EMD,Bodoland Territorial Council||Health and Family Welfare-BTC,DHS/04/2019-20,2020_BoTC_16293_1,Open Tender,Supply,Goods,2.0,No,No,Offline,No,No,No,Procurement of Hospital Related items for the year 2019-20,Procurement of Hospital Related items for the year 2019-20,Please refer Tender documents. ,NA ,"4,99,99,997",Medical Equipments/Waste,NA ,Tender,180.0,60.0,Kokrajhar,783370.0,NA ,NA ,NA ,"O/o the Director of Health Services,BTC, Kokrajhar",No ,No,"10,000","Prinicpal Secretary, BTC",Kokrajhar,No,05-Feb-2020 10:00 AM,17-Feb-2020 03:30 PM,05-Feb-2020 10:00 AM,17-Feb-2020 03:00 PM,05-Feb-2020 10:00 AM ,17-Feb-2020 03:00 PM ,05-Feb-2020 10:00 AM,17-Feb-2020 03:00 PM,1,DD - Demand Draft,"10,00,000",Yes,percentage,2.0%,"Director of Health Services,BTC, Kokrajhar",Kokrajhar,"Director of Health Services,BTC, Kokrajhar","O/o the Director of Health Services,BTC, Kokrajhar"
,,.pdf,Technical Documents,,,,,,,,,,,,,,,,,,,,,,,,,,,,,,,,,,,,,,,,,,,,2,BC - Bankers Cheque,,,,,,,,
2.0,Finance,.xls,BOQ,,,,,,,,,,,,,,,,,,,,,,,,,,,,,,,,,,,,,,,,,,,,3,SS - Small Savings Instrument,,,,,,,,
,,,,,,,,,,,,,,,,,,,,,,,,,,,,,,,,,,,,,,,,,,,,,,,4,BG - Bank Guarantee Irrevocable,,,,,,,,
,,,,,,,,,,,,,,,,,,,,,,,,,,,,,,,,,,,,,,,,,,,,,,,5,FDR - Fixed Deposit Receipt,,,,,,,,
,,,,,,,,,,,,,,,,,,,,,,,,,,,,,,,,,,,,,,,,,,,,,,,6,DCR - Deposit at call receipt,,,,,,,,
