﻿EMD Amount in ₹,EMD through BG/ST or EMD Exemption Allowed,EMD Fee Type,EMD Percentage,EMD Payable To,EMD Payable At,Organisation Chain,Tender Reference Number,Tender ID,Tender Type,Form of contract,Tender Category,No. of Covers,General Technical Evaluation Allowed,ItemWise Technical Evaluation Allowed,Payment Mode,Is Multi Currency Allowed For BOQ,Is Multi Currency Allowed For Fee,Allow Two Stage Bidding,Title,Work Description,Pre Qualification Details,Independent External Monitor/Remarks,Tender Value in ₹,Product Category,Sub category,Contract Type,Bid Validity(Days),Period Of Work(Days),Location,Pincode,Pre Bid Meeting Place,Pre Bid Meeting Address,Pre Bid Meeting Date,Bid Opening Place,Should Allow NDA Tender,Allow Preferential Bidder,S.No,Instrument Type,Cover No,Cover,Document Type,Description,Tender Fee in ₹,Fee Payable To,Fee Payable At,Tender Fee Exemption Allowed,S.No,Corrigendum Title,Corrigendum Type,View,Publish Date,Bid Opening Date,Document Download / Sale Start Date,Document Download / Sale End Date,Clarification Start Date,Clarification End Date,Bid Submission Start Date,Bid Submission End Date,Name,Address
"2,86,777",Yes,fixed,,"Managing Director, Housefed",Ghty,Cooperation Department||Assam State Co-operative Housing Federation Ltd.(HOUSEFED),HF/ENGG-3354/19-20/92,2020_CD_16165_1,Open Tender,Item Wise,Works,2.0,No,No,Offline,No,No,No,"Construction and renovation work of Sivsagar College, Sivsagar under RUSA","Construction and renovation work of Sivsagar College, Sivsagar under RUSA",Please refer Tender documents. ,NA ,"1,43,38,850",Civil Works,NA ,Tender,180.0,365.0,Sivsagar,785665.0,"O/o. Managing Director, Housefed, Assamr ","O/o. Managing Director, Housefed, Assamr, Dispur, Guwahati-6 ",01-Feb-2020 12:00 PM ,"O/o. Managing Director, Housefed, Assamr",No ,No,1.0,DD - Demand Draft,1.0,Fee/PreQual/Technical,.pdf,Cost of Tender,"6,000","Managing Director, Housefed",Ghty,No,1.0,"Construction and renovation work of Sivsagar College, Sivsagar under RUSA",Retender,,30-Jan-2020 09:00 AM,05-Feb-2020 11:00 AM,30-Jan-2020 09:00 AM,04-Feb-2020 02:00 PM,NA ,NA ,30-Jan-2020 12:55 PM,04-Feb-2020 02:00 PM,"Managing Director, Housefed, Assamr","O/o. Managing Director, Housefed, Assamr, Dispur, Guwahati-6"
,,,,,,,,,,,,,,,,,,,,,,,,,,,,,,,,,,,,,2.0,BC - Bankers Cheque,,,.pdf,Bid Security,,,,,,,,,,,,,,,,,,
,,,,,,,,,,,,,,,,,,,,,,,,,,,,,,,,,,,,,3.0,BG - Bank Guarantee Irrevocable,,,.pdf,Bidding Documents,,,,,,,,,,,,,,,,,,
,,,,,,,,,,,,,,,,,,,,,,,,,,,,,,,,,,,,,4.0,FDR - Fixed Deposit Receipt,,,.pdf,Technical Qualification,,,,,,,,,,,,,,,,,,
,,,,,,,,,,,,,,,,,,,,,,,,,,,,,,,,,,,,,,,2.0,Finance,.xls,BOQ,,,,,,,,,,,,,,,,,,
,,,,,,,,,,,,,,,,,,,,,,,,,,,,,,,,,,,,,,,,,.pdf,Form of Bid,,,,,,,,,,,,,,,,,,
