﻿Organisation Chain,Tender Reference Number,Tender ID,Tender Type,Form of contract,Tender Category,No. of Covers,General Technical Evaluation Allowed,ItemWise Technical Evaluation Allowed,Payment Mode,Is Multi Currency Allowed For BOQ,Is Multi Currency Allowed For Fee,Allow Two Stage Bidding,Tender Fee in ₹,Fee Payable To,Fee Payable At,Tender Fee Exemption Allowed,Cover No,Cover,Document Type,Description,S.No,Corrigendum Title,Corrigendum Type,View,Publish Date,Bid Opening Date,Document Download / Sale Start Date,Document Download / Sale End Date,Clarification Start Date,Clarification End Date,Bid Submission Start Date,Bid Submission End Date,Financial Bid Opening Date,Title,Work Description,Pre Qualification Details,Independent External Monitor/Remarks,Tender Value in ₹,Product Category,Sub category,Contract Type,Bid Validity(Days),Period Of Work(Days),Location,Pincode,Pre Bid Meeting Place,Pre Bid Meeting Address,Pre Bid Meeting Date,Bid Opening Place,Should Allow NDA Tender,Allow Preferential Bidder,S.No,Instrument Type,EMD Amount in ₹,EMD through BG/ST or EMD Exemption Allowed,EMD Fee Type,EMD Percentage,EMD Payable To,EMD Payable At,Name,Address
Public Works Building and NH Department||Chief Engineer-Building - PWBNH,DIS-COV -19/05,2020_PWBNH_18118_1,Open Tender,Item Rate,Works,2.0,No,No,Offline,No,No,No,"12,500",Assam State Road Board Maintenance (Road) Fund,Guwahati,No,1.0,Fee/PreQual/Technical,.pdf,DOCUMENT COST,1.0,Extension Notice 2,Date,,10-Jul-2020 02:30 PM,31-Jul-2020 02:30 PM,10-Jul-2020 03:30 PM,31-Jul-2020 02:00 PM,NA ,NA ,17-Jul-2020 11:30 AM,31-Jul-2020 02:00 PM,26-Aug-2020 10:45 AM,Upgradation of 24 nos. of existing Hospitals for setting up of ICUs for treatment of patients of COVID-19 under Assam Critical Care Project-2020 at Darang,Upgradation of 24 nos. of existing Hospitals for setting up of ICUs for treatment of patients of COVID-19 under Assam Critical Care Project-2020 at Darang,Please refer Tender documents. ,NA ,"12,79,22,000",Civil Works - Building,NA ,Tender,180.0,120.0,Darrang,784125.0,"O/O The CE, P.W.D. (Bldg), Chandmari, Guwahati-3 ","O/O The CE, P.W.D. (Bldg), Chandmari, Guwahati-3 ",15-Jul-2020 11:00 AM ,"O/O The CE, P.W.D. (Bldg), Chandmari, Guwahati-3",No ,No,1.0,DD - Demand Draft,"25,58,440",Yes,percentage,2.0%,"EE, P.W.D. Tezpur Building Division, Tezpur",Tezpur,"CE, P.W.D. (Bldg), Chandmari, Guwahati-3","O/O The CE, P.W.D. (Bldg), Chandmari, Guwahati-3"
,,,,,,,,,,,,,,,,,,,.pdf,BID SECURITY,2.0,Corrigendum,Technical Bid,,,,,,,,,,,,,,,,,,,,,,,,,,,,,2.0,BC - Bankers Cheque,,,,,,,,
,,,,,,,,,,,,,,,,,,,.pdf,BIDDING DOCUMENT,,,,,,,,,,,,,,,,,,,,,,,,,,,,,,,,3.0,BG - Bank Guarantee Irrevocable,,,,,,,,
,,,,,,,,,,,,,,,,,,,.pdf,TECHNICAL QUALIFICATIONS,,,,,,,,,,,,,,,,,,,,,,,,,,,,,,,,4.0,FDR - Fixed Deposit Receipt,,,,,,,,
,,,,,,,,,,,,,,,,,2.0,Finance,.xls,BOQ,,,,,,,,,,,,,,,,,,,,,,,,,,,,,,,,,,,,,,,,,
,,,,,,,,,,,,,,,,,,,.pdf,FORM OF BID,,,,,,,,,,,,,,,,,,,,,,,,,,,,,,,,,,,,,,,,,
