﻿S.No,Instrument Type,S.No,Corrigendum Title,Corrigendum Type,View,Title,Work Description,Pre Qualification Details,Independent External Monitor/Remarks,Tender Value in ₹,Product Category,Sub category,Contract Type,Bid Validity(Days),Period Of Work(Days),Location,Pincode,Pre Bid Meeting Place,Pre Bid Meeting Address,Pre Bid Meeting Date,Bid Opening Place,Should Allow NDA Tender,Allow Preferential Bidder,Name,Address,Cover No,Cover,Document Type,Description,Publish Date,Bid Opening Date,Document Download / Sale Start Date,Document Download / Sale End Date,Clarification Start Date,Clarification End Date,Bid Submission Start Date,Bid Submission End Date,Financial Bid Opening Date,Tender Fee in ₹,Fee Payable To,Fee Payable At,Tender Fee Exemption Allowed,EMD Amount in ₹,EMD through BG/ST or EMD Exemption Allowed,EMD Fee Type,EMD Percentage,EMD Payable To,EMD Payable At,Organisation Chain,Tender Reference Number,Tender ID,Tender Type,Form of contract,Tender Category,No. of Covers,General Technical Evaluation Allowed,ItemWise Technical Evaluation Allowed,Payment Mode,Is Multi Currency Allowed For BOQ,Is Multi Currency Allowed For Fee,Allow Two Stage Bidding
1.0,DD - Demand Draft,1.0,EMD Payable To,Fee,,BPSTRD/SOPD-G//2019-20/Pkg-4,Construction of Kundapara to NH127(A) Road (L2.10 Km) at Bamakhata Village under SOPD(G) for the year 2019-20 under Barpeta RRD,Please refer Tender documents. ,NA ,"1,99,96,000",Civil Works,NA ,Tender,180.0,180.0,BARPETA,781301.0,NA ,NA ,NA ,BARPETA,No ,No,EE BARPETA,EE BARPETA,1.0,Fee/PreQual/Technical,.pdf,DOCUMENT COST,06-Jan-2020 11:00 AM,14-Jan-2020 11:00 AM,06-Jan-2020 11:00 AM,13-Jan-2020 02:00 PM,06-Jan-2020 11:00 AM ,13-Jan-2020 02:00 PM ,06-Jan-2020 11:00 AM,13-Jan-2020 02:00 PM,21-Jan-2020 09:00 AM,"6,000",Assam State Road Board A/C No. 10566991479,GUWAHATI,No,"4,00,000",Yes,fixed,,EE Pathsala T R Division,Pathsala,Public Works Roads Department,BPSTRD/SOPD-G//2019-20/Pkg-4,2020_PWD_15731_2,Open Tender,Item Rate,Works,2.0,No,No,Offline,No,No,No
2.0,BG - Bank Guarantee Irrevocable,2.0,Other,Other,,,,,,,,,,,,,,,,,,,,,,,,.pdf,BID SECURITY,,,,,,,,,,,,,,,,,,,,,,,,,,,,,,,,
3.0,FDR - Fixed Deposit Receipt,,,,,,,,,,,,,,,,,,,,,,,,,,,.pdf,BIDDINGD DOCUMENT,,,,,,,,,,,,,,,,,,,,,,,,,,,,,,,,
4.0,DCR - Deposit at call receipt,,,,,,,,,,,,,,,,,,,,,,,,,,,.pdf,TECHNICAL QUALIFICATIONS,,,,,,,,,,,,,,,,,,,,,,,,,,,,,,,,
,,,,,,,,,,,,,,,,,,,,,,,,,,2.0,Finance,.xls,BOQ,,,,,,,,,,,,,,,,,,,,,,,,,,,,,,,,
,,,,,,,,,,,,,,,,,,,,,,,,,,,,.pdf,FOB,,,,,,,,,,,,,,,,,,,,,,,,,,,,,,,,
