﻿EMD Amount in ₹,EMD through BG/ST or EMD Exemption Allowed,EMD Fee Type,EMD Percentage,EMD Payable To,EMD Payable At,Name,Address,Cover No,Cover,Document Type,Description,Publish Date,Bid Opening Date,Document Download / Sale Start Date,Document Download / Sale End Date,Clarification Start Date,Clarification End Date,Bid Submission Start Date,Bid Submission End Date,Financial Bid Opening Date,Tender Fee in ₹,Fee Payable To,Fee Payable At,Tender Fee Exemption Allowed,Title,Work Description,Pre Qualification Details,Independent External Monitor/Remarks,Tender Value in ₹,Product Category,Sub category,Contract Type,Bid Validity(Days),Period Of Work(Days),Location,Pincode,Pre Bid Meeting Place,Pre Bid Meeting Address,Pre Bid Meeting Date,Bid Opening Place,Should Allow NDA Tender,Allow Preferential Bidder,Organisation Chain,Tender Reference Number,Tender ID,Tender Type,Form of contract,Tender Category,No. of Covers,General Technical Evaluation Allowed,ItemWise Technical Evaluation Allowed,Payment Mode,Is Multi Currency Allowed For BOQ,Is Multi Currency Allowed For Fee,Allow Two Stage Bidding,S.No,Corrigendum Title,Corrigendum Type,View,S.No,Instrument Type
"8,36,000",Yes,fixed,,"Chief Engineer, PWD (Roads), Assam",GUWAHATI,"The Chief Engineer, PWD (Roads), Assam","O/o The Chief Engineer, PWD (Roads), Assam, Chandmari, Guwahati - 3",1.0,Fee/PreQual/Technical,.pdf,Cost of Bid,15-May-2020 02:00 PM,05-Jun-2020 11:00 AM,15-May-2020 02:00 PM,04-Jun-2020 02:00 PM,NA ,NA ,21-May-2020 02:00 PM,04-Jun-2020 02:00 PM,27-Jul-2020 05:30 PM,"10,000","Chief Engineer, PWD (Roads), Assam",GUWAHATI,No,SOPD_G_19_20_16,"Improvement of Betbari to Bamchenia road Construction of RCC bridge No. 1by1 over river Burisuti, L 75.00m with approaches under SOPD-G for the year 2019-20, Dhemaji LAC",Please refer Tender documents. ,NA ,"4,18,19,000",Civil Works,NA ,Rate Contract,180.0,365.0,Dhemaji,787057.0,"O/o The Chief Engineer, PWD (Roads), Assam ","O/o The Chief Engineer, PWD (Roads), Assam, Chandmari, Guwahati - 3 ",21-May-2020 11:00 AM ,"O/o The Chief Engineer, PWD (Roads), Assam",No ,No,Public Works Roads Department,CE/DEV/TB/504/2019-20/17,2020_PWD_17526_13,Open Tender,Item Rate,Works,2.0,No,No,Offline,No,No,No,1.0,BOQ Item No. 11,Other,,1.0,DD - Demand Draft
,,,,,,,,,,.pdf,Bid Security,,,,,,,,,,,,,,,,,,,,,,,,,,,,,,,,,,,,,,,,,,,,,,,,,2.0,BC - Bankers Cheque
,,,,,,,,,,.pdf,Technical Qualification Details,,,,,,,,,,,,,,,,,,,,,,,,,,,,,,,,,,,,,,,,,,,,,,,,,3.0,BG - Bank Guarantee Irrevocable
,,,,,,,,2.0,Finance,.pdf,Form of Bid,,,,,,,,,,,,,,,,,,,,,,,,,,,,,,,,,,,,,,,,,,,,,,,,,4.0,FDR - Fixed Deposit Receipt
,,,,,,,,,,.xls,Bill of Quantities,,,,,,,,,,,,,,,,,,,,,,,,,,,,,,,,,,,,,,,,,,,,,,,,,,
