﻿S.No,Instrument Type,Title,Work Description,Pre Qualification Details,Independent External Monitor/Remarks,Tender Value in ₹,Product Category,Sub category,Contract Type,Bid Validity(Days),Period Of Work(Days),Location,Pincode,Pre Bid Meeting Place,Pre Bid Meeting Address,Pre Bid Meeting Date,Bid Opening Place,Should Allow NDA Tender,Allow Preferential Bidder,Tender Fee in ₹,Fee Payable To,Fee Payable At,Tender Fee Exemption Allowed,Name,Address,Organisation Chain,Tender Reference Number,Tender ID,Tender Type,Form of contract,Tender Category,No. of Covers,General Technical Evaluation Allowed,ItemWise Technical Evaluation Allowed,Payment Mode,Is Multi Currency Allowed For BOQ,Is Multi Currency Allowed For Fee,Allow Two Stage Bidding,Publish Date,Bid Opening Date,Document Download / Sale Start Date,Document Download / Sale End Date,Clarification Start Date,Clarification End Date,Bid Submission Start Date,Bid Submission End Date,Financial Bid Opening Date,EMD Amount in ₹,EMD through BG/ST or EMD Exemption Allowed,EMD Fee Type,EMD Percentage,EMD Payable To,EMD Payable At,Cover No,Cover,Document Type,Description
1.0,DD - Demand Draft,Up gradation of Industrial Area Jonakinagar Golaghat Phase II Construction of Boundary Wall Length 349.00 Metre Gr No III,Up gradation of Industrial Area Jonakinagar Golaghat Phase II Construction of Boundary Wall Length 349.00 Metre Gr No III,Please refer Tender documents. ,NA ,,Civil Works,NA ,Tender,180.0,180.0,"Jonakinagar, Golaghat",785621.0,NA ,NA ,NA ,"Bamunimaidam, Guwahati-21",No ,No,"1,500",EE ICD,Guwahati,No,EE ICD,"Bamunimaidam, Guwahati-21",Industries and Commerce Department||Commissioner Industries and Commerce Assam,EEG/GL/25/75/79/PtIII/181-83/,2020_ICD_19441_3,Open Tender,Item Rate,Works,2.0,No,No,Offline,No,No,No,27-Nov-2020 10:00 AM,08-Dec-2020 03:00 PM,27-Nov-2020 10:00 AM,08-Dec-2020 02:00 PM,27-Nov-2020 10:00 AM ,08-Dec-2020 02:00 PM ,27-Nov-2020 10:00 AM,08-Dec-2020 02:00 PM,02-Jan-2021 11:00 AM,"97,618",Yes,fixed,,EE ICD,Guwahati,1.0,Fee/PreQual/Technical,.pdf,Cost of Bid and Bid security
2.0,BC - Bankers Cheque,,,,,,,,,,,,,,,,,,,,,,,,,,,,,,,,,,,,,,,,,,,,,,,,,,,,,,,.pdf,Technical Bid
3.0,FDR - Fixed Deposit Receipt,,,,,,,,,,,,,,,,,,,,,,,,,,,,,,,,,,,,,,,,,,,,,,,,,,,,,,,.pdf,Signed Bid Document
,,,,,,,,,,,,,,,,,,,,,,,,,,,,,,,,,,,,,,,,,,,,,,,,,,,,,,2.0,Finance,.xls,BOQ
,,,,,,,,,,,,,,,,,,,,,,,,,,,,,,,,,,,,,,,,,,,,,,,,,,,,,,,,.pdf,Form of Bid
