﻿Cover No,Cover,Document Type,Description,Organisation Chain,Tender Reference Number,Tender ID,Tender Type,Form of contract,Tender Category,No. of Covers,General Technical Evaluation Allowed,ItemWise Technical Evaluation Allowed,Payment Mode,Is Multi Currency Allowed For BOQ,Is Multi Currency Allowed For Fee,Allow Two Stage Bidding,Name,Address,Title,Work Description,Pre Qualification Details,Independent External Monitor/Remarks,Tender Value in ₹,Product Category,Sub category,Contract Type,Bid Validity(Days),Period Of Work(Days),Location,Pincode,Pre Bid Meeting Place,Pre Bid Meeting Address,Pre Bid Meeting Date,Bid Opening Place,Should Allow NDA Tender,Allow Preferential Bidder,S.No,Instrument Type,Tender Fee in ₹,Fee Payable To,Fee Payable At,Tender Fee Exemption Allowed,EMD Amount in ₹,EMD through BG/ST or EMD Exemption Allowed,EMD Fee Type,EMD Percentage,EMD Payable To,EMD Payable At,Publish Date,Bid Opening Date,Document Download / Sale Start Date,Document Download / Sale End Date,Clarification Start Date,Clarification End Date,Bid Submission Start Date,Bid Submission End Date,S.No,Corrigendum Title,Corrigendum Type,View
1.0,Fee/PreQual/Technical,.pdf,Cost of Bid,Public Works Roads Department,MDTRD/360,2020_PWD_18069_9,Open Tender,Item Rate,Works,2.0,No,No,Offline,No,No,No,EE PWD MDTRD,O/O EE PWD MDTRD,Construction of Road from Nayabazar to Salmari under SOPD-G for the year 2020-21. Majuli LAC.(L-0.80 km) Pkg. No. EE/SOPD(G)/MDTRD/09,Construction of Road from Nayabazar to Salmari under SOPD-G for the year 2020-21. Majuli LAC.(L-0.80 km) Pkg. No. EE/SOPD(G)/MDTRD/09,Please refer Tender documents. ,NA ,"1,03,51,990",Civil Works – Roads,NA ,Tender,180.0,180.0,MAJULI,785104.0,NA ,NA ,NA ,O/O EE PWD MDTRD,No ,No,1.0,DD - Demand Draft,"2,100",Empowered Officer ASRB,GUWAHATI,No,"2,07,100",Yes,fixed,,EE PWD Majuli District Territorial Road Divisio,Majuli,03-Jul-2020 10:00 AM,21-Aug-2020 01:00 PM,03-Jul-2020 10:00 AM,14-Aug-2020 04:00 PM,NA ,NA ,03-Jul-2020 10:00 AM,14-Aug-2020 04:00 PM,1.0,Cancellation of Tender for Construction of Road from Nayabazar to Salmari under SOPD-G for the year 2020-21. Majuli LAC.(L-0.80 km) Pkg. No. EE/SOPD(G)/MDTRD/09,Cancellation of Tender,
,,.pdf,Bid Security,,,,,,,,,,,,,,,,,,,,,,,,,,,,,,,,,,2.0,BC - Bankers Cheque,,,,,,,,,,,,,,,,,,,2.0,Time extension notice for Construction of Road from Nayabazar to Salmari under SOPD-G for the year 2020-21. Majuli LAC.(L-0.80 km) Pkg. No. EE/SOPD(G)/MDTRD/09,Date,
,,.pdf,Technical Qualification Document,,,,,,,,,,,,,,,,,,,,,,,,,,,,,,,,,,3.0,BG - Bank Guarantee Irrevocable,,,,,,,,,,,,,,,,,,,,,,
,,.pdf,SBD,,,,,,,,,,,,,,,,,,,,,,,,,,,,,,,,,,4.0,FDR - Fixed Deposit Receipt,,,,,,,,,,,,,,,,,,,,,,
2.0,Finance,.xls,BOQ,,,,,,,,,,,,,,,,,,,,,,,,,,,,,,,,,,5.0,DCR - Deposit at call receipt,,,,,,,,,,,,,,,,,,,,,,
,,.pdf,FOB,,,,,,,,,,,,,,,,,,,,,,,,,,,,,,,,,,,,,,,,,,,,,,,,,,,,,,,,,
