﻿Publish Date,Bid Opening Date,Document Download / Sale Start Date,Document Download / Sale End Date,Clarification Start Date,Clarification End Date,Bid Submission Start Date,Bid Submission End Date,Financial Bid Opening Date,Organisation Chain,Tender Reference Number,Tender ID,Tender Type,Form of contract,Tender Category,No. of Covers,General Technical Evaluation Allowed,ItemWise Technical Evaluation Allowed,Payment Mode,Is Multi Currency Allowed For BOQ,Is Multi Currency Allowed For Fee,Allow Two Stage Bidding,Cover No,Cover,Document Type,Description,Name,Address,Title,Work Description,Pre Qualification Details,Independent External Monitor/Remarks,Tender Value in ₹,Product Category,Sub category,Contract Type,Bid Validity(Days),Period Of Work(Days),Location,Pincode,Pre Bid Meeting Place,Pre Bid Meeting Address,Pre Bid Meeting Date,Bid Opening Place,Should Allow NDA Tender,Allow Preferential Bidder,S.No,Instrument Type,Tender Fee in ₹,Fee Payable To,Fee Payable At,Tender Fee Exemption Allowed,EMD Amount in ₹,EMD through BG/ST or EMD Exemption Allowed,EMD Fee Type,EMD Percentage,EMD Payable To,EMD Payable At
10-Jul-2020 10:00 AM,17-Jul-2020 11:00 AM,10-Jul-2020 10:00 AM,16-Jul-2020 04:00 PM,10-Jul-2020 10:00 AM ,16-Jul-2020 04:00 PM ,10-Jul-2020 10:00 AM,16-Jul-2020 04:00 PM,17-Aug-2020 04:00 PM,Public Works Roads Department,DRC-XIII/16/98/NIT/DIB/250,2020_PWD_18099_1,Open Tender,Item Rate,Works,2.0,No,No,Offline,No,No,No,1.0,Fee/PreQual/Technical,.pdf,Bid security,"Superintending Engineer, PWD, Dibrugarh Road Circl","Superintending Engineer, PWD, Dibrugarh Road Circle","Re-construction of Bampather to Borpather Knowar Gaon Road (Ch. 0.00m to 2630.00 m ) under SOPDG for the Year 2019-20 under PWRD, Dibrugarh, Lahowal, Moran and Tingkhong Territorial Road Division, Dibrugarh - Dibrugarh LAC.","Re-construction of Bampather to Borpather Knowar Gaon Road (Ch. 0.00m to 2630.00 m ) under SOPDG for the Year 2019-20 under PWRD, Dibrugarh, Lahowal, Moran and Tingkhong Territorial Road Division, Dibrugarh - Dibrugarh LAC.",Please refer tender document ,NA ,"88,35,308",Civil Works,NA ,Tender,180.0,270.0,Dibrugarh,786001.0,NA ,NA ,NA ,"Superintending Engineer, PWD, Dibrugarh Road Circl",No ,No,1.0,DD - Demand Draft,"2,500","Empowered Officer ASRB, A/C No. 10566991479",GUWAHATI,Yes,"1,76,800",Yes,fixed,,"EE, PWD,Dibrugarh,Lahowal,Moran and Tingkhong TRD",Dibrugarh
,,,,,,,,,,,,,,,,,,,,,,,,.pdf,Cost of Tender Document,,,,,,,,,,,,,,,,,,,,,2.0,BG - Bank Guarantee Irrevocable,,,,,,,,,,
,,,,,,,,,,,,,,,,,,,,,,,,.pdf,Technical qualification details,,,,,,,,,,,,,,,,,,,,,3.0,FDR - Fixed Deposit Receipt,,,,,,,,,,
,,,,,,,,,,,,,,,,,,,,,,,,.pdf,SBD,,,,,,,,,,,,,,,,,,,,,,,,,,,,,,,,
,,,,,,,,,,,,,,,,,,,,,,2.0,Finance,.xls,BOQ,,,,,,,,,,,,,,,,,,,,,,,,,,,,,,,,
,,,,,,,,,,,,,,,,,,,,,,,,.pdf,FOB,,,,,,,,,,,,,,,,,,,,,,,,,,,,,,,,
