﻿Cover No,Cover,Document Type,Description,EMD Amount in ₹,EMD through BG/ST or EMD Exemption Allowed,EMD Fee Type,EMD Percentage,EMD Payable To,EMD Payable At,Name,Address,S.No,Instrument Type,Tender Fee in ₹,Fee Payable To,Fee Payable At,Tender Fee Exemption Allowed,Title,Work Description,Pre Qualification Details,Independent External Monitor/Remarks,Tender Value in ₹,Product Category,Sub category,Contract Type,Bid Validity(Days),Period Of Work(Days),Location,Pincode,Pre Bid Meeting Place,Pre Bid Meeting Address,Pre Bid Meeting Date,Bid Opening Place,Should Allow NDA Tender,Allow Preferential Bidder,Publish Date,Bid Opening Date,Document Download / Sale Start Date,Document Download / Sale End Date,Clarification Start Date,Clarification End Date,Bid Submission Start Date,Bid Submission End Date,Financial Bid Opening Date,Organisation Chain,Tender Reference Number,Tender ID,Tender Type,Form of contract,Tender Category,No. of Covers,General Technical Evaluation Allowed,ItemWise Technical Evaluation Allowed,Payment Mode,Is Multi Currency Allowed For BOQ,Is Multi Currency Allowed For Fee,Allow Two Stage Bidding
1.0,Fee/PreQual/Technical,.pdf,Tender Fee and EMD,"1,00,000",Yes,percentage,2.0%,"CEO, GMDA",Guwahati,"CEO, GMDA","Bhangagarh, Guwahati-05",1,DD - Demand Draft,"1,000","CEO, GMDA",Guwahati,No,Restoration of missing link portion of K.B. Road at Borsola Beelpar,Restoration of missing link portion of K.B. Road at Borsola Beelpar,Please refer Tender documents. ,NA ,"50,00,000",Civil Works,NA ,Tender,120.0,90.0,Guwahati,781005.0,NA ,NA ,NA ,"Office of CEO, GMDA",No ,No,05-Feb-2020 05:30 PM,14-Feb-2020 03:00 PM,05-Feb-2020 05:30 PM,14-Feb-2020 02:00 PM,NA ,NA ,05-Feb-2020 05:30 PM,14-Feb-2020 02:00 PM,24-Feb-2020 04:10 PM,Guwahati Metropolitan Development Authority||Guwahati Development Department - GMDA,GMDA/DEV/54/2019/20,2020_GMDA_16324_1,Open Tender,Percentage,Works,2.0,No,No,Offline,No,No,No
,,.pdf,Technical Document,,,,,,,,,2,BC - Bankers Cheque,,,,,,,,,,,,,,,,,,,,,,,,,,,,,,,,,,,,,,,,,,,,
2.0,Finance,.xls,BOQ,,,,,,,,,3,FDR - Fixed Deposit Receipt,,,,,,,,,,,,,,,,,,,,,,,,,,,,,,,,,,,,,,,,,,,,
,,.pdf,Form of Bid,,,,,,,,,4,DCR - Deposit at call receipt,,,,,,,,,,,,,,,,,,,,,,,,,,,,,,,,,,,,,,,,,,,,
