﻿S.No,Bank Name,Name,Address,EMD Amount in ₹,EMD through BG/ST or EMD Exemption Allowed,EMD Fee Type,EMD Percentage,EMD Payable To,EMD Payable At,Cover No,Cover,Document Type,Description,Organisation Chain,Tender Reference Number,Tender ID,Tender Type,Form of contract,Tender Category,No. of Covers,General Technical Evaluation Allowed,ItemWise Technical Evaluation Allowed,Payment Mode,Is Multi Currency Allowed For BOQ,Is Multi Currency Allowed For Fee,Allow Two Stage Bidding,Title,Work Description,Pre Qualification Details,Independent External Monitor/Remarks,Tender Value in ₹,Product Category,Sub category,Contract Type,Bid Validity(Days),Period Of Work(Days),Location,Pincode,Pre Bid Meeting Place,Pre Bid Meeting Address,Pre Bid Meeting Date,Bid Opening Place,Should Allow NDA Tender,Allow Preferential Bidder,Tender Fee in ₹,Fee Payable To,Fee Payable At,Tender Fee Exemption Allowed,Publish Date,Bid Opening Date,Document Download / Sale Start Date,Document Download / Sale End Date,Clarification Start Date,Clarification End Date,Bid Submission Start Date,Bid Submission End Date,Financial Bid Opening Date
1.0,SBI Bank,"DIRECTOR, WPT AND BC, ASSAM","DIRECTORATE, WPT AND BC, ASSAM","1,00,000",Yes,fixed,,Nil,Nil,1.0,Fee/PreQual/Technical,.pdf,Bid Document,Welfare of Plain Tribes and Backward Classes||Director - WPT and BC,"No. DW/NIT/997/2020-21, 19th of December/2020",2020_WPTBC_19779_1,Open Tender,Item Rate,Goods,2.0,No,No,Online,No,No,No,FIXATION OF RATE OF TELEVISION,FIXATION OF RATE OF TELEVISION,Please refer Tender documents. ,NA ,,Supply of Materials,NA ,Tender,365.0,120.0,GUWAHATI,781006.0,NA ,NA ,NA ,"DIRECTORATE, WPT AND BC, ASSAM",No ,No,"1,000",Nil,Nil,Yes,25-Dec-2020 05:00 PM,11-Jan-2021 03:00 PM,25-Dec-2020 05:00 PM,11-Jan-2021 02:00 PM,NA ,NA ,30-Dec-2020 11:00 AM,11-Jan-2021 02:00 PM,19-Jan-2021 09:00 AM
,,,,,,,,,,,,.pdf,Additional Document,,,,,,,,,,,,,,,,,,,,,,,,,,,,,,,,,,,,,,,,,,,,
,,,,,,,,,,,,.pdf,Technical Document,,,,,,,,,,,,,,,,,,,,,,,,,,,,,,,,,,,,,,,,,,,,
,,,,,,,,,,2.0,Finance,.xls,BoQ,,,,,,,,,,,,,,,,,,,,,,,,,,,,,,,,,,,,,,,,,,,,
