﻿Tender Fee in ₹,Fee Payable To,Fee Payable At,Tender Fee Exemption Allowed,S.No,Instrument Type,Organisation Chain,Tender Reference Number,Tender ID,Tender Type,Form of contract,Tender Category,No. of Covers,General Technical Evaluation Allowed,ItemWise Technical Evaluation Allowed,Payment Mode,Is Multi Currency Allowed For BOQ,Is Multi Currency Allowed For Fee,Allow Two Stage Bidding,Name,Address,EMD Amount in ₹,EMD through BG/ST or EMD Exemption Allowed,EMD Fee Type,EMD Percentage,EMD Payable To,EMD Payable At,Title,Work Description,Pre Qualification Details,Independent External Monitor/Remarks,Tender Value in ₹,Product Category,Sub category,Contract Type,Bid Validity(Days),Period Of Work(Days),Location,Pincode,Pre Bid Meeting Place,Pre Bid Meeting Address,Pre Bid Meeting Date,Bid Opening Place,Should Allow NDA Tender,Allow Preferential Bidder,Publish Date,Bid Opening Date,Document Download / Sale Start Date,Document Download / Sale End Date,Clarification Start Date,Clarification End Date,Bid Submission Start Date,Bid Submission End Date,Financial Bid Opening Date,Cover No,Cover,Document Type,Description
"3,000","Mission Director, RMSA, Assam",Guwahati,No,1.0,DD - Demand Draft,Axom Sarba Siksha Abhijan Mission,RMSA_CW_NR_1920_1207_2019_49,2020_SSA_16154_1,Open Tender,Works,Works,2.0,No,No,Offline,No,No,No,"Mission Director, RMSA, Assam","RMSA, Kahilipara, Guwahati","60,400",No,fixed,,"Mission Director, RMSA, Assam",Guwahati,Civil Works at Champupara HS School in,Civil Works at Champupara HS School in Kamrup district,Ref. bid document ,NA ,"30,20,000",Civil Works - Building,NA ,Tender,180.0,3000.0,Champupara HS School in,781136.0,"RMSA, Kahilipara, Guwahati ","RMSA, Kahilipara, Guwahati ",10-Feb-2020 11:00 AM ,"RMSA, Kahilipara, Guwahati",No ,No,30-Jan-2020 11:00 AM,21-Feb-2020 03:00 PM,30-Jan-2020 11:00 AM,21-Feb-2020 02:00 PM,NA ,NA ,30-Jan-2020 11:00 AM,21-Feb-2020 02:00 PM,07-Aug-2020 03:00 PM,1.0,Fee/PreQual/Technical,.pdf,NIT
,,,,2.0,BC - Bankers Cheque,,,,,,,,,,,,,,,,,,,,,,,,,,,,,,,,,,,,,,,,,,,,,,,,,,,.pdf,Bid Document
,,,,,,,,,,,,,,,,,,,,,,,,,,,,,,,,,,,,,,,,,,,,,,,,,,,,,,,,.pdf,Drawings
,,,,,,,,,,,,,,,,,,,,,,,,,,,,,,,,,,,,,,,,,,,,,,,,,,,,,,2.0,Finance,.xls,BoQ
,,,,,,,,,,,,,,,,,,,,,,,,,,,,,,,,,,,,,,,,,,,,,,,,,,,,,,,,.pdf,Form of Bid
