﻿Cover No,Cover,Document Type,Description,Title,Work Description,Pre Qualification Details,Independent External Monitor/Remarks,Tender Value in ₹,Product Category,Sub category,Contract Type,Bid Validity(Days),Period Of Work(Days),Location,Pincode,Pre Bid Meeting Place,Pre Bid Meeting Address,Pre Bid Meeting Date,Bid Opening Place,Should Allow NDA Tender,Allow Preferential Bidder,S.No,Instrument Type,EMD Amount in ₹,EMD through BG/ST or EMD Exemption Allowed,EMD Fee Type,EMD Percentage,EMD Payable To,EMD Payable At,Name,Address,Organisation Chain,Tender Reference Number,Tender ID,Tender Type,Form of contract,Tender Category,No. of Covers,General Technical Evaluation Allowed,ItemWise Technical Evaluation Allowed,Payment Mode,Is Multi Currency Allowed For BOQ,Is Multi Currency Allowed For Fee,Allow Two Stage Bidding,Publish Date,Bid Opening Date,Document Download / Sale Start Date,Document Download / Sale End Date,Clarification Start Date,Clarification End Date,Bid Submission Start Date,Bid Submission End Date,Financial Bid Opening Date,Tender Fee in ₹,Fee Payable To,Fee Payable At,Tender Fee Exemption Allowed
1.0,Fee/PreQual/Technical,.pdf,Cost of Bid,SE/BOR/SOPD-ODS/20-21/1,Construction of Road in Haticherra Tea Garden under Borkhola Constituency (Link Road from Leburbond PWD Road to Bastilla via Rikiyasan Basti) under SOPD-ODS for the year 2020-21.,Please refer Tender documents. ,NA ,,Civil Works – Roads,NA ,Rate Contract,180.0,210.0,CACHAR DISTRICT,788030.0,NA ,NA ,NA ,"O/o The SE, PWD(Roads), Cachar Circle, Silchar.",No ,No,1.0,DD - Demand Draft,"2,00,000",Yes,fixed,,"EE, PWD, Borkhola and Katigorah T Road Divn",Katigorah,"The SE, PWD(Roads) Cachar Circle, Silchar.","O/o The SE, PWD(Roads) Cachar Circle, Silchar",Public Works Roads Department,T/CC/ETN/SIL/2020-21/1267(T),2020_PWD_19841_1,Open Tender,Item Rate,Works,2.0,No,No,Offline,No,No,No,31-Dec-2020 09:00 AM,11-Jan-2021 03:10 PM,31-Dec-2020 09:00 AM,11-Jan-2021 03:00 PM,31-Dec-2020 09:00 AM ,05-Jan-2021 04:00 PM ,31-Dec-2020 09:00 AM,11-Jan-2021 03:00 PM,08-Feb-2021 04:00 PM,"3,000","Empowered Officer, Assam State Road Board.",GUWAHATI,No
,,.pdf,Bid Security,,,,,,,,,,,,,,,,,,,2.0,FDR - Fixed Deposit Receipt,,,,,,,,,,,,,,,,,,,,,,,,,,,,,,,,,,
,,.pdf,Technical Bid Document,,,,,,,,,,,,,,,,,,,,,,,,,,,,,,,,,,,,,,,,,,,,,,,,,,,,,,
,,.pdf,SBD,,,,,,,,,,,,,,,,,,,,,,,,,,,,,,,,,,,,,,,,,,,,,,,,,,,,,,
2.0,Finance,.pdf,FOB,,,,,,,,,,,,,,,,,,,,,,,,,,,,,,,,,,,,,,,,,,,,,,,,,,,,,,
,,.xls,BOQ,,,,,,,,,,,,,,,,,,,,,,,,,,,,,,,,,,,,,,,,,,,,,,,,,,,,,,
