﻿Tender Fee in ₹,Fee Payable To,Fee Payable At,Tender Fee Exemption Allowed,Publish Date,Bid Opening Date,Document Download / Sale Start Date,Document Download / Sale End Date,Clarification Start Date,Clarification End Date,Bid Submission Start Date,Bid Submission End Date,Financial Bid Opening Date,S.No,Corrigendum Title,Corrigendum Type,View,Name,Address,S.No,Instrument Type,Title,Work Description,Pre Qualification Details,Independent External Monitor/Remarks,Tender Value in ₹,Product Category,Sub category,Contract Type,Bid Validity(Days),Period Of Work(Days),Location,Pincode,Pre Bid Meeting Place,Pre Bid Meeting Address,Pre Bid Meeting Date,Bid Opening Place,Should Allow NDA Tender,Allow Preferential Bidder,EMD Amount in ₹,EMD through BG/ST or EMD Exemption Allowed,EMD Fee Type,EMD Percentage,EMD Payable To,EMD Payable At,Cover No,Cover,Document Type,Description,Organisation Chain,Tender Reference Number,Tender ID,Tender Type,Form of contract,Tender Category,No. of Covers,General Technical Evaluation Allowed,ItemWise Technical Evaluation Allowed,Payment Mode,Is Multi Currency Allowed For BOQ,Is Multi Currency Allowed For Fee,Allow Two Stage Bidding
"10,000","Empowered Officer, ASRB",GUWAHATI,No,25-Jan-2020 06:00 PM,06-Feb-2020 02:00 PM,25-Jan-2020 06:00 PM,05-Feb-2020 04:00 PM,25-Jan-2020 06:00 PM ,01-Feb-2020 04:00 PM ,25-Jan-2020 06:00 PM,05-Feb-2020 04:00 PM,07-Mar-2020 05:50 PM,1.0,EXTENSION,Date,,"Chief Engineer, PWD (Roads), Assam","O/o the Chief Engineer, PWD (Roads), Assam, Chandmari, Guwahati, 781003",1.0,DD - Demand Draft,"Kar/AD19-20/08 Improvement of Approach Road to Langvoku Tourist Place within Manja Area (Imp. With ICBP, covered RCC drain, solid foot-path, retaining wall, steel railing including car parking etc. L-2.00 km under Assam Darshan for the year 2019-20.","Kar/AD19-20/08 Improvement of Approach Road to Langvoku Tourist Place within Manja Area (Imp. With ICBP, covered RCC drain, solid foot-path, retaining wall, steel railing including car parking etc. L-2.00 km under Assam Darshan for the year 2019-20.",Please refer Tender documents. ,NA ,"8,11,93,000",Civil Works,NA ,Tender,180.0,365.0,Karbi Anglong,781003.0,"O/o the Chief Engineer, PWD (Roads), Assam ","O/o the Chief Engineer, PWD (Roads), Assam, Chandmari, Guwahati, 781003 ",28-Jan-2020 12:00 PM ,"O/o the Chief Engineer, PWD (Roads), Assam",No ,No,"16,24,000",Yes,fixed,,"Chief Engineer, PWD (Roads), Assam",GUWAHATI,1.0,Fee/PreQual/Technical,.pdf,Cost of Tender Document,Public Works Roads Department,CE/Maint/A.D./404/2019/2,2020_PWD_16002_151,Open Tender,Item Rate,Works,2.0,No,No,Offline,No,No,No
,,,,,,,,,,,,,,,,,,,2.0,BC - Bankers Cheque,,,,,,,,,,,,,,,,,,,,,,,,,,,.pdf,Bid Security,,,,,,,,,,,,,
,,,,,,,,,,,,,,,,,,,3.0,BG - Bank Guarantee Irrevocable,,,,,,,,,,,,,,,,,,,,,,,,,,,.pdf,Technical Qualification Details,,,,,,,,,,,,,
,,,,,,,,,,,,,,,,,,,4.0,FDR - Fixed Deposit Receipt,,,,,,,,,,,,,,,,,,,,,,,,,,,.pdf,SBD,,,,,,,,,,,,,
,,,,,,,,,,,,,,,,,,,,,,,,,,,,,,,,,,,,,,,,,,,,,2.0,Finance,.xls,BOQ,,,,,,,,,,,,,
,,,,,,,,,,,,,,,,,,,,,,,,,,,,,,,,,,,,,,,,,,,,,,,.pdf,FOB,,,,,,,,,,,,,
