﻿Name,Address,Publish Date,Bid Opening Date,Document Download / Sale Start Date,Document Download / Sale End Date,Clarification Start Date,Clarification End Date,Bid Submission Start Date,Bid Submission End Date,Financial Bid Opening Date,Cover No,Cover,Document Type,Description,Title,Work Description,Pre Qualification Details,Independent External Monitor/Remarks,Tender Value in ₹,Product Category,Sub category,Contract Type,Bid Validity(Days),Period Of Work(Days),Location,Pincode,Pre Bid Meeting Place,Pre Bid Meeting Address,Pre Bid Meeting Date,Bid Opening Place,Should Allow NDA Tender,Allow Preferential Bidder,Organisation Chain,Tender Reference Number,Tender ID,Tender Type,Form of contract,Tender Category,No. of Covers,General Technical Evaluation Allowed,ItemWise Technical Evaluation Allowed,Payment Mode,Is Multi Currency Allowed For BOQ,Is Multi Currency Allowed For Fee,Allow Two Stage Bidding,Tender Fee in ₹,Fee Payable To,Fee Payable At,Tender Fee Exemption Allowed,EMD Amount in ₹,EMD through BG/ST or EMD Exemption Allowed,EMD Fee Type,EMD Percentage,EMD Payable To,EMD Payable At,S.No,Instrument Type
"Managing Dircetor, ASIDC Ltd., Guwahati-21","O/o the Managing Dircetor, ASIDC Ltd., Guwahati-21",21-Jan-2020 06:00 PM,05-Feb-2020 03:00 PM,21-Jan-2020 06:00 PM,05-Feb-2020 02:00 PM,NA ,NA ,21-Jan-2020 06:00 PM,05-Feb-2020 02:00 PM,11-Feb-2020 10:00 AM,1.0,Fee/PreQual/Technical,.pdf,Cost of Bid,SIDC/NIT/MAN/4924_Mandakata,"Construction of boundary wall at Mandakata Medicinal Hubs, North Guwahati under AAP of ASIDC Ltd. for the year 2018-19",Please refer Tender documents. ,NA ,"2,12,96,000",Civil Works,NA ,Tender,120.0,240.0,"Mandakata, North Guwahati",781121.0,NA ,NA ,NA ,"O/o the Managing Dircetor, ASIDC Ltd., Guwahati-21",No ,No,Industries and Commerce Department||Assam Small Industries Development Corpn. Ltd.,SIDC/NIT/MAN/4924_Mandakata,2020_ICD_15985_1,Open Tender,Item Wise,Works,2.0,No,No,Offline,No,No,No,"4,000",ASIDC Ltd.,Guwahati,No,"4,25,920",Yes,percentage,2.0%,ASIDC Ltd.,Guwahati,1.0,DD - Demand Draft
,,,,,,,,,,,,,.pdf,Earnest Money,,,,,,,,,,,,,,,,,,,,,,,,,,,,,,,,,,,,,,,,,,2.0,BC - Bankers Cheque
,,,,,,,,,,,,,.pdf,Tender Document,,,,,,,,,,,,,,,,,,,,,,,,,,,,,,,,,,,,,,,,,,,
,,,,,,,,,,,,,.pdf,Technical Qualification,,,,,,,,,,,,,,,,,,,,,,,,,,,,,,,,,,,,,,,,,,,
,,,,,,,,,,,2.0,Finance,.xls,BOQ,,,,,,,,,,,,,,,,,,,,,,,,,,,,,,,,,,,,,,,,,,,
