﻿Cover No,Cover,Document Type,Description,Publish Date,Bid Opening Date,Document Download / Sale Start Date,Document Download / Sale End Date,Clarification Start Date,Clarification End Date,Bid Submission Start Date,Bid Submission End Date,S.No,Instrument Type,Organisation Chain,Tender Reference Number,Tender ID,Tender Type,Form of contract,Tender Category,No. of Covers,General Technical Evaluation Allowed,ItemWise Technical Evaluation Allowed,Payment Mode,Is Multi Currency Allowed For BOQ,Is Multi Currency Allowed For Fee,Allow Two Stage Bidding,S.No,Corrigendum Title,Corrigendum Type,View,Name,Address,EMD Amount in ₹,EMD through BG/ST or EMD Exemption Allowed,EMD Fee Type,EMD Percentage,EMD Payable To,EMD Payable At,Title,Work Description,Pre Qualification Details,Independent External Monitor/Remarks,Tender Value in ₹,Product Category,Sub category,Contract Type,Bid Validity(Days),Period Of Work(Days),Location,Pincode,Pre Bid Meeting Place,Pre Bid Meeting Address,Pre Bid Meeting Date,Bid Opening Place,Should Allow NDA Tender,Allow Preferential Bidder,Tender Fee in ₹,Fee Payable To,Fee Payable At,Tender Fee Exemption Allowed
1.0,Fee/PreQual/Technical,.pdf,Tender Fee/EMD,03-Jan-2020 01:00 PM,14-Jan-2020 05:00 PM,03-Jan-2020 01:00 PM,14-Jan-2020 03:00 PM,NA ,NA ,03-Jan-2020 01:00 PM,14-Jan-2020 03:00 PM,1.0,DD - Demand Draft,Welfare of Plain Tribes and Backward Classes||Directorate of Welfare of Scheduled Caste||Assam State Development Corporation for SC,SCDC/BH/Tndr/706/2019-20/5,2020_WPTBC_15698_1,Limited,Item Rate,Works,2.0,No,No,Offline,No,No,No,1.0,Extension Notice,Date,,MD ASDC for SCLtd,"Dispur, Guwahati-06","2,20,000",Yes,percentage,2.0%,"MD, ASDC for SC Ltd.","Dispur, Guwahati-06","Construction of Boys Hostel at Shri Krishna Sarda College, Hailakandi","Construction of Boys Hostel at Shri Krishna Sarda College, Hailakandi",Please refer Tender documents. ,NA ,"1,10,00,000",Civil Works,NA ,Tender,180.0,540.0,Hailakandi,781006.0,"O/O Managing Director, ASDC for SC ltd ","Dispur, Guwahati-06 ",04-Jan-2020 02:30 PM ,"O/O Managing Director, ASDC for SC ltd",No ,No,"3,300","MD, ASDC for SC Ltd.","Dispur, Guwahati-06",No
,,.pdf,Prequalification Document,,,,,,,,,2.0,FDR - Fixed Deposit Receipt,,,,,,,,,,,,,,,,,,,,,,,,,,,,,,,,,,,,,,,,,,,,,,,
,,.pdf,Bid Document,,,,,,,,,,,,,,,,,,,,,,,,,,,,,,,,,,,,,,,,,,,,,,,,,,,,,,,,,
2.0,Finance,.xls,BOQ,,,,,,,,,,,,,,,,,,,,,,,,,,,,,,,,,,,,,,,,,,,,,,,,,,,,,,,,,
