﻿S.No,Instrument Type,Tender Fee in ₹,Fee Payable To,Fee Payable At,Tender Fee Exemption Allowed,EMD Amount in ₹,EMD through BG/ST or EMD Exemption Allowed,EMD Fee Type,EMD Percentage,EMD Payable To,EMD Payable At,Name,Address,Title,Work Description,Pre Qualification Details,Independent External Monitor/Remarks,Tender Value in ₹,Product Category,Sub category,Contract Type,Bid Validity(Days),Period Of Work(Days),Location,Pincode,Pre Bid Meeting Place,Pre Bid Meeting Address,Pre Bid Meeting Date,Bid Opening Place,Should Allow NDA Tender,Allow Preferential Bidder,S.No,Corrigendum Title,Corrigendum Type,View,Organisation Chain,Tender Reference Number,Tender ID,Tender Type,Form of contract,Tender Category,No. of Covers,General Technical Evaluation Allowed,ItemWise Technical Evaluation Allowed,Payment Mode,Is Multi Currency Allowed For BOQ,Is Multi Currency Allowed For Fee,Allow Two Stage Bidding,Publish Date,Bid Opening Date,Document Download / Sale Start Date,Document Download / Sale End Date,Clarification Start Date,Clarification End Date,Bid Submission Start Date,Bid Submission End Date,Financial Bid Opening Date,Cover No,Cover,Document Type,Description
1.0,DD - Demand Draft,"10,000","Empowered Officer, ASRB A/C No. 10566991479",GUWAHATI,No,"20,00,000",Yes,fixed,,"Chief Engineer, PWD (Roads), Assam",GUWAHATI,"Chief Engineer, PWD (Roads), Assam","O/o the Chief Engineer, PWD (Roads), Assam, Chandmari, Guwahati, 781003",SOPD_SIG_19_20_63,"SOPD_SIG_19_20_63 Improvement of road from Karichuk Tianiali to Dhemaji Engineering College under Signature Project of SOPD-G (State Priority Scheme) for the year 2019-20, Dhemaji LAC",Please refer Tender documents. ,NA ,"10,00,00,000",Civil Works,NA ,Tender,90.0,270.0,Dhemaji,781003.0,"O/o the Chief Engineer, PWD (Roads), Assam ","O/o the Chief Engineer, PWD (Roads), Assam, Chandmari, Guwahati, 781003 ",17-Jan-2020 12:00 PM ,"O/o the Chief Engineer, PWD (Roads), Assam",No ,No,1.0,Extension,Date,,Public Works Roads Department,CE/DEV/TB/199/2019-20/01,2020_PWD_15864_63,Open Tender,Item Rate,Works,2.0,No,No,Offline,No,No,No,17-Jan-2020 09:00 AM,05-Feb-2020 02:10 PM,17-Jan-2020 09:00 AM,05-Feb-2020 02:00 PM,17-Jan-2020 09:00 AM ,01-Feb-2020 02:00 PM ,17-Jan-2020 02:00 PM,05-Feb-2020 02:00 PM,10-Aug-2020 12:05 PM,1.0,Fee/PreQual/Technical,.pdf,Cost of Bid Decument
2.0,BC - Bankers Cheque,,,,,,,,,,,,,,,,,,,,,,,,,,,,,,,,,,,,,,,,,,,,,,,,,,,,,,,,,,,.pdf,Bid Security
3.0,BG - Bank Guarantee Irrevocable,,,,,,,,,,,,,,,,,,,,,,,,,,,,,,,,,,,,,,,,,,,,,,,,,,,,,,,,,,,.pdf,Technical Qualification Details
4.0,FDR - Fixed Deposit Receipt,,,,,,,,,,,,,,,,,,,,,,,,,,,,,,,,,,,,,,,,,,,,,,,,,,,,,,,,,,,.pdf,Standard Bidding Document
,,,,,,,,,,,,,,,,,,,,,,,,,,,,,,,,,,,,,,,,,,,,,,,,,,,,,,,,,,2.0,Finance,.xls,Bill of Quantities
,,,,,,,,,,,,,,,,,,,,,,,,,,,,,,,,,,,,,,,,,,,,,,,,,,,,,,,,,,,,.pdf,Form Of Bid
