﻿EMD Amount in ₹,EMD through BG/ST or EMD Exemption Allowed,EMD Fee Type,EMD Percentage,EMD Payable To,EMD Payable At,S.No,Instrument Type,Name,Address,Cover No,Cover,Document Type,Description,Tender Fee in ₹,Fee Payable To,Fee Payable At,Tender Fee Exemption Allowed,S.No,Corrigendum Title,Corrigendum Type,View,Organisation Chain,Tender Reference Number,Tender ID,Tender Type,Form of contract,Tender Category,No. of Covers,General Technical Evaluation Allowed,ItemWise Technical Evaluation Allowed,Payment Mode,Is Multi Currency Allowed For BOQ,Is Multi Currency Allowed For Fee,Allow Two Stage Bidding,Title,Work Description,Pre Qualification Details,Independent External Monitor/Remarks,Tender Value in ₹,Product Category,Sub category,Contract Type,Bid Validity(Days),Period Of Work(Days),Location,Pincode,Pre Bid Meeting Place,Pre Bid Meeting Address,Pre Bid Meeting Date,Bid Opening Place,Should Allow NDA Tender,Allow Preferential Bidder,Publish Date,Bid Opening Date,Document Download / Sale Start Date,Document Download / Sale End Date,Clarification Start Date,Clarification End Date,Bid Submission Start Date,Bid Submission End Date
"4,74,180",Yes,fixed,,Ex Engg PWRD Borkhola and Katigorh Terri Rd Divn,KATIGORH,1.0,DD - Demand Draft,Executive Engineer PWRD,PWRD Borkhola and Katigorh Terri Rd Divn,1.0,Fee/PreQual/Technical,.pdf,Bid Security,"7,113",Empowered Officer ASRB Assam,GUWAHATI,Yes,1.0,BKTRD/TB/SOPD-G/01/2020-21/6,Cancellation of Tender,,Public Works Roads Department,BKTRD/TB/SOPD-G/01/2020-21/4,2020_PWD_18675_1,Open Tender,Item Wise,Works,2.0,No,No,Offline,No,No,No,BKTRD/TB/SOPD-G/01/2020-21/4,Re Construction of S.K.Road to Rajnagar under SOPD-G for the year 2020-21,Please Refer Tender Documents ,NA ,"2,37,09,000",Civil Works – Roads,NA ,Tender,180.0,365.0,Cachar,788805.0,NA ,NA ,NA ,Katigorh,No ,No,16-Sep-2020 10:00 AM,22-Sep-2020 04:00 PM,16-Sep-2020 10:00 AM,22-Sep-2020 03:00 PM,16-Sep-2020 10:00 AM ,22-Sep-2020 02:00 PM ,16-Sep-2020 10:00 AM,22-Sep-2020 03:00 PM
,,,,,,2.0,BG - Bank Guarantee Irrevocable,,,,,.pdf,Cost of Tender Documents,,,,,,,,,,,,,,,,,,,,,,,,,,,,,,,,,,,,,,,,,,,,,,,
,,,,,,3.0,FDR - Fixed Deposit Receipt,,,,,.pdf,Technical Qualification Details,,,,,,,,,,,,,,,,,,,,,,,,,,,,,,,,,,,,,,,,,,,,,,,
,,,,,,,,,,,,.pdf,SBD,,,,,,,,,,,,,,,,,,,,,,,,,,,,,,,,,,,,,,,,,,,,,,,
,,,,,,,,,,2.0,Finance,.xls,BOQ,,,,,,,,,,,,,,,,,,,,,,,,,,,,,,,,,,,,,,,,,,,,,,,
,,,,,,,,,,,,.pdf,FOB,,,,,,,,,,,,,,,,,,,,,,,,,,,,,,,,,,,,,,,,,,,,,,,
