﻿Tender Fee in ₹,Fee Payable To,Fee Payable At,Tender Fee Exemption Allowed,Name,Address,Organisation Chain,Tender Reference Number,Tender ID,Tender Type,Form of contract,Tender Category,No. of Covers,General Technical Evaluation Allowed,ItemWise Technical Evaluation Allowed,Payment Mode,Is Multi Currency Allowed For BOQ,Is Multi Currency Allowed For Fee,Allow Two Stage Bidding,Cover No,Cover,Document Type,Description,Title,Work Description,Pre Qualification Details,Independent External Monitor/Remarks,Tender Value in ₹,Product Category,Sub category,Contract Type,Bid Validity(Days),Period Of Work(Days),Location,Pincode,Pre Bid Meeting Place,Pre Bid Meeting Address,Pre Bid Meeting Date,Bid Opening Place,Should Allow NDA Tender,Allow Preferential Bidder,S.No,Instrument Type,Publish Date,Bid Opening Date,Document Download / Sale Start Date,Document Download / Sale End Date,Clarification Start Date,Clarification End Date,Bid Submission Start Date,Bid Submission End Date,Financial Bid Opening Date,EMD Amount in ₹,EMD through BG/ST or EMD Exemption Allowed,EMD Fee Type,EMD Percentage,EMD Payable To,EMD Payable At
"5,000","Director, Municipal Administration",Guwahati,No,"Director, Municipal Administration, Assam","Dispur, Guwahati - 6",Urban Development Department||Directorate of Municipality Administration - UDD,DMA(P)203/2019/125 Dated 10/01/2020,2020_UDD_15910_1,Open Tender,Supply,Goods,2.0,No,No,Offline,No,No,No,1.0,Fee/PreQual/Technical,.pdf,Bid Document Fee,Supply and Delivery of Tippers,Supply and Delivery of Tippers,Please refer Tender documents. ,NA ,"16,38,00,000",Vehicles/Vehicle Spares,NA ,Tender,180.0,25.0,"Dispur, Guwahati",781006.0,NA ,NA ,NA ,"Dispur, Guwahati-06",No ,No,1.0,DD - Demand Draft,14-Jan-2020 04:00 PM,24-Jan-2020 04:00 PM,14-Jan-2020 04:00 PM,24-Jan-2020 03:00 PM,NA ,NA ,17-Jan-2020 09:00 AM,24-Jan-2020 03:00 PM,03-Feb-2020 10:00 AM,"10,00,000",No,fixed,,"Director, Municipal Administration",Guwahati
,,,,,,,,,,,,,,,,,,,,,.pdf,EMD,,,,,,,,,,,,,,,,,,,,,,,,,,,,,,,,,,,
,,,,,,,,,,,,,,,,,,,,,.pdf,NIT Document,,,,,,,,,,,,,,,,,,,,,,,,,,,,,,,,,,,
,,,,,,,,,,,,,,,,,,,,,.pdf,Supporting Document,,,,,,,,,,,,,,,,,,,,,,,,,,,,,,,,,,,
,,,,,,,,,,,,,,,,,,,2.0,Finance,.xls,Price Bid,,,,,,,,,,,,,,,,,,,,,,,,,,,,,,,,,,,
