﻿Name,Address,Cover No,Cover,Document Type,Description,EMD Amount in ₹,EMD through BG/ST or EMD Exemption Allowed,EMD Fee Type,EMD Percentage,EMD Payable To,EMD Payable At,Tender Fee in ₹,Fee Payable To,Fee Payable At,Tender Fee Exemption Allowed,S.No,Corrigendum Title,Corrigendum Type,View,Title,Work Description,Pre Qualification Details,Independent External Monitor/Remarks,Tender Value in ₹,Product Category,Sub category,Contract Type,Bid Validity(Days),Period Of Work(Days),Location,Pincode,Pre Bid Meeting Place,Pre Bid Meeting Address,Pre Bid Meeting Date,Bid Opening Place,Should Allow NDA Tender,Allow Preferential Bidder,Organisation Chain,Tender Reference Number,Tender ID,Tender Type,Form of contract,Tender Category,No. of Covers,General Technical Evaluation Allowed,ItemWise Technical Evaluation Allowed,Payment Mode,Is Multi Currency Allowed For BOQ,Is Multi Currency Allowed For Fee,Allow Two Stage Bidding,S.No,Instrument Type,Publish Date,Bid Opening Date,Document Download / Sale Start Date,Document Download / Sale End Date,Clarification Start Date,Clarification End Date,Bid Submission Start Date,Bid Submission End Date,Financial Bid Opening Date
"Chief Engineer, PWD (Roads), Assam","O/o the Chief Engineer, PWD (Roads), Assam, Chandmari, Guwahati, 781003",1.0,Fee/PreQual/Technical,.pdf,Cost of Tender Document,"2,08,000",Yes,fixed,,"Chief Engineer, PWD (Roads), Assam",GUWAHATI,"3,100","Empowered Officer, ASRB",GUWAHATI,No,1.0,Bid Submission Date Extension,Date,,Lak/AD19-20/02 Construction of road from Bordeuri Temara PWD to Debera Than,Lak/AD19-20/02 Construction of road from Bordeuri Temara PWD to Debera Than,Please refer Tender documents. ,NA ,"1,04,18,000",Civil Works,NA ,Tender,180.0,180.0,Lakhimpur,781003.0,"O/o the Chief Engineer, PWD (Roads), Assam ","O/o the Chief Engineer, PWD (Roads), Assam, Chandmari, Guwahati, 781003 ",28-Jan-2020 12:00 PM ,"O/o the Chief Engineer, PWD (Roads), Assam",No ,No,Public Works Roads Department,CE/Maint/A.D./404/2019/2,2020_PWD_16002_78,Open Tender,Item Rate,Works,2.0,No,No,Offline,No,No,No,1.0,DD - Demand Draft,23-Jan-2020 05:00 PM,06-Feb-2020 02:00 PM,23-Jan-2020 05:00 PM,05-Feb-2020 04:00 PM,23-Jan-2020 05:00 PM ,01-Feb-2020 04:00 PM ,23-Jan-2020 05:00 PM,05-Feb-2020 04:00 PM,24-Feb-2020 06:55 PM
,,,,.pdf,Bid Security,,,,,,,,,,,,,,,,,,,,,,,,,,,,,,,,,,,,,,,,,,,,,,2.0,BC - Bankers Cheque,,,,,,,,,
,,,,.pdf,Technical Qualification Details,,,,,,,,,,,,,,,,,,,,,,,,,,,,,,,,,,,,,,,,,,,,,,3.0,BG - Bank Guarantee Irrevocable,,,,,,,,,
,,,,.pdf,SBD,,,,,,,,,,,,,,,,,,,,,,,,,,,,,,,,,,,,,,,,,,,,,,4.0,FDR - Fixed Deposit Receipt,,,,,,,,,
,,2.0,Finance,.xls,BOQ,,,,,,,,,,,,,,,,,,,,,,,,,,,,,,,,,,,,,,,,,,,,,,,,,,,,,,,,
,,,,.pdf,FOB,,,,,,,,,,,,,,,,,,,,,,,,,,,,,,,,,,,,,,,,,,,,,,,,,,,,,,,,
