﻿EMD Amount in ₹,EMD through BG/ST or EMD Exemption Allowed,EMD Fee Type,EMD Percentage,EMD Payable To,EMD Payable At,S.No,Corrigendum Title,Corrigendum Type,View,S.No,Instrument Type,Publish Date,Bid Opening Date,Document Download / Sale Start Date,Document Download / Sale End Date,Clarification Start Date,Clarification End Date,Bid Submission Start Date,Bid Submission End Date,Tender Fee in ₹,Fee Payable To,Fee Payable At,Tender Fee Exemption Allowed,Cover No,Cover,Document Type,Description,Name,Address,Title,Work Description,Pre Qualification Details,Independent External Monitor/Remarks,Tender Value in ₹,Product Category,Sub category,Contract Type,Bid Validity(Days),Period Of Work(Days),Location,Pincode,Pre Bid Meeting Place,Pre Bid Meeting Address,Pre Bid Meeting Date,Bid Opening Place,Should Allow NDA Tender,Allow Preferential Bidder,Organisation Chain,Tender Reference Number,Tender ID,Tender Type,Form of contract,Tender Category,No. of Covers,General Technical Evaluation Allowed,ItemWise Technical Evaluation Allowed,Payment Mode,Is Multi Currency Allowed For BOQ,Is Multi Currency Allowed For Fee,Allow Two Stage Bidding
"7,61,08,600",Yes,percentage,2.0%,"E.E., PWD, Sivasagar Building Division",Sivasagar,1.0,Corrigendum Cum Extension,Date,,1.0,DD - Demand Draft,31-Oct-2020 06:00 PM,23-Nov-2020 03:30 PM,31-Oct-2020 06:00 PM,23-Nov-2020 03:00 PM,NA ,NA ,07-Nov-2020 03:30 PM,23-Nov-2020 03:00 PM,"12,500",Assam State Road Board Maintenance (Road) Fund,Guwahati,No,1.0,Fee/PreQual/Technical,.pdf,DOCUMENT COST,"CE, PWD (Bldg), Assam, Chandmari, Ghy-3","O/O The CE, PWD (Bldg), Assam, Chandmari, Ghy-3","Construction of proposed new Medical College at Sivasagar (Charaideu) District, Assam","Construction of proposed new Medical College at Sivasagar (Charaideu) District, Assam",Please refer Tender documents. ,NA ,"3,80,54,30,000",Civil Works - Building,NA ,Tender,180.0,1095.0,Charaideu,782445.0,"O/O The CE, PWD (Bldg), Assam, Chandmari, Ghy-3 ","O/O The CE, PWD (Bldg), Assam, Chandmari, Ghy-3 ",05-Nov-2020 11:00 AM ,"O/O The CE, PWD (Bldg), Assam, Chandmari, Ghy-3",No ,No,Public Works Building and NH Department||Chief Engineer-Building - PWBNH,GMC.63/2020/3 NMC-CHAR,2020_PWBNH_19131_1,Open Tender,Item Rate,Works,2.0,No,No,Offline,No,No,No
,,,,,,2.0,Drawing-2,Other,,2.0,BC - Bankers Cheque,,,,,,,,,,,,,,,.pdf,BID SECURITY,,,,,,,,,,,,,,,,,,,,,,,,,,,,,,,,,
,,,,,,3.0,Corrigendum-2,Technical Bid,,3.0,BG - Bank Guarantee Irrevocable,,,,,,,,,,,,,,,.pdf,BIDDING DOCUMENT,,,,,,,,,,,,,,,,,,,,,,,,,,,,,,,,,
,,,,,,,,,,4.0,FDR - Fixed Deposit Receipt,,,,,,,,,,,,,,,.pdf,TECHNICAL QUALIFICATIONS,,,,,,,,,,,,,,,,,,,,,,,,,,,,,,,,,
,,,,,,,,,,,,,,,,,,,,,,,,2.0,Finance,.xls,BOQ,,,,,,,,,,,,,,,,,,,,,,,,,,,,,,,,,
,,,,,,,,,,,,,,,,,,,,,,,,,,.pdf,FORM OF BID,,,,,,,,,,,,,,,,,,,,,,,,,,,,,,,,,
