﻿Name,Address,Organisation Chain,Tender Reference Number,Tender ID,Tender Type,Form of contract,Tender Category,No. of Covers,General Technical Evaluation Allowed,ItemWise Technical Evaluation Allowed,Payment Mode,Is Multi Currency Allowed For BOQ,Is Multi Currency Allowed For Fee,Allow Two Stage Bidding,EMD Amount in ₹,EMD through BG/ST or EMD Exemption Allowed,EMD Fee Type,EMD Percentage,EMD Payable To,EMD Payable At,S.No,Instrument Type,Tender Fee in ₹,Fee Payable To,Fee Payable At,Tender Fee Exemption Allowed,Title,Work Description,Pre Qualification Details,Independent External Monitor/Remarks,Tender Value in ₹,Product Category,Sub category,Contract Type,Bid Validity(Days),Period Of Work(Days),Location,Pincode,Pre Bid Meeting Place,Pre Bid Meeting Address,Pre Bid Meeting Date,Bid Opening Place,Should Allow NDA Tender,Allow Preferential Bidder,Cover No,Cover,Document Type,Description,Publish Date,Bid Opening Date,Document Download / Sale Start Date,Document Download / Sale End Date,Clarification Start Date,Clarification End Date,Bid Submission Start Date,Bid Submission End Date,Financial Bid Opening Date
"Superintending Engineer P.W.D.,Tezpur Road Circle,","Office of the Superintending Engineer P.W.D.,Tezpur Road Circle, Tezpur",Public Works Roads Department,TRC/TB/SOPD(G)/GOH/26/2019-20,2020_PWD_17513_11,Open Tender,Item Rate,Works,2.0,No,No,Offline,No,No,No,"2,91,640",Yes,fixed,,"EE, PWD, GCSDTRD, Tezpur","Superintending Engineer P.W.D.,Tezpur Road Circle,",1.0,DD - Demand Draft,"4,375","Empowered Officer, ASRB, Guwahati","Superintending Engineer P.W.D.,Tezpur Road Circle,",Yes,Package No. TRC/SOPD-G/GOH/11,Construction of Road From NH15 to Deori Gaon Road by providing Interlocking Concrete Block Pavement Ch. 0.00 to 1.850 KM under SOPD G for the year 2019 20,Please refer Tender documents. ,NA ,"1,45,81,859",Civil Works – Roads,NA ,Tender,180.0,120.0,Gohpur,784168.0,NA ,NA ,NA ,"Office of the Superintending Engineer P.W.D.,Tezpu",No ,No,1.0,Fee/PreQual/Technical,.pdf,Bid Security and Cost of Tender Document and Affidavit for Correctness of Bid,15-May-2020 10:00 AM,30-May-2020 11:00 AM,15-May-2020 11:00 AM,29-May-2020 12:00 PM,NA ,NA ,16-May-2020 11:00 AM,29-May-2020 12:00 PM,12-Jun-2020 12:30 PM
,,,,,,,,,,,,,,,,,,,,,2.0,BG - Bank Guarantee Irrevocable,,,,,,,,,,,,,,,,,,,,,,,,,.pdf,FOB Technical Qualification Details,,,,,,,,,
,,,,,,,,,,,,,,,,,,,,,3.0,FDR - Fixed Deposit Receipt,,,,,,,,,,,,,,,,,,,,,,,,,.pdf,SBD,,,,,,,,,
,,,,,,,,,,,,,,,,,,,,,4.0,DCR - Deposit at call receipt,,,,,,,,,,,,,,,,,,,,,,,2.0,Finance,.xls,BOQ,,,,,,,,,
,,,,,,,,,,,,,,,,,,,,,,,,,,,,,,,,,,,,,,,,,,,,,,,.pdf,FOB Financial,,,,,,,,,
