﻿EMD Amount in ₹,EMD through BG/ST or EMD Exemption Allowed,EMD Fee Type,EMD Percentage,EMD Payable To,EMD Payable At,Title,Work Description,Pre Qualification Details,Independent External Monitor/Remarks,Tender Value in ₹,Product Category,Sub category,Contract Type,Bid Validity(Days),Period Of Work(Days),Location,Pincode,Pre Bid Meeting Place,Pre Bid Meeting Address,Pre Bid Meeting Date,Bid Opening Place,Should Allow NDA Tender,Allow Preferential Bidder,S.No,Instrument Type,Publish Date,Bid Opening Date,Document Download / Sale Start Date,Document Download / Sale End Date,Clarification Start Date,Clarification End Date,Bid Submission Start Date,Bid Submission End Date,Financial Bid Opening Date,Cover No,Cover,Document Type,Description,Name,Address,Tender Fee in ₹,Fee Payable To,Fee Payable At,Tender Fee Exemption Allowed,Organisation Chain,Tender Reference Number,Tender ID,Tender Type,Form of contract,Tender Category,No. of Covers,General Technical Evaluation Allowed,ItemWise Technical Evaluation Allowed,Payment Mode,Is Multi Currency Allowed For BOQ,Is Multi Currency Allowed For Fee,Allow Two Stage Bidding
"1,38,000",Yes,fixed,,"EE, PWRD, Digboi and Margherita Territorial Road D",Margherita,SOPDG works for 2019-20,"Re construction of Borgaon Namghar to Bherjan Road of Digboi LAC under SOPD G for the year 2019 20 under Digboi Territorial Sub Division under PWD, Digboi and Margherita Territorial Road Division, Margherita Digboi LAC.",Please refer Tender documents. ,NA ,"68,97,743",Civil Works - Bridges,NA ,Tender,180.0,270.0,Digboi,786171.0,NA ,NA ,NA ,"O/O Superintending Engineer, PWD, Dibrugarh Road C",No ,No,1.0,DD - Demand Draft,16-Mar-2020 10:00 AM,25-Mar-2020 11:00 AM,16-Mar-2020 10:00 AM,24-Mar-2020 04:00 PM,16-Mar-2020 10:00 AM ,24-Mar-2020 04:00 PM ,16-Mar-2020 10:00 AM,24-Mar-2020 04:00 PM,11-May-2020 11:00 AM,1.0,Fee/PreQual/Technical,.pdf,Bid Security,"Superintending Engineer, PWD, Dibrugarh Road Circl","O/O Superintending Engineer, PWD, Dibrugarh Road Circle, Dibrugarh","2,000","Empowered Officer ASRB, A/C No. 10566991479",GUWAHATI,Yes,Public Works Roads Department,DRC-XIII/16/98/NIT/TSK/132,2020_PWD_17149_4,Open Tender,Item Rate,Works,2.0,No,No,Offline,No,No,No
,,,,,,,,,,,,,,,,,,,,,,,,2.0,BG - Bank Guarantee Irrevocable,,,,,,,,,,,,.pdf,Cost of Tender Document,,,,,,,,,,,,,,,,,,,
,,,,,,,,,,,,,,,,,,,,,,,,3.0,FDR - Fixed Deposit Receipt,,,,,,,,,,,,.pdf,Technical qualification details,,,,,,,,,,,,,,,,,,,
,,,,,,,,,,,,,,,,,,,,,,,,,,,,,,,,,,,,,.pdf,SBD,,,,,,,,,,,,,,,,,,,
,,,,,,,,,,,,,,,,,,,,,,,,,,,,,,,,,,,2.0,Finance,.xls,BOQ,,,,,,,,,,,,,,,,,,,
,,,,,,,,,,,,,,,,,,,,,,,,,,,,,,,,,,,,,.pdf,FOB,,,,,,,,,,,,,,,,,,,
