﻿Cover No,Cover,Document Type,Description,Name,Address,EMD Amount in ₹,EMD through BG/ST or EMD Exemption Allowed,EMD Fee Type,EMD Percentage,EMD Payable To,EMD Payable At,Publish Date,Bid Opening Date,Document Download / Sale Start Date,Document Download / Sale End Date,Clarification Start Date,Clarification End Date,Bid Submission Start Date,Bid Submission End Date,Financial Bid Opening Date,Tender Fee in ₹,Fee Payable To,Fee Payable At,Tender Fee Exemption Allowed,Title,Work Description,Pre Qualification Details,Independent External Monitor/Remarks,Tender Value in ₹,Product Category,Sub category,Contract Type,Bid Validity(Days),Period Of Work(Days),Location,Pincode,Pre Bid Meeting Place,Pre Bid Meeting Address,Pre Bid Meeting Date,Bid Opening Place,Should Allow NDA Tender,Allow Preferential Bidder,Organisation Chain,Tender Reference Number,Tender ID,Tender Type,Form of contract,Tender Category,No. of Covers,General Technical Evaluation Allowed,ItemWise Technical Evaluation Allowed,Payment Mode,Is Multi Currency Allowed For BOQ,Is Multi Currency Allowed For Fee,Allow Two Stage Bidding,S.No,Bank Name
1.0,Fee/PreQual/Technical,.pdf,Scan copy of Technical Qualification Criteria Documents,Director,"Animal Husbandry and Veterinary Department Assam,Chenikuthi, Guwahati-03","60,244",Yes,percentage,2.0%,Animal Husbandry and Veterinary Department,Guwahati,01-Sep-2020 05:00 PM,30-Sep-2020 03:00 PM,01-Sep-2020 05:00 PM,30-Sep-2020 02:00 PM,NA ,NA ,05-Sep-2020 11:00 AM,30-Sep-2020 02:00 PM,19-Oct-2020 03:30 PM,"1,000",Animal Husbandry and Veterinary Department,Guwahati,No,"Construction of Boar Sty including water supply, disposal tank, Electrification and renovation of Laboratory at FSB Campus Baghchung, Jorhat","Construction of Boar Sty including water supply, disposal tank, Electrification and renovation of Laboratory at FSB Campus Baghchung, Jorhat under APART",Please refer Tender documents. ,NA ,"30,12,195",Civil Works,NA ,Tender,180.0,120.0,Jorhat,785001.0,Office of the Director A.H and Vety. Department  ,"Office of the Director Animal Husbandry and Veterinary Department Assam,Chenikuthi, Guwahati-03 ",04-Sep-2020 11:00 AM ,Office of the Director A.H and Vety. Department,No ,No,Animal Husbandry and Veterinary Department-Externally Aided Project||Animal Husbandry and Veterinary Department-World Bank Tenders,DVT-240/APART/2019-20/34,2020_AHVDE_18557_1,Open Tender,Item Rate,Works,2.0,No,No,Online,No,No,No,1.0,SBI Bank
,,.pdf,Tender Document,,,,,,,,,,,,,,,,,,,,,,,,,,,,,,,,,,,,,,,,,,,,,,,,,,,,,,
2.0,Finance,.xls,Price Bid,,,,,,,,,,,,,,,,,,,,,,,,,,,,,,,,,,,,,,,,,,,,,,,,,,,,,,
,,.pdf,Form of Bid,,,,,,,,,,,,,,,,,,,,,,,,,,,,,,,,,,,,,,,,,,,,,,,,,,,,,,
