﻿Name,Address,Cover No,Cover,Document Type,Description,Tender Fee in ₹,Fee Payable To,Fee Payable At,Tender Fee Exemption Allowed,S.No,Instrument Type,Publish Date,Bid Opening Date,Document Download / Sale Start Date,Document Download / Sale End Date,Clarification Start Date,Clarification End Date,Bid Submission Start Date,Bid Submission End Date,Financial Bid Opening Date,EMD Amount in ₹,EMD through BG/ST or EMD Exemption Allowed,EMD Fee Type,EMD Percentage,EMD Payable To,EMD Payable At,Title,Work Description,Pre Qualification Details,Independent External Monitor/Remarks,Tender Value in ₹,Product Category,Sub category,Contract Type,Bid Validity(Days),Period Of Work(Days),Location,Pincode,Pre Bid Meeting Place,Pre Bid Meeting Address,Pre Bid Meeting Date,Bid Opening Place,Should Allow NDA Tender,Allow Preferential Bidder,Organisation Chain,Tender Reference Number,Tender ID,Tender Type,Form of contract,Tender Category,No. of Covers,General Technical Evaluation Allowed,ItemWise Technical Evaluation Allowed,Payment Mode,Is Multi Currency Allowed For BOQ,Is Multi Currency Allowed For Fee,Allow Two Stage Bidding
"The Addl. Chief Engineer cum Director, PWD, BTC,","O/o the Addl. Chief Engineer cum Director, PWD, BTC, Kokrajhar.",1.0,Fee/PreQual/Technical,.pdf,Tender Cost,"15,000","Principal Secretary, BTC, Kokrajhar",Kokrajhar,No,1.0,DD - Demand Draft,10-Jan-2020 10:30 AM,27-Jan-2020 02:00 PM,10-Jan-2020 10:30 AM,24-Jan-2020 04:30 PM,10-Jan-2020 10:30 AM ,24-Jan-2020 04:00 PM ,10-Jan-2020 10:30 AM,24-Jan-2020 04:30 PM,13-Feb-2020 03:40 PM,"20,30,610",Yes,percentage,2.0%,"Executive Engineer, PWD, Udalguri R and B Division",Udalguri,TN No. 97_1_Improvement of Road from Khoirabari to Goreswar under SOPD(G) for the year 2019-20.,Improvement of Road from Khoirabari to Goreswar under SOPD(G) for the year 2019-20.,Please refer Tender documents. ,NA ,"10,15,30,519",Civil Works – Roads,NA ,Tender,180.0,240.0,Improvement of Road from Khoirabari to Goreswar,784522.0,NA ,NA ,NA ,"O/o the Addl. Chief Engineer cum Director, PWD,",No ,No,Bodoland Territorial Council-PWD||Director Cum CHD - PWD BTC,35/TECH/UDL(RB)/IFB/2018 19/150,2020_BTC_15819_1,Open Tender,Item Rate,Works,2.0,No,No,Offline,No,No,No
,,,,.pdf,EMD,,,,,2.0,BC - Bankers Cheque,,,,,,,,,,,,,,,,,,,,,,,,,,,,,,,,,,,,,,,,,,,,,,
,,,,.pdf,Technical Documents,,,,,3.0,FDR - Fixed Deposit Receipt,,,,,,,,,,,,,,,,,,,,,,,,,,,,,,,,,,,,,,,,,,,,,,
,,,,.pdf,SBD,,,,,,,,,,,,,,,,,,,,,,,,,,,,,,,,,,,,,,,,,,,,,,,,,,,,
,,2.0,Finance,.xls,BOQ,,,,,,,,,,,,,,,,,,,,,,,,,,,,,,,,,,,,,,,,,,,,,,,,,,,,
,,,,.pdf,FOB,,,,,,,,,,,,,,,,,,,,,,,,,,,,,,,,,,,,,,,,,,,,,,,,,,,,
