﻿S.No,Instrument Type,Organisation Chain,Tender Reference Number,Tender ID,Tender Type,Form of contract,Tender Category,No. of Covers,General Technical Evaluation Allowed,ItemWise Technical Evaluation Allowed,Payment Mode,Is Multi Currency Allowed For BOQ,Is Multi Currency Allowed For Fee,Allow Two Stage Bidding,Publish Date,Bid Opening Date,Document Download / Sale Start Date,Document Download / Sale End Date,Clarification Start Date,Clarification End Date,Bid Submission Start Date,Bid Submission End Date,Financial Bid Opening Date,Cover No,Cover,Document Type,Description,Name,Address,EMD Amount in ₹,EMD through BG/ST or EMD Exemption Allowed,EMD Fee Type,EMD Percentage,EMD Payable To,EMD Payable At,Tender Fee in ₹,Fee Payable To,Fee Payable At,Tender Fee Exemption Allowed,Title,Work Description,Pre Qualification Details,Independent External Monitor/Remarks,Tender Value in ₹,Product Category,Sub category,Contract Type,Bid Validity(Days),Period Of Work(Days),Location,Pincode,Pre Bid Meeting Place,Pre Bid Meeting Address,Pre Bid Meeting Date,Bid Opening Place,Should Allow NDA Tender,Allow Preferential Bidder
1.0,DD - Demand Draft,Public Works Roads Department,SE/JRC/SOPD(G)/3285,2020_PWD_19408_8,Open Tender,Item Rate,Works,2.0,No,No,Offline,No,No,No,26-Nov-2020 10:00 AM,14-Dec-2020 01:00 PM,26-Nov-2020 10:00 AM,10-Dec-2020 04:00 PM,NA ,NA ,26-Nov-2020 10:00 AM,10-Dec-2020 04:00 PM,21-Dec-2020 03:45 PM,1.0,Fee/PreQual/Technical,.pdf,Cost of Bid,SE PWD JRC,O/O SE PWD JRC,"1,59,934",Yes,percentage,2.0%,EE PWD Choraideo District Territorial Road Divisio,Choraideo,"1,600",Empowered Officer ASRB,GUWAHATI,No,"Construction/ Improvement of Bhojo Bogoriguri Janajati Road (from Ch.0.00 m to Ch 1010.00 m) under SOPD-G for the year 2020-21 under PWD Charaideo District Territorial Road Division, Sonari LAC. Pkg.No. SOPD-G/2020-21/CDTRD/SNI/08","Construction/ Improvement of Bhojo Bogoriguri Janajati Road (from Ch.0.00 m to Ch 1010.00 m) under SOPD-G for the year 2020-21 under PWD Charaideo District Territorial Road Division, Sonari LAC. Pkg.No. SOPD-G/2020-21/CDTRD/SNI/08",Please refer Tender documents. ,NA ,"79,96,723",Civil Works – Roads,NA ,Tender,180.0,180.0,Charaideo,785690.0,NA ,NA ,NA ,O/O SE PWD JRC,No ,No
2.0,BC - Bankers Cheque,,,,,,,,,,,,,,,,,,,,,,,,,.pdf,Bid Security,,,,,,,,,,,,,,,,,,,,,,,,,,,,,,
3.0,BG - Bank Guarantee Irrevocable,,,,,,,,,,,,,,,,,,,,,,,,,.pdf,Technical Qualification Document,,,,,,,,,,,,,,,,,,,,,,,,,,,,,,
4.0,FDR - Fixed Deposit Receipt,,,,,,,,,,,,,,,,,,,,,,,,,.pdf,SBD,,,,,,,,,,,,,,,,,,,,,,,,,,,,,,
5.0,DCR - Deposit at call receipt,,,,,,,,,,,,,,,,,,,,,,,2.0,Finance,.xls,BOQ,,,,,,,,,,,,,,,,,,,,,,,,,,,,,,
,,,,,,,,,,,,,,,,,,,,,,,,,,.pdf,FOB,,,,,,,,,,,,,,,,,,,,,,,,,,,,,,
