﻿S.No,Instrument Type,Cover No,Cover,Document Type,Description,Tender Fee in ₹,Fee Payable To,Fee Payable At,Tender Fee Exemption Allowed,Publish Date,Bid Opening Date,Document Download / Sale Start Date,Document Download / Sale End Date,Clarification Start Date,Clarification End Date,Bid Submission Start Date,Bid Submission End Date,Financial Bid Opening Date,Organisation Chain,Tender Reference Number,Tender ID,Tender Type,Form of contract,Tender Category,No. of Covers,General Technical Evaluation Allowed,ItemWise Technical Evaluation Allowed,Payment Mode,Is Multi Currency Allowed For BOQ,Is Multi Currency Allowed For Fee,Allow Two Stage Bidding,Title,Work Description,Pre Qualification Details,Independent External Monitor/Remarks,Tender Value in ₹,Product Category,Sub category,Contract Type,Bid Validity(Days),Period Of Work(Days),Location,Pincode,Pre Bid Meeting Place,Pre Bid Meeting Address,Pre Bid Meeting Date,Bid Opening Place,Should Allow NDA Tender,Allow Preferential Bidder,Name,Address,EMD Amount in ₹,EMD through BG/ST or EMD Exemption Allowed,EMD Fee Type,EMD Percentage,EMD Payable To,EMD Payable At,S.No,Corrigendum Title,Corrigendum Type,View
1.0,DD - Demand Draft,1.0,Fee/PreQual/Technical,.pdf,Cost of Bid,"2,200",Empowered Officer ASRB,GUWAHATI,No,28-Sep-2020 10:00 AM,09-Nov-2020 01:00 PM,28-Sep-2020 10:00 AM,04-Nov-2020 04:00 PM,NA ,NA ,28-Sep-2020 10:00 AM,04-Nov-2020 04:00 PM,30-Dec-2020 06:55 PM,Public Works Roads Department,MDTRD/779-II,2020_PWD_18789_4,Open Tender,Item Rate,Works,2.0,No,No,Offline,No,No,No,"Construction of Road from Roumara to Koroiguri villasge via Logua Ati with 3(Three) Nos. Link Road under SOPD(G) for the year 2020-21, Majuli LAC Part-1 (Ch.0m to ch.1100m) Pkg. No. EE/SOPD(G)/MDTRD/42","Construction of Road from Roumara to Koroiguri villasge via Logua Ati with 3(Three) Nos. Link Road under SOPD(G) for the year 2020-21, Majuli LAC Part-1 (Ch.0m to ch.1100m) Pkg. No. EE/SOPD(G)/MDTRD/42",Please refer Tender documents. ,NA ,"1,06,11,198",Civil Works – Roads,NA ,Tender,180.0,180.0,MAJULI,785104.0,NA ,NA ,NA ,O/O EE PWD MDTRD,No ,No,EE PWD MDTRD,O/O EE PWD MDTRD,"2,12,300",Yes,fixed,,EE PWD Majuli District Territorial Road Divisio,Majuli,1.0,"2nd Time extension notice for Construction of Road from Roumara to Koroiguri villasge via Logua Ati with 3(Three) Nos. Link Road under SOPD(G) for the year 2020-21, Majuli LAC Part-1",Date,
2.0,BC - Bankers Cheque,,,.pdf,Bid Security,,,,,,,,,,,,,,,,,,,,,,,,,,,,,,,,,,,,,,,,,,,,,,,,,,,,,,,,
3.0,BG - Bank Guarantee Irrevocable,,,.pdf,Technical Qualification Document,,,,,,,,,,,,,,,,,,,,,,,,,,,,,,,,,,,,,,,,,,,,,,,,,,,,,,,,
4.0,FDR - Fixed Deposit Receipt,,,.pdf,SBD,,,,,,,,,,,,,,,,,,,,,,,,,,,,,,,,,,,,,,,,,,,,,,,,,,,,,,,,
5.0,DCR - Deposit at call receipt,2.0,Finance,.xls,BOQ,,,,,,,,,,,,,,,,,,,,,,,,,,,,,,,,,,,,,,,,,,,,,,,,,,,,,,,,
,,,,.pdf,FOB,,,,,,,,,,,,,,,,,,,,,,,,,,,,,,,,,,,,,,,,,,,,,,,,,,,,,,,,
