﻿Organisation Chain,Tender Reference Number,Tender ID,Tender Type,Form of contract,Tender Category,No. of Covers,General Technical Evaluation Allowed,ItemWise Technical Evaluation Allowed,Payment Mode,Is Multi Currency Allowed For BOQ,Is Multi Currency Allowed For Fee,Allow Two Stage Bidding,S.No,Instrument Type,EMD Amount in ₹,EMD through BG/ST or EMD Exemption Allowed,EMD Fee Type,EMD Percentage,EMD Payable To,EMD Payable At,Name,Address,Publish Date,Bid Opening Date,Document Download / Sale Start Date,Document Download / Sale End Date,Clarification Start Date,Clarification End Date,Bid Submission Start Date,Bid Submission End Date,Title,Work Description,Pre Qualification Details,Independent External Monitor/Remarks,Tender Value in ₹,Product Category,Sub category,Contract Type,Bid Validity(Days),Period Of Work(Days),Location,Pincode,Pre Bid Meeting Place,Pre Bid Meeting Address,Pre Bid Meeting Date,Bid Opening Place,Should Allow NDA Tender,Allow Preferential Bidder,Tender Fee in ₹,Fee Payable To,Fee Payable At,Tender Fee Exemption Allowed,Cover No,Cover,Document Type,Description
Public Works Roads Department,CE/AM/SOPD(LOt1)/45/2020-21/18,2020_PWD_19298_3,Open Tender,Item Rate,Works,1.0,No,No,Offline,No,No,No,1.0,DD - Demand Draft,"1,81,00,000",Yes,fixed,,"Chief Engineer, PWRD (EAP) Assam, Fatasil Ambari",GUWAHATI,"Chief Engineer, PWRD (EAP), Assam","O/o the CE, PWRD (EAP), Assam, Fatashil Ambari, Guwahati-25",14-Nov-2020 05:00 PM,23-Nov-2020 04:00 PM,14-Nov-2020 05:00 PM,23-Nov-2020 02:00 PM,14-Nov-2020 05:00 PM ,19-Nov-2020 11:00 AM ,14-Nov-2020 05:30 PM,23-Nov-2020 02:00 PM,CE/AM/SOPD(L1)/33/2020-21/3B,Improvement and Upgradation of Road from Dholajan to Kamarbandha under Asom Mala,Please refer Tender documents. ,NA ,"90,71,00,000",Civil Works – Roads,NA ,Tender,90.0,720.0,Jorhat,785001.0,"O/o the CE, PWRD (EAP), Assam ","O/o the CE, PWRD (EAP), Assam, Fatashil Ambari, Guwahati-25 ",19-Nov-2020 11:00 AM ,"O/o the CE, PWRD (EAP), Assam",No ,No,"5,000",Assam State Road Board A/C No. 10566991479,GUWAHATI,No,1.0,Fee/PreQual/Technical/Finance,.pdf,Tender Fee
,,,,,,,,,,,,,2.0,BC - Bankers Cheque,,,,,,,,,,,,,,,,,,,,,,,,,,,,,,,,,,,,,,,,,.pdf,EMD
,,,,,,,,,,,,,3.0,BG - Bank Guarantee Irrevocable,,,,,,,,,,,,,,,,,,,,,,,,,,,,,,,,,,,,,,,,,.pdf,SBD
,,,,,,,,,,,,,4.0,FDR - Fixed Deposit Receipt,,,,,,,,,,,,,,,,,,,,,,,,,,,,,,,,,,,,,,,,,.pdf,Technical Qualification Details
,,,,,,,,,,,,,,,,,,,,,,,,,,,,,,,,,,,,,,,,,,,,,,,,,,,,,,,.pdf,FOB
,,,,,,,,,,,,,,,,,,,,,,,,,,,,,,,,,,,,,,,,,,,,,,,,,,,,,,,.xls,BOQ
