﻿S.No,Instrument Type,Cover No,Cover,Document Type,Description,Publish Date,Bid Opening Date,Document Download / Sale Start Date,Document Download / Sale End Date,Clarification Start Date,Clarification End Date,Bid Submission Start Date,Bid Submission End Date,EMD Amount in ₹,EMD through BG/ST or EMD Exemption Allowed,EMD Fee Type,EMD Percentage,EMD Payable To,EMD Payable At,Name,Address,S.No,Corrigendum Title,Corrigendum Type,View,Title,Work Description,Pre Qualification Details,Independent External Monitor/Remarks,Tender Value in ₹,Product Category,Sub category,Contract Type,Bid Validity(Days),Period Of Work(Days),Location,Pincode,Pre Bid Meeting Place,Pre Bid Meeting Address,Pre Bid Meeting Date,Bid Opening Place,Should Allow NDA Tender,Allow Preferential Bidder,Tender Fee in ₹,Fee Payable To,Fee Payable At,Tender Fee Exemption Allowed,Organisation Chain,Tender Reference Number,Tender ID,Tender Type,Form of contract,Tender Category,No. of Covers,General Technical Evaluation Allowed,ItemWise Technical Evaluation Allowed,Payment Mode,Is Multi Currency Allowed For BOQ,Is Multi Currency Allowed For Fee,Allow Two Stage Bidding
1.0,DD - Demand Draft,1.0,Fee/PreQual/Technical,.pdf,NIT,03-Feb-2020 06:00 PM,13-Feb-2020 03:00 PM,03-Feb-2020 06:10 PM,13-Feb-2020 02:00 PM,NA ,NA ,04-Feb-2020 10:00 AM,13-Feb-2020 02:00 PM,"20,727",Yes,percentage,2.0%,"EE,Pahumara Rupahi Division(I),Sarupeta",Sarupeta,"EE,Pahumara Rupahi Division(I),Sarupeta","O/o EE,Pahumara Rupahi Division(I),Sarupeta",1.0,Cancellation of Tender,Cancellation of Tender,,Restoration of Rupahi FIS under SOPD for the year 2019_20 package 22,"Construction of Cart Crossing at Ch 2394 m, Ch. 3930 m, Ch. 4582, Ch. 5532 m of D1 and at Ch. 3270 m of D1M1 Canal",Please refer Tender documents. ,NA ,"10,36,331",Civil Works,NA ,Rate Contract,180.0,30.0,Rupahi,781318.0,NA ,NA ,NA ,"O/o EE,Pahumara Rupahi Division(I),Sarupeta",No ,No,200.0,"EE,Pahumara Rupahi Division(I),Sarupeta",Sarupeta,No,Irrigation Department||Chief Engineer(Minor Irrigation)-Irrigation Dept,PRID_T_7_2019_20_90 Dt 03_02_2020,2020_ID_16252_22,Open Tender,Item Rate,Works,2.0,No,No,Offline,No,No,No
2.0,BG - Bank Guarantee Irrevocable,,,.pdf,Bid Documents,,,,,,,,,,,,,,,,,,,,,,,,,,,,,,,,,,,,,,,,,,,,,,,,,,,,,,,
3.0,FDR - Fixed Deposit Receipt,,,.pdf,EMD,,,,,,,,,,,,,,,,,,,,,,,,,,,,,,,,,,,,,,,,,,,,,,,,,,,,,,,
4.0,DCR - Deposit at call receipt,,,.pdf,Cost of Bid,,,,,,,,,,,,,,,,,,,,,,,,,,,,,,,,,,,,,,,,,,,,,,,,,,,,,,,
,,,,.pdf,Pre-Qualification,,,,,,,,,,,,,,,,,,,,,,,,,,,,,,,,,,,,,,,,,,,,,,,,,,,,,,,
,,2.0,Finance,.xls,BOQ,,,,,,,,,,,,,,,,,,,,,,,,,,,,,,,,,,,,,,,,,,,,,,,,,,,,,,,
