﻿Organisation Chain,Tender Reference Number,Tender ID,Tender Type,Form of contract,Tender Category,No. of Covers,General Technical Evaluation Allowed,ItemWise Technical Evaluation Allowed,Payment Mode,Is Multi Currency Allowed For BOQ,Is Multi Currency Allowed For Fee,Allow Two Stage Bidding,S.No,Instrument Type,Tender Fee in ₹,Fee Payable To,Fee Payable At,Tender Fee Exemption Allowed,EMD Amount in ₹,EMD through BG/ST or EMD Exemption Allowed,EMD Fee Type,EMD Percentage,EMD Payable To,EMD Payable At,S.No,Corrigendum Title,Corrigendum Type,View,Title,Work Description,Pre Qualification Details,Independent External Monitor/Remarks,Tender Value in ₹,Product Category,Sub category,Contract Type,Bid Validity(Days),Period Of Work(Days),Location,Pincode,Pre Bid Meeting Place,Pre Bid Meeting Address,Pre Bid Meeting Date,Bid Opening Place,Should Allow NDA Tender,Allow Preferential Bidder,Cover No,Cover,Document Type,Description,Publish Date,Bid Opening Date,Document Download / Sale Start Date,Document Download / Sale End Date,Clarification Start Date,Clarification End Date,Bid Submission Start Date,Bid Submission End Date,Name,Address
Public Works Roads Department,DSTRD/SOPD(G)/Ratabari/2020-21,2020_PWD_18910_1,Open Tender,Item Rate,Works,2.0,No,No,Offline,No,No,No,1.0,BG - Bank Guarantee Irrevocable,"6,840",EMPOWERED OFFICER ASRB PWD,GUWAHATI,No,"4,56,000",Yes,fixed,,"EE,PWRD, Patharkandi and Ratabari Terri Rd Divn",R.K.Nagar,1.0,DSTRD/SOPDG/Ratabari/2020-21/5,Cancellation of Tender,,Package No. EE/DSTRD/Ratabari/ 03/SOPD/2020-21.,Construction of (i) Road from College Road to Rajarampur Tri-Junction via Solla Parivar (ii) Rongpur Bazar to Baruatilla road (iii) Netaji Nagar PWD Road to Hatirdual via Soshantillah (Ph-I) (iv) Balance portion of boulder masonary retaining wall alo,Please refer Tender documents. ,NA ,"2,28,00,000",Civil Works – Roads,NA ,Tender,180.0,365.0,Karimganj,788166.0,NA ,NA ,NA ,EE PWRD Dholai and Sonai Terri Rd Divn,No ,No,1.0,Fee/PreQual/Technical,.pdf,Tender Cost,12-Oct-2020 02:30 PM,20-Oct-2020 10:00 AM,12-Oct-2020 02:30 PM,19-Oct-2020 03:00 PM,12-Oct-2020 02:30 PM ,19-Oct-2020 03:00 PM ,12-Oct-2020 02:30 PM,19-Oct-2020 03:00 PM,EE PWRD Dholai and Sonai Terri Rd Divn Dholai,EE PWRD Dholai and Sonai Terri Rd Divn Dholai
,,,,,,,,,,,,,2.0,FDR - Fixed Deposit Receipt,,,,,,,,,,,,,,,,,,,,,,,,,,,,,,,,,,,.pdf,Bid Security,,,,,,,,,,
,,,,,,,,,,,,,,,,,,,,,,,,,,,,,,,,,,,,,,,,,,,,,,,,,.pdf,Technical Qualification Documents,,,,,,,,,,
,,,,,,,,,,,,,,,,,,,,,,,,,,,,,,,,,,,,,,,,,,,,,,,,,.pdf,SBD,,,,,,,,,,
,,,,,,,,,,,,,,,,,,,,,,,,,,,,,,,,,,,,,,,,,,,,,,,2.0,Finance,.xls,BOQ,,,,,,,,,,
,,,,,,,,,,,,,,,,,,,,,,,,,,,,,,,,,,,,,,,,,,,,,,,,,.pdf,FOB,,,,,,,,,,
