﻿Publish Date,Bid Opening Date,Document Download / Sale Start Date,Document Download / Sale End Date,Clarification Start Date,Clarification End Date,Bid Submission Start Date,Bid Submission End Date,Name,Address,Tender Fee in ₹,Fee Payable To,Fee Payable At,Tender Fee Exemption Allowed,Cover No,Cover,Document Type,Description,S.No,Bank Name,Title,Work Description,Pre Qualification Details,Independent External Monitor/Remarks,Tender Value in ₹,Product Category,Sub category,Contract Type,Bid Validity(Days),Period Of Work(Days),Location,Pincode,Pre Bid Meeting Place,Pre Bid Meeting Address,Pre Bid Meeting Date,Bid Opening Place,Should Allow NDA Tender,Allow Preferential Bidder,EMD Amount in ₹,EMD through BG/ST or EMD Exemption Allowed,EMD Fee Type,EMD Percentage,EMD Payable To,EMD Payable At,Organisation Chain,Tender Reference Number,Tender ID,Tender Type,Form of contract,Tender Category,No. of Covers,General Technical Evaluation Allowed,ItemWise Technical Evaluation Allowed,Payment Mode,Is Multi Currency Allowed For BOQ,Is Multi Currency Allowed For Fee,Allow Two Stage Bidding,S.No,Corrigendum Title,Corrigendum Type,View
26-Nov-2020 12:00 PM,16-Dec-2020 11:30 AM,26-Nov-2020 12:00 PM,15-Dec-2020 04:00 PM,26-Nov-2020 12:00 PM ,01-Dec-2020 12:00 PM ,02-Dec-2020 10:00 AM,15-Dec-2020 04:00 PM,"Director, Tea Tribes Welfare, Guwahati","Director, Tea Tribes Welfare, Guwahati","10,000",Nil,Nil,No,1.0,Fee,.pdf,Online Tender Fees details,1.0,SBI Bank,Supply and Distribution of Smart Phones To Line Sardars of Tea Gardens,Supply and Distribution of Smart Phones To Line Sardars of Tea Gardens,Please refer Tender documents. ,NA ,,Supply of Materials,NA ,Tender,180.0,35.0,Guwahati,781032.0,NA ,NA ,NA ,"Director, Tea Tribes Welfare, Guwahati",No ,No,"8,00,000",Yes,fixed,,Nil,Nil,Tea Tribes Welfare Department||Directorate for Welfare of Tea and Ex-Tea Garden Tribes-TTWD,DTGW/DEV/8/2020-21/175,2020_TTWD_19454_1,Open Tender,Supply,Goods,3.0,No,No,Online,No,No,No,1.0,Cancellation,Cancellation of Tender,
,,,,,,,,,,,,,,,,.pdf,Online EMD Fees,,,,,,,,,,,,,,,,,,,,,,,,,,,,,,,,,,,,,,,,2.0,Corrigendum for Date Extension,Date,
,,,,,,,,,,,,,,,,.pdf,General Evaluation Documents,,,,,,,,,,,,,,,,,,,,,,,,,,,,,,,,,,,,,,,,,,,
,,,,,,,,,,,,,,2.0,PreQual/Technical,.pdf,Technical Bid Document,,,,,,,,,,,,,,,,,,,,,,,,,,,,,,,,,,,,,,,,,,,
,,,,,,,,,,,,,,3.0,Finance,.xls,Financial Bid,,,,,,,,,,,,,,,,,,,,,,,,,,,,,,,,,,,,,,,,,,,
