﻿Name,Address,Tender Fee in ₹,Fee Payable To,Fee Payable At,Tender Fee Exemption Allowed,Publish Date,Bid Opening Date,Document Download / Sale Start Date,Document Download / Sale End Date,Clarification Start Date,Clarification End Date,Bid Submission Start Date,Bid Submission End Date,Financial Bid Opening Date,Cover No,Cover,Document Type,Description,S.No,Corrigendum Title,Corrigendum Type,View,Title,Work Description,Pre Qualification Details,Independent External Monitor/Remarks,Tender Value in ₹,Product Category,Sub category,Contract Type,Bid Validity(Days),Period Of Work(Days),Location,Pincode,Pre Bid Meeting Place,Pre Bid Meeting Address,Pre Bid Meeting Date,Bid Opening Place,Should Allow NDA Tender,Allow Preferential Bidder,S.No,Instrument Type,EMD Amount in ₹,EMD through BG/ST or EMD Exemption Allowed,EMD Fee Type,EMD Percentage,EMD Payable To,EMD Payable At,Organisation Chain,Tender Reference Number,Tender ID,Tender Type,Form of contract,Tender Category,No. of Covers,General Technical Evaluation Allowed,ItemWise Technical Evaluation Allowed,Payment Mode,Is Multi Currency Allowed For BOQ,Is Multi Currency Allowed For Fee,Allow Two Stage Bidding
"Chief Engineer, PWD (Roads), Assam","O/o the Chief Engineer, PWD (Roads), Assam, Chandmari, Guwahati, 781003","9,900","Empowered Officer, ASRB",GUWAHATI,No,27-Jan-2020 01:00 PM,06-Feb-2020 02:00 PM,27-Jan-2020 01:00 PM,05-Feb-2020 04:00 PM,27-Jan-2020 01:00 PM ,01-Feb-2020 04:00 PM ,27-Jan-2020 01:00 PM,05-Feb-2020 04:00 PM,22-Feb-2020 02:00 PM,1.0,Fee/PreQual/Technical,.pdf,Cost of Tender Document,1.0,EXTENSION,Date,,"Dhu/AD19-20/23 Improvement and upgradation of Key Infrastructure and connectivity K.G.T. road to Simlabari Rajohua Satra, Kaimari, Golakganj in Dhubri District","Dhu/AD19-20/23 Improvement and upgradation of Key Infrastructure and connectivity K.G.T. road to Simlabari Rajohua Satra, Kaimari, Golakganj in Dhubri District",Please refer Tender documents. ,NA ,"3,30,14,000",Civil Works,NA ,Tender,180.0,270.0,Dhubri,781003.0,"O/o the Chief Engineer, PWD (Roads), Assam ","O/o the Chief Engineer, PWD (Roads), Assam, Chandmari, Guwahati, 781003 ",28-Jan-2020 12:00 PM ,"O/o the Chief Engineer, PWD (Roads), Assam",No ,No,1.0,DD - Demand Draft,"6,60,000",Yes,fixed,,"Chief Engineer, PWD (Roads), Assam",GUWAHATI,Public Works Roads Department,CE/Maint/A.D./404/2019/2,2020_PWD_16002_215,Open Tender,Item Rate,Works,2.0,No,No,Offline,No,No,No
,,,,,,,,,,,,,,,,,.pdf,Bid Security,2.0,Corrigendum against Reference No. CE/Maint/A.D./404/2019/2,Other,,,,,,,,,,,,,,,,,,,,2.0,BC - Bankers Cheque,,,,,,,,,,,,,,,,,,,
,,,,,,,,,,,,,,,,,.pdf,Technical Qualification Details,,,,,,,,,,,,,,,,,,,,,,,3.0,BG - Bank Guarantee Irrevocable,,,,,,,,,,,,,,,,,,,
,,,,,,,,,,,,,,,,,.pdf,SBD,,,,,,,,,,,,,,,,,,,,,,,4.0,FDR - Fixed Deposit Receipt,,,,,,,,,,,,,,,,,,,
,,,,,,,,,,,,,,,2.0,Finance,.xls,BOQ,,,,,,,,,,,,,,,,,,,,,,,,,,,,,,,,,,,,,,,,,,,
,,,,,,,,,,,,,,,,,.pdf,FOB,,,,,,,,,,,,,,,,,,,,,,,,,,,,,,,,,,,,,,,,,,,
