﻿EMD Amount in ₹,EMD through BG/ST or EMD Exemption Allowed,EMD Fee Type,EMD Percentage,EMD Payable To,EMD Payable At,Organisation Chain,Tender Reference Number,Tender ID,Tender Type,Form of contract,Tender Category,No. of Covers,General Technical Evaluation Allowed,ItemWise Technical Evaluation Allowed,Payment Mode,Is Multi Currency Allowed For BOQ,Is Multi Currency Allowed For Fee,Allow Two Stage Bidding,Cover No,Cover,Document Type,Description,Publish Date,Bid Opening Date,Document Download / Sale Start Date,Document Download / Sale End Date,Clarification Start Date,Clarification End Date,Bid Submission Start Date,Bid Submission End Date,Financial Bid Opening Date,Name,Address,Tender Fee in ₹,Fee Payable To,Fee Payable At,Tender Fee Exemption Allowed,S.No,Corrigendum Title,Corrigendum Type,View,S.No,Instrument Type,Title,Work Description,Pre Qualification Details,Independent External Monitor/Remarks,Tender Value in ₹,Product Category,Sub category,Contract Type,Bid Validity(Days),Period Of Work(Days),Location,Pincode,Pre Bid Meeting Place,Pre Bid Meeting Address,Pre Bid Meeting Date,Bid Opening Place,Should Allow NDA Tender,Allow Preferential Bidder
"17,50,000",Yes,fixed,,"Chief Engineer,PWD (Border Roads and NEC Works)",GUWAHATI,Public Works Roads Department,CE/BR/20/2020/43,2020_PWD_19009_1,Open Tender,Item Rate,Works,2.0,No,No,Offline,No,No,No,1.0,Fee/PreQual/Technical,.pdf,EMD,21-Oct-2020 11:00 AM,12-Nov-2020 11:00 AM,21-Oct-2020 11:00 AM,11-Nov-2020 02:00 PM,21-Oct-2020 11:00 AM ,11-Nov-2020 02:00 PM ,21-Oct-2020 11:00 AM,11-Nov-2020 02:00 PM,07-Dec-2020 09:00 AM,"Chief Engineer,PWD (Border Roads and NEC Works","O/O Chief Engineer,PWD (Border Roads and NEC Works), Assam,Chandmari,Guwahati-03","10,000","Empowered Officer,ASRB,(A/C No- 10566991479 of SBI",GUWAHATI,No,1.0,Corrigendum2,Other,,1.0,DD - Demand Draft,Widening and Strengthening of NH 31 at Halakura to Boterhat Road under RIDF-XXVI of NABARD for the year 2020-21 under Golakganj LAC,Golakganj /RIDF-XXVI /2020-21 /01- Widening and Strengthening of NH 31 at Halakura to Boterhat Road under RIDF-XXVI of NABARD for the year 2020-21 under Golakganj LAC,Please refer Tender documents. ,NA ,"8,75,00,000",Civil Works – Roads,NA ,Rate Contract,180.0,730.0,Dhuburi,783301.0,Guwahati ,"O/O Chief Engineer,PWD (Border Roads and NEC Works), Assam,Chandmari,Guwahati-03 ",06-Nov-2020 04:00 PM ,Guwahati,No ,No
,,,,,,,,,,,,,,,,,,,,,.pdf,BID Security,,,,,,,,,,,,,,,,,,,,2.0,BG - Bank Guarantee Irrevocable,,,,,,,,,,,,,,,,,,
,,,,,,,,,,,,,,,,,,,,,.pdf,SBD,,,,,,,,,,,,,,,,,,,,3.0,FDR - Fixed Deposit Receipt,,,,,,,,,,,,,,,,,,
,,,,,,,,,,,,,,,,,,,,,.pdf,Technical Documents,,,,,,,,,,,,,,,,,,,,,,,,,,,,,,,,,,,,,,,
,,,,,,,,,,,,,,,,,,,2.0,Finance,.xls,BOQ,,,,,,,,,,,,,,,,,,,,,,,,,,,,,,,,,,,,,,,
,,,,,,,,,,,,,,,,,,,,,.pdf,FOB,,,,,,,,,,,,,,,,,,,,,,,,,,,,,,,,,,,,,,,
