﻿S.No,Bank Name,Tender Fee in ₹,Fee Payable To,Fee Payable At,Tender Fee Exemption Allowed,Name,Address,Cover No,Cover,Document Type,Description,Organisation Chain,Tender Reference Number,Tender ID,Tender Type,Form of contract,Tender Category,No. of Covers,General Technical Evaluation Allowed,ItemWise Technical Evaluation Allowed,Payment Mode,Is Multi Currency Allowed For BOQ,Is Multi Currency Allowed For Fee,Allow Two Stage Bidding,Title,Work Description,Pre Qualification Details,Independent External Monitor/Remarks,Tender Value in ₹,Product Category,Sub category,Contract Type,Bid Validity(Days),Period Of Work(Days),Location,Pincode,Pre Bid Meeting Place,Pre Bid Meeting Address,Pre Bid Meeting Date,Bid Opening Place,Should Allow NDA Tender,Allow Preferential Bidder,S.No,Corrigendum Title,Corrigendum Type,View,EMD Amount in ₹,EMD through BG/ST or EMD Exemption Allowed,EMD Fee Type,EMD Percentage,EMD Payable To,EMD Payable At,Publish Date,Bid Opening Date,Document Download / Sale Start Date,Document Download / Sale End Date,Clarification Start Date,Clarification End Date,Bid Submission Start Date,Bid Submission End Date,Financial Bid Opening Date
1.0,SBI Bank,"5,000",AHVD,Guwahati,No,"Commissioner and Secretary, A.H and Veterinary",Room No 218 2nd Floor F Block Assam Secretariat Dispur-781006,1.0,Fee/PreQual/Technical,.pdf,Technical Qualification Documents,Animal Husbandry and Veterinary Department||Directorate of A.H. and Veterinary,VFV.554/2019/148 DATED.12.02.2020,2020_AHVD_16434_1,Open Tender,Item Rate,Services,2.0,No,No,Online,No,No,No,Selection of Agency to Conduct Recruitment For Different Posts,Selection of Agency to Conduct Recruitment For Different Posts Under A.H and Veterinary Department,Please refer Tender documents. ,NA ,,Consultancy,NA ,Tender,180.0,365.0,Guwahati,781006.0,NA ,NA ,NA ,Room No 218 2nd Floor F Block Assam secretariat,No ,No,1.0,Cancellation of Tender,Cancellation of Tender,,"5,00,000",No,fixed,,AHVD,Guwahati,12-Feb-2020 01:00 PM,11-Mar-2020 11:00 AM,13-Feb-2020 11:30 AM,10-Mar-2020 05:00 PM,17-Feb-2020 10:00 AM ,21-Feb-2020 02:00 PM ,21-Feb-2020 10:30 AM,10-Mar-2020 05:00 PM,10-Sep-2020 12:00 PM
,,,,,,,,,,.pdf,Any other Relevant Documents,,,,,,,,,,,,,,,,,,,,,,,,,,,,,,,,2.0,Date Extension Corrigendum For Tender ID 2020_AHVD_16434_1,Date,,,,,,,,,,,,,,,,
,,,,,,,,2.0,Finance,.xls,Price Bid,,,,,,,,,,,,,,,,,,,,,,,,,,,,,,,,3.0,Corrigendum For Tender ID 2020_AHVD_16434_1,Technical Bid,,,,,,,,,,,,,,,,
,,,,,,,,,,.pdf,Bidding Form,,,,,,,,,,,,,,,,,,,,,,,,,,,,,,,,,,,,,,,,,,,,,,,,,,
