﻿Name,Address,Organisation Chain,Tender Reference Number,Tender ID,Tender Type,Form of contract,Tender Category,No. of Covers,General Technical Evaluation Allowed,ItemWise Technical Evaluation Allowed,Payment Mode,Is Multi Currency Allowed For BOQ,Is Multi Currency Allowed For Fee,Allow Two Stage Bidding,Title,Work Description,Pre Qualification Details,Independent External Monitor/Remarks,Tender Value in ₹,Product Category,Sub category,Contract Type,Bid Validity(Days),Period Of Work(Days),Location,Pincode,Pre Bid Meeting Place,Pre Bid Meeting Address,Pre Bid Meeting Date,Bid Opening Place,Should Allow NDA Tender,Allow Preferential Bidder,Cover No,Cover,Document Type,Description,S.No,Instrument Type,EMD Amount in ₹,EMD through BG/ST or EMD Exemption Allowed,EMD Fee Type,EMD Percentage,EMD Payable To,EMD Payable At,Publish Date,Bid Opening Date,Document Download / Sale Start Date,Document Download / Sale End Date,Clarification Start Date,Clarification End Date,Bid Submission Start Date,Bid Submission End Date,Financial Bid Opening Date,Tender Fee in ₹,Fee Payable To,Fee Payable At,Tender Fee Exemption Allowed
"Superintending Engineer, PWD, Dibrugarh Road Circl","Superintending Engineer, PWD, Dibrugarh Road Circle, Dibrugarh",Public Works Roads Department,DRC-XIII/16/98/NIT/TSK/134,2020_PWD_17519_3,Open Tender,Item Rate,Works,2.0,No,No,Offline,No,No,No,"Re-construction of Gopanari to Shantipur Road of Digboi LAC under SOPD-G for the year 2019-20 under Digboi Territorial Sub Division-under PWD, Digboi and Margherita Territorial Road Division, Margherita-Digboi LAC.","Re-construction of Gopanari to Shantipur Road of Digboi LAC under SOPD-G for the year 2019-20 under Digboi Territorial Sub Division-under PWD, Digboi and Margherita Territorial Road Division, Margherita-Digboi LAC.",Please refer tender document ,NA ,"64,76,096",Civil Works,NA ,Tender,180.0,270.0,Digboi,786171.0,NA ,NA ,NA ,"Superintending Engineer, PWD, Dibrugarh Road Circl",No ,No,1.0,Fee/PreQual/Technical,.pdf,Bid security,1.0,DD - Demand Draft,"1,29,600",Yes,fixed,,"EE, PWD, Digboi and Margherita Territorial Road Di",Margherita,14-May-2020 02:30 PM,19-May-2020 11:00 AM,14-May-2020 02:30 PM,18-May-2020 04:00 PM,14-May-2020 02:30 PM ,18-May-2020 04:00 PM ,14-May-2020 02:30 PM,18-May-2020 04:00 PM,21-May-2020 01:10 PM,"1,900","Empowered Officer ASRB, A/C No. 10566991479",GUWAHATI,Yes
,,,,,,,,,,,,,,,,,,,,,,,,,,,,,,,,,,,.pdf,Cost of Tender Document,2.0,BG - Bank Guarantee Irrevocable,,,,,,,,,,,,,,,,,,,
,,,,,,,,,,,,,,,,,,,,,,,,,,,,,,,,,,,.pdf,Technical qualification details,3.0,FDR - Fixed Deposit Receipt,,,,,,,,,,,,,,,,,,,
,,,,,,,,,,,,,,,,,,,,,,,,,,,,,,,,,,,.pdf,SBD,,,,,,,,,,,,,,,,,,,,,
,,,,,,,,,,,,,,,,,,,,,,,,,,,,,,,,,2.0,Finance,.xls,BOQ,,,,,,,,,,,,,,,,,,,,,
,,,,,,,,,,,,,,,,,,,,,,,,,,,,,,,,,,,.pdf,Form of Bid,,,,,,,,,,,,,,,,,,,,,
