﻿Organisation Chain,Tender Reference Number,Tender ID,Tender Type,Form of contract,Tender Category,No. of Covers,General Technical Evaluation Allowed,ItemWise Technical Evaluation Allowed,Payment Mode,Is Multi Currency Allowed For BOQ,Is Multi Currency Allowed For Fee,Allow Two Stage Bidding,Tender Fee in ₹,Fee Payable To,Fee Payable At,Tender Fee Exemption Allowed,S.No,Corrigendum Title,Corrigendum Type,View,Cover No,Cover,Document Type,Description,EMD Amount in ₹,EMD through BG/ST or EMD Exemption Allowed,EMD Fee Type,EMD Percentage,EMD Payable To,EMD Payable At,Name,Address,S.No,Instrument Type,Title,Work Description,Pre Qualification Details,Independent External Monitor/Remarks,Tender Value in ₹,Product Category,Sub category,Contract Type,Bid Validity(Days),Period Of Work(Days),Location,Pincode,Pre Bid Meeting Place,Pre Bid Meeting Address,Pre Bid Meeting Date,Bid Opening Place,Should Allow NDA Tender,Allow Preferential Bidder,Publish Date,Bid Opening Date,Document Download / Sale Start Date,Document Download / Sale End Date,Clarification Start Date,Clarification End Date,Bid Submission Start Date,Bid Submission End Date
Industries and Commerce Department||Assam Industrial Infrastructure Development Corporation,AIIDC/2036/2020/19/230 dated 20/02/2020,2020_ICD_16748_26,Open Tender,Item Rate,Works,2.0,No,No,Offline,No,No,No,700.0,MD AIIDC,GHY,No,1.0,Cancellation Notice,Cancellation of Tender,,1.0,Fee/PreQual/Technical,.pdf,Cost of Bid and Bid Security,"69,449",Yes,fixed,,MD AIIDC,GHY,MD AIIDC,Bamunimaidam Guwahati,1.0,DD - Demand Draft,"Construction of Primary Processing Centre on Rubber for Thongnokbe RPS at Vill lnglongkiri Dingso Terang Gaon Dengaon, PO Duarbamuni 782441 Dist Karbi Anglong Assam Group No 26","Construction of Primary Processing Centre on Rubber for Thongnokbe RPS at Vill lnglongkiri Dingso Terang Gaon Dengaon, PO Duarbamuni 782441 Dist Karbi Anglong Assam Group No 26",Please refer Tender documents. ,NA ,"34,72,463",Civil Works,NA ,Tender,180.0,270.0,Terang Gaon Karbi Anglong,782441.0,NA ,NA ,NA ,Bamunimaidam Guwahati,No ,No,24-Feb-2020 02:00 PM,09-Mar-2020 11:00 AM,24-Feb-2020 02:00 PM,07-Mar-2020 02:00 PM,24-Feb-2020 02:00 PM ,07-Mar-2020 02:00 PM ,26-Feb-2020 02:00 PM,07-Mar-2020 02:00 PM
,,,,,,,,,,,,,,,,,,,,,,,.pdf,Technical Bid,,,,,,,,,2.0,BC - Bankers Cheque,,,,,,,,,,,,,,,,,,,,,,,,,,
,,,,,,,,,,,,,,,,,,,,,,,.pdf,Signed Bid Document,,,,,,,,,,,,,,,,,,,,,,,,,,,,,,,,,,,,
,,,,,,,,,,,,,,,,,,,,,2.0,Finance,.xls,BOQ,,,,,,,,,,,,,,,,,,,,,,,,,,,,,,,,,,,,
,,,,,,,,,,,,,,,,,,,,,,,.pdf,Form of Bid,,,,,,,,,,,,,,,,,,,,,,,,,,,,,,,,,,,,
