﻿Publish Date,Bid Opening Date,Document Download / Sale Start Date,Document Download / Sale End Date,Clarification Start Date,Clarification End Date,Bid Submission Start Date,Bid Submission End Date,Financial Bid Opening Date,S.No,Instrument Type,EMD Amount in ₹,EMD through BG/ST or EMD Exemption Allowed,EMD Fee Type,EMD Percentage,EMD Payable To,EMD Payable At,Name,Address,Title,Work Description,Pre Qualification Details,Independent External Monitor/Remarks,Tender Value in ₹,Product Category,Sub category,Contract Type,Bid Validity(Days),Period Of Work(Days),Location,Pincode,Pre Bid Meeting Place,Pre Bid Meeting Address,Pre Bid Meeting Date,Bid Opening Place,Should Allow NDA Tender,Allow Preferential Bidder,Organisation Chain,Tender Reference Number,Tender ID,Tender Type,Form of contract,Tender Category,No. of Covers,General Technical Evaluation Allowed,ItemWise Technical Evaluation Allowed,Payment Mode,Is Multi Currency Allowed For BOQ,Is Multi Currency Allowed For Fee,Allow Two Stage Bidding,Cover No,Cover,Document Type,Description,Tender Fee in ₹,Fee Payable To,Fee Payable At,Tender Fee Exemption Allowed
23-Jan-2020 09:00 AM,06-Feb-2020 11:00 AM,23-Jan-2020 09:00 AM,05-Feb-2020 04:00 PM,NA ,NA ,23-Jan-2020 09:00 AM,05-Feb-2020 04:00 PM,12-Feb-2020 05:30 PM,1.0,DD - Demand Draft,"1,85,404",Yes,fixed,,"E.E. PWD, Chirang (R and B) Division, Kajalgaon",Kajalgaon,"SE, P.W.D.(R and B),Circle ,Kokrajhar","O/O The SE, P.W.D.(R and B),Circle ,Kokrajhar",Construction of road of Bijni Satra at Bijni under the Scheme of Assam Darshan in Chirang District for the year 2019-2020,Construction of road of Bijni Satra at Bijni under the Scheme of Assam Darshan in Chirang District for the year 2019-2020,Please refer Tender documents. ,NA ,"92,70,206",Civil Works,NA ,Tender,180.0,210.0,Bijni,783390.0,"O/O The SE, P.W.D.(R and B),Circle ,Kokrajhar ","O/O The SE, P.W.D.(R and B),Circle ,Kokrajhar  ",24-Jan-2020 11:00 AM ,"O/O The SE, P.W.D.(R and B),Circle ,Kokrajhar",No ,No,Bodoland Territorial Council||PWD-BTC,TN-344/1,2020_BoTC_16024_1,Open Tender,Item Rate,Works,2.0,No,No,Offline,No,No,No,1.0,Fee/PreQual/Technical,.pdf,DOCUMENT COST,"2,781","Principal Secretary, B.T.C, Kokrajhar",Kokrajhar,No
,,,,,,,,,2.0,BC - Bankers Cheque,,,,,,,,,,,,,,,,,,,,,,,,,,,,,,,,,,,,,,,,,,.pdf,BID SECURITY,,,,
,,,,,,,,,3.0,BG - Bank Guarantee Irrevocable,,,,,,,,,,,,,,,,,,,,,,,,,,,,,,,,,,,,,,,,,,.pdf,BIDDING DOCUMENT,,,,
,,,,,,,,,4.0,FDR - Fixed Deposit Receipt,,,,,,,,,,,,,,,,,,,,,,,,,,,,,,,,,,,,,,,,,,.pdf,TECHNICAL QUALIFICATIONS,,,,
,,,,,,,,,,,,,,,,,,,,,,,,,,,,,,,,,,,,,,,,,,,,,,,,,,2.0,Finance,.xls,BOQ,,,,
,,,,,,,,,,,,,,,,,,,,,,,,,,,,,,,,,,,,,,,,,,,,,,,,,,,,.pdf,FORM OF BID,,,,
