﻿Publish Date,Bid Opening Date,Document Download / Sale Start Date,Document Download / Sale End Date,Clarification Start Date,Clarification End Date,Bid Submission Start Date,Bid Submission End Date,Financial Bid Opening Date,S.No,Instrument Type,Organisation Chain,Tender Reference Number,Tender ID,Tender Type,Form of contract,Tender Category,No. of Covers,General Technical Evaluation Allowed,ItemWise Technical Evaluation Allowed,Payment Mode,Is Multi Currency Allowed For BOQ,Is Multi Currency Allowed For Fee,Allow Two Stage Bidding,Title,Work Description,Pre Qualification Details,Independent External Monitor/Remarks,Tender Value in ₹,Product Category,Sub category,Contract Type,Bid Validity(Days),Period Of Work(Days),Location,Pincode,Pre Bid Meeting Place,Pre Bid Meeting Address,Pre Bid Meeting Date,Bid Opening Place,Should Allow NDA Tender,Allow Preferential Bidder,Name,Address,EMD Amount in ₹,EMD through BG/ST or EMD Exemption Allowed,EMD Fee Type,EMD Percentage,EMD Payable To,EMD Payable At,Cover No,Cover,Document Type,Description,Tender Fee in ₹,Fee Payable To,Fee Payable At,Tender Fee Exemption Allowed
22-May-2020 10:00 AM,08-Jun-2020 11:00 AM,22-May-2020 11:00 AM,06-Jun-2020 12:00 PM,NA ,NA ,23-May-2020 11:00 AM,06-Jun-2020 12:00 PM,17-Jun-2020 11:55 AM,1.0,DD - Demand Draft,Public Works Roads Department,TRC/TB/SOPD(G)/27/2019-20,2020_PWD_17677_5,Open Tender,Item Rate,Works,2.0,No,No,Offline,No,No,No,TRC/SOPD-G/BAR/05,Improvement of Dherai Majuli Sutipathar Link Road via Chubb Gaon of Barchalla LAC under SOPD G for the year 2019 20,Please refer Tender documents. ,NA ,"93,22,835",Civil Works – Roads,NA ,Tender,180.0,120.0,Barchalla,784110.0,NA ,NA ,NA ,"Office of the Superintending Engineer P.W.D., Tezp",No ,No,"Superintending Engineer P.W.D., Tezpur Road Circle","Office of the Superintending Engineer P.W.D., Tezpur Road Circle, Tezpur","1,86,460",Yes,fixed,,"EE, PWD, BDTRD, Dhekiajuli","Superintending Engineer P.W.D., Tezpur Road Circle",1.0,Fee/PreQual/Technical,.pdf,Bid Security and Cost of Tender Document and Affidavit for Correctness of Bid,"2,800","Empowered Officer, ASRB, Guwahati","Superintending Engineer P.W.D., Tezpur Road Circle",No
,,,,,,,,,2.0,BG - Bank Guarantee Irrevocable,,,,,,,,,,,,,,,,,,,,,,,,,,,,,,,,,,,,,,,,,,.pdf,FOB Technical Qualification Details,,,,
,,,,,,,,,3.0,FDR - Fixed Deposit Receipt,,,,,,,,,,,,,,,,,,,,,,,,,,,,,,,,,,,,,,,,,,.pdf,SBD,,,,
,,,,,,,,,4.0,DCR - Deposit at call receipt,,,,,,,,,,,,,,,,,,,,,,,,,,,,,,,,,,,,,,,,2.0,Finance,.xls,BOQ,,,,
,,,,,,,,,,,,,,,,,,,,,,,,,,,,,,,,,,,,,,,,,,,,,,,,,,,,.pdf,FOB Financial,,,,
