﻿Name,Address,Publish Date,Bid Opening Date,Document Download / Sale Start Date,Document Download / Sale End Date,Clarification Start Date,Clarification End Date,Bid Submission Start Date,Bid Submission End Date,Financial Bid Opening Date,Cover No,Cover,Document Type,Description,Title,Work Description,Pre Qualification Details,Independent External Monitor/Remarks,Tender Value in ₹,Product Category,Sub category,Contract Type,Bid Validity(Days),Period Of Work(Days),Location,Pincode,Pre Bid Meeting Place,Pre Bid Meeting Address,Pre Bid Meeting Date,Bid Opening Place,Should Allow NDA Tender,Allow Preferential Bidder,Organisation Chain,Tender Reference Number,Tender ID,Tender Type,Form of contract,Tender Category,No. of Covers,General Technical Evaluation Allowed,ItemWise Technical Evaluation Allowed,Payment Mode,Is Multi Currency Allowed For BOQ,Is Multi Currency Allowed For Fee,Allow Two Stage Bidding,Tender Fee in ₹,Fee Payable To,Fee Payable At,Tender Fee Exemption Allowed,S.No,Instrument Type,EMD Amount in ₹,EMD through BG/ST or EMD Exemption Allowed,EMD Fee Type,EMD Percentage,EMD Payable To,EMD Payable At
"CE PWD (Roads), Assam, Chandmari, Ghy-3","O/O The CE PWD (Roads), Assam, Chandmari, Ghy-3",19-May-2020 05:00 PM,01-Jun-2020 02:30 PM,19-May-2020 05:00 PM,01-Jun-2020 02:00 PM,NA ,NA ,19-May-2020 05:00 PM,01-Jun-2020 02:00 PM,11-Jun-2020 12:35 PM,1.0,Fee/PreQual/Technical,.pdf,DOCUMENT COST,"Improvement of Rangapara to Kacharigaon TE under SOPD-G for the year 2019-20 under Tezpur, Sootea and Rangapara Territorial Road Division, Rangapara LAC.","Improvement of Rangapara to Kacharigaon TE under SOPD-G for the year 2019-20 under Tezpur, Sootea and Rangapara Territorial Road Division, Rangapara LAC. Package No.- Rangapara /SOPD-G /2019-20/08",Please refer Tender documents. ,NA ,"6,16,35,800",Civil Works – Roads,NA ,Tender,180.0,270.0,Rangapara,784101.0,"O/O The CE PWD (Roads), Assam, Chandmari, Ghy-3 ","O/O The CE PWD (Roads), Assam, Chandmari, Ghy-3 ",21-May-2020 11:00 AM ,"O/O The CE PWD (Roads), Assam, Chandmari, Ghy-3",No ,No,Public Works Roads Department,Rangapara /SOPD-G /2019-20/08,2020_PWD_17596_1,Open Tender,Item Rate,Works,2.0,No,No,Offline,No,No,No,"10,000",Assam State Road Board A/C No. 10566991479,GUWAHATI,No,1.0,DD - Demand Draft,"12,32,716",Yes,fixed,,"EE, PWD, Tezpur, Sootea and Rangapara Rd Division",Tezpur
,,,,,,,,,,,,,.pdf,BID SECURITY,,,,,,,,,,,,,,,,,,,,,,,,,,,,,,,,,,,,2.0,BC - Bankers Cheque,,,,,,
,,,,,,,,,,,,,.pdf,BIDDING DOCUMENT,,,,,,,,,,,,,,,,,,,,,,,,,,,,,,,,,,,,3.0,BG - Bank Guarantee Irrevocable,,,,,,
,,,,,,,,,,,,,.pdf,TECHNICAL QUALIFICATIONS,,,,,,,,,,,,,,,,,,,,,,,,,,,,,,,,,,,,4.0,FDR - Fixed Deposit Receipt,,,,,,
,,,,,,,,,,,2.0,Finance,.xls,BOQ,,,,,,,,,,,,,,,,,,,,,,,,,,,,,,,,,,,,,,,,,,,
,,,,,,,,,,,,,.pdf,FORM OF BID,,,,,,,,,,,,,,,,,,,,,,,,,,,,,,,,,,,,,,,,,,,
