﻿Cover No,Cover,Document Type,Description,Title,Work Description,Pre Qualification Details,Independent External Monitor/Remarks,Tender Value in ₹,Product Category,Sub category,Contract Type,Bid Validity(Days),Period Of Work(Days),Location,Pincode,Pre Bid Meeting Place,Pre Bid Meeting Address,Pre Bid Meeting Date,Bid Opening Place,Should Allow NDA Tender,Allow Preferential Bidder,Tender Fee in ₹,Fee Payable To,Fee Payable At,Tender Fee Exemption Allowed,EMD Amount in ₹,EMD through BG/ST or EMD Exemption Allowed,EMD Fee Type,EMD Percentage,EMD Payable To,EMD Payable At,Name,Address,Organisation Chain,Tender Reference Number,Tender ID,Tender Type,Form of contract,Tender Category,No. of Covers,General Technical Evaluation Allowed,ItemWise Technical Evaluation Allowed,Payment Mode,Is Multi Currency Allowed For BOQ,Is Multi Currency Allowed For Fee,Allow Two Stage Bidding,S.No,Instrument Type,Publish Date,Bid Opening Date,Document Download / Sale Start Date,Document Download / Sale End Date,Clarification Start Date,Clarification End Date,Bid Submission Start Date,Bid Submission End Date,Financial Bid Opening Date
1.0,Fee/PreQual/Technical,.pdf,Cost of Bid Documents,"Re-construction of Road from Bormuria at NH-15 to Arney Road under SOPD-G for the year 2020-21 under 114 Jonai (ST) LAC under Jonai Territorial Road Division in Dhemaji District, Jonai LAC","Re-construction of Road from Bormuria at NH-15 to Arney Road under SOPD-G for the year 2020-21 under 114 Jonai (ST) LAC under Jonai Territorial Road Division in Dhemaji District, Jonai LAC",Please refer Tender documents. ,NA ,"86,26,805",Civil Works,NA ,Tender,180.0,180.0,Bormuria at NH-15 to Arney Road,787060.0,NA ,NA ,NA ,North Lakhimpur,No ,No,"2,590","Empowered officer, Assam State Road Board, Assam",GUWAHATI,Yes,"1,72,540",Yes,fixed,,"EE, PWRD, Jonai Territorial Road Division",Silapathar,"Superintending Engineer, PWRD","Superintending Engineer, PWRD North Lakhimpur Road Circle",Public Works Roads Department,No. NLRC/T/2019-20/2315,2020_PWD_18791_2,Open Tender,Item Wise,Works,2.0,No,No,Offline,No,No,No,1.0,DD - Demand Draft,25-Sep-2020 02:00 PM,12-Oct-2020 10:00 AM,28-Sep-2020 10:00 AM,09-Oct-2020 02:10 PM,28-Sep-2020 10:00 AM ,09-Oct-2020 02:00 PM ,28-Sep-2020 10:00 AM,09-Oct-2020 02:10 PM,21-Oct-2020 12:05 PM
,,.pdf,EMD,,,,,,,,,,,,,,,,,,,,,,,,,,,,,,,,,,,,,,,,,,,,2.0,FDR - Fixed Deposit Receipt,,,,,,,,,
,,.pdf,Technical Qualification,,,,,,,,,,,,,,,,,,,,,,,,,,,,,,,,,,,,,,,,,,,,,,,,,,,,,,
2.0,Finance,.pdf,FOB,,,,,,,,,,,,,,,,,,,,,,,,,,,,,,,,,,,,,,,,,,,,,,,,,,,,,,
,,.xls,BOQ,,,,,,,,,,,,,,,,,,,,,,,,,,,,,,,,,,,,,,,,,,,,,,,,,,,,,,
