﻿S.No,Instrument Type,Title,Work Description,Pre Qualification Details,Independent External Monitor/Remarks,Tender Value in ₹,Product Category,Sub category,Contract Type,Bid Validity(Days),Period Of Work(Days),Location,Pincode,Pre Bid Meeting Place,Pre Bid Meeting Address,Pre Bid Meeting Date,Bid Opening Place,Should Allow NDA Tender,Allow Preferential Bidder,Tender Fee in ₹,Fee Payable To,Fee Payable At,Tender Fee Exemption Allowed,Organisation Chain,Tender Reference Number,Tender ID,Tender Type,Form of contract,Tender Category,No. of Covers,General Technical Evaluation Allowed,ItemWise Technical Evaluation Allowed,Payment Mode,Is Multi Currency Allowed For BOQ,Is Multi Currency Allowed For Fee,Allow Two Stage Bidding,Name,Address,Cover No,Cover,Document Type,Description,Publish Date,Bid Opening Date,Document Download / Sale Start Date,Document Download / Sale End Date,Clarification Start Date,Clarification End Date,Bid Submission Start Date,Bid Submission End Date,EMD Amount in ₹,EMD through BG/ST or EMD Exemption Allowed,EMD Fee Type,EMD Percentage,EMD Payable To,EMD Payable At
1.0,DD - Demand Draft,ARIASP-DTRD-114,"Improvement of Jeuti Path, (Bye Lane of VIP Road) at Chasal under SOPD(G) for the year 2020-21 under Dispur Territorial Road Division.",Please refer Tender documents. ,NA ,"89,28,000",Civil Works,NA ,Tender,180.0,300.0,Kamrup,781021.0,NA ,NA ,NA ,"S E, PWD (Roads), Guwahati ARIASP Circle",No ,No,"2,678","Empowered officer, Assam State Road Board",GUWAHATI,No,Public Works Roads Department,CS/DTRD/SOPD(G)/2020-21/559,2020_PWD_18878_1,Open Tender,Works,Works,2.0,No,No,Offline,No,No,No,"S E, PWD (Roads), Guwahati ARIASP Circle","Bamunimaidam, Guwahati",1.0,Fee/PreQual/Technical,.pdf,Cost of Bid Document,08-Oct-2020 10:00 AM,14-Oct-2020 10:00 AM,08-Oct-2020 10:00 AM,13-Oct-2020 12:00 PM,08-Oct-2020 10:00 AM ,13-Oct-2020 11:00 AM ,08-Oct-2020 10:00 AM,13-Oct-2020 12:00 PM,"1,78,560",Yes,fixed,,"E E, PWD(R), Dispur Territorial Road Division",GUWAHATI
2.0,BC - Bankers Cheque,,,,,,,,,,,,,,,,,,,,,,,,,,,,,,,,,,,,,,,,.pdf,Earnest Money,,,,,,,,,,,,,,
3.0,BG - Bank Guarantee Irrevocable,,,,,,,,,,,,,,,,,,,,,,,,,,,,,,,,,,,,,,,,.pdf,SBD,,,,,,,,,,,,,,
4.0,FDR - Fixed Deposit Receipt,,,,,,,,,,,,,,,,,,,,,,,,,,,,,,,,,,,,,,,,.pdf,Technical Qualification Papers,,,,,,,,,,,,,,
,,,,,,,,,,,,,,,,,,,,,,,,,,,,,,,,,,,,,,,2.0,Finance,.xls,BOQ,,,,,,,,,,,,,,
,,,,,,,,,,,,,,,,,,,,,,,,,,,,,,,,,,,,,,,,,.pdf,Form of Bid,,,,,,,,,,,,,,
