﻿Tender Fee in ₹,Fee Payable To,Fee Payable At,Tender Fee Exemption Allowed,Publish Date,Bid Opening Date,Document Download / Sale Start Date,Document Download / Sale End Date,Clarification Start Date,Clarification End Date,Bid Submission Start Date,Bid Submission End Date,Financial Bid Opening Date,Organisation Chain,Tender Reference Number,Tender ID,Tender Type,Form of contract,Tender Category,No. of Covers,General Technical Evaluation Allowed,ItemWise Technical Evaluation Allowed,Payment Mode,Is Multi Currency Allowed For BOQ,Is Multi Currency Allowed For Fee,Allow Two Stage Bidding,S.No,Instrument Type,S.No,Corrigendum Title,Corrigendum Type,View,Name,Address,Title,Work Description,Pre Qualification Details,Independent External Monitor/Remarks,Tender Value in ₹,Product Category,Sub category,Contract Type,Bid Validity(Days),Period Of Work(Days),Location,Pincode,Pre Bid Meeting Place,Pre Bid Meeting Address,Pre Bid Meeting Date,Bid Opening Place,Should Allow NDA Tender,Allow Preferential Bidder,Cover No,Cover,Document Type,Description,EMD Amount in ₹,EMD through BG/ST or EMD Exemption Allowed,EMD Fee Type,EMD Percentage,EMD Payable To,EMD Payable At
"3,700","Empowered office ASRB, Guhy.",Diphu,No,30-Mar-2020 10:00 AM,13-May-2020 11:00 AM,30-Mar-2020 10:00 AM,11-May-2020 02:00 PM,30-Mar-2020 10:00 AM ,11-May-2020 02:00 PM ,30-Mar-2020 04:00 PM,11-May-2020 02:00 PM,15-May-2020 03:00 PM,Karbi Anglong Autonomous Council||PWD||Addl. Chief Engineer Diphu,ACEH/CS/SOPD/34/2019-20/01,2020_KAAC_17327_1,Open Tender,Item Wise,Works,2.0,No,No,Offline,No,No,No,1,DD - Demand Draft,1.0,Extension,Date,,ACEH PWD DIPHU,ACEH PWD DIPHU,Construction of Road from Sar-et Terang gaon to kolomsing tisso gaon.,Construction of road from Sar-et Terang gaon to Kolomsing Tisso gaon.,Registered APWD ,na ,"1,87,23,252",Civil Works – Roads,NA ,Rate Contract,180.0,360.0,Bakulia,782482.0,ACEH PWD DIPHU ,ACEH PWD DIPHU ,31-Mar-2020 12:00 PM ,ACEH DIPHU,No ,No,1.0,Fee/PreQual/Technical,.pdf,Fee and bid security,"1,87,232",No,fixed,,EE PWD Bakulia Road Division,Diphu
,,,,,,,,,,,,,,,,,,,,,,,,,,2,BC - Bankers Cheque,,,,,,,,,,,,,,,,,,,,,,,,,,,.pdf,Technical bid,,,,,,
,,,,,,,,,,,,,,,,,,,,,,,,,,3,SS - Small Savings Instrument,,,,,,,,,,,,,,,,,,,,,,,,,,,.pdf,Bid Document,,,,,,
,,,,,,,,,,,,,,,,,,,,,,,,,,4,BG - Bank Guarantee Irrevocable,,,,,,,,,,,,,,,,,,,,,,,,,2.0,Finance,.xls,BOQ,,,,,,
,,,,,,,,,,,,,,,,,,,,,,,,,,5,FDR - Fixed Deposit Receipt,,,,,,,,,,,,,,,,,,,,,,,,,,,.pdf,Form of bid,,,,,,
,,,,,,,,,,,,,,,,,,,,,,,,,,6,DCR - Deposit at call receipt,,,,,,,,,,,,,,,,,,,,,,,,,,,,,,,,,,
