﻿Tender Fee in ₹,Fee Payable To,Fee Payable At,Tender Fee Exemption Allowed,Organisation Chain,Tender Reference Number,Tender ID,Tender Type,Form of contract,Tender Category,No. of Covers,General Technical Evaluation Allowed,ItemWise Technical Evaluation Allowed,Payment Mode,Is Multi Currency Allowed For BOQ,Is Multi Currency Allowed For Fee,Allow Two Stage Bidding,Publish Date,Bid Opening Date,Document Download / Sale Start Date,Document Download / Sale End Date,Clarification Start Date,Clarification End Date,Bid Submission Start Date,Bid Submission End Date,Financial Bid Opening Date,EMD Amount in ₹,EMD through BG/ST or EMD Exemption Allowed,EMD Fee Type,EMD Percentage,EMD Payable To,EMD Payable At,S.No,Instrument Type,S.No,Corrigendum Title,Corrigendum Type,View,Cover No,Cover,Document Type,Description,Title,Work Description,Pre Qualification Details,Independent External Monitor/Remarks,Tender Value in ₹,Product Category,Sub category,Contract Type,Bid Validity(Days),Period Of Work(Days),Location,Pincode,Pre Bid Meeting Place,Pre Bid Meeting Address,Pre Bid Meeting Date,Bid Opening Place,Should Allow NDA Tender,Allow Preferential Bidder,Name,Address
"3,700",Empowered Officer ASRB,GUWAHATI,No,Public Works Roads Department,SE/JRC/SOPD(G)/3927,2020_PWD_17227_2,Open Tender,Item Rate,Works,2.0,No,No,Offline,No,No,No,19-Mar-2020 10:00 AM,15-May-2020 01:00 PM,19-Mar-2020 10:00 AM,11-May-2020 04:00 PM,NA ,NA ,19-Mar-2020 10:00 AM,11-May-2020 04:00 PM,16-May-2020 01:15 PM,"3,61,100",Yes,percentage,2.0%,EE PWD Sivasagar and Thowra Territorial Road Divis,Sivasagar,1.0,DD - Demand Draft,1.0,"Corrigendum for Construction of Gohain Pukhuri to Sadhan Chuk Ali in Sivasagar and Thowra Territorial Road Division under SOPD-G for the year 2019- 20, Thowra LAC. Pkg. No. SOPD(G)/STTRD/THOWRA/02",Date,,1.0,Fee/PreQual/Technical,.pdf,Cost of Bid,SOPD(G)/STTRD/THOWRA/02,Construction of Gohain Pukhuri to Sadhan Chuk Ali,Please refer Tender documents. ,NA ,"1,80,55,000",Civil Works – Roads,NA ,Tender,180.0,180.0,Sivasagar,785640.0,NA ,NA ,NA ,O/O The SE PWD JRC,No ,No,SE PWD JRC,O/O The SE PWD JRC
,,,,,,,,,,,,,,,,,,,,,,,,,,,,,,,,2.0,BC - Bankers Cheque,,,,,,,.pdf,Bid Security,,,,,,,,,,,,,,,,,,,,
,,,,,,,,,,,,,,,,,,,,,,,,,,,,,,,,3.0,BG - Bank Guarantee Irrevocable,,,,,,,.pdf,Technical Qualification Document,,,,,,,,,,,,,,,,,,,,
,,,,,,,,,,,,,,,,,,,,,,,,,,,,,,,,4.0,FDR - Fixed Deposit Receipt,,,,,,,.pdf,SBD,,,,,,,,,,,,,,,,,,,,
,,,,,,,,,,,,,,,,,,,,,,,,,,,,,,,,5.0,DCR - Deposit at call receipt,,,,,2.0,Finance,.xls,BOQ,,,,,,,,,,,,,,,,,,,,
,,,,,,,,,,,,,,,,,,,,,,,,,,,,,,,,,,,,,,,,.pdf,FOB,,,,,,,,,,,,,,,,,,,,
