﻿EMD Amount in ₹,EMD through BG/ST or EMD Exemption Allowed,EMD Fee Type,EMD Percentage,EMD Payable To,EMD Payable At,Title,Work Description,Pre Qualification Details,Independent External Monitor/Remarks,Tender Value in ₹,Product Category,Sub category,Contract Type,Bid Validity(Days),Period Of Work(Days),Location,Pincode,Pre Bid Meeting Place,Pre Bid Meeting Address,Pre Bid Meeting Date,Bid Opening Place,Should Allow NDA Tender,Allow Preferential Bidder,Cover No,Cover,Document Type,Description,Publish Date,Bid Opening Date,Document Download / Sale Start Date,Document Download / Sale End Date,Clarification Start Date,Clarification End Date,Bid Submission Start Date,Bid Submission End Date,Financial Bid Opening Date,Tender Fee in ₹,Fee Payable To,Fee Payable At,Tender Fee Exemption Allowed,S.No,Instrument Type,Organisation Chain,Tender Reference Number,Tender ID,Tender Type,Form of contract,Tender Category,No. of Covers,General Technical Evaluation Allowed,ItemWise Technical Evaluation Allowed,Payment Mode,Is Multi Currency Allowed For BOQ,Is Multi Currency Allowed For Fee,Allow Two Stage Bidding,Name,Address
"1,61,680",Yes,fixed,,"EE, PWRD,Chabua, Duliajan and Nahraktia TRD",Duliajan,"Construction of motorable Pipe steel pipe bridge No. 1 by 1 L-35.00m over Telpani river on Jooktoli and Telpani Kaibarta Village connecting Road under CSR Programme of OIL for the year 2018-19 under PWRD, Chabua, Duliajan and Naharkatia Territorial","Construction of motorable Pipe steel pipe bridge No. 1 by 1 L-35.00m over Telpani river on Jooktoli and Telpani Kaibarta Village connecting Road under CSR Programme of OIL for the year 2018-19 under PWRD, Chabua, Duliajan and Naharkatia Territorial",Please refer tender document ,NA ,"80,84,000",Civil Works,NA ,Tender,180.0,270.0,Duliajan,786602.0,NA ,NA ,NA ,"Superintending Engineer, PWD, Dibrugarh Road Circl",No ,No,1.0,Fee/PreQual/Technical,.pdf,Bid security,12-Jun-2020 10:00 AM,19-Jun-2020 11:00 AM,12-Jun-2020 10:00 AM,18-Jun-2020 04:00 PM,12-Jun-2020 10:00 AM ,18-Jun-2020 04:00 PM ,12-Jun-2020 10:00 AM,18-Jun-2020 04:00 PM,17-Jul-2020 01:30 PM,"2,270","Empowered Officer ASRB, A/C No. 10566991479",GUWAHATI,Yes,1.0,DD - Demand Draft,Public Works Roads Department,DRC-XIII/16/98/NIT/DIB/248,2020_PWD_17798_1,Open Tender,Item Rate,Works,2.0,No,No,Offline,No,No,No,"Superintending Engineer, PWD, Dibrugarh Road Circl","Superintending Engineer, PWD, Dibrugarh Road Circle"
,,,,,,,,,,,,,,,,,,,,,,,,,,.pdf,Cost of Tender Document,,,,,,,,,,,,,,2.0,BG - Bank Guarantee Irrevocable,,,,,,,,,,,,,,,
,,,,,,,,,,,,,,,,,,,,,,,,,,.pdf,Technical qualification details,,,,,,,,,,,,,,3.0,FDR - Fixed Deposit Receipt,,,,,,,,,,,,,,,
,,,,,,,,,,,,,,,,,,,,,,,,,,.pdf,SBD,,,,,,,,,,,,,,,,,,,,,,,,,,,,,,
,,,,,,,,,,,,,,,,,,,,,,,,2.0,Finance,.xls,BOQ,,,,,,,,,,,,,,,,,,,,,,,,,,,,,,
,,,,,,,,,,,,,,,,,,,,,,,,,,.pdf,FOB,,,,,,,,,,,,,,,,,,,,,,,,,,,,,,
