﻿S.No,Instrument Type,Cover No,Cover,Document Type,Description,Publish Date,Bid Opening Date,Document Download / Sale Start Date,Document Download / Sale End Date,Clarification Start Date,Clarification End Date,Bid Submission Start Date,Bid Submission End Date,EMD Amount in ₹,EMD through BG/ST or EMD Exemption Allowed,EMD Fee Type,EMD Percentage,EMD Payable To,EMD Payable At,Organisation Chain,Tender Reference Number,Tender ID,Tender Type,Form of contract,Tender Category,No. of Covers,General Technical Evaluation Allowed,ItemWise Technical Evaluation Allowed,Payment Mode,Is Multi Currency Allowed For BOQ,Is Multi Currency Allowed For Fee,Allow Two Stage Bidding,Name,Address,Title,Work Description,Pre Qualification Details,Independent External Monitor/Remarks,Tender Value in ₹,Product Category,Sub category,Contract Type,Bid Validity(Days),Period Of Work(Days),Location,Pincode,Pre Bid Meeting Place,Pre Bid Meeting Address,Pre Bid Meeting Date,Bid Opening Place,Should Allow NDA Tender,Allow Preferential Bidder,Tender Fee in ₹,Fee Payable To,Fee Payable At,Tender Fee Exemption Allowed,S.No,Corrigendum Title,Corrigendum Type,View
1.0,DD - Demand Draft,1.0,Fee/PreQual/Technical,.pdf,DOCUMENT COST,18-Dec-2020 05:30 PM,25-Jan-2021 11:00 AM,18-Dec-2020 05:30 PM,22-Jan-2021 04:30 PM,NA ,NA ,05-Jan-2021 04:30 PM,22-Jan-2021 04:30 PM,"3,02,57,510",Yes,percentage,2.0%,Assam Police Housing Corporation Ltd,Guwahati,Assam Police Housing Corporation Ltd,APHC/CS/36/2020-21_P_Training,2020_APHC_19692_1,Open Tender,Item Rate,Works,2.0,No,No,Offline,No,No,No,Chief Engineer,Assam Police Housing Corporation Ltd Rehabari Guwahati 8,"Up gradation of the existing Police Training College to a World Class Academy at Dergaon, Assam","Up gradation of the existing Police Training College to a World Class Academy at Dergaon, Assam",Please refer Tender documents. ,NA ,"1,51,28,75,503",Civil Works - Building,NA ,Tender,180.0,900.0,"Dergaon, Assam",785703.0,Assam Police Housing Corporation Ltd ,Assam Police Housing Corporation Ltd Rehabari Guwahati 8 ,05-Jan-2021 02:00 PM ,Assam Police Housing Corporation Ltd,No ,No,"1,50,000",Assam Police Housing Corporation Ltd,Guwahati,No,1.0,Cancellation Notice,Cancellation of Tender,
,,,,.pdf,BID SECURITY,,,,,,,,,,,,,,,,,,,,,,,,,,,,,,,,,,,,,,,,,,,,,,,,,,,,2.0,Date Corrigendum,Date,
,,,,.pdf,TECHNICAL DOCUMENT,,,,,,,,,,,,,,,,,,,,,,,,,,,,,,,,,,,,,,,,,,,,,,,,,,,,3.0,Corrigendum Notice,Technical Bid,
,,,,.pdf,BID DOCUMENT,,,,,,,,,,,,,,,,,,,,,,,,,,,,,,,,,,,,,,,,,,,,,,,,,,,,,,,
,,,,.pdf,EPC_AGREEMENT,,,,,,,,,,,,,,,,,,,,,,,,,,,,,,,,,,,,,,,,,,,,,,,,,,,,,,,
,,,,.pdf,EPC_SHEDULE,,,,,,,,,,,,,,,,,,,,,,,,,,,,,,,,,,,,,,,,,,,,,,,,,,,,,,,
,,2.0,Finance,.xls,BOQ,,,,,,,,,,,,,,,,,,,,,,,,,,,,,,,,,,,,,,,,,,,,,,,,,,,,,,,
,,,,.pdf,FORM OF BID,,,,,,,,,,,,,,,,,,,,,,,,,,,,,,,,,,,,,,,,,,,,,,,,,,,,,,,
