﻿Name,Address,EMD Amount in ₹,EMD through BG/ST or EMD Exemption Allowed,EMD Fee Type,EMD Percentage,EMD Payable To,EMD Payable At,Title,Work Description,Pre Qualification Details,Independent External Monitor/Remarks,Tender Value in ₹,Product Category,Sub category,Contract Type,Bid Validity(Days),Period Of Work(Days),Location,Pincode,Pre Bid Meeting Place,Pre Bid Meeting Address,Pre Bid Meeting Date,Bid Opening Place,Should Allow NDA Tender,Allow Preferential Bidder,Tender Fee in ₹,Fee Payable To,Fee Payable At,Tender Fee Exemption Allowed,Organisation Chain,Tender Reference Number,Tender ID,Tender Type,Form of contract,Tender Category,No. of Covers,General Technical Evaluation Allowed,ItemWise Technical Evaluation Allowed,Payment Mode,Is Multi Currency Allowed For BOQ,Is Multi Currency Allowed For Fee,Allow Two Stage Bidding,Cover No,Cover,Document Type,Description,Publish Date,Bid Opening Date,Document Download / Sale Start Date,Document Download / Sale End Date,Clarification Start Date,Clarification End Date,Bid Submission Start Date,Bid Submission End Date,Financial Bid Opening Date,S.No,Instrument Type
"Superintending Engineer, PWRD","Superintending Engineer, PWRD North Lakhimpur Road Circle","2,00,200",Yes,fixed,,"EE, PWRD, Jonai Territorial Road Division",Silapathar,"Construction of RCC Bridge No.2/1 over River Singibeel on Memberchuk to Jariguri Road with approach and protection works under SOPD (G) for the year 2020-21 under Jonai Territorial Road Division, Silapathar","Construction of RCC Bridge No.2/1 over River Singibeel on Memberchuk to Jariguri Road with approach and protection works under SOPD (G) for the year 2020-21 under Jonai Territorial Road Division, Silapathar",Please refer Tender documents. ,NA ,"1,00,09,960",Civil Works,NA ,Tender,180.0,180.0,RCC Bridge No.2/1 over River Singibeel on Memberch,787060.0,NA ,NA ,NA ,North Lakhimpur,No ,No,"3,010","Empowered officer, Assam State Road Board, Assam",GUWAHATI,Yes,Public Works Roads Department,No. NLRC/T/2019-20/2315,2020_PWD_18791_10,Open Tender,Item Wise,Works,2.0,No,No,Offline,No,No,No,1.0,Fee/PreQual/Technical,.pdf,Cost of Bid Documents,25-Sep-2020 02:00 PM,12-Oct-2020 10:00 AM,28-Sep-2020 10:00 AM,09-Oct-2020 02:10 PM,28-Sep-2020 10:00 AM ,09-Oct-2020 02:00 PM ,28-Sep-2020 10:00 AM,09-Oct-2020 02:10 PM,19-Oct-2020 10:00 AM,1.0,DD - Demand Draft
,,,,,,,,,,,,,,,,,,,,,,,,,,,,,,,,,,,,,,,,,,,,,.pdf,EMD,,,,,,,,,,2.0,FDR - Fixed Deposit Receipt
,,,,,,,,,,,,,,,,,,,,,,,,,,,,,,,,,,,,,,,,,,,,,.pdf,Technical Qualification,,,,,,,,,,,
,,,,,,,,,,,,,,,,,,,,,,,,,,,,,,,,,,,,,,,,,,,2.0,Finance,.pdf,FOB,,,,,,,,,,,
,,,,,,,,,,,,,,,,,,,,,,,,,,,,,,,,,,,,,,,,,,,,,.xls,BOQ,,,,,,,,,,,
