﻿Publish Date,Bid Opening Date,Document Download / Sale Start Date,Document Download / Sale End Date,Clarification Start Date,Clarification End Date,Bid Submission Start Date,Bid Submission End Date,Financial Bid Opening Date,Organisation Chain,Tender Reference Number,Tender ID,Tender Type,Form of contract,Tender Category,No. of Covers,General Technical Evaluation Allowed,ItemWise Technical Evaluation Allowed,Payment Mode,Is Multi Currency Allowed For BOQ,Is Multi Currency Allowed For Fee,Allow Two Stage Bidding,Tender Fee in ₹,Fee Payable To,Fee Payable At,Tender Fee Exemption Allowed,EMD Amount in ₹,EMD through BG/ST or EMD Exemption Allowed,EMD Fee Type,EMD Percentage,EMD Payable To,EMD Payable At,Name,Address,S.No,Instrument Type,Cover No,Cover,Document Type,Description,Title,Work Description,Pre Qualification Details,Independent External Monitor/Remarks,Tender Value in ₹,Product Category,Sub category,Contract Type,Bid Validity(Days),Period Of Work(Days),Location,Pincode,Pre Bid Meeting Place,Pre Bid Meeting Address,Pre Bid Meeting Date,Bid Opening Place,Should Allow NDA Tender,Allow Preferential Bidder
21-Aug-2020 10:00 AM,18-Sep-2020 01:00 PM,21-Aug-2020 10:00 AM,16-Sep-2020 04:00 PM,NA ,NA ,21-Aug-2020 10:00 AM,16-Sep-2020 04:00 PM,29-Sep-2020 12:20 PM,Public Works Roads Department,SE/JRC/SOPD(G)/1865,2020_PWD_18470_6,Open Tender,Item Rate,Works,2.0,No,No,Offline,No,No,No,"2,100",Empowered Officer ASRB,GUWAHATI,No,"2,04,540",Yes,percentage,2.0%,EE PWD Sarupathar Territorial Road Division,Sarupathar,SE PWD JRC,O/O SE PWD JRC,1.0,DD - Demand Draft,1.0,Fee/PreQual/Technical,.pdf,Cost of Bid,"Re-construction of Senchowa Ali (Ch. 0.00 to 5000.00m) under Sarupathar Territorial Road Division under SOPD-G for the year 2020-21, Sarupathar LAC. Pkg. No. SOPD(G)/STRD/06","Re-construction of Senchowa Ali (Ch. 0.00 to 5000.00m) under Sarupathar Territorial Road Division under SOPD-G for the year 2020-21, Sarupathar LAC. Pkg. No. SOPD(G)/STRD/06",Please refer Tender documents. ,NA ,"1,02,26,996",Civil Works – Roads,NA ,Tender,180.0,180.0,Sarupathar,785601.0,NA ,NA ,NA ,O/O SE PWD JRC,No ,No
,,,,,,,,,,,,,,,,,,,,,,,,,,,,,,,,,,2.0,BC - Bankers Cheque,,,.pdf,Bid Security,,,,,,,,,,,,,,,,,,
,,,,,,,,,,,,,,,,,,,,,,,,,,,,,,,,,,3.0,BG - Bank Guarantee Irrevocable,,,.pdf,Technical Qualification Document,,,,,,,,,,,,,,,,,,
,,,,,,,,,,,,,,,,,,,,,,,,,,,,,,,,,,4.0,FDR - Fixed Deposit Receipt,,,.pdf,SBD,,,,,,,,,,,,,,,,,,
,,,,,,,,,,,,,,,,,,,,,,,,,,,,,,,,,,5.0,DCR - Deposit at call receipt,2.0,Finance,.xls,BOQ,,,,,,,,,,,,,,,,,,
,,,,,,,,,,,,,,,,,,,,,,,,,,,,,,,,,,,,,,.pdf,FOB,,,,,,,,,,,,,,,,,,
