﻿Organisation Chain,Tender Reference Number,Tender ID,Tender Type,Form of contract,Tender Category,No. of Covers,General Technical Evaluation Allowed,ItemWise Technical Evaluation Allowed,Payment Mode,Is Multi Currency Allowed For BOQ,Is Multi Currency Allowed For Fee,Allow Two Stage Bidding,S.No,Corrigendum Title,Corrigendum Type,View,Title,Work Description,Pre Qualification Details,Independent External Monitor/Remarks,Tender Value in ₹,Product Category,Sub category,Contract Type,Bid Validity(Days),Period Of Work(Days),Location,Pincode,Pre Bid Meeting Place,Pre Bid Meeting Address,Pre Bid Meeting Date,Bid Opening Place,Should Allow NDA Tender,Allow Preferential Bidder,EMD Amount in ₹,EMD through BG/ST or EMD Exemption Allowed,EMD Fee Type,EMD Percentage,EMD Payable To,EMD Payable At,S.No,Instrument Type,Cover No,Cover,Document Type,Description,Name,Address,Publish Date,Bid Opening Date,Document Download / Sale Start Date,Document Download / Sale End Date,Clarification Start Date,Clarification End Date,Bid Submission Start Date,Bid Submission End Date,Tender Fee in ₹,Fee Payable To,Fee Payable At,Tender Fee Exemption Allowed
Cooperation Department||Assam State Co-operative Housing Federation Ltd.(HOUSEFED),HF/ENGG-3227/17-18/Pt.-III/50,2020_CD_17914_1,Open Tender,Item Wise,Works,2.0,No,No,Offline,No,No,No,1.0,Retender,Retender,,"Construction of Common Service Centre at Gobardhana, Baksa","Construction of Common Service Centre at Gobardhana, Baksa",Please refer Tender documents. ,NA ,"1,26,77,226",Civil Works,NA ,Tender,180.0,365.0,"Gobardhana, Baksa",781315.0,"O/o. Managing Director, Housefed ","O/o. Managing Director, Housefed, Assam, Dispur, Guwahati-6 ",15-Jun-2020 12:00 PM ,"O/o. Managing Director, Housefed",No ,No,"2,53,545",Yes,fixed,,"Managing Director, Housefed",Ghty,1.0,DD - Demand Draft,1.0,Fee/PreQual/Technical,.pdf,Cost of Tender,"Managing Director, Housefed, Assam","O/o. Managing Director, Housefed, Assam, Dispur, Guwahati-6",11-Jun-2020 12:00 PM,23-Jun-2020 11:00 AM,11-Jun-2020 12:00 PM,22-Jun-2020 02:00 PM,NA ,NA ,12-Jun-2020 02:00 PM,22-Jun-2020 02:00 PM,"6,000","Managing Director, Housefed",Ghty,No
,,,,,,,,,,,,,,,,,,,,,,,,,,,,,,,,,,,,,,,,,2.0,BC - Bankers Cheque,,,.pdf,Bid Security,,,,,,,,,,,,,,
,,,,,,,,,,,,,,,,,,,,,,,,,,,,,,,,,,,,,,,,,3.0,BG - Bank Guarantee Irrevocable,,,.pdf,Bidding Documents,,,,,,,,,,,,,,
,,,,,,,,,,,,,,,,,,,,,,,,,,,,,,,,,,,,,,,,,4.0,FDR - Fixed Deposit Receipt,,,.pdf,Technical Qualification,,,,,,,,,,,,,,
,,,,,,,,,,,,,,,,,,,,,,,,,,,,,,,,,,,,,,,,,,,2.0,Finance,.xls,BOQ,,,,,,,,,,,,,,
,,,,,,,,,,,,,,,,,,,,,,,,,,,,,,,,,,,,,,,,,,,,,.pdf,Form of Bid,,,,,,,,,,,,,,
