﻿Name,Address,S.No,Corrigendum Title,Corrigendum Type,View,EMD Amount in ₹,EMD through BG/ST or EMD Exemption Allowed,EMD Fee Type,EMD Percentage,EMD Payable To,EMD Payable At,S.No,Instrument Type,Publish Date,Bid Opening Date,Document Download / Sale Start Date,Document Download / Sale End Date,Clarification Start Date,Clarification End Date,Bid Submission Start Date,Bid Submission End Date,Financial Bid Opening Date,Tender Fee in ₹,Fee Payable To,Fee Payable At,Tender Fee Exemption Allowed,Cover No,Cover,Document Type,Description,Title,Work Description,Pre Qualification Details,Independent External Monitor/Remarks,Tender Value in ₹,Product Category,Sub category,Contract Type,Bid Validity(Days),Period Of Work(Days),Location,Pincode,Pre Bid Meeting Place,Pre Bid Meeting Address,Pre Bid Meeting Date,Bid Opening Place,Should Allow NDA Tender,Allow Preferential Bidder,Organisation Chain,Tender Reference Number,Tender ID,Tender Type,Form of contract,Tender Category,No. of Covers,General Technical Evaluation Allowed,ItemWise Technical Evaluation Allowed,Payment Mode,Is Multi Currency Allowed For BOQ,Is Multi Currency Allowed For Fee,Allow Two Stage Bidding
"Chief Engineer, PWD (Roads), Assam","O/o the Chief Engineer, PWD (Roads), Assam, Chandmari, Guwahati, 781003",1.0,Bid Submission Date Extension,Date,,"2,94,000",Yes,fixed,,"Chief Engineer, PWD (Roads), Assam",GUWAHATI,1.0,DD - Demand Draft,23-Jan-2020 05:40 PM,06-Feb-2020 02:00 PM,23-Jan-2020 05:40 PM,05-Feb-2020 04:00 PM,23-Jan-2020 05:40 PM ,01-Feb-2020 04:00 PM ,23-Jan-2020 05:40 PM,05-Feb-2020 04:00 PM,24-Feb-2020 06:30 PM,"4,400","Empowered Officer, ASRB",GUWAHATI,No,1.0,Fee/PreQual/Technical,.pdf,Cost of Tender Document,Cac/AD19-20/06 Construction of approach Road of Syamabari Khaspur in Udharbond Constituency.,Cac/AD19-20/06 Construction of approach Road of Syamabari Khaspur in Udharbond Constituency .,Please refer Tender documents. ,NA ,"1,47,20,000",Civil Works,NA ,Tender,180.0,180.0,Cachar,781003.0,"O/o the Chief Engineer, PWD (Roads), Assam ","O/o the Chief Engineer, PWD (Roads), Assam, Chandmari, Guwahati, 781003 ",28-Jan-2020 12:00 PM ,"O/o the Chief Engineer, PWD (Roads), Assam",No ,No,Public Works Roads Department,CE/Maint/A.D./404/2019/2,2020_PWD_16002_85,Open Tender,Item Rate,Works,2.0,No,No,Offline,No,No,No
,,,,,,,,,,,,2.0,BC - Bankers Cheque,,,,,,,,,,,,,,,,.pdf,Bid Security,,,,,,,,,,,,,,,,,,,,,,,,,,,,,,,
,,,,,,,,,,,,3.0,BG - Bank Guarantee Irrevocable,,,,,,,,,,,,,,,,.pdf,Technical Qualification Details,,,,,,,,,,,,,,,,,,,,,,,,,,,,,,,
,,,,,,,,,,,,4.0,FDR - Fixed Deposit Receipt,,,,,,,,,,,,,,,,.pdf,SBD,,,,,,,,,,,,,,,,,,,,,,,,,,,,,,,
,,,,,,,,,,,,,,,,,,,,,,,,,,,2.0,Finance,.xls,BOQ,,,,,,,,,,,,,,,,,,,,,,,,,,,,,,,
,,,,,,,,,,,,,,,,,,,,,,,,,,,,,.pdf,FOB,,,,,,,,,,,,,,,,,,,,,,,,,,,,,,,
