﻿Title,Work Description,Pre Qualification Details,Independent External Monitor/Remarks,Tender Value in ₹,Product Category,Sub category,Contract Type,Bid Validity(Days),Period Of Work(Days),Location,Pincode,Pre Bid Meeting Place,Pre Bid Meeting Address,Pre Bid Meeting Date,Bid Opening Place,Should Allow NDA Tender,Allow Preferential Bidder,EMD Amount in ₹,EMD through BG/ST or EMD Exemption Allowed,EMD Fee Type,EMD Percentage,EMD Payable To,EMD Payable At,Organisation Chain,Tender Reference Number,Tender ID,Tender Type,Form of contract,Tender Category,No. of Covers,General Technical Evaluation Allowed,ItemWise Technical Evaluation Allowed,Payment Mode,Is Multi Currency Allowed For BOQ,Is Multi Currency Allowed For Fee,Allow Two Stage Bidding,Publish Date,Bid Opening Date,Document Download / Sale Start Date,Document Download / Sale End Date,Clarification Start Date,Clarification End Date,Bid Submission Start Date,Bid Submission End Date,Financial Bid Opening Date,Cover No,Cover,Document Type,Description,S.No,Instrument Type,Name,Address,Tender Fee in ₹,Fee Payable To,Fee Payable At,Tender Fee Exemption Allowed
"Construction of Hilputa to Haruali Ch. 0.00 m to 1000.00 m under SOPD-G for the Year 2019-20 under PWRD, Dibrugarh, Lahowal, Moran and Tingkhong Territorial Road Division, Dibrugarh - Moran LAC.","Construction of Hilputa to Haruali Ch. 0.00 m to 1000.00 m under SOPD-G for the Year 2019-20 under PWRD, Dibrugarh, Lahowal, Moran and Tingkhong Territorial Road Division, Dibrugarh - Moran LAC.",Please refer tender document ,NA ,"85,00,965",Civil Works,NA ,Tender,180.0,270.0,Moran,785669.0,NA ,NA ,NA ,"Superintending Engineer, PWD, Dibrugarh Road Circl",No ,No,"1,70,100",Yes,fixed,,"EE, PWD,Dibrugarh,Lahowal,Moran and Tingkhong TRD",Dibrugarh,Public Works Roads Department,DRC-XIII/16/98/NIT/DIB/240,2020_PWD_17595_25,Open Tender,Item Rate,Works,2.0,No,No,Offline,No,No,No,20-May-2020 10:15 AM,11-Jun-2020 11:00 AM,20-May-2020 10:15 AM,10-Jun-2020 04:00 PM,20-May-2020 10:15 AM ,10-Jun-2020 04:00 PM ,20-May-2020 10:15 AM,10-Jun-2020 04:00 PM,02-Jul-2020 11:00 AM,1.0,Fee/PreQual/Technical,.pdf,Bid security,1.0,DD - Demand Draft,"Superintending Engineer, PWD, Dibrugarh Road Circl","Superintending Engineer, PWD, Dibrugarh Road Circle","2,400","Empowered Officer ASRB, A/C No. 10566991479",GUWAHATI,Yes
,,,,,,,,,,,,,,,,,,,,,,,,,,,,,,,,,,,,,,,,,,,,,,,,.pdf,Cost of Tender Document,2.0,BG - Bank Guarantee Irrevocable,,,,,,
,,,,,,,,,,,,,,,,,,,,,,,,,,,,,,,,,,,,,,,,,,,,,,,,.pdf,Technical qualification details,3.0,FDR - Fixed Deposit Receipt,,,,,,
,,,,,,,,,,,,,,,,,,,,,,,,,,,,,,,,,,,,,,,,,,,,,,,,.pdf,SBD,,,,,,,,
,,,,,,,,,,,,,,,,,,,,,,,,,,,,,,,,,,,,,,,,,,,,,,2.0,Finance,.xls,boq,,,,,,,,
,,,,,,,,,,,,,,,,,,,,,,,,,,,,,,,,,,,,,,,,,,,,,,,,.pdf,FOB,,,,,,,,
