﻿Cover No,Cover,Document Type,Description,Name,Address,EMD Amount in ₹,EMD through BG/ST or EMD Exemption Allowed,EMD Fee Type,EMD Percentage,EMD Payable To,EMD Payable At,Publish Date,Bid Opening Date,Document Download / Sale Start Date,Document Download / Sale End Date,Clarification Start Date,Clarification End Date,Bid Submission Start Date,Bid Submission End Date,Organisation Chain,Tender Reference Number,Tender ID,Tender Type,Form of contract,Tender Category,No. of Covers,General Technical Evaluation Allowed,ItemWise Technical Evaluation Allowed,Payment Mode,Is Multi Currency Allowed For BOQ,Is Multi Currency Allowed For Fee,Allow Two Stage Bidding,Tender Fee in ₹,Fee Payable To,Fee Payable At,Tender Fee Exemption Allowed,Title,Work Description,Pre Qualification Details,Independent External Monitor/Remarks,Tender Value in ₹,Product Category,Sub category,Contract Type,Bid Validity(Days),Period Of Work(Days),Location,Pincode,Pre Bid Meeting Place,Pre Bid Meeting Address,Pre Bid Meeting Date,Bid Opening Place,Should Allow NDA Tender,Allow Preferential Bidder,S.No,Corrigendum Title,Corrigendum Type,View,S.No,Bank Name
1.0,Fee/PreQual/Technical,.pdf,PreQualification,"DME, ASSAM, Sixmile, Khanapara","DME, ASSAM, Sixmile, Khanapara","10,00,000",Yes,fixed,,Nil,Nil,12-Jan-2021 09:00 AM,06-Mar-2021 05:00 PM,12-Jan-2021 09:00 AM,06-Mar-2021 02:00 PM,NA ,NA ,22-Jan-2021 02:00 PM,06-Mar-2021 02:00 PM,Health and Family Welfare Department||Directorate of Medical Education-HFWD,DME/GammaCamera/05/2021/6091 Dt 11/01/2021,2021_HFWD_20126_1,Open Tender,Supply,Goods,2.0,No,No,Online,No,No,No,"10,000",Nil,Nil,Yes,Supply installation and commissioning of Gamma Camera,Tender Notice for Supply installation and commissioning of Gamma Camera at SCI GMC Guwahati on turn key basis,Please refer Tender documents. ,NA ,,Medical Equipments/Waste,NA ,Tender,365.0,75.0,"SCI, GMC, Guwahati",781032.0,"SCI, GMC, Guwahati  ","SCI, GMC, Guwahati  ",22-Jan-2021 11:00 AM ,"SCI, GMC, Guwahati",No ,No,1.0,Cancellation of Tender,Cancellation of Tender,,1.0,SBI Bank
,,.pdf,TechnicalBid,,,,,,,,,,,,,,,,,,,,,,,,,,,,,,,,,,,,,,,,,,,,,,,,,,,,2.0,Corrigendum for Extension upto 6th March 2021,Date,,,
2.0,Finance,.xls,BOQ,,,,,,,,,,,,,,,,,,,,,,,,,,,,,,,,,,,,,,,,,,,,,,,,,,,,,,,,,
,,.pdf,Supplementary BOQ,,,,,,,,,,,,,,,,,,,,,,,,,,,,,,,,,,,,,,,,,,,,,,,,,,,,,,,,,
