﻿Publish Date,Bid Opening Date,Document Download / Sale Start Date,Document Download / Sale End Date,Clarification Start Date,Clarification End Date,Bid Submission Start Date,Bid Submission End Date,Financial Bid Opening Date,Name,Address,S.No,Corrigendum Title,Corrigendum Type,View,EMD Amount in ₹,EMD through BG/ST or EMD Exemption Allowed,EMD Fee Type,EMD Percentage,EMD Payable To,EMD Payable At,S.No,Instrument Type,Title,Work Description,Pre Qualification Details,Independent External Monitor/Remarks,Tender Value in ₹,Product Category,Sub category,Contract Type,Bid Validity(Days),Period Of Work(Days),Location,Pincode,Pre Bid Meeting Place,Pre Bid Meeting Address,Pre Bid Meeting Date,Bid Opening Place,Should Allow NDA Tender,Allow Preferential Bidder,Tender Fee in ₹,Fee Payable To,Fee Payable At,Tender Fee Exemption Allowed,Cover No,Cover,Document Type,Description,Organisation Chain,Tender Reference Number,Tender ID,Tender Type,Form of contract,Tender Category,No. of Covers,General Technical Evaluation Allowed,ItemWise Technical Evaluation Allowed,Payment Mode,Is Multi Currency Allowed For BOQ,Is Multi Currency Allowed For Fee,Allow Two Stage Bidding
12-Feb-2021 02:00 PM,20-Feb-2021 11:00 AM,12-Feb-2021 02:00 PM,19-Feb-2021 04:00 PM,12-Feb-2021 02:00 PM ,19-Feb-2021 04:00 PM ,12-Feb-2021 02:00 PM,19-Feb-2021 04:00 PM,26-Feb-2021 04:05 PM,"Superintending Engineer,PWD, Dibrugarh Road Circle","O/O Superintending Engineer, PWD, Dibrugarh Road Circle, Dibrugarh",1.0,Cancellation of Construction of Tea Garden Roads at Harishpur T.E.,Cancellation of Tender,,"2,00,000",Yes,fixed,,"E.E., PWRD,Chabua, Duliajan and Naharkatia TRD",Duliajan,1.0,DD - Demand Draft,Construction of Tea Garden Roads at Harishpur T.E. (Santipur) under SOPD (ODS) for the year 2020-21 Naharkatia LAC,Construction of Tea Garden Roads at Harishpur T.E. (Santipur) under SOPD (ODS) for the year 2020-21 Naharkatia LAC,Please refer tender document ,NA ,,Civil Works – Roads,NA ,Tender,180.0,270.0,Naharkatia,786610.0,NA ,NA ,NA ,"Superintending Engineer,PWD, Dibrugarh Road Circle",No ,No,"2,800","Empowered Officer ASRB, A/C No. 10566991479",GUWAHATI,Yes,1.0,Fee/PreQual/Technical,.pdf,Bid security,Public Works Roads Department,DRC-XIII/16/NIT/DIB/Pt-I/11,2021_PWD_21112_2,Open Tender,Item Rate,Works,2.0,No,No,Offline,No,No,No
,,,,,,,,,,,,,,,,,,,,,2.0,BG - Bank Guarantee Irrevocable,,,,,,,,,,,,,,,,,,,,,,,,,.pdf,Cost of Tender Document,,,,,,,,,,,,,
,,,,,,,,,,,,,,,,,,,,,3.0,FDR - Fixed Deposit Receipt,,,,,,,,,,,,,,,,,,,,,,,,,.pdf,Technical qualification details,,,,,,,,,,,,,
,,,,,,,,,,,,,,,,,,,,,,,,,,,,,,,,,,,,,,,,,,,,,,,.pdf,SBD,,,,,,,,,,,,,
,,,,,,,,,,,,,,,,,,,,,,,,,,,,,,,,,,,,,,,,,,,,,2.0,Finance,.xls,BOQ,,,,,,,,,,,,,
,,,,,,,,,,,,,,,,,,,,,,,,,,,,,,,,,,,,,,,,,,,,,,,.pdf,FOB,,,,,,,,,,,,,
