﻿Title,Work Description,Pre Qualification Details,Independent External Monitor/Remarks,Tender Value in ₹,Product Category,Sub category,Contract Type,Bid Validity(Days),Period Of Work(Days),Location,Pincode,Pre Bid Meeting Place,Pre Bid Meeting Address,Pre Bid Meeting Date,Bid Opening Place,Should Allow NDA Tender,Allow Preferential Bidder,Cover No,Cover,Document Type,Description,Tender Fee in ₹,Fee Payable To,Fee Payable At,Tender Fee Exemption Allowed,Publish Date,Bid Opening Date,Document Download / Sale Start Date,Document Download / Sale End Date,Clarification Start Date,Clarification End Date,Bid Submission Start Date,Bid Submission End Date,Financial Bid Opening Date,S.No,Instrument Type,EMD Amount in ₹,EMD through BG/ST or EMD Exemption Allowed,EMD Fee Type,EMD Percentage,EMD Payable To,EMD Payable At,Organisation Chain,Tender Reference Number,Tender ID,Tender Type,Form of contract,Tender Category,No. of Covers,General Technical Evaluation Allowed,ItemWise Technical Evaluation Allowed,Payment Mode,Is Multi Currency Allowed For BOQ,Is Multi Currency Allowed For Fee,Allow Two Stage Bidding,Name,Address
Construction of additional classroom by strengthening of Karanga Girls Higher Secondary School in Jorhat,Construction of additional classroom by strengthening of Karanga Girls Higher Secondary School in Jorhat,Please refer Tender documents. ,NA ,"61,04,200",Civil Works - Building,NA ,Tender,180.0,270.0,Jorhat,785001.0,"O/O SE, PWD, JBC, Jorhat ","O/O SE, PWD, Jorhat Building Circle, Jorhat ",12-Feb-2021 11:00 AM ,"O/O SE, PWD, JBC, Jorhat",No ,No,1.0,Fee/PreQual/Technical,.pdf,Cost of bid,"1,831",ASMRB,Guwahati,No,30-Jan-2021 09:00 AM,16-Feb-2021 03:00 PM,30-Jan-2021 09:30 AM,15-Feb-2021 02:00 PM,NA ,NA ,30-Jan-2021 10:00 AM,15-Feb-2021 02:00 PM,20-Feb-2021 01:00 PM,1.0,DD - Demand Draft,"1,22,084",Yes,fixed,,"EE, Jorhat Building Division, Jorhat",Jorhat,Public Works Building and NH Department||Chief Engineer-Building - PWBNH||SE-Jorhat Circle - PWBNH||EE-Jorhat Building Division - PWBNH,SE(B)/JHT/C/S/S-44/20-21/4936,2021_PWBNH_20481_1,Open Tender,Item Rate,Works,2.0,No,No,Offline,No,No,No,"SE, PWD, Jorhat building Circle, Jorhat","SE, PWD, Jorhat Building Circle, Jorhat"
,,,,,,,,,,,,,,,,,,,,.pdf,EMD,,,,,,,,,,,,,,2.0,FDR - Fixed Deposit Receipt,,,,,,,,,,,,,,,,,,,,,
,,,,,,,,,,,,,,,,,,,,.pdf,Qualification,,,,,,,,,,,,,,,,,,,,,,,,,,,,,,,,,,,,
,,,,,,,,,,,,,,,,,,,,.pdf,SBD,,,,,,,,,,,,,,,,,,,,,,,,,,,,,,,,,,,,
,,,,,,,,,,,,,,,,,,2.0,Finance,.xls,BOQ,,,,,,,,,,,,,,,,,,,,,,,,,,,,,,,,,,,,
,,,,,,,,,,,,,,,,,,,,.pdf,FOB,,,,,,,,,,,,,,,,,,,,,,,,,,,,,,,,,,,,
