﻿Name,Address,Publish Date,Bid Opening Date,Document Download / Sale Start Date,Document Download / Sale End Date,Clarification Start Date,Clarification End Date,Bid Submission Start Date,Bid Submission End Date,Cover No,Cover,Document Type,Description,Title,Work Description,Pre Qualification Details,Independent External Monitor/Remarks,Tender Value in ₹,Product Category,Sub category,Contract Type,Bid Validity(Days),Period Of Work(Days),Location,Pincode,Pre Bid Meeting Place,Pre Bid Meeting Address,Pre Bid Meeting Date,Bid Opening Place,Should Allow NDA Tender,Allow Preferential Bidder,Tender Fee in ₹,Fee Payable To,Fee Payable At,Tender Fee Exemption Allowed,EMD Amount in ₹,EMD through BG/ST or EMD Exemption Allowed,EMD Fee Type,EMD Percentage,EMD Payable To,EMD Payable At,Organisation Chain,Tender Reference Number,Tender ID,Tender Type,Form of contract,Tender Category,No. of Covers,General Technical Evaluation Allowed,ItemWise Technical Evaluation Allowed,Payment Mode,Is Multi Currency Allowed For BOQ,Is Multi Currency Allowed For Fee,Allow Two Stage Bidding,S.No,Instrument Type
"The Commissioner, GMC","Office of the Commissioner, GMC, GHY-01",23-Feb-2021 02:00 PM,04-Mar-2021 02:00 PM,23-Feb-2021 02:00 PM,03-Mar-2021 02:00 PM,NA ,NA ,23-Feb-2021 02:00 PM,03-Mar-2021 02:00 PM,1.0,Fee/PreQual/Technical,.pdf,FEES,Improvement of Ankur Path sub bye lane of Nabarun path at Jatia,Improvement of Ankur Path sub bye lane of Nabarun path at Jatia,Please refer Tender documents. ,NA ,,Civil Works,NA ,Tender,90.0,NA ,"Panbazar, Guwahati",781001.0,NA ,NA ,NA ,"Office of the Commissioner, GMC, GHY-01",No ,No,"1,000","The Commissioner, GMC",Guwahati,No,"1,14,180",Yes,fixed,,"The Commissioner, GMC",Guwahati,Guwahati Municipal Corporation,GER/ CE/1806/2019/31,2021_GMC_21242_17,Open Tender,Lump-sum,Works,2.0,No,No,Offline,No,No,No,1.0,DD - Demand Draft
,,,,,,,,,,,,.pdf,EMD,,,,,,,,,,,,,,,,,,,,,,,,,,,,,,,,,,,,,,,,,,2.0,BC - Bankers Cheque
,,,,,,,,,,,,.pdf,SBD,,,,,,,,,,,,,,,,,,,,,,,,,,,,,,,,,,,,,,,,,,3.0,FDR - Fixed Deposit Receipt
,,,,,,,,,,,,.pdf,TECHNICAL,,,,,,,,,,,,,,,,,,,,,,,,,,,,,,,,,,,,,,,,,,4.0,DCR - Deposit at call receipt
,,,,,,,,,,2.0,Finance,.xls,BOQ,,,,,,,,,,,,,,,,,,,,,,,,,,,,,,,,,,,,,,,,,,,
