﻿Cover No,Cover,Document Type,Description,S.No,Instrument Type,Tender Fee in ₹,Fee Payable To,Fee Payable At,Tender Fee Exemption Allowed,EMD Amount in ₹,EMD through BG/ST or EMD Exemption Allowed,EMD Fee Type,EMD Percentage,EMD Payable To,EMD Payable At,Name,Address,S.No,Corrigendum Title,Corrigendum Type,View,Title,Work Description,Pre Qualification Details,Independent External Monitor/Remarks,Tender Value in ₹,Product Category,Sub category,Contract Type,Bid Validity(Days),Period Of Work(Days),Location,Pincode,Pre Bid Meeting Place,Pre Bid Meeting Address,Pre Bid Meeting Date,Bid Opening Place,Should Allow NDA Tender,Allow Preferential Bidder,Organisation Chain,Tender Reference Number,Tender ID,Tender Type,Form of contract,Tender Category,No. of Covers,General Technical Evaluation Allowed,ItemWise Technical Evaluation Allowed,Payment Mode,Is Multi Currency Allowed For BOQ,Is Multi Currency Allowed For Fee,Allow Two Stage Bidding,Publish Date,Bid Opening Date,Document Download / Sale Start Date,Document Download / Sale End Date,Clarification Start Date,Clarification End Date,Bid Submission Start Date,Bid Submission End Date,Financial Bid Opening Date
1.0,Fee/PreQual/Technical,.pdf,EMD,1.0,BG - Bank Guarantee Irrevocable,"5,000","State Project Director, ARIAS Society",GUWAHATI,No,"8,56,760",No,fixed,,"The Chief Engineer, PWRD (EAP), Assam",GUWAHATI,"Chief Engineer, PWRD (EAP), Assam","O/o The Chief Engineer, PWRD (EAP), Assam",1.0,Corrigendum 14,Date,,APART/NOCP/ROADS/GLT-02(Nikori Gutung Road Construction),Construction of road from Goroimari to Nikori Gutung of Goroimari and Nikori Village (Chainage 0.00Km to Chainage 3.25Km) in Golaghat District,Please refer Tender documents. ,NA ,"4,28,38,000",Civil Works – Roads,NA ,Tender,90.0,450.0,Golaghat District,785619.0,"O/o The Chief Engineer, PWRD (EAP), Assam ","O/o The Chief Engineer, PWRD (EAP), Assam Fatasil Ambari, Guwahati-781025 ",12-Mar-2021 11:00 AM ,"O/o The Chief Engineer, PWRD (EAP), Assam",No ,No,Public Works Roads Department,CE/APART/39/2021/7,2021_PWD_21490_4,Open Tender,Lump-sum,Works,2.0,No,No,Offline,No,No,No,26-Feb-2021 01:00 PM,04-Sep-2021 02:30 PM,26-Feb-2021 01:15 PM,04-Sep-2021 02:00 PM,26-Feb-2021 01:30 PM ,12-Mar-2021 11:00 AM ,26-Feb-2021 01:30 PM,04-Sep-2021 02:00 PM,22-Nov-2021 02:30 PM
,,.pdf,SBD,2.0,FDR - Fixed Deposit Receipt,,,,,,,,,,,,,,,,,,,,,,,,,,,,,,,,,,,,,,,,,,,,,,,,,,,,,,,,
,,.pdf,Tender Fee,,,,,,,,,,,,,,,,,,,,,,,,,,,,,,,,,,,,,,,,,,,,,,,,,,,,,,,,,,
,,.pdf,Technical Qualification Details,,,,,,,,,,,,,,,,,,,,,,,,,,,,,,,,,,,,,,,,,,,,,,,,,,,,,,,,,,
,,.pdf,Letter of Bid (Technical),,,,,,,,,,,,,,,,,,,,,,,,,,,,,,,,,,,,,,,,,,,,,,,,,,,,,,,,,,
2.0,Finance,.pdf,Letter of Bid (Financial),,,,,,,,,,,,,,,,,,,,,,,,,,,,,,,,,,,,,,,,,,,,,,,,,,,,,,,,,,
,,.xls,BOQ,,,,,,,,,,,,,,,,,,,,,,,,,,,,,,,,,,,,,,,,,,,,,,,,,,,,,,,,,,
