﻿S.No,Instrument Type,Tender Fee in ₹,Fee Payable To,Fee Payable At,Tender Fee Exemption Allowed,EMD Amount in ₹,EMD through BG/ST or EMD Exemption Allowed,EMD Fee Type,EMD Percentage,EMD Payable To,EMD Payable At,Publish Date,Bid Opening Date,Document Download / Sale Start Date,Document Download / Sale End Date,Clarification Start Date,Clarification End Date,Bid Submission Start Date,Bid Submission End Date,Financial Bid Opening Date,Name,Address,Title,Work Description,Pre Qualification Details,Independent External Monitor/Remarks,Tender Value in ₹,Product Category,Sub category,Contract Type,Bid Validity(Days),Period Of Work(Days),Location,Pincode,Pre Bid Meeting Place,Pre Bid Meeting Address,Pre Bid Meeting Date,Bid Opening Place,Should Allow NDA Tender,Allow Preferential Bidder,Organisation Chain,Tender Reference Number,Tender ID,Tender Type,Form of contract,Tender Category,No. of Covers,General Technical Evaluation Allowed,ItemWise Technical Evaluation Allowed,Payment Mode,Is Multi Currency Allowed For BOQ,Is Multi Currency Allowed For Fee,Allow Two Stage Bidding,Cover No,Cover,Document Type,Description
1.0,DD - Demand Draft,"4,600",EMPOWERED OFFICER ASSAM STATE ROAD BOARD GUWAHATI,GUWAHATI,No,"4,60,000",Yes,fixed,,"The Executive Engineer, Sipajhar and Kalaigaon Ter",Mangaldoi,15-Feb-2021 03:00 PM,18-Feb-2021 03:00 PM,15-Feb-2021 03:30 PM,18-Feb-2021 02:00 PM,15-Feb-2021 03:30 PM ,18-Feb-2021 02:00 PM ,15-Feb-2021 03:30 PM,18-Feb-2021 02:00 PM,18-Feb-2021 04:45 PM,ADDITIONAL CHIEF ENGINEER PWD ROADS TEZPUR,ADDITIONAL CHIEF ENGINEER PWD ROADS TEZPUR,ACE/SOPD G Kalaigaon/2020-21/25,Re-construction of Kalaigaon Khoirabari Road from (Ch. 0.00 Km to 8.00 Km) under PWD Sipajhar and Kalaigaon Territorial Road Division,Please refer Tender documents. ,NA ,,Civil Works – Roads,NA ,Tender,180.0,180.0,Kalaigaon,784525.0,NA ,NA ,NA ,O/o ADDITIONAL CHIEF ENGINEER PWD ROADS TEZPUR,No ,No,Public Works Roads Department,ACE/TEZ/SOPD-G/Kalaigaon,2021_PWD_21241_1,Open Tender,Item Rate,Works,2.0,No,No,Offline,No,No,No,1.0,Fee/PreQual/Technical,.pdf,COST OF TENDER DOCUMENT
2.0,BG - Bank Guarantee Irrevocable,,,,,,,,,,,,,,,,,,,,,,,,,,,,,,,,,,,,,,,,,,,,,,,,,,,,,,,.pdf,BID SECURITY
3.0,FDR - Fixed Deposit Receipt,,,,,,,,,,,,,,,,,,,,,,,,,,,,,,,,,,,,,,,,,,,,,,,,,,,,,,,.pdf,TECHNICAL QUALIFICATION DETAILS
,,,,,,,,,,,,,,,,,,,,,,,,,,,,,,,,,,,,,,,,,,,,,,,,,,,,,,,,.pdf,STANDARD BIDDING DOCUMENT
,,,,,,,,,,,,,,,,,,,,,,,,,,,,,,,,,,,,,,,,,,,,,,,,,,,,,,2.0,Finance,.xls,BILL OF QUANTITIES
,,,,,,,,,,,,,,,,,,,,,,,,,,,,,,,,,,,,,,,,,,,,,,,,,,,,,,,,.pdf,FORM OF BID
