﻿S.No,Instrument Type,Publish Date,Bid Opening Date,Document Download / Sale Start Date,Document Download / Sale End Date,Clarification Start Date,Clarification End Date,Bid Submission Start Date,Bid Submission End Date,Financial Bid Opening Date,Organisation Chain,Tender Reference Number,Tender ID,Tender Type,Form of contract,Tender Category,No. of Covers,General Technical Evaluation Allowed,ItemWise Technical Evaluation Allowed,Payment Mode,Is Multi Currency Allowed For BOQ,Is Multi Currency Allowed For Fee,Allow Two Stage Bidding,Name,Address,Cover No,Cover,Document Type,Description,Tender Fee in ₹,Fee Payable To,Fee Payable At,Tender Fee Exemption Allowed,Title,Work Description,Pre Qualification Details,Independent External Monitor/Remarks,Tender Value in ₹,Product Category,Sub category,Contract Type,Bid Validity(Days),Period Of Work(Days),Location,Pincode,Pre Bid Meeting Place,Pre Bid Meeting Address,Pre Bid Meeting Date,Bid Opening Place,Should Allow NDA Tender,Allow Preferential Bidder,EMD Amount in ₹,EMD through BG/ST or EMD Exemption Allowed,EMD Fee Type,EMD Percentage,EMD Payable To,EMD Payable At
1.0,DD - Demand Draft,10-Mar-2021 09:00 AM,13-Mar-2021 04:00 PM,10-Mar-2021 09:00 AM,13-Mar-2021 03:00 PM,NA ,NA ,10-Mar-2021 09:00 AM,13-Mar-2021 03:00 PM,25-May-2021 06:30 PM,Welfare of Plain Tribes and Backward Classes||Directorate of Welfare of Scheduled Caste||Assam State Development Corporation for SC,SCDC/ Tech./RD/8/2020-2 1/31,2021_WPTBC_21564_1,Limited,Item Rate,Works,2.0,No,No,Offline,No,No,No,"MD, ASDC for SC Ltd","Jatiya, guwahti-06",1.0,Fee/PreQual/Technical,.pdf,Tender Fee/EMD,"2,500","MD, ASDC for SC Ltd.","Jatia,Ghy-06",No,"Construction of Paver Block Road from near Mazrowmari Kachari Bathou Mandir to Mazrowmari Naharbari Rabhagaon Link Road, Dhekiajuli, Sonitpur District","Construction of Paver Block Road from near Mazrowmari Kachari Bathou Mandir to Mazrowmari Naharbari Rabhagaon Link Road, Dhekiajuli, Sonitpur District",As mentioned in SBD ,NA ,"81,34,317",Civil Works,NA ,Tender,180.0,365.0,Rabhagaon,781006.0,O/O Managing Director ASDC for SC Ltd. ,"JAtiya, Guwahati-06 ",11-Mar-2021 02:30 PM ,"O/O Managing Director, ASDC for SC Ltd",No ,No,"1,62,686",Yes,percentage,2.0%,"MD, ASDC for SC Ltd.","Jatiya, Guwahati-06"
2.0,FDR - Fixed Deposit Receipt,,,,,,,,,,,,,,,,,,,,,,,,,,,.pdf,Bid Document,,,,,,,,,,,,,,,,,,,,,,,,,,,,
,,,,,,,,,,,,,,,,,,,,,,,,,,,,.pdf,Prequalification Document,,,,,,,,,,,,,,,,,,,,,,,,,,,,
,,,,,,,,,,,,,,,,,,,,,,,,,,2.0,Finance,.xls,BOQ,,,,,,,,,,,,,,,,,,,,,,,,,,,,
