﻿Organisation Chain,Tender Reference Number,Tender ID,Tender Type,Form of contract,Tender Category,No. of Covers,General Technical Evaluation Allowed,ItemWise Technical Evaluation Allowed,Payment Mode,Is Multi Currency Allowed For BOQ,Is Multi Currency Allowed For Fee,Allow Two Stage Bidding,Title,Work Description,Pre Qualification Details,Independent External Monitor/Remarks,Tender Value in ₹,Product Category,Sub category,Contract Type,Bid Validity(Days),Period Of Work(Days),Location,Pincode,Pre Bid Meeting Place,Pre Bid Meeting Address,Pre Bid Meeting Date,Bid Opening Place,Should Allow NDA Tender,Allow Preferential Bidder,S.No,Corrigendum Title,Corrigendum Type,View,Tender Fee in ₹,Fee Payable To,Fee Payable At,Tender Fee Exemption Allowed,Publish Date,Bid Opening Date,Document Download / Sale Start Date,Document Download / Sale End Date,Clarification Start Date,Clarification End Date,Bid Submission Start Date,Bid Submission End Date,Financial Bid Opening Date,Cover No,Cover,Document Type,Description,EMD Amount in ₹,EMD through BG/ST or EMD Exemption Allowed,EMD Fee Type,EMD Percentage,EMD Payable To,EMD Payable At,S.No,Bank Name,Name,Address
Home B||Assam Prison Headquarters||District Jail-Udalguri,UDJ.122/2021/233 Dated 22/02/2021,2021_HB_21398_2,Open Tender,Item Rate,Goods,2.0,No,No,Online,No,No,No,Supply of dietary items UDALGURI Group B,Supply of dietary items UDALGURI Group B,Please refer Tender documents. ,NA ,,Miscellaneous Goods,NA ,Tender,365.0,365.0,Udalguri,784509.0,NA ,NA ,NA ,"O/o the Superintendent of District Jail, Udalguri",No ,No,1.0,Cancellation of Tender,Cancellation of Tender,,100.0,Nil,Nil,No,24-Feb-2021 12:00 PM,16-Mar-2021 06:00 PM,25-Feb-2021 09:00 AM,16-Mar-2021 05:00 PM,NA ,NA ,25-Feb-2021 09:00 AM,16-Mar-2021 05:00 PM,29-May-2021 01:05 PM,1.0,Fee/PreQual/Technical,.pdf,Technical Document Part-I,"5,000",Yes,fixed,,Nil,Nil,1.0,SBI Bank,"Superintendent of District Jail, Udalguri","Office of the Superintendent of District Jail, Udalguri"
,,,,,,,,,,,,,,,,,,,,,,,,,,,,,,,,,,,,,,,,,,,,,,,,,,.pdf,Technical Document Part-II,,,,,,,,,,
,,,,,,,,,,,,,,,,,,,,,,,,,,,,,,,,,,,,,,,,,,,,,,,,,,.pdf,Bid Document,,,,,,,,,,
,,,,,,,,,,,,,,,,,,,,,,,,,,,,,,,,,,,,,,,,,,,,,,,,2.0,Finance,.xls,BoQ,,,,,,,,,,
