﻿S.No,Corrigendum Title,Corrigendum Type,View,Title,Work Description,Pre Qualification Details,Independent External Monitor/Remarks,Tender Value in ₹,Product Category,Sub category,Contract Type,Bid Validity(Days),Period Of Work(Days),Location,Pincode,Pre Bid Meeting Place,Pre Bid Meeting Address,Pre Bid Meeting Date,Bid Opening Place,Should Allow NDA Tender,Allow Preferential Bidder,Publish Date,Bid Opening Date,Document Download / Sale Start Date,Document Download / Sale End Date,Clarification Start Date,Clarification End Date,Bid Submission Start Date,Bid Submission End Date,Financial Bid Opening Date,Organisation Chain,Tender Reference Number,Tender ID,Tender Type,Form of contract,Tender Category,No. of Covers,General Technical Evaluation Allowed,ItemWise Technical Evaluation Allowed,Payment Mode,Is Multi Currency Allowed For BOQ,Is Multi Currency Allowed For Fee,Allow Two Stage Bidding,Cover No,Cover,Document Type,Description,Tender Fee in ₹,Fee Payable To,Fee Payable At,Tender Fee Exemption Allowed,S.No,Instrument Type,EMD Amount in ₹,EMD through BG/ST or EMD Exemption Allowed,EMD Fee Type,EMD Percentage,EMD Payable To,EMD Payable At,Name,Address
1.0,Corrigendum,Date,,"Package no C and D/54 Cleaning, Desilting and Maintenance Of All City Drains In Guwahati City For The Year 2020-21","Cleaning, Desilting and Maintenance Of All City Drains In Guwahati City For The Year 2020-21",Please refer Tender documents. ,NA ,,Miscellaneous Works,NA ,Tender,90.0,NA ,"Guwahati, Panbazar",781001.0,NA ,NA ,NA ,"Office of the Commissioner, GMC, Panbazar, GHY-01",No ,No,30-Jan-2021 02:00 PM,23-Feb-2021 02:00 PM,30-Jan-2021 02:00 PM,22-Feb-2021 02:00 PM,NA ,NA ,30-Jan-2021 02:00 PM,22-Feb-2021 02:00 PM,05-May-2021 10:00 AM,Guwahati Municipal Corporation,GER/CE/1831/2020/22 Dated 28/01/2021,2021_GMC_20452_54,Open Tender,Lump-sum,Works,2.0,No,No,Offline,No,No,No,1.0,Fee/PreQual/Technical,.pdf,FEES,"10,000","The Commissioner, GMC",Guwahati,No,1.0,DD - Demand Draft,"2,13,802",Yes,fixed,,"The Commissioner, GMC",Guwahati,"The Commissioner, GMC","Office of the Commissioner, GMC, Panbazar, GHY-01"
,,,,,,,,,,,,,,,,,,,,,,,,,,,,,,,,,,,,,,,,,,,,,,.pdf,EMD,,,,,2.0,BC - Bankers Cheque,,,,,,,,
,,,,,,,,,,,,,,,,,,,,,,,,,,,,,,,,,,,,,,,,,,,,,,.pdf,SBD,,,,,3.0,FDR - Fixed Deposit Receipt,,,,,,,,
,,,,,,,,,,,,,,,,,,,,,,,,,,,,,,,,,,,,,,,,,,,,,,.pdf,TECHNICAL,,,,,4.0,DCR - Deposit at call receipt,,,,,,,,
,,,,,,,,,,,,,,,,,,,,,,,,,,,,,,,,,,,,,,,,,,,,2.0,Finance,.xls,BOQ,,,,,,,,,,,,,,
