﻿Publish Date,Bid Opening Date,Document Download / Sale Start Date,Document Download / Sale End Date,Clarification Start Date,Clarification End Date,Bid Submission Start Date,Bid Submission End Date,Financial Bid Opening Date,EMD Amount in ₹,EMD through BG/ST or EMD Exemption Allowed,EMD Fee Type,EMD Percentage,EMD Payable To,EMD Payable At,Name,Address,Organisation Chain,Tender Reference Number,Tender ID,Tender Type,Form of contract,Tender Category,No. of Covers,General Technical Evaluation Allowed,ItemWise Technical Evaluation Allowed,Payment Mode,Is Multi Currency Allowed For BOQ,Is Multi Currency Allowed For Fee,Allow Two Stage Bidding,Title,Work Description,Pre Qualification Details,Independent External Monitor/Remarks,Tender Value in ₹,Product Category,Sub category,Contract Type,Bid Validity(Days),Period Of Work(Days),Location,Pincode,Pre Bid Meeting Place,Pre Bid Meeting Address,Pre Bid Meeting Date,Bid Opening Place,Should Allow NDA Tender,Allow Preferential Bidder,Cover No,Cover,Document Type,Description,Tender Fee in ₹,Fee Payable To,Fee Payable At,Tender Fee Exemption Allowed,S.No,Instrument Type
10-Feb-2021 11:00 AM,18-Feb-2021 11:00 AM,10-Feb-2021 11:00 AM,17-Feb-2021 01:00 PM,NA ,NA ,11-Feb-2021 12:00 PM,17-Feb-2021 01:00 PM,15-May-2021 01:35 PM,"2,00,000",Yes,fixed,,"EE, PWD, BISWANATH DISTRICT TERRITORIAL ROAD DIV.",BISWANATH CHARIALI,"SUPERINTENDING ENGINEER, PWD, TEZPUR ROAD CIRCLE","O/O THE SUPERINTENDING ENGINEER, PWD, TEZPUR ROAD CIRCLE, TEZPUR",Public Works Roads Department,TRC/TB/SOPD(ODS)/08/BBBDG/2020,2021_PWD_21102_2,Open Tender,Item Rate,Works,2.0,No,No,Offline,No,No,No,Construction of 3 (Three) Nos Labour Line connected road of Laharijan Tea Estate...,Construction of 3 (Three) Nos Labour Line connected road of Laharijan Tea Estate by Interlocking C.C. Block Pavment under SOPD (ODS) for the year 2020-21 under Biswanath District Territorial Road Division. Package No. TRC/SOPD-ODS/BEH/02.,Please refer Tender documents. ,NA ,,Civil Works – Roads,NA ,Tender,180.0,120.0,BEHALI,784166.0,NA ,NA ,NA ,"SUPERINTENDING ENGINEER, PWD, TEZPUR ROAD CIRCLE",No ,No,1.0,Fee/PreQual/Technical,.pdf,SBD,"2,000","EMPOWERED OFFICER, ASRB, ASSAM",GUWAHATI,No,1.0,DD - Demand Draft
,,,,,,,,,,,,,,,,,,,,,,,,,,,,,,,,,,,,,,,,,,,,,,,,,,.pdf,TECHNICAL QUALIFICATION DETAILS,,,,,2.0,BG - Bank Guarantee Irrevocable
,,,,,,,,,,,,,,,,,,,,,,,,,,,,,,,,,,,,,,,,,,,,,,,,,,.pdf,COST OF TENDER DOCUMENTS,,,,,3.0,FDR - Fixed Deposit Receipt
,,,,,,,,,,,,,,,,,,,,,,,,,,,,,,,,,,,,,,,,,,,,,,,,,,.pdf,EMD,,,,,,
,,,,,,,,,,,,,,,,,,,,,,,,,,,,,,,,,,,,,,,,,,,,,,,,2.0,Finance,.xls,BOQ,,,,,,
,,,,,,,,,,,,,,,,,,,,,,,,,,,,,,,,,,,,,,,,,,,,,,,,,,.pdf,FOB,,,,,,
