﻿Cover No,Cover,Document Type,Description,Name,Address,Publish Date,Bid Opening Date,Document Download / Sale Start Date,Document Download / Sale End Date,Clarification Start Date,Clarification End Date,Bid Submission Start Date,Bid Submission End Date,Financial Bid Opening Date,S.No,Instrument Type,Title,Work Description,Pre Qualification Details,Independent External Monitor/Remarks,Tender Value in ₹,Product Category,Sub category,Contract Type,Bid Validity(Days),Period Of Work(Days),Location,Pincode,Pre Bid Meeting Place,Pre Bid Meeting Address,Pre Bid Meeting Date,Bid Opening Place,Should Allow NDA Tender,Allow Preferential Bidder,Organisation Chain,Tender Reference Number,Tender ID,Tender Type,Form of contract,Tender Category,No. of Covers,General Technical Evaluation Allowed,ItemWise Technical Evaluation Allowed,Payment Mode,Is Multi Currency Allowed For BOQ,Is Multi Currency Allowed For Fee,Allow Two Stage Bidding,EMD Amount in ₹,EMD through BG/ST or EMD Exemption Allowed,EMD Fee Type,EMD Percentage,EMD Payable To,EMD Payable At,Tender Fee in ₹,Fee Payable To,Fee Payable At,Tender Fee Exemption Allowed
1.0,Fee/PreQual/Technical,.pdf,Cost of Bid Document,"Managing Director,APTDC Ltd.,Guwahati-05.","O/o the Managing Director,APTDC Ltd.,Ganeshguri Chariali,Guwahati-05.",16-Feb-2021 12:00 PM,25-Feb-2021 03:30 PM,16-Feb-2021 02:30 PM,23-Feb-2021 03:00 PM,NA ,NA ,16-Feb-2021 04:00 PM,23-Feb-2021 03:00 PM,11-Jun-2021 09:00 AM,1.0,DD - Demand Draft,"Construction of boys hostel and conference hall at Sadiya, District during 2020-21.","Construction of boys hostel and conference hall at Sadiya, District during 2020-21.",Please refer Tender documents. ,NA ,"1,99,96,000",Civil Works - Building,NA ,Tender,120.0,270.0,"Sadiya,Dist.Tinsukia",786155.0,NA ,NA ,NA ,"APTDC Ltd.,Guwahati-05.",No ,No,Welfare of Plain Tribes and Backward Classes||Director - WPT and BC||Assam Plains Tribes Development Corporation Ltd.,PTDC/Engg/2018-19/136,2021_WPTBC_21259_1,Open Tender,Item Rate,Works,2.0,No,No,Offline,No,No,No,"3,47,760",Yes,fixed,,"Managing Director,APTDC Ltd.",Guwahati,"7,500","Managing Director,APTDC Ltd.",Guwahati,No
,,.pdf,Earnest money,,,,,,,,,,,,2.0,BG - Bank Guarantee Irrevocable,,,,,,,,,,,,,,,,,,,,,,,,,,,,,,,,,,,,,,,,,
,,.pdf,Technical qualification,,,,,,,,,,,,3.0,FDR - Fixed Deposit Receipt,,,,,,,,,,,,,,,,,,,,,,,,,,,,,,,,,,,,,,,,,
,,.pdf,SBD,,,,,,,,,,,,,,,,,,,,,,,,,,,,,,,,,,,,,,,,,,,,,,,,,,,,,,
2.0,Finance,.xls,BOQ,,,,,,,,,,,,,,,,,,,,,,,,,,,,,,,,,,,,,,,,,,,,,,,,,,,,,,
,,.pdf,FOB,,,,,,,,,,,,,,,,,,,,,,,,,,,,,,,,,,,,,,,,,,,,,,,,,,,,,,
