﻿Name,Address,Title,Work Description,Pre Qualification Details,Independent External Monitor/Remarks,Tender Value in ₹,Product Category,Sub category,Contract Type,Bid Validity(Days),Period Of Work(Days),Location,Pincode,Pre Bid Meeting Place,Pre Bid Meeting Address,Pre Bid Meeting Date,Bid Opening Place,Should Allow NDA Tender,Allow Preferential Bidder,Organisation Chain,Tender Reference Number,Tender ID,Tender Type,Form of contract,Tender Category,No. of Covers,General Technical Evaluation Allowed,ItemWise Technical Evaluation Allowed,Payment Mode,Is Multi Currency Allowed For BOQ,Is Multi Currency Allowed For Fee,Allow Two Stage Bidding,Tender Fee in ₹,Fee Payable To,Fee Payable At,Tender Fee Exemption Allowed,Cover No,Cover,Document Type,Description,EMD Amount in ₹,EMD through BG/ST or EMD Exemption Allowed,EMD Fee Type,EMD Percentage,EMD Payable To,EMD Payable At,S.No,Instrument Type,Publish Date,Bid Opening Date,Document Download / Sale Start Date,Document Download / Sale End Date,Clarification Start Date,Clarification End Date,Bid Submission Start Date,Bid Submission End Date
Addl CE PWD ( R ) Eastern Zone Dibrugarh,o/o the Addl CE PWD ( R ) Eastern Zone Dibrugarh,Construction of walking zone at Barpatra Ali from Gitarthi point to Malow Ali providing shaded tiles and railing at Jorhat under CIDF,Construction of walking zone at Barpatra Ali from Gitarthi point to Malow Ali providing shaded tiles and railing at Jorhat under CIDF,Please Refer Tender documents ,NA ,"2,22,95,500",Civil Works,NA ,Tender,180.0,270.0,Jorhat,785001.0,NA ,NA ,NA ,o/o the Addl CE PWD ( R ) Eastern Zone Dibrugarh,No ,No,Public Works Roads Department,NIT/ACE/EZ/136/2020/69,2021_PWD_21404_1,Open Tender,Item Rate,Works,2.0,No,No,Offline,No,No,No,"6,700","Empowered Officer, ASRB, Assam",GUWAHATI,No,1.0,Fee/PreQual/Technical,.pdf,Bid Security,"4,46,000",Yes,fixed,,"E.E. PWD, Jorhat, Dergaon, Titabor TRD",Jorhat,1.0,DD - Demand Draft,25-Feb-2021 10:00 AM,02-Mar-2021 02:30 PM,25-Feb-2021 10:00 AM,02-Mar-2021 02:00 PM,NA ,NA ,25-Feb-2021 10:00 AM,02-Mar-2021 02:00 PM
,,,,,,,,,,,,,,,,,,,,,,,,,,,,,,,,,,,,,,,.pdf,Cost of Tender Document,,,,,,,2.0,BC - Bankers Cheque,,,,,,,,
,,,,,,,,,,,,,,,,,,,,,,,,,,,,,,,,,,,,,,,.pdf,Technical Qualification Details,,,,,,,3.0,BG - Bank Guarantee Irrevocable,,,,,,,,
,,,,,,,,,,,,,,,,,,,,,,,,,,,,,,,,,,,,,,,.pdf,SBD,,,,,,,4.0,FDR - Fixed Deposit Receipt,,,,,,,,
,,,,,,,,,,,,,,,,,,,,,,,,,,,,,,,,,,,,,2.0,Finance,.xls,BOQ,,,,,,,,,,,,,,,,
,,,,,,,,,,,,,,,,,,,,,,,,,,,,,,,,,,,,,,,.pdf,Form of Bid,,,,,,,,,,,,,,,,
