﻿Publish Date,Bid Opening Date,Document Download / Sale Start Date,Document Download / Sale End Date,Clarification Start Date,Clarification End Date,Bid Submission Start Date,Bid Submission End Date,Financial Bid Opening Date,S.No,Corrigendum Title,Corrigendum Type,View,S.No,Instrument Type,Title,Work Description,Pre Qualification Details,Independent External Monitor/Remarks,Tender Value in ₹,Product Category,Sub category,Contract Type,Bid Validity(Days),Period Of Work(Days),Location,Pincode,Pre Bid Meeting Place,Pre Bid Meeting Address,Pre Bid Meeting Date,Bid Opening Place,Should Allow NDA Tender,Allow Preferential Bidder,Organisation Chain,Tender Reference Number,Tender ID,Tender Type,Form of contract,Tender Category,No. of Covers,General Technical Evaluation Allowed,ItemWise Technical Evaluation Allowed,Payment Mode,Is Multi Currency Allowed For BOQ,Is Multi Currency Allowed For Fee,Allow Two Stage Bidding,EMD Amount in ₹,EMD through BG/ST or EMD Exemption Allowed,EMD Fee Type,EMD Percentage,EMD Payable To,EMD Payable At,Cover No,Cover,Document Type,Description,Tender Fee in ₹,Fee Payable To,Fee Payable At,Tender Fee Exemption Allowed,Name,Address
12-Feb-2021 02:00 PM,23-Feb-2021 02:00 PM,12-Feb-2021 02:00 PM,22-Feb-2021 02:00 PM,NA ,NA ,12-Feb-2021 02:00 PM,22-Feb-2021 02:00 PM,28-May-2021 10:00 AM,1.0,Cancellation of Tender,Cancellation of Tender,,1.0,DD - Demand Draft,"Installation of Street Lights at lanes and bye lanes of Guwahati city under GMC Division- II, Ward -12 B",Installation of Street light in and around Guwahati City under GMC,Please refer Tender documents. ,NA ,,Electrical Works,NA ,Tender,90.0,NA ,"Panbazar, Guwahati",781001.0,NA ,NA ,NA ,"Office of the GMC, Panbazar, GHY-01",No ,No,Guwahati Municipal Corporation,GER/Elect/1378/21/25 Dated 11/02/2021,2021_GMC_21157_2,Open Tender,Lump-sum,Works,2.0,No,No,Offline,No,No,No,"2,18,267",Yes,fixed,,GMC,Guwahati,1.0,Fee/PreQual/Technical,.pdf,FEES,"5,000","The Commissioner, GMC",Guwahati,No,"The Commissioner, GMC","Office of the GMC, Panbazar, GHY-01"
,,,,,,,,,2.0,Date,Date,,2.0,BC - Bankers Cheque,,,,,,,,,,,,,,,,,,,,,,,,,,,,,,,,,,,,,,,,.pdf,EMD,,,,,,
,,,,,,,,,,,,,3.0,FDR - Fixed Deposit Receipt,,,,,,,,,,,,,,,,,,,,,,,,,,,,,,,,,,,,,,,,.pdf,SBD,,,,,,
,,,,,,,,,,,,,4.0,DCR - Deposit at call receipt,,,,,,,,,,,,,,,,,,,,,,,,,,,,,,,,,,,,,,,,.pdf,TECHNICAL,,,,,,
,,,,,,,,,,,,,,,,,,,,,,,,,,,,,,,,,,,,,,,,,,,,,,,,,,,,2.0,Finance,.xls,BOQ,,,,,,
