﻿S.No,Instrument Type,Publish Date,Bid Opening Date,Document Download / Sale Start Date,Document Download / Sale End Date,Clarification Start Date,Clarification End Date,Bid Submission Start Date,Bid Submission End Date,Financial Bid Opening Date,Cover No,Cover,Document Type,Description,EMD Amount in ₹,EMD through BG/ST or EMD Exemption Allowed,EMD Fee Type,EMD Percentage,EMD Payable To,EMD Payable At,Organisation Chain,Tender Reference Number,Tender ID,Tender Type,Form of contract,Tender Category,No. of Covers,General Technical Evaluation Allowed,ItemWise Technical Evaluation Allowed,Payment Mode,Is Multi Currency Allowed For BOQ,Is Multi Currency Allowed For Fee,Allow Two Stage Bidding,Name,Address,Tender Fee in ₹,Fee Payable To,Fee Payable At,Tender Fee Exemption Allowed,Title,Work Description,Pre Qualification Details,Independent External Monitor/Remarks,Tender Value in ₹,Product Category,Sub category,Contract Type,Bid Validity(Days),Period Of Work(Days),Location,Pincode,Pre Bid Meeting Place,Pre Bid Meeting Address,Pre Bid Meeting Date,Bid Opening Place,Should Allow NDA Tender,Allow Preferential Bidder
1.0,DD - Demand Draft,21-Jan-2021 04:00 PM,01-Feb-2021 02:30 PM,21-Jan-2021 04:00 PM,01-Feb-2021 02:00 PM,21-Jan-2021 04:00 PM ,01-Feb-2021 02:00 PM ,22-Jan-2021 02:00 PM,01-Feb-2021 02:00 PM,22-Feb-2021 04:00 PM,1.0,Fee/PreQual/Technical,.pdf,Bid Security,"5,51,000",Yes,fixed,,"Chief Engineer, PWD (Roads), Assam",GUWAHATI,Public Works Roads Department,CE/DEV/TB/93/2020-21/34,2021_PWD_20308_7,Open Tender,Item Rate,Works,2.0,No,No,Offline,No,No,No,"C.E. PWD (Roads), Assam, Chandmari, Guwahati, 7810","O/o the C.E. PWD (Roads), Assam, Chandmari, Guwahati, 781003.","8,300","Empowered Officer, Assam State Road Board",GUWAHATI,No,"SOPD_G_20_21_186 Improvement of Rongkut Ganeshpur Chariali to Utter Borbil under SOPD-G for the year 2020-21, Howraghat LAC","SOPD_G_20_21_186 Improvement of Rongkut Ganeshpur Chariali to Utter Borbil under SOPD-G for the year 2020-21, Howraghat LAC",Please refer Tender documents. ,NA ,"2,75,61,000",Civil Works,NA ,Tender,180.0,270.0,Howraghat,781003.0,"O/o the C.E. PWD (Roads), Assam, Chandmari, Guwaha ","O/o the C.E. PWD (Roads), Assam, Chandmari, Guwahati, 781003.  ",21-Jan-2021 04:00 PM ,"O/o the C.E. PWD (Roads), Assam, Chandmari, Guwaha",No ,No
2.0,BC - Bankers Cheque,,,,,,,,,,,,.pdf,Cost of Tender Document,,,,,,,,,,,,,,,,,,,,,,,,,,,,,,,,,,,,,,,,,,,
3.0,BG - Bank Guarantee Irrevocable,,,,,,,,,,,,.pdf,Technical Qualification Details,,,,,,,,,,,,,,,,,,,,,,,,,,,,,,,,,,,,,,,,,,,
4.0,FDR - Fixed Deposit Receipt,,,,,,,,,,,,.pdf,SBD,,,,,,,,,,,,,,,,,,,,,,,,,,,,,,,,,,,,,,,,,,,
,,,,,,,,,,,2.0,Finance,.xls,BOQ,,,,,,,,,,,,,,,,,,,,,,,,,,,,,,,,,,,,,,,,,,,
,,,,,,,,,,,,,.pdf,FOB,,,,,,,,,,,,,,,,,,,,,,,,,,,,,,,,,,,,,,,,,,,
