﻿Organisation Chain,Tender Reference Number,Tender ID,Tender Type,Form of contract,Tender Category,No. of Covers,General Technical Evaluation Allowed,ItemWise Technical Evaluation Allowed,Payment Mode,Is Multi Currency Allowed For BOQ,Is Multi Currency Allowed For Fee,Allow Two Stage Bidding,Name,Address,Title,Work Description,Pre Qualification Details,Independent External Monitor/Remarks,Tender Value in ₹,Product Category,Sub category,Contract Type,Bid Validity(Days),Period Of Work(Days),Location,Pincode,Pre Bid Meeting Place,Pre Bid Meeting Address,Pre Bid Meeting Date,Bid Opening Place,Should Allow NDA Tender,Allow Preferential Bidder,S.No,Instrument Type,Publish Date,Bid Opening Date,Document Download / Sale Start Date,Document Download / Sale End Date,Clarification Start Date,Clarification End Date,Bid Submission Start Date,Bid Submission End Date,Financial Bid Opening Date,EMD Amount in ₹,EMD through BG/ST or EMD Exemption Allowed,EMD Fee Type,EMD Percentage,EMD Payable To,EMD Payable At,Cover No,Cover,Document Type,Description,Tender Fee in ₹,Fee Payable To,Fee Payable At,Tender Fee Exemption Allowed
Bodoland Territorial Council-PWD||Director Cum CHD - PWD BTC,89/ACE/BTC/KOK/RR/2020-21/3,2021_BTC_20594_1,Open Tender,Item Rate,Works,2.0,No,No,Offline,No,No,No,Sri Hriday Kr. Boro,"O/o the Addl. Chief Engineer-cum-Director, PWD, BTC, Kokrajhar.",TN No.19_21,"Improvement of T.H.G. Road to D.K. Road via Loyla School under State Govt. Goodwill Project SOPD (G) for the year 2020-21 (Providing EW in widening, GSB, WBM-III, ICBP including 6 Nos. of RCC Box Culvert).",Refer to Tender Document ,NA ,"2,51,79,582",Civil Works – Roads,NA ,Tender,180.0,365.0,Kokrajhar,783370.0,NA ,NA ,NA ,Kokrajhar,No ,No,1.0,DD - Demand Draft,01-Feb-2021 09:00 AM,06-Feb-2021 03:00 PM,01-Feb-2021 09:00 AM,06-Feb-2021 02:30 PM,01-Feb-2021 09:00 AM ,06-Feb-2021 02:00 PM ,01-Feb-2021 10:00 AM,06-Feb-2021 02:30 PM,15-Feb-2021 02:00 PM,"5,03,592",Yes,percentage,2.0%,"E.E., PWD, Kokrajhar R.R. Division",Kokrajhar,1.0,Fee/PreQual/Technical,.pdf,Tender Cost,"7,600","Principal Secretary, BTC, Kokrajhar",Kokrajhar,No
,,,,,,,,,,,,,,,,,,,,,,,,,,,,,,,,,2.0,BC - Bankers Cheque,,,,,,,,,,,,,,,,,,.pdf,EMD,,,,
,,,,,,,,,,,,,,,,,,,,,,,,,,,,,,,,,3.0,BG - Bank Guarantee Irrevocable,,,,,,,,,,,,,,,,,,.pdf,Tender Document,,,,
,,,,,,,,,,,,,,,,,,,,,,,,,,,,,,,,,4.0,FDR - Fixed Deposit Receipt,,,,,,,,,,,,,,,,,,.pdf,Technical Document,,,,
,,,,,,,,,,,,,,,,,,,,,,,,,,,,,,,,,,,,,,,,,,,,,,,,,,2.0,Finance,.xls,BOQ,,,,
,,,,,,,,,,,,,,,,,,,,,,,,,,,,,,,,,,,,,,,,,,,,,,,,,,,,.pdf,FOB,,,,
