﻿Cover No,Cover,Document Type,Description,Tender Fee in ₹,Fee Payable To,Fee Payable At,Tender Fee Exemption Allowed,S.No,Instrument Type,Organisation Chain,Tender Reference Number,Tender ID,Tender Type,Form of contract,Tender Category,No. of Covers,General Technical Evaluation Allowed,ItemWise Technical Evaluation Allowed,Payment Mode,Is Multi Currency Allowed For BOQ,Is Multi Currency Allowed For Fee,Allow Two Stage Bidding,Title,Work Description,Pre Qualification Details,Independent External Monitor/Remarks,Tender Value in ₹,Product Category,Sub category,Contract Type,Bid Validity(Days),Period Of Work(Days),Location,Pincode,Pre Bid Meeting Place,Pre Bid Meeting Address,Pre Bid Meeting Date,Bid Opening Place,Should Allow NDA Tender,Allow Preferential Bidder,Publish Date,Bid Opening Date,Document Download / Sale Start Date,Document Download / Sale End Date,Clarification Start Date,Clarification End Date,Bid Submission Start Date,Bid Submission End Date,EMD Amount in ₹,EMD through BG/ST or EMD Exemption Allowed,EMD Fee Type,EMD Percentage,EMD Payable To,EMD Payable At,Name,Address
1.0,Fee/PreQual/Technical,.pdf,COST AND EMD,"2,700","Pincipal Secretary, BTC",Kokrajhar,No,1,DD - Demand Draft,Bodoland Territorial Council||PWD-BTC,TN 163 of 2020-21 - 163/7,2021_BoTC_20540_1,Open Tender,Works,Works,2.0,No,No,Offline,No,No,No,Construction of new road from Ratanpur Bathou Mandir to MB Road via Ulubari Village under State Govt. Goodwill Project under SOPD-G for the year 2020-21,Construction of new road from Ratanpur Bathou Mandir to MB Road via Ulubari Village under State Govt. Goodwill Project under SOPD-G for the year 2020-21,Please refer Tender documents. ,NA ,"90,14,125",Civil Works – Roads,NA ,Tender,180.0,180.0,UDALGURI,784509.0,NA ,NA ,NA ,"O/o the SE, PWD (R and B) Circle, Kokrajhar",No ,No,30-Jan-2021 05:30 PM,06-Feb-2021 03:30 PM,30-Jan-2021 05:30 PM,06-Feb-2021 03:00 PM,30-Jan-2021 05:30 PM ,06-Feb-2021 03:00 PM ,30-Jan-2021 05:30 PM,06-Feb-2021 03:00 PM,"1,80,300",Yes,fixed,,"E.E., PWD Udalguri (R and B) Division",UDALGURI,"SE, PWD (R and B) Circle, Kokrajhar","O/o the SE, PWD (R and B) Circle, Kokrajhar"
,,.pdf,TEC QUALIFICATION,,,,,2,BC - Bankers Cheque,,,,,,,,,,,,,,,,,,,,,,,,,,,,,,,,,,,,,,,,,,,,,,,
,,.pdf,SBD,,,,,3,SS - Small Savings Instrument,,,,,,,,,,,,,,,,,,,,,,,,,,,,,,,,,,,,,,,,,,,,,,,
2.0,Finance,.xls,BOQ,,,,,4,BG - Bank Guarantee Irrevocable,,,,,,,,,,,,,,,,,,,,,,,,,,,,,,,,,,,,,,,,,,,,,,,
,,.pdf,FOB,,,,,5,FDR - Fixed Deposit Receipt,,,,,,,,,,,,,,,,,,,,,,,,,,,,,,,,,,,,,,,,,,,,,,,
,,,,,,,,6,DCR - Deposit at call receipt,,,,,,,,,,,,,,,,,,,,,,,,,,,,,,,,,,,,,,,,,,,,,,,
