﻿Publish Date,Bid Opening Date,Document Download / Sale Start Date,Document Download / Sale End Date,Clarification Start Date,Clarification End Date,Bid Submission Start Date,Bid Submission End Date,S.No,Corrigendum Title,Corrigendum Type,View,EMD Amount in ₹,EMD through BG/ST or EMD Exemption Allowed,EMD Fee Type,EMD Percentage,EMD Payable To,EMD Payable At,Cover No,Cover,Document Type,Description,Tender Fee in ₹,Fee Payable To,Fee Payable At,Tender Fee Exemption Allowed,Organisation Chain,Tender Reference Number,Tender ID,Tender Type,Form of contract,Tender Category,No. of Covers,General Technical Evaluation Allowed,ItemWise Technical Evaluation Allowed,Payment Mode,Is Multi Currency Allowed For BOQ,Is Multi Currency Allowed For Fee,Allow Two Stage Bidding,S.No,Instrument Type,Title,Work Description,Pre Qualification Details,Independent External Monitor/Remarks,Tender Value in ₹,Product Category,Sub category,Contract Type,Bid Validity(Days),Period Of Work(Days),Location,Pincode,Pre Bid Meeting Place,Pre Bid Meeting Address,Pre Bid Meeting Date,Bid Opening Place,Should Allow NDA Tender,Allow Preferential Bidder,Name,Address
02-Jan-2021 03:40 PM,22-Jan-2021 03:30 PM,02-Jan-2021 03:40 PM,22-Jan-2021 03:00 PM,02-Jan-2021 03:40 PM ,16-Jan-2021 03:00 PM ,02-Jan-2021 03:40 PM,22-Jan-2021 03:00 PM,1.0,Cancellation for Tender,Cancellation of Tender,,"3,33,000",Yes,fixed,,"E.E., PWD Rural Road Division, Kokrajhar",Kokrajhar,1.0,Fee/PreQual/Technical,.pdf,Cost and EMD,"5,000","Principal Secretary, BTC",Kokrajhar,Yes,Bodoland Territorial Council||PWD-BTC,TN 158 of 2020-21 158/2,2021_BoTC_19887_1,Open Tender,Works,Works,2.0,No,No,Offline,No,No,No,1,DD - Demand Draft,Re-Construction of road by providing SDBC from Burachara (Ch.14000.00m) to Saraibil (Ch.21234.00m) on Gossaigaon Saraibil road,"Re-Construction of road by providing SDBC from Burachara (Ch.14000.00m) to Saraibil (Ch.21234.00m) on Gossaigaon Saraibil road under SOPD-G for the year 2019-2020, Gossaigaon LAC.",Please refer Tender documents. ,NA ,"1,66,44,124",Civil Works – Roads,NA ,Tender,180.0,180.0,GOSSAIGOAN,783360.0,NA ,NA ,NA ,"O/o the SE, PWD(R and B) Circle, Kokrajhar",No ,No,"SE, PWD(R and B) Circle, Kokrajhar","O/o the SE, PWD(R and B) Circle, Kokrajhar"
,,,,,,,,2.0,DATE EXTENSION,Date,,,,,,,,,,.pdf,Tech Qualification,,,,,,,,,,,,,,,,,,2,BC - Bankers Cheque,,,,,,,,,,,,,,,,,,,,
,,,,,,,,,,,,,,,,,,,,.pdf,SBD,,,,,,,,,,,,,,,,,,3,SS - Small Savings Instrument,,,,,,,,,,,,,,,,,,,,
,,,,,,,,,,,,,,,,,,2.0,Finance,.xls,BOQ,,,,,,,,,,,,,,,,,,4,BG - Bank Guarantee Irrevocable,,,,,,,,,,,,,,,,,,,,
,,,,,,,,,,,,,,,,,,,,.pdf,FOB,,,,,,,,,,,,,,,,,,5,FDR - Fixed Deposit Receipt,,,,,,,,,,,,,,,,,,,,
,,,,,,,,,,,,,,,,,,,,,,,,,,,,,,,,,,,,,,,6,DCR - Deposit at call receipt,,,,,,,,,,,,,,,,,,,,
