﻿S.No,Instrument Type,Publish Date,Bid Opening Date,Document Download / Sale Start Date,Document Download / Sale End Date,Clarification Start Date,Clarification End Date,Bid Submission Start Date,Bid Submission End Date,Financial Bid Opening Date,Organisation Chain,Tender Reference Number,Tender ID,Tender Type,Form of contract,Tender Category,No. of Covers,General Technical Evaluation Allowed,ItemWise Technical Evaluation Allowed,Payment Mode,Is Multi Currency Allowed For BOQ,Is Multi Currency Allowed For Fee,Allow Two Stage Bidding,EMD Amount in ₹,EMD through BG/ST or EMD Exemption Allowed,EMD Fee Type,EMD Percentage,EMD Payable To,EMD Payable At,Cover No,Cover,Document Type,Description,Tender Fee in ₹,Fee Payable To,Fee Payable At,Tender Fee Exemption Allowed,Title,Work Description,Pre Qualification Details,Independent External Monitor/Remarks,Tender Value in ₹,Product Category,Sub category,Contract Type,Bid Validity(Days),Period Of Work(Days),Location,Pincode,Pre Bid Meeting Place,Pre Bid Meeting Address,Pre Bid Meeting Date,Bid Opening Place,Should Allow NDA Tender,Allow Preferential Bidder,Name,Address
1.0,DD - Demand Draft,05-Feb-2021 03:00 PM,10-Feb-2021 02:30 PM,05-Feb-2021 03:00 PM,10-Feb-2021 02:00 PM,05-Feb-2021 03:00 PM ,10-Feb-2021 02:00 PM ,06-Feb-2021 02:00 PM,10-Feb-2021 02:00 PM,22-Feb-2021 05:15 PM,Public Works Roads Department,CE/DEV/TB/93/2020-21/69,2021_PWD_20978_5,Open Tender,Item Rate,Works,2.0,No,No,Offline,No,No,No,"6,18,000",Yes,fixed,,"Chief Engineer, PWD, Roads, Assam, Chandmari, Ghy",GUWAHATI,1.0,Fee/PreQual/Technical,.pdf,Cost of Bid Document,"9,300","Empowered Officer, ASRB",GUWAHATI,No,"SOPD_G_20_21_96 Improvement of Janata Chowk to Talia Boromboi via Manahkuchi Chowk under SOPD-G for the year 2020-21, Hajo LAC","SOPD_G_20_21_96 Improvement of Janata Chowk to Talia Boromboi via Manahkuchi Chowk under SOPD-G for the year 2020-21, Hajo LAC",Please refer Tender documents. ,NA ,"3,08,98,000",Civil Works,NA ,Tender,180.0,270.0,Hajo,781003.0,"O/o the Chief Engineer, PWD, Roads, Assam, chandma ","O/o the Chief Engineer, PWD, Roads, Assam, chandmari, Guwahati-781003  ",06-Feb-2021 12:00 PM ,"O/o the Chief Engineer, PWD, Roads, Assam, chandma",No ,No,"Chief Engineer, PWD, Roads, Assam, Chandmari, Ghy","O/o the Chief Engineer, PWD, Roads, Assam, chandmari, Guwahati-781003"
2.0,BC - Bankers Cheque,,,,,,,,,,,,,,,,,,,,,,,,,,,,,,,.pdf,Bid Security,,,,,,,,,,,,,,,,,,,,,,,,
3.0,BG - Bank Guarantee Irrevocable,,,,,,,,,,,,,,,,,,,,,,,,,,,,,,,.pdf,Technical Qualification Details,,,,,,,,,,,,,,,,,,,,,,,,
4.0,FDR - Fixed Deposit Receipt,,,,,,,,,,,,,,,,,,,,,,,,,,,,,,,.pdf,Standard Bidding Document,,,,,,,,,,,,,,,,,,,,,,,,
,,,,,,,,,,,,,,,,,,,,,,,,,,,,,,2.0,Finance,.xls,Bill of Quantities,,,,,,,,,,,,,,,,,,,,,,,,
,,,,,,,,,,,,,,,,,,,,,,,,,,,,,,,,.pdf,Form of Bid,,,,,,,,,,,,,,,,,,,,,,,,
