﻿Cover No,Cover,Document Type,Description,Tender Fee in ₹,Fee Payable To,Fee Payable At,Tender Fee Exemption Allowed,Title,Work Description,Pre Qualification Details,Independent External Monitor/Remarks,Tender Value in ₹,Product Category,Sub category,Contract Type,Bid Validity(Days),Period Of Work(Days),Location,Pincode,Pre Bid Meeting Place,Pre Bid Meeting Address,Pre Bid Meeting Date,Bid Opening Place,Should Allow NDA Tender,Allow Preferential Bidder,EMD Amount in ₹,EMD through BG/ST or EMD Exemption Allowed,EMD Fee Type,EMD Percentage,EMD Payable To,EMD Payable At,S.No,Instrument Type,Name,Address,Publish Date,Bid Opening Date,Document Download / Sale Start Date,Document Download / Sale End Date,Clarification Start Date,Clarification End Date,Bid Submission Start Date,Bid Submission End Date,Organisation Chain,Tender Reference Number,Tender ID,Tender Type,Form of contract,Tender Category,No. of Covers,General Technical Evaluation Allowed,ItemWise Technical Evaluation Allowed,Payment Mode,Is Multi Currency Allowed For BOQ,Is Multi Currency Allowed For Fee,Allow Two Stage Bidding
1.0,Fee/PreQual/Technical,.pdf,Cost of tender document,"9,000","Empowered Officer,ASRB",GUWAHATI,No,"SOPD_G_20_21_165 Construction of (1) Hatigandhoi gaon road, (2) Jerai to Rajachuk road, (3) Dr. Bhupen Hazarika Path under SOPD-G for the year 2020-21, Chabua LAC","SOPD_G_20_21_165 Construction of (1) Hatigandhoi gaon road, (2) Jerai to Rajachuk road, (3) Dr. Bhupen Hazarika Path under SOPD-G for the year 2020-21, Chabua LAC",Please refer Tender documents. ,NA ,,Civil Works,NA ,Tender,180.0,270.0,Chabua,781003.0,"Chief Engineer, PWD, Roads, Assam, Chandmari, Ghy ","O/o the Chief Engineer, PWD, Roads, Assam, Chandmari, Guwahati ",22-Jan-2021 12:00 PM ,"Chief Engineer, PWD, Roads, Assam, Chandmari, Ghy",No ,No,"6,02,000",Yes,fixed,,"Chief Engineer, PWD, Roads, Assam, Chandmari, GHy",GUWAHATI,1.0,DD - Demand Draft,"Chief Engineer, PWD, Roads, Assam, Chandmari, Ghy","O/o the Chief Engineer, PWD, Roads, Assam, Chandmari, Guwahati",21-Jan-2021 06:55 PM,01-Feb-2021 02:30 PM,21-Jan-2021 06:55 PM,01-Feb-2021 02:00 PM,21-Jan-2021 06:55 PM ,01-Feb-2021 02:00 PM ,22-Jan-2021 02:00 PM,01-Feb-2021 02:00 PM,Public Works Roads Department,CE/DEV/TB/93/2020-21/33,2021_PWD_20217_120,Open Tender,Item Rate,Works,2.0,No,No,Offline,No,No,No
,,.pdf,Bid security,,,,,,,,,,,,,,,,,,,,,,,,,,,,,2.0,BC - Bankers Cheque,,,,,,,,,,,,,,,,,,,,,,,
,,.pdf,Standard Bidding Document,,,,,,,,,,,,,,,,,,,,,,,,,,,,,3.0,BG - Bank Guarantee Irrevocable,,,,,,,,,,,,,,,,,,,,,,,
,,.pdf,Technical Qualification Details,,,,,,,,,,,,,,,,,,,,,,,,,,,,,4.0,FDR - Fixed Deposit Receipt,,,,,,,,,,,,,,,,,,,,,,,
2.0,Finance,.xls,Bill of Quantities,,,,,,,,,,,,,,,,,,,,,,,,,,,,,,,,,,,,,,,,,,,,,,,,,,,,,
,,.pdf,Form of Bid,,,,,,,,,,,,,,,,,,,,,,,,,,,,,,,,,,,,,,,,,,,,,,,,,,,,,
