﻿EMD Amount in ₹,EMD through BG/ST or EMD Exemption Allowed,EMD Fee Type,EMD Percentage,EMD Payable To,EMD Payable At,Publish Date,Bid Opening Date,Document Download / Sale Start Date,Document Download / Sale End Date,Clarification Start Date,Clarification End Date,Bid Submission Start Date,Bid Submission End Date,Financial Bid Opening Date,Title,Work Description,Pre Qualification Details,Independent External Monitor/Remarks,Tender Value in ₹,Product Category,Sub category,Contract Type,Bid Validity(Days),Period Of Work(Days),Location,Pincode,Pre Bid Meeting Place,Pre Bid Meeting Address,Pre Bid Meeting Date,Bid Opening Place,Should Allow NDA Tender,Allow Preferential Bidder,Tender Fee in ₹,Fee Payable To,Fee Payable At,Tender Fee Exemption Allowed,Name,Address,S.No,Instrument Type,Cover No,Cover,Document Type,Description,Organisation Chain,Tender Reference Number,Tender ID,Tender Type,Form of contract,Tender Category,No. of Covers,General Technical Evaluation Allowed,ItemWise Technical Evaluation Allowed,Payment Mode,Is Multi Currency Allowed For BOQ,Is Multi Currency Allowed For Fee,Allow Two Stage Bidding
"8,05,578",Yes,percentage,2.0%,Chief Engineer PWD Roads,GUWAHATI,24-Feb-2021 10:00 AM,04-Mar-2021 11:00 AM,24-Feb-2021 10:00 AM,03-Mar-2021 02:00 PM,NA ,NA ,24-Feb-2021 10:00 AM,03-Mar-2021 02:00 PM,03-Jul-2021 11:30 AM,Construction of Road from NH-37 to Mulankata Adarshagaon including R.C.C. Bridge,Construction of Road from NH-37 to Mulankata Adarshagaon including R.C.C. Bridge,Please refer Tender documents. ,NA ,"4,02,78,900",Civil Works - Bridges,NA ,Tender,180.0,120.0,Morigaon,782105.0,NA ,NA ,NA ,SE PWD NRC,No ,No,"12,100",Empowered Officer ASRB,GUWAHATI,Yes,SE PWD NRC,SE PWD NRC,1.0,BG - Bank Guarantee Irrevocable,1.0,Fee/PreQual/Technical,.pdf,FEE/EM,Public Works Roads Department||CE PWD(R) - PWD,SE/NRC/TB/NIT/44/2019-20/170,2021_PWD_21414_1,Open Tender,Item Rate,Works,2.0,No,No,Offline,No,No,No
,,,,,,,,,,,,,,,,,,,,,,,,,,,,,,,,,,,,,,,2.0,FDR - Fixed Deposit Receipt,,,.pdf,Tech. Qualification,,,,,,,,,,,,,
,,,,,,,,,,,,,,,,,,,,,,,,,,,,,,,,,,,,,,,,,,,.pdf,VoL1,,,,,,,,,,,,,
,,,,,,,,,,,,,,,,,,,,,,,,,,,,,,,,,,,,,,,,,2.0,Finance,.xls,BOQ,,,,,,,,,,,,,
,,,,,,,,,,,,,,,,,,,,,,,,,,,,,,,,,,,,,,,,,,,.pdf,FOB,,,,,,,,,,,,,
