﻿Title,Work Description,Pre Qualification Details,Independent External Monitor/Remarks,Tender Value in ₹,Product Category,Sub category,Contract Type,Bid Validity(Days),Period Of Work(Days),Location,Pincode,Pre Bid Meeting Place,Pre Bid Meeting Address,Pre Bid Meeting Date,Bid Opening Place,Should Allow NDA Tender,Allow Preferential Bidder,S.No,Instrument Type,Publish Date,Bid Opening Date,Document Download / Sale Start Date,Document Download / Sale End Date,Clarification Start Date,Clarification End Date,Bid Submission Start Date,Bid Submission End Date,Financial Bid Opening Date,Name,Address,Tender Fee in ₹,Fee Payable To,Fee Payable At,Tender Fee Exemption Allowed,Cover No,Cover,Document Type,Description,Organisation Chain,Tender Reference Number,Tender ID,Tender Type,Form of contract,Tender Category,No. of Covers,General Technical Evaluation Allowed,ItemWise Technical Evaluation Allowed,Payment Mode,Is Multi Currency Allowed For BOQ,Is Multi Currency Allowed For Fee,Allow Two Stage Bidding,EMD Amount in ₹,EMD through BG/ST or EMD Exemption Allowed,EMD Fee Type,EMD Percentage,EMD Payable To,EMD Payable At
"SOPD_TSP_20_21_03 Construction of village Road (ICBP) at Dahalahabi from Sachin Boro s house to Dhupguri L.P.School ,Udalguri BTC under Programme of SOPD-TSP of Assam for the year 2019-20 in PWD Udalguri (R and B) Division.","SOPD_TSP_20_21_03 Construction of village Road (ICBP) at Dahalahabi from Sachin Boro s house to Dhupguri L.P.School ,Udalguri BTC under Programme of SOPD-TSP of Assam for the year 2019-20 in PWD Udalguri (R and B) Division.",Please refer Tender documents. ,NA ,,Civil Works,NA ,Tender,180.0,270.0,Udalguri,781003.0,"Chief Engineer, PWD, Roads, Assam, Chandmari, Ghy ","O/o the Chief Engineer, PWD, Roads, Assam, Chandmari, Guwahati ",08-Jan-2021 12:00 PM ,"Chief Engineer, PWD, Roads, Assam, Chandmari, Ghy",No ,No,1.0,DD - Demand Draft,05-Jan-2021 06:00 PM,18-Jan-2021 02:30 PM,05-Jan-2021 06:00 PM,18-Jan-2021 02:00 PM,05-Jan-2021 06:00 PM ,18-Jan-2021 02:00 PM ,08-Jan-2021 02:00 PM,18-Jan-2021 02:00 PM,27-Jan-2021 03:10 PM,"Chief Engineer, PWD, Roads, Assam, Chandmari, Ghy","O/o the Chief Engineer, PWD, Roads, Assam, Chandmari, Guwahati","6,000","Empowered Officer,ASRB",GUWAHATI,Yes,1.0,Fee/PreQual/Technical,.pdf,Cost of Bid Document,Public Works Roads Department,CE/DEV/TB/218/2020-21/6,2021_PWD_19953_1,Open Tender,Item Rate,Works,2.0,No,No,Offline,No,No,No,"4,07,600",Yes,fixed,,"O/o the Chief Engineer, PWD, Roads, Assam, Chandma",GUWAHATI
,,,,,,,,,,,,,,,,,,2.0,BC - Bankers Cheque,,,,,,,,,,,,,,,,,,.pdf,Bid Security,,,,,,,,,,,,,,,,,,,
,,,,,,,,,,,,,,,,,,3.0,BG - Bank Guarantee Irrevocable,,,,,,,,,,,,,,,,,,.pdf,Technical Qualification Details,,,,,,,,,,,,,,,,,,,
,,,,,,,,,,,,,,,,,,4.0,FDR - Fixed Deposit Receipt,,,,,,,,,,,,,,,,,,.pdf,Standard Bidding Document,,,,,,,,,,,,,,,,,,,
,,,,,,,,,,,,,,,,,,,,,,,,,,,,,,,,,,,2.0,Finance,.xls,Bill of Quantities,,,,,,,,,,,,,,,,,,,
,,,,,,,,,,,,,,,,,,,,,,,,,,,,,,,,,,,,,.pdf,Form of Bid,,,,,,,,,,,,,,,,,,,
