﻿Tender Fee in ₹,Fee Payable To,Fee Payable At,Tender Fee Exemption Allowed,Name,Address,Title,Work Description,Pre Qualification Details,Independent External Monitor/Remarks,Tender Value in ₹,Product Category,Sub category,Contract Type,Bid Validity(Days),Period Of Work(Days),Location,Pincode,Pre Bid Meeting Place,Pre Bid Meeting Address,Pre Bid Meeting Date,Bid Opening Place,Should Allow NDA Tender,Allow Preferential Bidder,Organisation Chain,Tender Reference Number,Tender ID,Tender Type,Form of contract,Tender Category,No. of Covers,General Technical Evaluation Allowed,ItemWise Technical Evaluation Allowed,Payment Mode,Is Multi Currency Allowed For BOQ,Is Multi Currency Allowed For Fee,Allow Two Stage Bidding,EMD Amount in ₹,EMD through BG/ST or EMD Exemption Allowed,EMD Fee Type,EMD Percentage,EMD Payable To,EMD Payable At,Cover No,Cover,Document Type,Description,Publish Date,Bid Opening Date,Document Download / Sale Start Date,Document Download / Sale End Date,Clarification Start Date,Clarification End Date,Bid Submission Start Date,Bid Submission End Date,Financial Bid Opening Date,S.No,Instrument Type
"5,536",PWD,GUWAHATI,Yes,"SE,GRC","O/o Superintending Engineer,Guwahati Road Circle, Guwahati-01","KAM(R)/GRC / SOPD(G)/ 2020-21/103.Improvement of Krishna Bharati Path including construction of brick masonry open drain under SOPD(G) for the year 2020-21, Jalukbari LAC","Improvement of Krishna Bharati Path including construction of brick masonry open drain under SOPD(G) for the year 2020-21, Jalukbari LAC",Please refer tender ,NA ,"1,84,54,000",Civil Works – Roads,NA ,Tender,90.0,NA ,Jalukbari,781013.0,NA ,NA ,NA ,Online,No ,No,Public Works Roads Department,No. GRC/NIT/510./2018-19/633 .Dated.02.02.2021,2021_PWD_20887_1,Open Tender,Item Rate,Works,2.0,No,No,Offline,No,No,No,"3,69,100",Yes,fixed,,PWD,GUWAHATI,1.0,Fee/PreQual/Technical,.pdf,Bid Cost,04-Feb-2021 11:30 AM,09-Feb-2021 03:00 PM,04-Feb-2021 11:30 AM,09-Feb-2021 02:00 PM,04-Feb-2021 11:30 AM ,09-Feb-2021 02:00 PM ,04-Feb-2021 11:30 AM,09-Feb-2021 02:00 PM,13-Feb-2021 04:30 PM,1.0,DD - Demand Draft
,,,,,,,,,,,,,,,,,,,,,,,,,,,,,,,,,,,,,,,,,,,,,.pdf,Bid Security,,,,,,,,,,2.0,BC - Bankers Cheque
,,,,,,,,,,,,,,,,,,,,,,,,,,,,,,,,,,,,,,,,,,,,,.pdf,Technical Qualification Details,,,,,,,,,,3.0,BG - Bank Guarantee Irrevocable
,,,,,,,,,,,,,,,,,,,,,,,,,,,,,,,,,,,,,,,,,,,,,.pdf,SBD,,,,,,,,,,4.0,FDR - Fixed Deposit Receipt
,,,,,,,,,,,,,,,,,,,,,,,,,,,,,,,,,,,,,,,,,,,2.0,Finance,.xls,BOQ,,,,,,,,,,,
,,,,,,,,,,,,,,,,,,,,,,,,,,,,,,,,,,,,,,,,,,,,,.pdf,FOB,,,,,,,,,,,
