﻿S.No,Instrument Type,Name,Address,Title,Work Description,Pre Qualification Details,Independent External Monitor/Remarks,Tender Value in ₹,Product Category,Sub category,Contract Type,Bid Validity(Days),Period Of Work(Days),Location,Pincode,Pre Bid Meeting Place,Pre Bid Meeting Address,Pre Bid Meeting Date,Bid Opening Place,Should Allow NDA Tender,Allow Preferential Bidder,Publish Date,Bid Opening Date,Document Download / Sale Start Date,Document Download / Sale End Date,Clarification Start Date,Clarification End Date,Bid Submission Start Date,Bid Submission End Date,Financial Bid Opening Date,Cover No,Cover,Document Type,Description,EMD Amount in ₹,EMD through BG/ST or EMD Exemption Allowed,EMD Fee Type,EMD Percentage,EMD Payable To,EMD Payable At,Organisation Chain,Tender Reference Number,Tender ID,Tender Type,Form of contract,Tender Category,No. of Covers,General Technical Evaluation Allowed,ItemWise Technical Evaluation Allowed,Payment Mode,Is Multi Currency Allowed For BOQ,Is Multi Currency Allowed For Fee,Allow Two Stage Bidding,Tender Fee in ₹,Fee Payable To,Fee Payable At,Tender Fee Exemption Allowed
1.0,DD - Demand Draft,Addl CE PWD ( R ) Eastern Zone Dibrugarh,o/o the Addl CE PWD ( R ) Eastern Zone Dibrugarh,ACE-EZ/ SOPD-G/2020-21/ Golaghat LAC,"Widening and Strengthening of Circuit House Kamarbandha Road (From Ch.0.00 m to Ch.4303.00 m),L-4.303 Km under SOPD (G) for the year 2020-21, Golaghat LAC",Please Refer Tender documents ,NA ,"2,80,29,000",Civil Works,NA ,Tender,180.0,270.0,Golaghat,785621.0,NA ,NA ,NA ,o/o the Addl CE PWD ( R ) Eastern Zone Dibrugarh,No ,No,22-Jan-2021 04:00 PM,02-Feb-2021 11:00 AM,22-Jan-2021 04:00 PM,01-Feb-2021 04:00 PM,NA ,NA ,22-Jan-2021 04:00 PM,01-Feb-2021 04:00 PM,15-Feb-2021 03:00 PM,1.0,Fee/PreQual/Technical,.pdf,Bid Security,"5,60,600",Yes,fixed,,"E. E. PWD,Golaghat Khumtai Territorial Road Divn",Golaghat,Public Works Roads Department,NIT/ACE/EZ/136/2020/46,2021_PWD_20310_1,Open Tender,Item Rate,Works,2.0,No,No,Offline,No,No,No,"7,900","Empowered Officer, ASRB, Assam",GUWAHATI,No
2.0,BC - Bankers Cheque,,,,,,,,,,,,,,,,,,,,,,,,,,,,,,,,.pdf,Cost of Tender Document,,,,,,,,,,,,,,,,,,,,,,,
3.0,BG - Bank Guarantee Irrevocable,,,,,,,,,,,,,,,,,,,,,,,,,,,,,,,,.pdf,Technical Qualification Details,,,,,,,,,,,,,,,,,,,,,,,
4.0,FDR - Fixed Deposit Receipt,,,,,,,,,,,,,,,,,,,,,,,,,,,,,,,,.pdf,SBD,,,,,,,,,,,,,,,,,,,,,,,
,,,,,,,,,,,,,,,,,,,,,,,,,,,,,,,2.0,Finance,.xls,BOQ,,,,,,,,,,,,,,,,,,,,,,,
,,,,,,,,,,,,,,,,,,,,,,,,,,,,,,,,,.pdf,Form of Bid,,,,,,,,,,,,,,,,,,,,,,,
