﻿Organisation Chain,Tender Reference Number,Tender ID,Tender Type,Form of contract,Tender Category,No. of Covers,General Technical Evaluation Allowed,ItemWise Technical Evaluation Allowed,Payment Mode,Is Multi Currency Allowed For BOQ,Is Multi Currency Allowed For Fee,Allow Two Stage Bidding,Title,Work Description,Pre Qualification Details,Independent External Monitor/Remarks,Tender Value in ₹,Product Category,Sub category,Contract Type,Bid Validity(Days),Period Of Work(Days),Location,Pincode,Pre Bid Meeting Place,Pre Bid Meeting Address,Pre Bid Meeting Date,Bid Opening Place,Should Allow NDA Tender,Allow Preferential Bidder,Cover No,Cover,Document Type,Description,S.No,Instrument Type,Name,Address,Publish Date,Bid Opening Date,Document Download / Sale Start Date,Document Download / Sale End Date,Clarification Start Date,Clarification End Date,Bid Submission Start Date,Bid Submission End Date,Financial Bid Opening Date,Tender Fee in ₹,Fee Payable To,Fee Payable At,Tender Fee Exemption Allowed,EMD Amount in ₹,EMD through BG/ST or EMD Exemption Allowed,EMD Fee Type,EMD Percentage,EMD Payable To,EMD Payable At
Public Works Roads Department,CE/DEV/TB/376/2020-21/5,2021_PWD_20336_3,Open Tender,Item Rate,Works,2.0,No,No,Offline,No,No,No,SOPD_SIG_20_21_40 Re-construction of (i) Ushapur Road (Starting from NEEPCO Bridge to Ushapur Borbam Namghar Gate) (L3.00 km from Ch. 0.00 to 3000.00 m) (ii) Ushapur Borbam Gaon Road (Starting from Ushapur Borbam Namghar Gate) (L1700.00 km from C,SOPD_SIG_20_21_40 Re-construction of (i) Ushapur Road (Starting from NEEPCO Bridge to Ushapur Borbam Namghar Gate) (L3.00 km from Ch. 0.00 to 3000.00 m) (ii) Ushapur Borbam Gaon Road (Starting from Ushapur Borbam Namghar Gate) (L1700.00 km from C,Please refer Tender documents. ,NA ,"5,00,00,000",Civil Works,NA ,Tender,90.0,270.0,Naharkatia,781003.0,"O/o the Chief Engineer, PWD, Roads, Assam ","O/o the Chief Engineer, PWD, Roads, Assam, chandmari, Guwahati-781003 ",22-Jan-2021 05:00 PM ,"O/o the Chief Engineer, PWD, Roads, Assam",No ,No,1.0,Fee/PreQual/Technical,.pdf,Cost of Bid Document,1.0,DD - Demand Draft,"Chief Engineer, PWD, Roads, Assam,","O/o the Chief Engineer, PWD, Roads, Assam, chandmari, Guwahati-781003",22-Jan-2021 04:00 PM,02-Feb-2021 02:30 PM,22-Jan-2021 04:00 PM,02-Feb-2021 02:00 PM,22-Jan-2021 04:00 PM ,02-Feb-2021 02:00 PM ,25-Jan-2021 02:00 PM,02-Feb-2021 02:00 PM,07-Jul-2021 03:00 PM,"10,000","Empowered Officer, ASRB",GUWAHATI,Yes,"10,00,000",Yes,fixed,,"Chief Engineer, PWD, Roads, Assam,",GUWAHATI
,,,,,,,,,,,,,,,,,,,,,,,,,,,,,,,,,.pdf,Bid security,2.0,BC - Bankers Cheque,,,,,,,,,,,,,,,,,,,,,
,,,,,,,,,,,,,,,,,,,,,,,,,,,,,,,,,.pdf,Technical Qualification Details,3.0,BG - Bank Guarantee Irrevocable,,,,,,,,,,,,,,,,,,,,,
,,,,,,,,,,,,,,,,,,,,,,,,,,,,,,,,,.pdf,Standard Bidding Document,4.0,FDR - Fixed Deposit Receipt,,,,,,,,,,,,,,,,,,,,,
,,,,,,,,,,,,,,,,,,,,,,,,,,,,,,,2.0,Finance,.xls,Bill of Quantities,,,,,,,,,,,,,,,,,,,,,,,
,,,,,,,,,,,,,,,,,,,,,,,,,,,,,,,,,.pdf,Form of Bid,,,,,,,,,,,,,,,,,,,,,,,
