﻿EMD Amount in ₹,EMD through BG/ST or EMD Exemption Allowed,EMD Fee Type,EMD Percentage,EMD Payable To,EMD Payable At,S.No,Instrument Type,Publish Date,Bid Opening Date,Document Download / Sale Start Date,Document Download / Sale End Date,Clarification Start Date,Clarification End Date,Bid Submission Start Date,Bid Submission End Date,Financial Bid Opening Date,Title,Work Description,Pre Qualification Details,Independent External Monitor/Remarks,Tender Value in ₹,Product Category,Sub category,Contract Type,Bid Validity(Days),Period Of Work(Days),Location,Pincode,Pre Bid Meeting Place,Pre Bid Meeting Address,Pre Bid Meeting Date,Bid Opening Place,Should Allow NDA Tender,Allow Preferential Bidder,Name,Address,Organisation Chain,Tender Reference Number,Tender ID,Tender Type,Form of contract,Tender Category,No. of Covers,General Technical Evaluation Allowed,ItemWise Technical Evaluation Allowed,Payment Mode,Is Multi Currency Allowed For BOQ,Is Multi Currency Allowed For Fee,Allow Two Stage Bidding,Tender Fee in ₹,Fee Payable To,Fee Payable At,Tender Fee Exemption Allowed,S.No,Corrigendum Title,Corrigendum Type,View,Cover No,Cover,Document Type,Description
"1,82,418",Yes,fixed,,"The Commissioner, GMC",Guwahati,1.0,DD - Demand Draft,30-Jan-2021 02:00 PM,23-Feb-2021 02:00 PM,30-Jan-2021 02:00 PM,22-Feb-2021 02:00 PM,NA ,NA ,30-Jan-2021 02:00 PM,22-Feb-2021 02:00 PM,03-May-2021 01:00 PM,"Package no C and D/11 Cleaning, Desilting and Maintenance Of All City Drains In Guwahati City For The Year 2020-21","Cleaning, Desilting and Maintenance Of All City Drains In Guwahati City For The Year 2020-21",Please refer Tender documents. ,NA ,,Miscellaneous Works,NA ,Tender,90.0,NA ,"Guwahati, Panbazar",781001.0,NA ,NA ,NA ,"Office of the Commissioner, GMC, Panbazar, GHY-01",No ,No,"The Commissioner, GMC","Office of the Commissioner, GMC, Panbazar, GHY-01",Guwahati Municipal Corporation,GER/CE/1831/2020/22 Dated 28/01/2021,2021_GMC_20452_11,Open Tender,Lump-sum,Works,2.0,No,No,Offline,No,No,No,"10,000","The Commissioner, GMC",Guwahati,No,1.0,Corrigendum,Date,,1.0,Fee/PreQual/Technical,.pdf,FEES
,,,,,,2.0,BC - Bankers Cheque,,,,,,,,,,,,,,,,,,,,,,,,,,,,,,,,,,,,,,,,,,,,,,,,,,,,,.pdf,EMD
,,,,,,3.0,FDR - Fixed Deposit Receipt,,,,,,,,,,,,,,,,,,,,,,,,,,,,,,,,,,,,,,,,,,,,,,,,,,,,,.pdf,SBD
,,,,,,4.0,DCR - Deposit at call receipt,,,,,,,,,,,,,,,,,,,,,,,,,,,,,,,,,,,,,,,,,,,,,,,,,,,,,.pdf,TECHNICAL
,,,,,,,,,,,,,,,,,,,,,,,,,,,,,,,,,,,,,,,,,,,,,,,,,,,,,,,,,,2.0,Finance,.xls,BOQ
