﻿Title,Work Description,Pre Qualification Details,Independent External Monitor/Remarks,Tender Value in ₹,Product Category,Sub category,Contract Type,Bid Validity(Days),Period Of Work(Days),Location,Pincode,Pre Bid Meeting Place,Pre Bid Meeting Address,Pre Bid Meeting Date,Bid Opening Place,Should Allow NDA Tender,Allow Preferential Bidder,Publish Date,Bid Opening Date,Document Download / Sale Start Date,Document Download / Sale End Date,Clarification Start Date,Clarification End Date,Bid Submission Start Date,Bid Submission End Date,Financial Bid Opening Date,Cover No,Cover,Document Type,Description,S.No,Bank Name,Name,Address,Tender Fee in ₹,Fee Payable To,Fee Payable At,Tender Fee Exemption Allowed,Organisation Chain,Tender Reference Number,Tender ID,Tender Type,Form of contract,Tender Category,No. of Covers,General Technical Evaluation Allowed,ItemWise Technical Evaluation Allowed,Payment Mode,Is Multi Currency Allowed For BOQ,Is Multi Currency Allowed For Fee,Allow Two Stage Bidding,EMD Amount in ₹,EMD through BG/ST or EMD Exemption Allowed,EMD Fee Type,EMD Percentage,EMD Payable To,EMD Payable At,Organisation Chain :,Tender ID :,Tender Ref No :,Tender Title :,Committee Chairperson/Co-ordinator Name :,Committee Chairperson/Co-ordinator Type :,Committee Members :,Updated By :,Updated On :,Financial Bid Opening Date:,Document :,Committee Chairperson/Co-ordinator Name :.1,Committee Chairperson/Co-ordinator Type :.1,Committee Members :.1,Updated By :.1,Updated on :,Document :.1,Contract Date :,Contract Value :,Work Completion Period in days :,Updated By :.2,Updated on :.1,AOC document :,AOC Description :,Type :,Summary :,Updated By :.3,Updated On :.1,Document :.2,BOQ Comparative Chart :,S.No,Bid Number,Bidder Name,Awarded Currency,Awarded Value,S.No.1,Bid Number.1,Bidder Name.1,Submitted Date,Status,Remarks,Status Updated On,Type :.1,Summary :.1,Updated By :.4,Updated On :.2,Document :.3
MMUPPNA_SOPD_G_22_23_09 Improvement of MRL - i) Rangajan Road (D.C.Court to Airport approach road 2 D.C.Court to Chouthangaon Chowkham to Ranjan chariali Lilabari Air Field Approach Road (Saboti tiniali to Lilabari airport) (from Ch. 730.00m to Ch,MMUPPNA_SOPD_G_22_23_09 Improvement of MRL - i) Rangajan Road (D.C.Court to Airport approach road 2 D.C.Court to Chouthangaon Chowkham to Ranjan chariali Lilabari Air Field Approach Road (Saboti tiniali to Lilabari airport) (from Ch. 730.00m,Please refer Tender documents. ,NA ,"10,02,01,000",Civil Works,NA ,Tender,180.0,365.0,Lakhimpur,781003.0,"O/o the Chief Engineer, Roads,PWRD Assam, ","O/o the Chief Engineer, Roads,PWRD Assam, chandmari, Guwahati-781003 ",14-Nov-2022 12:00 PM ,"O/o the Chief Engineer, Roads,PWRD Assam,",No ,No,01-Nov-2022 10:00 AM,23-Nov-2022 02:30 PM,01-Nov-2022 10:00 AM,22-Nov-2022 02:00 PM,01-Nov-2022 10:00 AM ,14-Nov-2022 12:00 PM ,15-Nov-2022 02:00 PM,22-Nov-2022 02:00 PM,31-Dec-2022 06:30 PM,1.0,Fee/PreQual/Technical,.pdf,Technical Qualification Details,1.0,SBI Bank,"Chief Engineer, PWD, Roads, Assam, Chandmari, Ghy","O/o the Chief Engineer, Roads,PWRD Assam, chandmari, Guwahati-781003","20,000",Nil,Nil,No,Public Works Roads Department,CE/DEV/TB/115/2022-23/02,2022_PWD_27530_9,Open Tender,Item Rate,Works,2.0,No,No,Online,No,No,No,"20,04,000",Yes,fixed,,Nil,Nil,Public Works Roads Department,2022_PWD_27530_9,CE/DEV/TB/115/2022-23/02,MMUPPNA_SOPD_G_22_23_09 Improvement of MRL - i) Rangajan Road (D.C.Court to Airport approach road 2 D.C.Court to Chouthangaon Chowkham to Ranjan chariali Lilabari Air Field Approach Road (Saboti tiniali to Lilabari airport) (from Ch. 730.00m to Ch,"Chief Engineer (Roads), PWRD, Assam",Internal,,BHABANANDA DEKA,31-Dec-2022 06:06 PM,31-Dec-2022 06:30 PM,techsummary_42614.pdf (301.08 KB),"Chief Engineer (Roads), PWRD, Assam",Internal,,BHABANANDA DEKA,27-Apr-2023 03:09 PM,finsummary_42614.pdf (249.93 KB),27-Apr-2023,INR 100101000.00,365.0,BHABANANDA DEKA,27-Apr-2023 03:16 PM,MMUPPNASOPD09a.pdf (259.00 KB),Awarded as L1 Bidder,Finance,Financial Opened,MRIDUL TALUKDAR,01-Jan-2023 12:52 PM,None,BOQ Comparative Chart,1.0,162428.0,ABHIJIT PATOWARY,INR,100101000.0,1.0,162428.0,ABHIJIT PATOWARY,21-Nov-2022 11:21 PM,Accepted-AOC,Awarded,27-Apr-2023 03:17 PM,Technical,verified,BHABANANDA DEKA,31-Dec-2022 06:05 PM,technical_42614.pdf
,,,,,,,,,,,,,,,,,,,,,,,,,,,,,.pdf,Standard Bidding Document,,,,,,,,,,,,,,,,,,,,,,,,,,,,,,,,,,,,,,,,,,,,,,,,,,,,,,,,,,,,,,,2.0,163322.0,MREEGEN SAHARIAH,22-Nov-2022 11:01 AM,Rejected-AOC,Rejected,27-Apr-2023 03:17 PM,,,,,
,,,,,,,,,,,,,,,,,,,,,,,,,,,2.0,Finance,.xls,Bill of Quantities,,,,,,,,,,,,,,,,,,,,,,,,,,,,,,,,,,,,,,,,,,,,,,,,,,,,,,,,,,,,,,,,,,,,,,,,,,
,,,,,,,,,,,,,,,,,,,,,,,,,,,,,.pdf,Form of Bid,,,,,,,,,,,,,,,,,,,,,,,,,,,,,,,,,,,,,,,,,,,,,,,,,,,,,,,,,,,,,,,,,,,,,,,,,,
