﻿Organisation Chain,Tender Reference Number,Tender ID,Tender Type,Form of contract,Tender Category,No. of Covers,General Technical Evaluation Allowed,ItemWise Technical Evaluation Allowed,Payment Mode,Is Multi Currency Allowed For BOQ,Is Multi Currency Allowed For Fee,Allow Two Stage Bidding,Tender Fee in ₹,Fee Payable To,Fee Payable At,Tender Fee Exemption Allowed,EMD Amount in ₹,EMD through BG/ST or EMD Exemption Allowed,EMD Fee Type,EMD Percentage,EMD Payable To,EMD Payable At,Publish Date,Bid Opening Date,Document Download / Sale Start Date,Document Download / Sale End Date,Clarification Start Date,Clarification End Date,Bid Submission Start Date,Bid Submission End Date,Name,Address,Title,Work Description,Pre Qualification Details,Independent External Monitor/Remarks,Tender Value in ₹,Product Category,Sub category,Contract Type,Bid Validity(Days),Period Of Work(Days),Location,Pincode,Pre Bid Meeting Place,Pre Bid Meeting Address,Pre Bid Meeting Date,Bid Opening Place,Should Allow NDA Tender,Allow Preferential Bidder,Cover No,Cover,Document Type,Description,S.No,Bank Name,S.No.1,Corrigendum Title,Corrigendum Type,View,S.No.,Corrigendum Title,Corrigendum Type,Corrigendum Description,Corrigendum Reason,Published Date,Document Name,Doc Size(in KB),Organisation Chain :,Tender ID :,Tender Ref No :,Tender Title :,This tender has been Cancelled before technical bid opening summary
National Health Mission||State Programme Management Unit - NHM,NHM-32023/11/2022-CONS-NHM/95,2022_NHM_28421_104,Open Tender,Turn-key,Works,2.0,No,No,Online,No,No,No,"1,500",Nil,Nil,No,"1,04,060",Yes,percentage,2.0%,Nil,Nil,26-Dec-2022 06:55 PM,02-Feb-2023 03:30 PM,26-Dec-2022 06:55 PM,01-Feb-2023 02:00 PM,NA ,NA ,26-Dec-2022 06:55 PM,01-Feb-2023 02:00 PM,"MD, NHM, ASSAM","O/o MD, NHM, ASSAM, CHRISTANBASTI, GUWAHATI-05",Construction of Buildingless Sub Health Centre in Baliapunjee SC at Karimganj District for FY 2022 23 under PM ABHIM on Turnkey Basis,Construction of Buildingless Sub Health Centre in Baliapunjee SC at Karimganj District for FY 2022 23 under PM ABHIM on Turnkey Basis,Please refer Tender documents. ,NA ,"52,03,000",Civil Works - Building,NA ,Tender,180.0,180.0,Karimganj,788710.0,NA ,NA ,NA ,"O/o MD, NHM, ASSAM",No ,No,1.0,Fee/PreQual/Technical,.pdf,SBD,1.0,SBI Bank,1.0,Cancellation of Tender,Cancellation of Tender,,1.0,Cancellation of Tender,Cancellation of Tender,Cancellation of Tender,Minimum Bids Not Received,30-Mar-2023 07:22 PM,Cancellation38.pdf ,1649.39,National Health Mission||State Programme Management Unit - NHM,2022_NHM_28421_104,NHM-32023/11/2022-CONS-NHM/95,Construction of Buildingless Sub Health Centre in Baliapunjee SC at Karimganj District for FY 2022 23 under PM ABHIM on Turnkey Basis,
,,,,,,,,,,,,,,,,,,,,,,,,,,,,,,,,,,,,,,,,,,,,,,,,,,,,,.pdf,TECHNICAL QUALIFICATION,,,2.0,EXTENSION,Date,,,,,,,,,,,,,,
,,,,,,,,,,,,,,,,,,,,,,,,,,,,,,,,,,,,,,,,,,,,,,,,,,,,,.pdf,EMD AND TENDER FEE,,,3.0,Corrigendum,Other,,,,,,,,,,,,,,
,,,,,,,,,,,,,,,,,,,,,,,,,,,,,,,,,,,,,,,,,,,,,,,,,,,2.0,Finance,.xls,BOQ,,,,,,,,,,,,,,,,,,,
,,,,,,,,,,,,,,,,,,,,,,,,,,,,,,,,,,,,,,,,,,,,,,,,,,,,,.pdf,FOB,,,,,,,,,,,,,,,,,,,
