﻿Organisation Chain :,Tender ID :,Tender Ref No :,Tender Title :,Type :,Summary :,Updated By :,Updated On :,Document :,S.No,Bid Number,Bidder Name,Submitted Date,Status,Remarks,Status Updated On,EMD Amount in ₹,EMD through BG/ST or EMD Exemption Allowed,EMD Fee Type,EMD Percentage,EMD Payable To,EMD Payable At,Organisation Chain,Tender Reference Number,Tender ID,Tender Type,Form of contract,Tender Category,No. of Covers,General Technical Evaluation Allowed,ItemWise Technical Evaluation Allowed,Payment Mode,Is Multi Currency Allowed For BOQ,Is Multi Currency Allowed For Fee,Allow Two Stage Bidding,Tender Fee in ₹,Fee Payable To,Fee Payable At,Tender Fee Exemption Allowed,Name,Address,Publish Date,Bid Opening Date,Document Download / Sale Start Date,Document Download / Sale End Date,Clarification Start Date,Clarification End Date,Bid Submission Start Date,Bid Submission End Date,S.No,Corrigendum Title,Corrigendum Type,View,S.No.1,Bank Name,Title,Work Description,Pre Qualification Details,Independent External Monitor/Remarks,Tender Value in ₹,Product Category,Sub category,Contract Type,Bid Validity(Days),Period Of Work(Days),Location,Pincode,Pre Bid Meeting Place,Pre Bid Meeting Address,Pre Bid Meeting Date,Bid Opening Place,Should Allow NDA Tender,Allow Preferential Bidder,Cover No,Cover,Document Type,Description
Guwahati Municipal Corporation,2022_GMC_28546_21,GER/CE/1806/2019/241 Dated-19/12/2022,Construction of road and drain at kaliya thakur path bye lane 1 Gorchowk,Technical,Bid has been Opened and Admitted for Technical Evaluation,Doni Hatimuria,23-Jan-2023 11:51 PM,None,1.0,173559.0,Debo Prasad Ray,16-Jan-2023 05:55 PM,Admitted-Fee/PreQual/Technical,,23-Jan-2023 11:51 PM,"40,000",Yes,fixed,,Nil,Nil,Guwahati Municipal Corporation,GER/CE/1806/2019/241 Dated-19/12/2022,2022_GMC_28546_21,Open Tender,Lump-sum,Works,2.0,No,No,Online,No,No,No,400.0,Nil,Nil,No,"The Commissioner, GMC","THE COMMISSIONER, GUWAHATI MUNICIPAL CORPORATION, 2nd Floor, STATFED Building,G.M.C.H. Road, Bhangagarh, Guwahati-781005",05-Jan-2023 09:00 AM,17-Jan-2023 02:30 PM,05-Jan-2023 09:05 AM,17-Jan-2023 02:00 PM,NA ,NA ,12-Jan-2023 09:00 AM,17-Jan-2023 02:00 PM,1.0,Technical,Technical Bid,,1.0,SBI Bank,Construction of road and drain at kaliya thakur path bye lane 1 Gorchowk,Improvement of Various works under Guwahati Municipal Corporation,Please refer Bid Document ,NA ,"20,00,000",Civil Works – Roads,NA ,Tender,90.0,90.0,Guwahati,781005.0,Guwahati ,"Office of the Chief Engineer Branch, Old Garage, GMC (Near Guwahati Club Fly over, Morasali).  ",07-Jan-2023 02:00 PM ,"Office of the Commissioner, Bhangagarh Guwahati-05",No ,No,1.0,Fee/PreQual/Technical,.pdf,Technical Qualification Part
,,,,,,,,,2.0,173045.0,MS Barman Trade Agency,14-Jan-2023 12:41 PM,Admitted-Fee/PreQual/Technical,,23-Jan-2023 11:51 PM,,,,,,,,,,,,,,,,,,,,,,,,,,,,,,,,,,,,,,,,,,,,,,,,,,,,,,,,,,,,.pdf,Bid Document
,,,,,,,,,3.0,173618.0,RAJIB KUMAR CHOUDHURY,17-Jan-2023 12:26 AM,Admitted-Fee/PreQual/Technical,,23-Jan-2023 11:51 PM,,,,,,,,,,,,,,,,,,,,,,,,,,,,,,,,,,,,,,,,,,,,,,,,,,,,,,,,,,2.0,Finance,.pdf,Contractor Bid
,,,,,,,,,,,,,,,,,,,,,,,,,,,,,,,,,,,,,,,,,,,,,,,,,,,,,,,,,,,,,,,,,,,,,,,,,,,.xls,BOQ
