﻿Type :,Summary :,Updated By :,Updated On :,Document :,S.No,Bid Number,Bidder Name,Submitted Date,Status,Remarks,Status Updated On,S.No.,Corrigendum Title,Corrigendum Type,Corrigendum Description,Corrigendum Reason,Published Date,Document Name,Doc Size(in KB),Organisation Chain :,Tender ID :,Tender Ref No :,Tender Title :,Name,Address,Title,Work Description,Pre Qualification Details,Independent External Monitor/Remarks,Tender Value in ₹,Product Category,Sub category,Contract Type,Bid Validity(Days),Period Of Work(Days),Location,Pincode,Pre Bid Meeting Place,Pre Bid Meeting Address,Pre Bid Meeting Date,Bid Opening Place,Should Allow NDA Tender,Allow Preferential Bidder,Publish Date,Bid Opening Date,Document Download / Sale Start Date,Document Download / Sale End Date,Clarification Start Date,Clarification End Date,Bid Submission Start Date,Bid Submission End Date,S.No,Corrigendum Title,Corrigendum Type,View,Organisation Chain,Tender Reference Number,Tender ID,Tender Type,Form of contract,Tender Category,No. of Covers,General Technical Evaluation Allowed,ItemWise Technical Evaluation Allowed,Payment Mode,Is Multi Currency Allowed For BOQ,Is Multi Currency Allowed For Fee,Allow Two Stage Bidding,EMD Amount in ₹,EMD through BG/ST or EMD Exemption Allowed,EMD Fee Type,EMD Percentage,EMD Payable To,EMD Payable At,Tender Fee in ₹,Fee Payable To,Fee Payable At,Tender Fee Exemption Allowed,S.No.1,Bank Name,Cover No,Cover,Document Type,Description
Technical,Technical bid opened online,Sayed Mujaddid Hussain,11-Nov-2022 01:03 PM,None,1,161575,DAL THOMS SCIENTIFIC,11-Nov-2022 11:35 AM,Admitted-Fee/PreQual/Technical,,11-Nov-2022 01:03 PM,1.0,Cancellation of Tender,Cancellation of Tender,Tender is being cancelled due to some technical reason,Due to admistrative reasons/issues,13-Jan-2023 05:23 PM,Cancellationnotice.pdf ,214.94,Cooperation Department||The west Assam Milk Producers Cooperative Union Limited,2022_CD_27318_1,WAMUL/ APART/ Walkincooler/ 22-23/1,Walk In Cooler,Managing Director,"Purabi Dairy, Panjabari, Guwahati, Assam",Walk In Cooler,Supply Installation Testing and Commissioning of Walk In Coolers,Please refer the published tender documents ,NA ,,Supply of Materials,NA ,Tender,120.0,180.0,"Purabi Dairy, Panjabari, Guwahati, Assam",781037.0,NA ,NA ,NA ,Guwahati,No ,No,11-Oct-2022 04:25 PM,11-Nov-2022 12:30 PM,11-Oct-2022 04:30 PM,11-Nov-2022 12:00 PM,11-Oct-2022 04:35 PM ,18-Oct-2022 11:00 AM ,18-Oct-2022 11:05 AM,11-Nov-2022 12:00 PM,1.0,Cancellation of Tender,Cancellation of Tender,,Cooperation Department||The west Assam Milk Producers Cooperative Union Limited,WAMUL/ APART/ Walkincooler/ 22-23/1,2022_CD_27318_1,Open Tender,Supply,Goods,2.0,No,No,Online,No,No,No,"22,000",No,fixed,,Nil,Nil,0.0,Nil,Nil,No,1.0,SBI Bank,1.0,Fee/PreQual/Technical,.pdf,"General terms and condition, technical specification, EMD, Signed copy of RFQ"
,,,,,2,161533,Hitech Associates,10-Nov-2022 10:32 PM,Admitted-Fee/PreQual/Technical,,11-Nov-2022 01:03 PM,,,,,,,,,,,,,,,,,,,,,,,,,,,,,,,,,,,,,,,,,,,,,,,,,,,,,,,,,,,,,,,,,,,,,,2.0,Finance,.xls,Financial Bid
,,,,,3,161365,ICE MAKE REFRIGERATION LIMITED,10-Nov-2022 05:02 PM,Admitted-Fee/PreQual/Technical,,11-Nov-2022 01:03 PM,,,,,,,,,,,,,,,,,,,,,,,,,,,,,,,,,,,,,,,,,,,,,,,,,,,,,,,,,,,,,,,,,,,,,,,,.pdf,Letter of Quotation financial part
,,,,,4,161074,MS CONSOL,10-Nov-2022 09:49 PM,Admitted-Fee/PreQual/Technical,,11-Nov-2022 01:03 PM,,,,,,,,,,,,,,,,,,,,,,,,,,,,,,,,,,,,,,,,,,,,,,,,,,,,,,,,,,,,,,,,,,,,,,,,,
,,,,,5,161394,spaceconditioning corporation,10-Nov-2022 09:33 AM,Admitted-Fee/PreQual/Technical,,11-Nov-2022 01:03 PM,,,,,,,,,,,,,,,,,,,,,,,,,,,,,,,,,,,,,,,,,,,,,,,,,,,,,,,,,,,,,,,,,,,,,,,,,
