﻿Organisation Chain :,Tender ID :,Tender Ref No :,Tender Title :,This tender has been Cancelled before technical bid opening summary,S.No.,Corrigendum Title,Corrigendum Type,Corrigendum Description,Corrigendum Reason,Published Date,Document Name,Doc Size(in KB),Cover No,Cover,Document Type,Description,S.No,Corrigendum Title,Corrigendum Type,View,EMD Amount in ₹,EMD through BG/ST or EMD Exemption Allowed,EMD Fee Type,EMD Percentage,EMD Payable To,EMD Payable At,Publish Date,Bid Opening Date,Document Download / Sale Start Date,Document Download / Sale End Date,Clarification Start Date,Clarification End Date,Bid Submission Start Date,Bid Submission End Date,Title,Work Description,Pre Qualification Details,Independent External Monitor/Remarks,Tender Value in ₹,Product Category,Sub category,Contract Type,Bid Validity(Days),Period Of Work(Days),Location,Pincode,Pre Bid Meeting Place,Pre Bid Meeting Address,Pre Bid Meeting Date,Bid Opening Place,Should Allow NDA Tender,Allow Preferential Bidder,S.No.1,Bank Name,Organisation Chain,Tender Reference Number,Tender ID,Tender Type,Form of contract,Tender Category,No. of Covers,General Technical Evaluation Allowed,ItemWise Technical Evaluation Allowed,Payment Mode,Is Multi Currency Allowed For BOQ,Is Multi Currency Allowed For Fee,Allow Two Stage Bidding,Tender Fee in ₹,Fee Payable To,Fee Payable At,Tender Fee Exemption Allowed,Name,Address
National Health Mission||State Programme Management Unit - NHM,2022_NHM_25023_38,NHM32017/30/2021-Construction,Construction of Buniyadi Swasthya Kendra (BSK) including Doctor Quarter (1 Unit) and Staff Quarter (4 unit) at various location in Assam on Turnkey Basis (at Nahorbari under Sarupathar LAC in Golaghat District),,1.0,CANCELLATION,Cancellation of Tender,CANCELLATION,Due to admistrative reasons/issues,20-Dec-2022 12:48 PM,CANCELLATIONBSK100.pdf ,1821.35,1.0,Fee/PreQual/Technical,.pdf,SBD,1.0,CANCELLATION,Cancellation of Tender,,"2,98,007",Yes,percentage,2.0%,Nil,Nil,11-Apr-2022 12:00 PM,28-Apr-2022 03:30 PM,11-Apr-2022 12:00 PM,27-Apr-2022 02:00 PM,NA ,NA ,11-Apr-2022 12:00 PM,27-Apr-2022 02:00 PM,Construction of Buniyadi Swasthya Kendra (BSK) including Doctor Quarter (1 Unit) and Staff Quarter (4 unit) at various location in Assam on Turnkey Basis (at Nahorbari under Sarupathar LAC in Golaghat District),Construction of Buniyadi Swasthya Kendra (BSK) including Doctor Quarter (1 Unit) and Staff Quarter (4 unit) at various location in Assam on Turnkey Basis (at Nahorbari under Sarupathar LAC in Golaghat District),Please refer Tender documents. ,NA ,"1,49,00,341",Civil Works - Building,NA ,Tender,180.0,365.0,at Nahorbari under Sarupathar LAC in Golaghat Dist,785618.0,NA ,NA ,NA ,"O/O OF THE MISSION DIRECTOR, NHM, ASSAM",No ,No,1.0,SBI Bank,National Health Mission||State Programme Management Unit - NHM,NHM32017/30/2021-Construction,2022_NHM_25023_38,Open Tender,Turn-key,Works,2.0,No,No,Online,No,No,No,"3,000",Nil,Nil,No,"MISSION DIRECTOR, NHM, ASSAM","O/O OF THE MISSION DIRECTOR, NHM, ASSAM"
,,,,,,,,,,,,,,,.pdf,TENDER PROCESSING FEE AND BID SECURITY DETAILS,2.0,EXTENSION1,Date,,,,,,,,,,,,,,,,,,,,,,,,,,,,,,,,,,,,,,,,,,,,,,,,,,,,,,
,,,,,,,,,,,,,,,.pdf,TECHNICAL QUALIFICATION DETAILS,,,,,,,,,,,,,,,,,,,,,,,,,,,,,,,,,,,,,,,,,,,,,,,,,,,,,,,,,
,,,,,,,,,,,,,2.0,Finance,.xls,BOQ,,,,,,,,,,,,,,,,,,,,,,,,,,,,,,,,,,,,,,,,,,,,,,,,,,,,,,,,,
,,,,,,,,,,,,,,,.pdf,FOB,,,,,,,,,,,,,,,,,,,,,,,,,,,,,,,,,,,,,,,,,,,,,,,,,,,,,,,,,
