﻿Organisation Chain :,Tender ID :,Tender Ref No :,Tender Title :,This tender has been Cancelled before technical bid opening summary,S.No.,Corrigendum Title,Corrigendum Type,Corrigendum Description,Corrigendum Reason,Published Date,Document Name,Doc Size(in KB),Organisation Chain,Tender Reference Number,Tender ID,Tender Type,Form of contract,Tender Category,No. of Covers,General Technical Evaluation Allowed,ItemWise Technical Evaluation Allowed,Payment Mode,Is Multi Currency Allowed For BOQ,Is Multi Currency Allowed For Fee,Allow Two Stage Bidding,Publish Date,Bid Opening Date,Document Download / Sale Start Date,Document Download / Sale End Date,Clarification Start Date,Clarification End Date,Bid Submission Start Date,Bid Submission End Date,S.No,Corrigendum Title,Corrigendum Type,View,Title,Work Description,Pre Qualification Details,Independent External Monitor/Remarks,Tender Value in ₹,Product Category,Sub category,Contract Type,Bid Validity(Days),Period Of Work(Days),Location,Pincode,Pre Bid Meeting Place,Pre Bid Meeting Address,Pre Bid Meeting Date,Bid Opening Place,Should Allow NDA Tender,Allow Preferential Bidder,Tender Fee in ₹,Fee Payable To,Fee Payable At,Tender Fee Exemption Allowed,Cover No,Cover,Document Type,Description,S.No.1,Bank Name,EMD Amount in ₹,EMD through BG/ST or EMD Exemption Allowed,EMD Fee Type,EMD Percentage,EMD Payable To,EMD Payable At,Name,Address
Animal Husbandry and Veterinary Department||Assam Livestock Development Agency,2022_AHVD_27881_1,"ALDA/CON/2021-22/833,23-11-22","Engagement of Unarmed Security, Skilled, Semi-skilled and Unskilled Manpower",,1.0,Cancellation of Tender,Cancellation of Tender,"Due to participation of insufficient number of bidder, the bid is hereby cancelled.",Minimum Bids Not Received,20-Jan-2023 07:12 PM,CCF_000673.pdf ,277.47,Animal Husbandry and Veterinary Department||Assam Livestock Development Agency,"ALDA/CON/2021-22/833,23-11-22",2022_AHVD_27881_1,Open Tender,Supply,Services,2.0,No,No,Online,No,No,No,24-Nov-2022 10:00 AM,27-Dec-2022 03:00 PM,24-Nov-2022 10:00 AM,26-Dec-2022 03:00 PM,NA ,NA ,06-Dec-2022 10:00 AM,26-Dec-2022 03:00 PM,1.0,Cancellation of Tender,Cancellation of Tender,,"Engagement of Unarmed Security, Skilled, Semi-skilled and Unskilled Manpower","Manpower required in FSBS, Barapetta",Please refer Tender documents. ,NA ,"27,50,000",Manpower Supply,NA ,Tender,180.0,335.0,"Frozen Semen Bull Station, Barapetta, Assam",781315.0,NA ,NA ,NA ,"Khanapara, Guwahati, Assam-781022",No ,No,"1,000",Nil,Nil,No,1.0,Fee/PreQual/Technical,.pdf,Letter of Bid (Technical),1.0,SBI Bank,"55,000",No,fixed,,Nil,Nil,Chief Executive Officer,"Assam Livestock Development Agency, Khanapara, Guwahati, Assam, 781022"
,,,,,,,,,,,,,,,,,,,,,,,,,,,,,,,,,,2.0,Extension of End Date of Bid Submission,Date,,,,,,,,,,,,,,,,,,,,,,,,,,.pdf,Documents as per NIT,,,,,,,,,,
,,,,,,,,,,,,,,,,,,,,,,,,,,,,,,,,,,,,,,,,,,,,,,,,,,,,,,,,,,,,,,.pdf,"Supporting Documents, if any",,,,,,,,,,
,,,,,,,,,,,,,,,,,,,,,,,,,,,,,,,,,,,,,,,,,,,,,,,,,,,,,,,,,,,,2.0,Finance,.xls,Financial Bid,,,,,,,,,,
