﻿Publish Date,Bid Opening Date,Document Download / Sale Start Date,Document Download / Sale End Date,Clarification Start Date,Clarification End Date,Bid Submission Start Date,Bid Submission End Date,Financial Bid Opening Date,Organisation Chain,Tender Reference Number,Tender ID,Tender Type,Form of contract,Tender Category,No. of Covers,General Technical Evaluation Allowed,ItemWise Technical Evaluation Allowed,Payment Mode,Is Multi Currency Allowed For BOQ,Is Multi Currency Allowed For Fee,Allow Two Stage Bidding,S.No,Bank Name,EMD Amount in ₹,EMD through BG/ST or EMD Exemption Allowed,EMD Fee Type,EMD Percentage,EMD Payable To,EMD Payable At,Cover No,Cover,Document Type,Description,Name,Address,Tender Fee in ₹,Fee Payable To,Fee Payable At,Tender Fee Exemption Allowed,Title,Work Description,Pre Qualification Details,Independent External Monitor/Remarks,Tender Value in ₹,Product Category,Sub category,Contract Type,Bid Validity(Days),Period Of Work(Days),Location,Pincode,Pre Bid Meeting Place,Pre Bid Meeting Address,Pre Bid Meeting Date,Bid Opening Place,Should Allow NDA Tender,Allow Preferential Bidder,Organisation Chain :,Tender ID :,Tender Ref No :,Tender Title :,S.No,Bid Number,Bidder Name,Submitted Date,Status,Remarks,Status Updated On,Committee Chairperson/Co-ordinator Name :,Committee Chairperson/Co-ordinator Type :,Committee Members :,Updated By :,Updated On :,Financial Bid Opening Date:,Document :,Type :,Summary :,Updated By :.1,Updated On :.1,Document :.1
03-Dec-2022 10:00 AM,21-Dec-2022 02:00 PM,03-Dec-2022 10:00 AM,20-Dec-2022 02:00 PM,03-Dec-2022 10:00 AM ,12-Dec-2022 12:00 PM ,13-Dec-2022 02:00 PM,20-Dec-2022 02:00 PM,10-Mar-2023 02:20 PM,Public Works Roads Department,CE/CMRDP/MMPNA/2022/11,2022_PWD_27924_252,Open Tender,Item Rate,Works,2.0,No,No,Online,No,No,No,1.0,SBI Bank,"3,25,000",Yes,fixed,,Nil,Nil,1.0,Fee/PreQual/Technical,.pdf,Cost of Bid Document,"Chief Engineer,PWD(Roads),Assam","O/o the Chief Engineer, Roads,PWRD Assam, chandmari, Guwahati-781003","3,250",Nil,Nil,Yes,Maint/MMPPNA/217,Maint/MMPPNA/217 Construction of road from Dhamdhama Nalbari PWD Road to 19 no Chataibari G.P Office via Bhelamari M.E Schoo including Routine Maintanence for 4 Years under Mukhya Mantrir Pakipath Nirman AAachani for the year 2022-23,Please refer Tender documents. ,NA ,"1,62,63,000",Civil Works,NA ,Tender,180.0,270.0,Nalbari,781335.0,"O/o the Chief Engineer, Roads,PWRD Assam,chandmari ","O/o the Chief Engineer, Roads,PWRD Assam, chandmari, Guwahati-781003  ",12-Dec-2022 12:00 PM ,"O/o the Chief Engineer, Roads,PWRD Assam,chandmari",No ,No,Public Works Roads Department,2022_PWD_27924_252,CE/CMRDP/MMPNA/2022/11,Maint/MMPPNA/217,1,167707,18ABBFM2733Q1ZV,20-Dec-2022 02:43 AM,Not Admitted-Fee/PreQual/Technical,Others-Withdrawn by the bidder,10-Mar-2023 02:18 PM,Chief Engineer PWD Roads Department Assam,Internal,AEE Maintenance cell EE IBRC Branch SE Traffic Engineering Cell_ Chief Engineer PWD Roads Department Assam,Pranjal Bhattacharyya,10-Mar-2023 02:19 PM,10-Mar-2023 02:20 PM,techsummary_44039.pdf (227.99 KB),Technical,Technical Evaluation Summary Sheet Uploaded,Pranjal Bhattacharyya,10-Mar-2023 02:18 PM,technical_44039.pdf
,,,,,,,,,,,,,,,,,,,,,,,,,,,,,,,,.pdf,Technical Qualification Details,,,,,,,,,,,,,,,,,,,,,,,,,,,,,2,168750,Anju Deka,20-Dec-2022 01:44 PM,Not Admitted-Fee/PreQual/Technical,Not Complied with technical specification,10-Mar-2023 02:18 PM,,,,,,,,,,,,
,,,,,,,,,,,,,,,,,,,,,,,,,,,,,,,,.pdf,Bid Security,,,,,,,,,,,,,,,,,,,,,,,,,,,,,3,167771,Merajul Haque,19-Dec-2022 01:16 PM,Not Admitted-Fee/PreQual/Technical,Others-Withdrawn by the bidder,10-Mar-2023 02:18 PM,,,,,,,,,,,,
,,,,,,,,,,,,,,,,,,,,,,,,,,,,,,,,.pdf,Standard Bidding Document,,,,,,,,,,,,,,,,,,,,,,,,,,,,,4,168529,M/S KAMALA ENTERPRISE,19-Dec-2022 08:02 PM,Not Admitted-Fee/PreQual/Technical,Others-Withdrawn by the Bidder.,10-Mar-2023 02:18 PM,,,,,,,,,,,,
,,,,,,,,,,,,,,,,,,,,,,,,,,,,,,2.0,Finance,.xls,Bill of Quantities,,,,,,,,,,,,,,,,,,,,,,,,,,,,,5,167661,SAURABH TALUKDAR,20-Dec-2022 01:11 AM,Accepted-Technical,Accepted,10-Mar-2023 02:19 PM,,,,,,,,,,,,
,,,,,,,,,,,,,,,,,,,,,,,,,,,,,,,,.pdf,Form Of Bid,,,,,,,,,,,,,,,,,,,,,,,,,,,,,6,167677,Sri Mriganka Das,18-Dec-2022 11:27 PM,Accepted-Technical,Accepted,10-Mar-2023 02:19 PM,,,,,,,,,,,,
