﻿Tender Fee in ₹,Fee Payable To,Fee Payable At,Tender Fee Exemption Allowed,Organisation Chain,Tender Reference Number,Tender ID,Tender Type,Form of contract,Tender Category,No. of Covers,General Technical Evaluation Allowed,ItemWise Technical Evaluation Allowed,Payment Mode,Is Multi Currency Allowed For BOQ,Is Multi Currency Allowed For Fee,Allow Two Stage Bidding,EMD Amount in ₹,EMD through BG/ST or EMD Exemption Allowed,EMD Fee Type,EMD Percentage,EMD Payable To,EMD Payable At,Cover No,Cover,Document Type,Description,Name,Address,S.No,Bank Name,Title,Work Description,Pre Qualification Details,Independent External Monitor/Remarks,Tender Value in ₹,Product Category,Sub category,Contract Type,Bid Validity(Days),Period Of Work(Days),Location,Pincode,Pre Bid Meeting Place,Pre Bid Meeting Address,Pre Bid Meeting Date,Bid Opening Place,Should Allow NDA Tender,Allow Preferential Bidder,Publish Date,Bid Opening Date,Document Download / Sale Start Date,Document Download / Sale End Date,Clarification Start Date,Clarification End Date,Bid Submission Start Date,Bid Submission End Date,Financial Bid Opening Date,Organisation Chain :,Tender ID :,Tender Ref No :,Tender Title :,S.No,Bid Number,Bidder Name,Submitted Date,Status,Remarks,Status Updated On,Committee Chairperson/Co-ordinator Name :,Committee Chairperson/Co-ordinator Type :,Committee Members :,Updated By :,Updated On :,Financial Bid Opening Date:,Document :,Type :,Summary :,Updated By :.1,Updated On :.1,Document :.1,Type :.1,Summary :.1,Updated By :.2,Updated On :.2,Document :.2,BOQ Comparative Chart :
900.0,Nil,Nil,No,Public Works Building and NH Department||Chief Engineer-Building - PWBNH||SE-Nalbari Building Circle PWBNH||Nalbari District Teritorial Building Division,NIT/EE(N)/1/2022-23/1221,2022_PWBNH_26270_1,Open Tender,Item Wise,Works,2.0,No,No,Online,No,No,No,"91,514",Yes,percentage,2.0%,Nil,Nil,1.0,Fee/PreQual/Technical,.pdf,Online Payment Receipt,"EE, PWD Nalbari District Terr. Bldg Divn","O/o the EE, PWD Nalbari District Terr. Bldg Divn",1.0,SBI Bank,"Repair/Renovation of Old Hospital Building e.g. General Ward (Male Female) of SMK Civil Hospital, Nalbari for 45(forty five) Oxygen Bed for Covid-19 emergency","Repair/ Renovation of Old Hospital Building e.g. General Ward (Male Female) of SMK Civil Hospital, Nalbari for 45(forty five) Oxygen Bed for Covid-19 emergency",Please refer Tender documents. ,NA ,"45,75,700",Civil Works - Building,NA ,Tender,180.0,90.0,Nalbari,781335.0,"O/o the EE, PWD Nalbari District Terr Bldg. Divn ","O/o the EE, PWD Nalbari District Terr. Bldg Divn ",15-Jul-2022 12:00 PM ,"O/o the EE, PWD Nalbari District Terr. Bldg Divn",No ,No,08-Jul-2022 03:40 PM,16-Jul-2022 03:00 PM,08-Jul-2022 03:40 PM,16-Jul-2022 02:00 PM,NA ,NA ,08-Jul-2022 03:40 PM,16-Jul-2022 02:00 PM,16-Aug-2022 03:00 PM,Public Works Building and NH Department||Chief Engineer-Building - PWBNH||SE-Nalbari Building Circle PWBNH||Nalbari District Teritorial Building Division,2022_PWBNH_26270_1,NIT/EE(N)/1/2022-23/1221,"Repair/Renovation of Old Hospital Building e.g. General Ward (Male Female) of SMK Civil Hospital, Nalbari for 45(forty five) Oxygen Bed for Covid-19 emergency",1.0,153429.0,M/S S S ENTERPRISE,14-Jul-2022 12:46 PM,Admitted-Finance,,12-Oct-2022 05:21 PM,Pranjal Sarmah,Internal,Verified,Khalilur Rahman,12-Aug-2022 01:27 PM,16-Aug-2022 03:00 PM,techsummary_40578.pdf (1055.34 KB),Technical,Minutes,Khalilur Rahman,06-Aug-2022 02:55 PM,technical_40578.pdf,Finance,Minutes,Khalilur Rahman,12-Oct-2022 05:21 PM,finance_40578.pdf,BOQ Comparative Chart
,,,,,,,,,,,,,,,,,,,,,,,,,.pdf,Bidding Document,,,,,,,,,,,,,,,,,,,,,,,,,,,,,,,,,,,,2.0,153425.0,M/S SUNRISE ENTERPRISE,14-Jul-2022 12:43 PM,Admitted-Finance,,12-Oct-2022 05:21 PM,,,,,,,,,,,,,,,,,,
,,,,,,,,,,,,,,,,,,,,,,,,,.pdf,Technical Qualification Information,,,,,,,,,,,,,,,,,,,,,,,,,,,,,,,,,,,,,,,,,,,,,,,,,,,,,,,,,,,,
,,,,,,,,,,,,,,,,,,,,,,,2.0,Finance,.xls,BOQ,,,,,,,,,,,,,,,,,,,,,,,,,,,,,,,,,,,,,,,,,,,,,,,,,,,,,,,,,,,,
,,,,,,,,,,,,,,,,,,,,,,,,,.pdf,Form of bid,,,,,,,,,,,,,,,,,,,,,,,,,,,,,,,,,,,,,,,,,,,,,,,,,,,,,,,,,,,,
