﻿Cover No,Cover,Document Type,Description,Publish Date,Bid Opening Date,Document Download / Sale Start Date,Document Download / Sale End Date,Clarification Start Date,Clarification End Date,Bid Submission Start Date,Bid Submission End Date,Financial Bid Opening Date,EMD Amount in ₹,EMD through BG/ST or EMD Exemption Allowed,EMD Fee Type,EMD Percentage,EMD Payable To,EMD Payable At,Organisation Chain,Tender Reference Number,Tender ID,Tender Type,Form of contract,Tender Category,No. of Covers,General Technical Evaluation Allowed,ItemWise Technical Evaluation Allowed,Payment Mode,Is Multi Currency Allowed For BOQ,Is Multi Currency Allowed For Fee,Allow Two Stage Bidding,Tender Fee in ₹,Fee Payable To,Fee Payable At,Tender Fee Exemption Allowed,Name,Address,S.No,Instrument Type,S.No.1,Corrigendum Title,Corrigendum Type,View,Title,Work Description,Pre Qualification Details,Independent External Monitor/Remarks,Tender Value in ₹,Product Category,Sub category,Contract Type,Bid Validity(Days),Period Of Work(Days),Location,Pincode,Pre Bid Meeting Place,Pre Bid Meeting Address,Pre Bid Meeting Date,Bid Opening Place,Should Allow NDA Tender,Allow Preferential Bidder,Organisation Chain :,Tender ID :,Tender Ref No :,Tender Title :,Committee Chairperson/Co-ordinator Name :,Committee Chairperson/Co-ordinator Type :,Committee Members :,Updated By :,Updated On :,Financial Bid Opening Date:,Document :,Committee Chairperson/Co-ordinator Name :.1,Committee Chairperson/Co-ordinator Type :.1,Committee Members :.1,Updated By :.1,Updated on :,Document :.1,Contract Date :,Contract Value :,Work Completion Period in days :,Updated By :.2,Updated on :.1,AOC document :,AOC Description :,Type :,Summary :,Updated By :.3,Updated On :.1,Document :.2,BOQ Comparative Chart :,S.No,Bid Number,Bidder Name,Awarded Currency,Awarded Value,S.No.1,Bid Number.1,Bidder Name.1,Submitted Date,Status,Remarks,Status Updated On,Type :.1,Summary :.1,Updated By :.4,Updated On :.2,Document :.3
1.0,Fee/PreQual/Technical,.pdf,Cost of Bid Document,29-Dec-2021 09:00 AM,19-Jan-2022 12:00 PM,29-Dec-2021 09:00 AM,18-Jan-2022 02:00 PM,29-Dec-2021 09:00 AM ,18-Jan-2022 12:00 PM ,29-Dec-2021 09:00 AM,18-Jan-2022 02:00 PM,04-Feb-2022 09:00 AM,"29,82,000",Yes,fixed,,"Chief Engineer, PWD, (Roads), Assam",GUWAHATI,Public Works Roads Department||CE PWD(R) - PWD||Traffic Engineering Cell - PWD,CE/Commn/30/ RIDF27/1_Dibrugarh,2021_PWD_23870_1,Open Tender,Item Rate,Works,2.0,No,No,Offline,No,No,No,"10,000","Empowered Officer, Assam State Road Board",GUWAHATI,Yes,"C.E. PWD (Roads), Assam","O/o the C.E. PWD (Roads), Assam",1.0,DD - Demand Draft,1.0,EMD,Technical Bid,,RE/RIDF-XXVII/Dibrugarh/1 Mohanghat to Mohmari pathar,"Construction of Road on River Embankment of Brahmaputra Dyke from Mohanghat to Mohmari pathar, Ch 0km to Ch 8.00km (Dibrugarh to Dihingmukh Ph I) under RIDF-XXVII of NABARD for the year 2021-22",Please refer Tender documents. ,NA ,"14,91,15,000",Civil Works – Roads,NA ,Tender,180.0,545.0,Dibrugarh,786001.0,NA ,NA ,NA ,"O/o the C.E. PWD (Roads), Assam",No ,No,Public Works Roads Department||CE PWD(R) - PWD||Traffic Engineering Cell - PWD,2021_PWD_23870_1,CE/Commn/30/ RIDF27/1_Dibrugarh,RE/RIDF-XXVII/Dibrugarh/1 Mohanghat to Mohmari pathar,D. Bhuyan,Internal,,CHANDAN DEKA,03-Feb-2022 06:20 PM,04-Feb-2022 09:00 AM,techsummary_36580.pdf (306.87 KB),D. Bhuyan,Internal,,CHANDAN DEKA,14-Jul-2022 06:16 PM,finsummary_36580.pdf (774.98 KB),14-Jul-2022,INR 134203500.00,545.0,CHANDAN DEKA,14-Jul-2022 06:18 PM,Dibrugarh-1.pdf (775.00 KB),,Finance,Fin Op,Munindra Barman,04-Feb-2022 02:20 PM,None,BOQ Comparative Chart,1.0,129699.0,NUMAL SAIKIA,INR,134203500.0,1.0,129699.0,NUMAL SAIKIA,18-Jan-2022 07:52 AM,Accepted-AOC,awarded,14-Jul-2022 06:18 PM,Technical,TBE,CHANDAN DEKA,03-Feb-2022 06:08 PM,None
,,.pdf,Bid Security,,,,,,,,,,,,,,,,,,,,,,,,,,,,,,,,,,,2.0,BC - Bankers Cheque,,,,,,,,,,,,,,,,,,,,,,,,,,,,,,,,,,,,,,,,,,,,,,,,,,,,,,,,,,2.0,129816.0,Ranjan Dutta,17-Jan-2022 02:20 PM,Rejected-AOC,Not awarded,14-Jul-2022 06:18 PM,,,,,
,,.pdf,Technical Qualification details,,,,,,,,,,,,,,,,,,,,,,,,,,,,,,,,,,,3.0,BG - Bank Guarantee Irrevocable,,,,,,,,,,,,,,,,,,,,,,,,,,,,,,,,,,,,,,,,,,,,,,,,,,,,,,,,,,,,,,,,,,,,,
2.0,Finance,.pdf,Form of Bid,,,,,,,,,,,,,,,,,,,,,,,,,,,,,,,,,,,4.0,FDR - Fixed Deposit Receipt,,,,,,,,,,,,,,,,,,,,,,,,,,,,,,,,,,,,,,,,,,,,,,,,,,,,,,,,,,,,,,,,,,,,,
,,.xls,Bill of Quantity,,,,,,,,,,,,,,,,,,,,,,,,,,,,,,,,,,,,,,,,,,,,,,,,,,,,,,,,,,,,,,,,,,,,,,,,,,,,,,,,,,,,,,,,,,,,,,,,,,,,,,,,,
