﻿EMD Amount in ₹,EMD through BG/ST or EMD Exemption Allowed,EMD Fee Type,EMD Percentage,EMD Payable To,EMD Payable At,Tender Fee in ₹,Fee Payable To,Fee Payable At,Tender Fee Exemption Allowed,S.No,Bank Name,Organisation Chain,Tender Reference Number,Tender ID,Tender Type,Form of contract,Tender Category,No. of Covers,General Technical Evaluation Allowed,ItemWise Technical Evaluation Allowed,Payment Mode,Is Multi Currency Allowed For BOQ,Is Multi Currency Allowed For Fee,Allow Two Stage Bidding,Cover No,Cover,Document Type,Description,Publish Date,Bid Opening Date,Document Download / Sale Start Date,Document Download / Sale End Date,Clarification Start Date,Clarification End Date,Bid Submission Start Date,Bid Submission End Date,Financial Bid Opening Date,Title,Work Description,Pre Qualification Details,Independent External Monitor/Remarks,Tender Value in ₹,Product Category,Sub category,Contract Type,Bid Validity(Days),Period Of Work(Days),Location,Pincode,Pre Bid Meeting Place,Pre Bid Meeting Address,Pre Bid Meeting Date,Bid Opening Place,Should Allow NDA Tender,Allow Preferential Bidder,Name,Address,Organisation Chain :,Tender ID :,Tender Ref No :,Tender Title :,Committee Chairperson/Co-ordinator Name :,Committee Chairperson/Co-ordinator Type :,Committee Members :,Updated By :,Updated On :,Financial Bid Opening Date:,Document :,Type :,Summary :,Updated By :.1,Updated On :.1,Document :.1,BOQ Comparative Chart :,S.No,Bid Number,Bidder Name,Submitted Date,Status,Remarks,Status Updated On,Type :.1,Summary :.1,Updated By :.2,Updated On :.2,Document :.2
"9,983",Yes,fixed,,Nil,Nil,100.0,Nil,Nil,No,1.0,SBI Bank,Industries and Commerce Department||Assam Petro-Chemicals Ltd.||Head office Namrup||Materials Management Department,APL/CnP/Proj-Civil/2022-23/125,2023_ICD_29972_1,Open Limited,Item Rate,Works,2.0,No,No,Online,No,No,No,1.0,Fee/PreQual/Technical,.pdf,EMD and Unpriced Bid,20-Mar-2023 03:00 PM,28-Mar-2023 03:00 PM,20-Mar-2023 03:00 PM,27-Mar-2023 03:00 PM,NA ,NA ,20-Mar-2023 03:00 PM,27-Mar-2023 03:00 PM,04-Apr-2023 03:30 PM,PAINTING WORK OF UTILITY BUILDING AND PART OF STRUCTURES AT 500 TPD METHANOL PLANT,PAINTING WORK OF UTILITY BUILDING AND PART OF STRUCTURES AT 500 TPD METHANOL PLANT,Please refer Tender documents. ,NA ,,Civil Works,NA ,Tender,180.0,15.0,Assam Petrochemicals Limited,786623.0,NA ,NA ,NA ,APL Namrup,No ,No,Dy General Manager C n P,APL Namrup,Industries and Commerce Department||Assam Petro-Chemicals Ltd.||Head office Namrup||Materials Management Department,2023_ICD_29972_1,APL/CnP/Proj-Civil/2022-23/125,PAINTING WORK OF UTILITY BUILDING AND PART OF STRUCTURES AT 500 TPD METHANOL PLANT,N.B.Borah,Internal,"P.Barman, P.Hazarika, S.Khemani, K.B.Chetri, A.Gayan",Pranab Barman,04-Apr-2023 03:07 PM,04-Apr-2023 03:30 PM,techsummary_48201.pdf (441.53 KB),Finance,The Financial Bids have been admitted for further Technical Evaluation,Manob Borthakur,04-Apr-2023 05:01 PM,None,BOQ Comparative Chart,1,181171,B.G. Enterprises,26-Mar-2023 09:10 PM,Admitted-Finance,,04-Apr-2023 05:01 PM,Technical,"The technical bid submitted by bidder B.G. Enterprises, CHETIA INFRACON PVT. LTD, M/S GANPATI ENTERPRISE, GAURI DIRIAL have been admitted for evaluation.",Manob Borthakur,28-Mar-2023 04:22 PM,None
,,,,,,,,,,,,,,,,,,,,,,,,,,,.pdf,Unpriced Bid,,,,,,,,,,,,,,,,,,,,,,,,,,,,,,,,,,,,,,,,,,,,,,,2,181333,CHETIA INFRACON PVT. LTD,27-Mar-2023 11:28 AM,Admitted-Finance,,04-Apr-2023 05:01 PM,,,,,
,,,,,,,,,,,,,,,,,,,,,,,,,2.0,Finance,.xls,Price bID,,,,,,,,,,,,,,,,,,,,,,,,,,,,,,,,,,,,,,,,,,,,,,,3,181373,GAURI DIRIAL,27-Mar-2023 02:48 PM,Admitted-Finance,,04-Apr-2023 05:01 PM,,,,,
,,,,,,,,,,,,,,,,,,,,,,,,,,,,,,,,,,,,,,,,,,,,,,,,,,,,,,,,,,,,,,,,,,,,,,,,,,,4,181350,M/S GANPATI ENTERPRISE,27-Mar-2023 12:24 PM,Admitted-Finance,,04-Apr-2023 05:01 PM,,,,,
