﻿Organisation Chain,Tender Reference Number,Tender ID,Tender Type,Form of contract,Tender Category,No. of Covers,General Technical Evaluation Allowed,ItemWise Technical Evaluation Allowed,Payment Mode,Is Multi Currency Allowed For BOQ,Is Multi Currency Allowed For Fee,Allow Two Stage Bidding,Publish Date,Bid Opening Date,Document Download / Sale Start Date,Document Download / Sale End Date,Clarification Start Date,Clarification End Date,Bid Submission Start Date,Bid Submission End Date,Financial Bid Opening Date,Cover No,Cover,Document Type,Description,Tender Fee in ₹,Fee Payable To,Fee Payable At,Tender Fee Exemption Allowed,S.No,Bank Name,Name,Address,EMD Amount in ₹,EMD through BG/ST or EMD Exemption Allowed,EMD Fee Type,EMD Percentage,EMD Payable To,EMD Payable At,Title,Work Description,Pre Qualification Details,Independent External Monitor/Remarks,Tender Value in ₹,Product Category,Sub category,Contract Type,Bid Validity(Days),Period Of Work(Days),Location,Pincode,Pre Bid Meeting Place,Pre Bid Meeting Address,Pre Bid Meeting Date,Bid Opening Place,Should Allow NDA Tender,Allow Preferential Bidder,Organisation Chain :,Tender ID :,Tender Ref No :,Tender Title :,Committee Chairperson/Co-ordinator Name :,Committee Chairperson/Co-ordinator Type :,Committee Members :,Updated By :,Updated On :,Financial Bid Opening Date:,Document :,Committee Chairperson/Co-ordinator Name :.1,Committee Chairperson/Co-ordinator Type :.1,Committee Members :.1,Updated By :.1,Updated on :,Document :.1,Contract Date :,Contract Value :,Work Completion Period in days :,Updated By :.2,Updated on :.1,AOC document :,AOC Description :,Type :,Summary :,Updated By :.3,Updated On :.1,Document :.2,BOQ Comparative Chart :,S.No,Bid Number,Bidder Name,Awarded Currency,Awarded Value,S.No.1,Bid Number.1,Bidder Name.1,Submitted Date,Status,Remarks,Status Updated On,Type :.1,Summary :.1,Updated By :.4,Updated On :.2,Document :.3
Public Works Roads Department,CS/JHTRD/SOPD(G)/49/2022-23,2022_PWD_27778_1,Open Tender,Item Rate,Works,2.0,No,No,Online,No,No,No,16-Nov-2022 02:00 PM,28-Dec-2022 02:00 PM,16-Nov-2022 02:00 PM,27-Dec-2022 02:00 PM,06-Dec-2022 02:00 PM ,19-Dec-2022 02:00 PM ,20-Dec-2022 02:00 PM,27-Dec-2022 02:00 PM,10-Jan-2023 12:00 PM,1.0,Fee/PreQual/Technical,.pdf,SBD,900.0,Nil,Nil,Yes,1.0,SBI Bank,Executive Engineer JHTRD Amingaon,O O the Executive Engineer JHTRD Amingaon,"82,500",Yes,fixed,,Nil,Nil,Reconstruction of damaged portion of Kamakhya Station Road under state priority under SOPD-G for the year 2022-23,Reconstruction of damaged portion of Kamakhya Station Road under state priority under SOPD-G for the year 2022-23,NA ,NA ,"41,22,000",Civil Works,NA ,Tender,180.0,90.0,Amingaon,781031.0,Executive Engineer JHTRD Amingaon ,Executive Engineer JHTRD Amingaon ,19-Dec-2022 02:00 PM ,Executive Engineer JHTRD Amingaon,No ,No,Public Works Roads Department,2022_PWD_27778_1,CS/JHTRD/SOPD(G)/49/2022-23,Reconstruction of damaged portion of Kamakhya Station Road under state priority under SOPD-G for the year 2022-23,Mridul Das Executive Engineer,Internal,Jatindra Baishya AEE TC Diganta Saikia AEE Panchanan Boruah AEE,Deepjyoti Medhi,09-Jan-2023 02:00 PM,10-Jan-2023 12:00 PM,techsummary_43151.pdf (324.51 KB),MRIDUL DAS EXECUTIVE ENGINEER,Internal,Jatindra Baishya AEE TC Panchanan Boruah AEE Diganta Saikia AEE,Biren Baruah,30-Mar-2023 09:59 PM,finsummary_43151.pdf (345.48 KB),30-Mar-2023,INR 3709800.00,90.0,Biren Baruah,30-Mar-2023 10:34 PM,FWO.pdf (1305.00 KB),,Finance,Financial Bid Opening,Deepjyoti Medhi,10-Jan-2023 02:04 PM,finance_43151.pdf,BOQ Comparative Chart,1.0,170479.0,M/S M S Enterprise,INR,3709800.0,1,169549,Anup chakraborty,22-Dec-2022 12:52 PM,Rejected-AOC,rejected,30-Mar-2023 10:39 PM,Technical,Technical Bid is opened,Biren Baruah,29-Dec-2022 01:46 PM,None
,,,,,,,,,,,,,,,,,,,,,,2.0,Finance,.xls,BOQ,,,,,,,,,,,,,,,,,,,,,,,,,,,,,,,,,,,,,,,,,,,,,,,,,,,,,,,,,,,,,,,,,,,,2,170479,M/S M S Enterprise,26-Dec-2022 08:05 PM,Accepted-AOC,accepted,30-Mar-2023 10:39 PM,,,,,
,,,,,,,,,,,,,,,,,,,,,,,,.pdf,FOB,,,,,,,,,,,,,,,,,,,,,,,,,,,,,,,,,,,,,,,,,,,,,,,,,,,,,,,,,,,,,,,,,,,,3,170234,NARAYAN DAS,26-Dec-2022 08:37 PM,Rejected-AOC,rejected,30-Mar-2023 10:39 PM,,,,,
,,,,,,,,,,,,,,,,,,,,,,,,,,,,,,,,,,,,,,,,,,,,,,,,,,,,,,,,,,,,,,,,,,,,,,,,,,,,,,,,,,,,,,,,,,,,,4,170386,UDAY SANKAR DAS,26-Dec-2022 09:07 PM,Rejected-AOC,rejected,30-Mar-2023 10:39 PM,,,,,
