﻿Name,Address,S.No,Bank Name,Organisation Chain,Tender Reference Number,Tender ID,Tender Type,Form of contract,Tender Category,No. of Covers,General Technical Evaluation Allowed,ItemWise Technical Evaluation Allowed,Payment Mode,Is Multi Currency Allowed For BOQ,Is Multi Currency Allowed For Fee,Allow Two Stage Bidding,Tender Fee in ₹,Fee Payable To,Fee Payable At,Tender Fee Exemption Allowed,Cover No,Cover,Document Type,Description,Publish Date,Bid Opening Date,Document Download / Sale Start Date,Document Download / Sale End Date,Clarification Start Date,Clarification End Date,Bid Submission Start Date,Bid Submission End Date,Financial Bid Opening Date,Title,Work Description,Pre Qualification Details,Independent External Monitor/Remarks,Tender Value in ₹,Product Category,Sub category,Contract Type,Bid Validity(Days),Period Of Work(Days),Location,Pincode,Pre Bid Meeting Place,Pre Bid Meeting Address,Pre Bid Meeting Date,Bid Opening Place,Should Allow NDA Tender,Allow Preferential Bidder,EMD Amount in ₹,EMD through BG/ST or EMD Exemption Allowed,EMD Fee Type,EMD Percentage,EMD Payable To,EMD Payable At,Committee Chairperson/Co-ordinator Name :,Committee Chairperson/Co-ordinator Type :,Committee Members :,Updated By :,Updated on :,Document :,Organisation Chain :,Tender ID :,Tender Ref No :,Tender Title :,S.No,Bid Number,Bidder Name,Awarded Currency,Awarded Value,S.No.1,Bid Number.1,Bidder Name.1,Submitted Date,Status,Remarks,Status Updated On,Committee Chairperson/Co-ordinator Name :.1,Committee Chairperson/Co-ordinator Type :.1,Committee Members :.1,Updated By :.1,Updated On :,Financial Bid Opening Date:,Document :.1,Contract Date :,Contract Value :,Work Completion Period in days :,Updated By :.2,Updated on :.1,AOC document :,AOC Description :,Type :,Summary :,Updated By :.3,Updated On :.1,Document :.2,Type :.1,Summary :.1,Updated By :.4,Updated On :.2,Document :.3,BOQ Comparative Chart :
"Superintending Engineer, PWD Dibrugarh Building Ci","Superintending Engineer, PWD Dibrugarh Building Circle, Dibrugarh",1.0,SBI Bank,Public Works Building and NH Department||Chief Engineer-Building - PWBNH||SE-Jorhat Circle - PWBNH||EE-Dibrugarh Building Division - PWBNH,SE(B)/DIB/CS-08/22-23/792-A,2022_PWBNH_27405_1,Open Tender,Item Rate,Works,2.0,No,No,Online,No,No,No,"1,472",Nil,Nil,No,1.0,Fee/PreQual/Technical,.pdf,Cost of bid,18-Oct-2022 09:00 AM,29-Oct-2022 03:00 PM,18-Oct-2022 09:00 AM,29-Oct-2022 02:00 PM,NA ,NA ,18-Oct-2022 09:00 AM,29-Oct-2022 02:00 PM,05-Nov-2022 09:00 AM,Construction of RCC Retaining wall brick boundary wall in the periphery of the Cancer Hospital Campus at AMCH Dibrugarh Group 2,Construction of RCC Retaining wall brick boundary wall in the periphery of the Cancer Hospital Campus at AMCH Dibrugarh Group 2,Please refer Tender documents. ,NA ,"73,59,602",Civil Works - Building,NA ,Tender,180.0,300.0,AMC Campus Dibrugarh,786003.0,"Superintending Engineer, PWD Dibrugarh Building Ci ","Superintending Engineer, PWD Dibrugarh Building Circle, Dibrugarh ",19-Oct-2022 11:00 AM ,"Superintending Engineer, PWD Dibrugarh Building Ci",No ,No,"1,47,193",Yes,fixed,,Nil,Nil,Lokesh Mazumdar,Internal,Lokesh Mazumdar,Lokesh Mazumdar,12-Nov-2022 10:58 AM,finsummary_42100.pdf (377.70 KB),Public Works Building and NH Department||Chief Engineer-Building - PWBNH||SE-Jorhat Circle - PWBNH||EE-Dibrugarh Building Division - PWBNH,2022_PWBNH_27405_1,SE(B)/DIB/CS-08/22-23/792-A,Construction of RCC Retaining wall brick boundary wall in the periphery of the Cancer Hospital Campus at AMCH Dibrugarh Group 2,1.0,160462.0,O.P.GARODIA,INR,7359581.0,1.0,160452.0,M/S V. G. CONSTRUCTION,26-Oct-2022 04:15 PM,Rejected-AOC,LII,19-Nov-2022 11:41 AM,Lokesh Mazumdar,Internal,Lokesh Mazumdar,Lokesh Mazumdar,04-Nov-2022 10:39 PM,05-Nov-2022 09:00 AM,techsummary_42100.pdf (379.68 KB),18-Nov-2022,INR 7359581.00,365.0,Bhashkar Jyoti Konwar,19-Nov-2022 11:39 AM,fwo.pdf (438.00 KB),Formal Work Order issued,Technical,opening summary,Mridul Baglari,02-Nov-2022 10:40 AM,technical_42100.pdf,Finance,Financial bid summary,Bhashkar Jyoti Konwar,05-Nov-2022 02:09 PM,finance_42100.pdf,BOQ Comparative Chart
,,,,,,,,,,,,,,,,,,,,,,,.pdf,EMD,,,,,,,,,,,,,,,,,,,,,,,,,,,,,,,,,,,,,,,,,,,,,,,,,2.0,160462.0,O.P.GARODIA,26-Oct-2022 12:55 PM,Accepted-AOC,Accept,19-Nov-2022 11:41 AM,,,,,,,,,,,,,,,,,,,,,,,,,
,,,,,,,,,,,,,,,,,,,,,,,.pdf,SBD,,,,,,,,,,,,,,,,,,,,,,,,,,,,,,,,,,,,,,,,,,,,,,,,,3.0,160173.0,Ramjilal Garodia,26-Oct-2022 04:24 PM,Rejected-AOC,LIII,19-Nov-2022 11:41 AM,,,,,,,,,,,,,,,,,,,,,,,,,
,,,,,,,,,,,,,,,,,,,,,,,.pdf,Tech Qualification,,,,,,,,,,,,,,,,,,,,,,,,,,,,,,,,,,,,,,,,,,,,,,,,,,,,,,,,,,,,,,,,,,,,,,,,,,,,,,,,
,,,,,,,,,,,,,,,,,,,,,2.0,Finance,.xls,BOQ,,,,,,,,,,,,,,,,,,,,,,,,,,,,,,,,,,,,,,,,,,,,,,,,,,,,,,,,,,,,,,,,,,,,,,,,,,,,,,,,
,,,,,,,,,,,,,,,,,,,,,,,.pdf,FOB,,,,,,,,,,,,,,,,,,,,,,,,,,,,,,,,,,,,,,,,,,,,,,,,,,,,,,,,,,,,,,,,,,,,,,,,,,,,,,,,
