﻿Type :,Summary :,Updated By :,Updated On :,Document :,Committee Chairperson/Co-ordinator Name :,Committee Chairperson/Co-ordinator Type :,Committee Members :,Updated By :.1,Updated on :,Document :.1,S.No,Bid Number,Bidder Name,Submitted Date,Status,Remarks,Status Updated On,Contract Date :,Contract Value :,Work Completion Period in days :,Updated By :.2,Updated on :.1,AOC document :,AOC Description :,Type :.1,Summary :.1,Updated By :.3,Updated On :.1,Document :.2,BOQ Comparative Chart :,Committee Chairperson/Co-ordinator Name :.1,Committee Chairperson/Co-ordinator Type :.1,Committee Members :.1,Updated By :.4,Updated On :.2,Financial Bid Opening Date:,Document :.3,Organisation Chain :,Tender ID :,Tender Ref No :,Tender Title :,S.No.1,Bid Number.1,Bidder Name.1,Awarded Currency,Awarded Value,Name,Address,Publish Date,Bid Opening Date,Document Download / Sale Start Date,Document Download / Sale End Date,Clarification Start Date,Clarification End Date,Bid Submission Start Date,Bid Submission End Date,Financial Bid Opening Date,Cover No,Cover,Document Type,Description,Tender Fee in ₹,Fee Payable To,Fee Payable At,Tender Fee Exemption Allowed,S.No,Bank Name,Organisation Chain,Tender Reference Number,Tender ID,Tender Type,Form of contract,Tender Category,No. of Covers,General Technical Evaluation Allowed,ItemWise Technical Evaluation Allowed,Payment Mode,Is Multi Currency Allowed For BOQ,Is Multi Currency Allowed For Fee,Allow Two Stage Bidding,Title,Work Description,Pre Qualification Details,Independent External Monitor/Remarks,Tender Value in ₹,Product Category,Sub category,Contract Type,Bid Validity(Days),Period Of Work(Days),Location,Pincode,Pre Bid Meeting Place,Pre Bid Meeting Address,Pre Bid Meeting Date,Bid Opening Place,Should Allow NDA Tender,Allow Preferential Bidder,EMD Amount in ₹,EMD through BG/ST or EMD Exemption Allowed,EMD Fee Type,EMD Percentage,EMD Payable To,EMD Payable At
Technical,Technical evaluation of the submitted bid will be carried out and summary of Technical Evaluation will be uploaded later,Sanjib Boruah,22-Oct-2022 11:42 AM,technical_41914.pdf,Superintending Engineer GU,Internal,,Sanjib Boruah,04-Jan-2023 03:04 PM,finsummary_41914.pdf (60.50 KB),1.0,159802.0,Debashish Goswami,20-Oct-2022 01:14 PM,Accepted-AOC,Being the lowest bidder,23-Jan-2023 03:54 PM,11-Jan-2023,INR 26169263.00,540.0,Sanjib Boruah,23-Jan-2023 03:53 PM,workorder.pdf (1045.00 KB),,Finance,The financial evaluation of the submitted price bids will be carried out and summary of the financial evaluation will be uploaded later,Sanjib Boruah,15-Dec-2022 04:25 PM,finance_41914.pdf,BOQ Comparative Chart,Superintending Engineer GU,Internal,,Sanjib Boruah,13-Dec-2022 12:51 PM,15-Dec-2022 02:30 PM,techsummary_41914.pdf (80.50 KB),Gauhati University,2022_GU_27246_1,T/22-23/128 dated 29.09.2022,Construction of Girls Hostel funded by AICTE under CAFES NER Scheme 2021-22 at Gauhati University,1.0,159802.0,Debashish Goswami,INR,26169263.0,Superintending Engineer GU,office of the Superintending Engineer GU,30-Sep-2022 02:30 PM,21-Oct-2022 02:30 PM,30-Sep-2022 02:30 PM,20-Oct-2022 02:00 PM,NA ,NA ,30-Sep-2022 02:30 PM,20-Oct-2022 02:00 PM,15-Dec-2022 02:30 PM,1.0,Fee/PreQual/Technical,.pdf,Tender Document,"6,000",Nil,Nil,No,1.0,SBI Bank,Gauhati University,T/22-23/128 dated 29.09.2022,2022_GU_27246_1,Open Tender,Item Rate,Works,2.0,No,No,Online,No,No,No,Construction of Girls Hostel funded by AICTE under CAFES NER Scheme 2021-22 at Gauhati University,Construction of Girls Hostel funded by AICTE under CAFES NER Scheme 2021-22 at Gauhati University,Please refer Tender documents. ,NA ,"2,99,23,821",Composite Works,NA ,Tender,180.0,540.0,Gauhati University,781014.0,office of the Superintending Engineer GU ,office of the Superintending Engineer GU ,14-Oct-2022 02:00 PM ,office of the Superintending Engineer GU,No ,No,"5,98,476",Yes,fixed,,Nil,Nil
,,,,,,,,,,,2.0,160155.0,M/s Agnishanti Buildtech Pvt Ltd,20-Oct-2022 12:40 PM,Rejected-Finance,Not being the lowest bidder,04-Jan-2023 03:04 PM,,,,,,,,,,,,,,,,,,,,,,,,,,,,,,,,,,,,,,,,,,,.pdf,Technical Qualification Document,,,,,,,,,,,,,,,,,,,,,,,,,,,,,,,,,,,,,,,,,,,
,,,,,,,,,,,3.0,160256.0,OM CONSTRUCTIONS,20-Oct-2022 12:18 PM,Rejected-Technical,Technically disqualified,13-Dec-2022 12:51 PM,,,,,,,,,,,,,,,,,,,,,,,,,,,,,,,,,,,,,,,,,,,.pdf,Annexures,,,,,,,,,,,,,,,,,,,,,,,,,,,,,,,,,,,,,,,,,,,
,,,,,,,,,,,,,,,,,,,,,,,,,,,,,,,,,,,,,,,,,,,,,,,,,,,,,,,,,,2.0,Finance,.xls,BOQ,,,,,,,,,,,,,,,,,,,,,,,,,,,,,,,,,,,,,,,,,,,
,,,,,,,,,,,,,,,,,,,,,,,,,,,,,,,,,,,,,,,,,,,,,,,,,,,,,,,,,,,,.pdf,Form Of Bid,,,,,,,,,,,,,,,,,,,,,,,,,,,,,,,,,,,,,,,,,,,
