﻿Title,Work Description,Pre Qualification Details,Independent External Monitor/Remarks,Tender Value in ₹,Product Category,Sub category,Contract Type,Bid Validity(Days),Period Of Work(Days),Location,Pincode,Pre Bid Meeting Place,Pre Bid Meeting Address,Pre Bid Meeting Date,Bid Opening Place,Should Allow NDA Tender,Allow Preferential Bidder,Cover No,Cover,Document Type,Description,Publish Date,Bid Opening Date,Document Download / Sale Start Date,Document Download / Sale End Date,Clarification Start Date,Clarification End Date,Bid Submission Start Date,Bid Submission End Date,Financial Bid Opening Date,S.No,Bank Name,Name,Address,Tender Fee in ₹,Fee Payable To,Fee Payable At,Tender Fee Exemption Allowed,Organisation Chain,Tender Reference Number,Tender ID,Tender Type,Form of contract,Tender Category,No. of Covers,General Technical Evaluation Allowed,ItemWise Technical Evaluation Allowed,Payment Mode,Is Multi Currency Allowed For BOQ,Is Multi Currency Allowed For Fee,Allow Two Stage Bidding,EMD Amount in ₹,EMD through BG/ST or EMD Exemption Allowed,EMD Fee Type,EMD Percentage,EMD Payable To,EMD Payable At,Organisation Chain :,Tender ID :,Tender Ref No :,Tender Title :,S.No,Bid Number,Bidder Name,Submitted Date,Status,Remarks,Status Updated On,Committee Chairperson/Co-ordinator Name :,Committee Chairperson/Co-ordinator Type :,Committee Members :,Updated By :,Updated On :,Financial Bid Opening Date:,Document :,Type :,Summary :,Updated By :.1,Updated On :.1,Document :.1
"Maint/MMPPNA/178 Construction of road from Widening of Sullung to Borghuli Ch. 0.00 to 440.00 m,Ch. 1238.00 m to 1325.00 m, Ch. 2616.00 m to 2663.00 m","Maint/MMPPNA/178 Construction of road from Widening of Sullung to Borghuli Ch. 0.00 to 440.00 m,Ch. 1238.00 m to 1325.00 m, Ch. 2616.00 m to 2663.00 m, Ch. 2709.00 to 2747.00 m and 3760.00 to 3881.00 etc.Please refer Tender documents.",Please refer Tender documents. ,NA ,"2,90,49,000",Civil Works,NA ,Tender,180.0,365.0,Kaliabor,781003.0,"O/o the Chief Engineer, Roads,PWRD Assam,chandmari ","O/o the Chief Engineer, Roads,PWRD Assam, chandmari, Guwahati-781003  ",12-Dec-2022 12:00 PM ,"O/o the Chief Engineer, Roads,PWRD Assam,chandmari",No ,No,1.0,Fee/PreQual/Technical,.pdf,Cost of Bid Document,03-Dec-2022 06:00 PM,21-Dec-2022 02:00 PM,03-Dec-2022 06:00 PM,20-Dec-2022 02:00 PM,03-Dec-2022 06:00 PM ,12-Dec-2022 12:00 PM ,13-Dec-2022 02:00 PM,20-Dec-2022 02:00 PM,07-Feb-2023 06:00 PM,1.0,SBI Bank,"Chief Engineer,PWD(Roads),Assam","O/o the Chief Engineer, Roads,PWRD Assam, chandmari, Guwahati-781003","5,810",Nil,Nil,Yes,Public Works Roads Department,CE/CMRDP/MMPNA/2022/11,2022_PWD_27924_285,Open Tender,Item Rate,Works,2.0,No,No,Online,No,No,No,"5,81,000",Yes,fixed,,Nil,Nil,Public Works Roads Department,2022_PWD_27924_285,CE/CMRDP/MMPNA/2022/11,"Maint/MMPPNA/178 Construction of road from Widening of Sullung to Borghuli Ch. 0.00 to 440.00 m,Ch. 1238.00 m to 1325.00 m, Ch. 2616.00 m to 2663.00 m",1.0,166560.0,PALLAB KUMAR PANDIT,17-Dec-2022 03:49 PM,Accepted-Technical,Accept,07-Feb-2023 05:55 PM,Chief Engineer_PWD _Roads_Department_Assam,Internal,AEE_Maintenance_cell_EE_IBRC_Branch_SE_Traffic_Engineering_Cell_ Chief Engineer_PWD _Roads_Department_Assam,Mohd Mahbubul Islam,07-Feb-2023 05:55 PM,07-Feb-2023 06:00 PM,techsummary_44160.pdf (218.47 KB),Technical,Technical_Evaluation_Summary_Sheet_Uploaded,Mohd Mahbubul Islam,07-Feb-2023 05:53 PM,technical_44160.pdf
,,,,,,,,,,,,,,,,,,,,.pdf,Technical Qualification Details,,,,,,,,,,,,,,,,,,,,,,,,,,,,,,,,,,,,,,,,,2.0,166566.0,Sri Satyajit Bora,16-Dec-2022 02:26 PM,Accepted-Technical,Accept,07-Feb-2023 05:55 PM,,,,,,,,,,,,
,,,,,,,,,,,,,,,,,,,,.pdf,Bid Security,,,,,,,,,,,,,,,,,,,,,,,,,,,,,,,,,,,,,,,,,,,,,,,,,,,,,,,,,,,
,,,,,,,,,,,,,,,,,,,,.pdf,Standard Bidding Document,,,,,,,,,,,,,,,,,,,,,,,,,,,,,,,,,,,,,,,,,,,,,,,,,,,,,,,,,,,
,,,,,,,,,,,,,,,,,,2.0,Finance,.xls,Bill of Quantities,,,,,,,,,,,,,,,,,,,,,,,,,,,,,,,,,,,,,,,,,,,,,,,,,,,,,,,,,,,
,,,,,,,,,,,,,,,,,,,,.pdf,Form Of Bid,,,,,,,,,,,,,,,,,,,,,,,,,,,,,,,,,,,,,,,,,,,,,,,,,,,,,,,,,,,
