﻿Tender Fee in ₹,Fee Payable To,Fee Payable At,Tender Fee Exemption Allowed,Publish Date,Bid Opening Date,Document Download / Sale Start Date,Document Download / Sale End Date,Clarification Start Date,Clarification End Date,Bid Submission Start Date,Bid Submission End Date,S.No,Bank Name,Name,Address,Organisation Chain,Tender Reference Number,Tender ID,Tender Type,Form of contract,Tender Category,No. of Covers,General Technical Evaluation Allowed,ItemWise Technical Evaluation Allowed,Payment Mode,Is Multi Currency Allowed For BOQ,Is Multi Currency Allowed For Fee,Allow Two Stage Bidding,S.No.1,Corrigendum Title,Corrigendum Type,View,Cover No,Cover,Document Type,Description,Title,Work Description,Pre Qualification Details,Independent External Monitor/Remarks,Tender Value in ₹,Product Category,Sub category,Contract Type,Bid Validity(Days),Period Of Work(Days),Location,Pincode,Pre Bid Meeting Place,Pre Bid Meeting Address,Pre Bid Meeting Date,Bid Opening Place,Should Allow NDA Tender,Allow Preferential Bidder,EMD Amount in ₹,EMD through BG/ST or EMD Exemption Allowed,EMD Fee Type,EMD Percentage,EMD Payable To,EMD Payable At,Organisation Chain :,Tender ID :,Tender Ref No :,Tender Title :,S.No.,Corrigendum Title,Corrigendum Type,Corrigendum Description,Corrigendum Reason,Published Date,Document Name,Doc Size(in KB),This tender has been Cancelled before technical bid opening summary
"1,500",Nil,Nil,No,12-Sep-2022 04:00 PM,29-Sep-2022 03:30 PM,12-Sep-2022 04:00 PM,28-Sep-2022 02:00 PM,NA ,NA ,12-Sep-2022 04:00 PM,28-Sep-2022 02:00 PM,1.0,SBI Bank,"MD, NHM, Assam","O/O MD, NHM, Assam, Guwahati-05",National Health Mission||State Programme Management Unit - NHM,NHM/32042/4/2022/CONS/NHM/278,2022_NHM_26998_4,Open Tender,Turn-key,Works,2.0,No,No,Online,No,No,No,1.0,Cancellation of Tender,Cancellation of Tender,,1.0,Fee/PreQual/Technical,.pdf,SBD,Construction of BPHU at Balajan BPHC in Kokrajhar District for FY 2022 23 under PM ABHIM on Turnkey Basis,Construction of BPHU at Balajan BPHC in Kokrajhar District for FY 2022 23 under PM ABHIM on Turnkey Basis,Please refer Tender documents. ,NA ,"50,00,000",Civil Works - Building,NA ,Tender,180.0,180.0,Kokrajhar,783370.0,NA ,NA ,NA ,"O/O MD, NHM, Assam, Guwahati-05",No ,No,"1,00,000",Yes,percentage,2.0%,Nil,Nil,National Health Mission||State Programme Management Unit - NHM,2022_NHM_26998_4,NHM/32042/4/2022/CONS/NHM/278,Construction of BPHU at Balajan BPHC in Kokrajhar District for FY 2022 23 under PM ABHIM on Turnkey Basis,1.0,Cancellation of Tender,Cancellation of Tender,Cancellation of Tender,Due to admistrative reasons/issues,06-Oct-2022 06:18 PM,cancellations2223.pdf ,739.21,
,,,,,,,,,,,,,,,,,,,,,,,,,,,,,,,,,,,.pdf,TECHNICAL QUALIFICATION,,,,,,,,,,,,,,,,,,,,,,,,,,,,,,,,,,,,,
,,,,,,,,,,,,,,,,,,,,,,,,,,,,,,,,,,,.pdf,EMD DETAILS,,,,,,,,,,,,,,,,,,,,,,,,,,,,,,,,,,,,,
,,,,,,,,,,,,,,,,,,,,,,,,,,,,,,,,,2.0,Finance,.xls,BOQ,,,,,,,,,,,,,,,,,,,,,,,,,,,,,,,,,,,,,
,,,,,,,,,,,,,,,,,,,,,,,,,,,,,,,,,,,.pdf,FOB,,,,,,,,,,,,,,,,,,,,,,,,,,,,,,,,,,,,,
