﻿Tender Fee in ₹,Fee Payable To,Fee Payable At,Tender Fee Exemption Allowed,S.No,Instrument Type,EMD Amount in ₹,EMD through BG/ST or EMD Exemption Allowed,EMD Fee Type,EMD Percentage,EMD Payable To,EMD Payable At,Name,Address,Title,Work Description,Pre Qualification Details,Independent External Monitor/Remarks,Tender Value in ₹,Product Category,Sub category,Contract Type,Bid Validity(Days),Period Of Work(Days),Location,Pincode,Pre Bid Meeting Place,Pre Bid Meeting Address,Pre Bid Meeting Date,Bid Opening Place,Should Allow NDA Tender,Allow Preferential Bidder,Cover No,Cover,Document Type,Description,Organisation Chain,Tender Reference Number,Tender ID,Tender Type,Form of contract,Tender Category,No. of Covers,General Technical Evaluation Allowed,ItemWise Technical Evaluation Allowed,Payment Mode,Is Multi Currency Allowed For BOQ,Is Multi Currency Allowed For Fee,Allow Two Stage Bidding,Publish Date,Bid Opening Date,Document Download / Sale Start Date,Document Download / Sale End Date,Clarification Start Date,Clarification End Date,Bid Submission Start Date,Bid Submission End Date,Financial Bid Opening Date,Organisation Chain :,Tender ID :,Tender Ref No :,Tender Title :,Committee Chairperson/Co-ordinator Name :,Committee Chairperson/Co-ordinator Type :,Committee Members :,Updated By :,Updated On :,Financial Bid Opening Date:,Document :,Committee Chairperson/Co-ordinator Name :.1,Committee Chairperson/Co-ordinator Type :.1,Committee Members :.1,Updated By :.1,Updated on :,Document :.1,Contract Date :,Contract Value :,Work Completion Period in days :,Updated By :.2,Updated on :.1,AOC document :,AOC Description :,Type :,Summary :,Updated By :.3,Updated On :.1,Document :.2,BOQ Comparative Chart :,S.No,Bid Number,Bidder Name,Awarded Currency,Awarded Value,S.No.1,Bid Number.1,Bidder Name.1,Submitted Date,Status,Remarks,Status Updated On,Type :.1,Summary :.1,Updated By :.4,Updated On :.2,Document :.3
0.0,Nil,Nil,No,1.0,DD - Demand Draft,"2,000",Yes,fixed,,Assam Petrochemicals Limited,Namrup,Dy General Manager (C and P),Assam Petro-chemicals Limited Namrup PO Parbatpur 786623 Dist Dibrugarh Assam,Maintenance of Illumination System,Maintenance of Illumination System Inside factory Premises of APL,As per Tender Documents  ,NA ,"1,02,025",Electrical Works,NA ,Tender,180.0,30.0,APL Namrup,786623.0,NA ,NA ,NA ,Assam Petro-chemicals Namrup,No ,No,1.0,Fee/PreQual/Technical,.pdf,EMD AND INTEGRITY PACT,Industries and Commerce Department||Assam Petro-Chemicals Ltd.||Head office Namrup||Materials Management Department,APL/Cnp/Elect/2021-22/022,2022_ICD_24849_1,Open Limited,Item Rate,Works,2.0,No,No,Offline,No,No,No,24-Mar-2022 11:00 AM,08-Apr-2022 03:00 PM,24-Mar-2022 11:00 AM,07-Apr-2022 03:00 PM,NA ,NA ,24-Mar-2022 11:00 AM,07-Apr-2022 03:00 PM,26-Apr-2022 02:00 PM,Industries and Commerce Department||Assam Petro-Chemicals Ltd.||Head office Namrup||Materials Management Department,2022_ICD_24849_1,APL/Cnp/Elect/2021-22/022,Maintenance of Illumination System,N.B.Borah,Internal,"B.deka,M.Borthakur,P.Barman",Pranab Barman,26-Apr-2022 11:56 AM,26-Apr-2022 02:00 PM,techsummary_38333.pdf (1002.88 KB),N.B.borah,Internal,"B.Deka, M.Borthakur, P.Barman",Pranab Barman,17-Aug-2022 10:09 AM,finsummary_38333.pdf (251.33 KB),17-Aug-2022,INR 100970.00,30.0,Pranab Barman,17-Aug-2022 10:24 AM,IlluminationSystem_001.pdf (745.00 KB),Work Order-APL/CnP/Elect/2021-22/013 of amount Rs 100970.00 plus GST Extra at the rate 18 percent dated 26.04.2022,Finance,Prima Facie the price bid submitted by M/s Baglari Electricals and M/s Nitu Sonowal has been found OK and admitted for financial evaluation,Dip Dutta Kalita,26-Apr-2022 02:54 PM,None,BOQ Comparative Chart,1.0,144749.0,M/S BAGLARI ELECTRICALS,INR,100970.0,1,144890,AMAL SARMAH,07-Apr-2022 02:05 PM,Rejected-Technical,Documents not found in order,26-Apr-2022 11:56 AM,Technical,Prima Facie the technical bids of all the bidders have been accepted for further evaluation,Dip Dutta Kalita,12-Apr-2022 09:56 AM,None
,,,,2.0,BG - Bank Guarantee Irrevocable,,,,,,,,,,,,,,,,,,,,,,,,,,,,,.pdf,UNPRICED BID,,,,,,,,,,,,,,,,,,,,,,,,,,,,,,,,,,,,,,,,,,,,,,,,,,,,,,,,,,2,144686,HIRA ELECTRICAL,06-Apr-2022 01:09 PM,Rejected-Technical,Documents not found in order,26-Apr-2022 11:56 AM,,,,,
,,,,,,,,,,,,,,,,,,,,,,,,,,,,,,,,2.0,Finance,.xls,PRICE BID,,,,,,,,,,,,,,,,,,,,,,,,,,,,,,,,,,,,,,,,,,,,,,,,,,,,,,,,,,3,144749,M/S BAGLARI ELECTRICALS,06-Apr-2022 06:51 PM,Accepted-AOC,L1 Bidder,17-Aug-2022 10:24 AM,,,,,
,,,,,,,,,,,,,,,,,,,,,,,,,,,,,,,,,,,,,,,,,,,,,,,,,,,,,,,,,,,,,,,,,,,,,,,,,,,,,,,,,,,,,,,,,,,,,4,144759,SHRI NITU SONOWAL,06-Apr-2022 07:37 PM,Rejected-Finance,L1 Bidder,17-Aug-2022 10:09 AM,,,,,
