﻿Name,Address,Tender Fee in ₹,Fee Payable To,Fee Payable At,Tender Fee Exemption Allowed,EMD Amount in ₹,EMD through BG/ST or EMD Exemption Allowed,EMD Fee Type,EMD Percentage,EMD Payable To,EMD Payable At,Title,Work Description,Pre Qualification Details,Independent External Monitor/Remarks,Tender Value in ₹,Product Category,Sub category,Contract Type,Bid Validity(Days),Period Of Work(Days),Location,Pincode,Pre Bid Meeting Place,Pre Bid Meeting Address,Pre Bid Meeting Date,Bid Opening Place,Should Allow NDA Tender,Allow Preferential Bidder,S.No,Bank Name,Organisation Chain,Tender Reference Number,Tender ID,Tender Type,Form of contract,Tender Category,No. of Covers,General Technical Evaluation Allowed,ItemWise Technical Evaluation Allowed,Payment Mode,Is Multi Currency Allowed For BOQ,Is Multi Currency Allowed For Fee,Allow Two Stage Bidding,Cover No,Cover,Document Type,Description,Publish Date,Bid Opening Date,Document Download / Sale Start Date,Document Download / Sale End Date,Clarification Start Date,Clarification End Date,Bid Submission Start Date,Bid Submission End Date,Financial Bid Opening Date,Organisation Chain :,Tender ID :,Tender Ref No :,Tender Title :,Committee Chairperson/Co-ordinator Name :,Committee Chairperson/Co-ordinator Type :,Committee Members :,Updated By :,Updated On :,Financial Bid Opening Date:,Document :,Committee Chairperson/Co-ordinator Name :.1,Committee Chairperson/Co-ordinator Type :.1,Committee Members :.1,Updated By :.1,Updated on :,Document :.1,Contract Date :,Contract Value :,Work Completion Period in days :,Updated By :.2,Updated on :.1,AOC document :,AOC Description :,Type :,Summary :,Updated By :.3,Updated On :.1,Document :.2,BOQ Comparative Chart :,S.No,Bid Number,Bidder Name,Awarded Currency,Awarded Value,S.No.1,Bid Number.1,Bidder Name.1,Submitted Date,Status,Remarks,Status Updated On,Type :.1,Summary :.1,Updated By :.4,Updated On :.2,Document :.3
"MD, NHM, Assam","O/O MD, NHM, Assam, Christanbasti, Guwahati-05","1,500",Nil,Nil,No,"1,00,000",Yes,percentage,2.0%,Nil,Nil,Construction of BPHU at Tamulpur BPHC in Baksa District for FY 2022 23 under PM ABHIM on Turnkey Basis,Construction of BPHU at Tamulpur BPHC in Baksa District for FY 2022 23 under PM ABHIM on Turnkey Basis,Please refer Tender documents. ,NA ,"50,00,000",Civil Works - Building,NA ,Tender,180.0,180.0,Baksa,781372.0,NA ,NA ,NA ,"O/O MD, NHM, Assam, Christanbasti, Guwahati-05",No ,No,1.0,SBI Bank,National Health Mission||State Programme Management Unit - NHM,NHM-32042/4/2022-Cons-NHM/199,2022_NHM_26630_2,Open Tender,Turn-key,Works,2.0,No,No,Online,No,No,No,1.0,Fee/PreQual/Technical,.pdf,SBD,16-Aug-2022 02:00 PM,30-Aug-2022 03:30 PM,16-Aug-2022 02:00 PM,29-Aug-2022 02:00 PM,NA ,NA ,16-Aug-2022 02:00 PM,29-Aug-2022 02:00 PM,15-Oct-2022 05:30 PM,National Health Mission||State Programme Management Unit - NHM,2022_NHM_26630_2,NHM-32042/4/2022-Cons-NHM/199,Construction of BPHU at Tamulpur BPHC in Baksa District for FY 2022 23 under PM ABHIM on Turnkey Basis,ED,Internal,"SE(E),SE,C(CW),FA,DF,AMD,CC(CW)",Dipjyoti Deka,15-Oct-2022 05:05 PM,15-Oct-2022 05:30 PM,techsummary_41101.pdf (2349.50 KB),ED,Internal,"SE(E),SE,C(CW),FA,DF,AMD,CC(CW)ED",Dipjyoti Deka,17-Dec-2022 01:28 PM,finsummary_41101.pdf (378.76 KB),17-Dec-2022,INR 4500000.00,180.0,Dipjyoti Deka,17-Dec-2022 01:34 PM,wotamulpur.pdf (423.00 KB),AWARD OF CONTRACT,Finance,financial bid open,Dipjyoti Deka,17-Dec-2022 01:19 PM,None,BOQ Comparative Chart,1.0,156748.0,KHAGENDRA NATH SARKAR,INR,4500000.0,1.0,156732.0,Ganesh Daimary,26-Aug-2022 06:31 PM,Rejected-Finance,NOT ADMITTED,17-Dec-2022 01:28 PM,Technical,OFFICE ORDER,Dipjyoti Deka,15-Oct-2022 05:03 PM,technical_41101.pdf
,,,,,,,,,,,,,,,,,,,,,,,,,,,,,,,,,,,,,,,,,,,,,,,.pdf,TECHNICAL QUALIFICATION,,,,,,,,,,,,,,,,,,,,,,,,,,,,,,,,,,,,,,,,,,,,,2.0,156748.0,KHAGENDRA NATH SARKAR,26-Aug-2022 10:50 AM,Accepted-AOC,CONTRACT AWARDED,17-Dec-2022 01:34 PM,,,,,
,,,,,,,,,,,,,,,,,,,,,,,,,,,,,,,,,,,,,,,,,,,,,,,.pdf,EMD DETAILS,,,,,,,,,,,,,,,,,,,,,,,,,,,,,,,,,,,,,,,,,,,,,3.0,156913.0,Sri Akhilananda Bhattacharjya,28-Aug-2022 12:40 PM,Rejected-Finance,NOT ADMITTED,17-Dec-2022 01:28 PM,,,,,
,,,,,,,,,,,,,,,,,,,,,,,,,,,,,,,,,,,,,,,,,,,,,2.0,Finance,.xls,BOQ,,,,,,,,,,,,,,,,,,,,,,,,,,,,,,,,,,,,,,,,,,,,,,,,,,,,,,,,
,,,,,,,,,,,,,,,,,,,,,,,,,,,,,,,,,,,,,,,,,,,,,,,.pdf,FOB,,,,,,,,,,,,,,,,,,,,,,,,,,,,,,,,,,,,,,,,,,,,,,,,,,,,,,,,
