﻿S.No,Corrigendum Title,Corrigendum Type,View,Cover No,Cover,Document Type,Description,Publish Date,Bid Opening Date,Document Download / Sale Start Date,Document Download / Sale End Date,Clarification Start Date,Clarification End Date,Bid Submission Start Date,Bid Submission End Date,Financial Bid Opening Date,EMD Amount in ₹,EMD through BG/ST or EMD Exemption Allowed,EMD Fee Type,EMD Percentage,EMD Payable To,EMD Payable At,Title,Work Description,Pre Qualification Details,Independent External Monitor/Remarks,Tender Value in ₹,Product Category,Sub category,Contract Type,Bid Validity(Days),Period Of Work(Days),Location,Pincode,Pre Bid Meeting Place,Pre Bid Meeting Address,Pre Bid Meeting Date,Bid Opening Place,Should Allow NDA Tender,Allow Preferential Bidder,Name,Address,S.No.1,Bank Name,Organisation Chain,Tender Reference Number,Tender ID,Tender Type,Form of contract,Tender Category,No. of Covers,General Technical Evaluation Allowed,ItemWise Technical Evaluation Allowed,Payment Mode,Is Multi Currency Allowed For BOQ,Is Multi Currency Allowed For Fee,Allow Two Stage Bidding,Tender Fee in ₹,Fee Payable To,Fee Payable At,Tender Fee Exemption Allowed,S.No.,Corrigendum Title,Corrigendum Type,Corrigendum Description,Corrigendum Reason,Published Date,Document Name,Doc Size(in KB),Organisation Chain :,Tender ID :,Tender Ref No :,Tender Title :,S.No,Bid Number,Bidder Name,Submitted Date,Status,Remarks,Status Updated On,Committee Chairperson/Co-ordinator Name :,Committee Chairperson/Co-ordinator Type :,Committee Members :,Updated By :,Updated On :,Financial Bid Opening Date:,Document :,Type :,Summary :,Updated By :.1,Updated On :.1,Document :.1,Type :.1,Summary :.1,Updated By :.2,Updated On :.2,Document :.2,BOQ Comparative Chart :
1.0,Cancellation Notice,Cancellation of Tender,,1.0,Fee/PreQual/Technical,.pdf,ONLINE PAYMENT RECEIPT (BID COST_BID SECURITY),25-Apr-2022 11:00 AM,05-May-2022 02:00 PM,27-Apr-2022 01:00 PM,02-May-2022 02:00 PM,NA ,NA ,27-Apr-2022 01:00 PM,02-May-2022 02:00 PM,13-Jun-2022 01:00 PM,"95,238",Yes,fixed,,Nil,Nil,"117 Tea Garden Schools and the development of their infrastructure (Additional infrastructure like Addl. Class rooms, Laboratories etc.) at various places of Assam (Construction of Model High School for Tea Garden area at Sokamatha T.E.), Biswanath D","117 Tea Garden Schools and the development of their infrastructure (Additional infrastructure like Addl. Class rooms, Laboratories etc.) at various places of Assam (Construction of Model High School for Tea Garden area at Sokamatha T.E.), Biswanath D",Please refer Tender documents. ,NA ,"47,61,915",Civil Works - Building,NA ,Tender,180.0,180.0,Biswanath,784176.0,"O/O The S.E., PWD, Tezpur Building Circle, Tezpur ","O/O The S.E., PWD, Tezpur Building Circle, Tezpur ",28-Apr-2022 12:00 PM ,"O/O The S.E., PWD, Tezpur Building Circle, Tezpur",No ,No,"S.E., PWD, Tezpur Building Circle, Tezpur","O/O The S.E., PWD, Tezpur Building Circle, Tezpur",1.0,SBI Bank,Public Works Building and NH Department||Chief Engineer-Building - PWBNH||SE-Tezpur Circle - PWBNH,SE/TB/TEN/TGS/01/2022-23/109 (Sokamatha),2022_PWBNH_25242_1,Open Tender,Item Rate,Works,2.0,No,No,Online,No,No,No,960.0,Nil,Nil,No,1.0,Cancellation Notice,Cancellation of Tender,Cancellation Notice,Due to admistrative reasons/issues,01-Sep-2022 01:39 PM,CancellationNotice.pdf ,430.43,Public Works Building and NH Department||Chief Engineer-Building - PWBNH||SE-Tezpur Circle - PWBNH,2022_PWBNH_25242_1,SE/TB/TEN/TGS/01/2022-23/109 (Sokamatha),"117 Tea Garden Schools and the development of their infrastructure (Additional infrastructure like Addl. Class rooms, Laboratories etc.) at various places of Assam (Construction of Model High School for Tea Garden area at Sokamatha T.E.), Biswanath D",1.0,147144.0,M/s. Ashirvad Associates,01-May-2022 05:29 PM,Admitted-Finance,,14-Jun-2022 02:10 PM,SE Tezpur Building Circle Tezpur,Internal,,Shane Alam,09-Jun-2022 02:23 PM,13-Jun-2022 01:00 PM,techsummary_39004.pdf (711.93 KB),Technical,Summary,Shane Alam,05-May-2022 11:26 PM,technical_39004.pdf,Finance,Summary,Shane Alam,14-Jun-2022 02:10 PM,finance_39004.pdf,BOQ Comparative Chart
,,,,,,.pdf,BIDDING DOCUMENT,,,,,,,,,,,,,,,,,,,,,,,,,,,,,,,,,,,,,,,,,,,,,,,,,,,,,,,,,,,,,,,,,,,2.0,147209.0,Sri Beekey Agarwala,02-May-2022 12:51 PM,Admitted-Finance,,14-Jun-2022 02:10 PM,,,,,,,,,,,,,,,,,,
,,,,,,.pdf,TECHNICAL QUALIFICATIONS,,,,,,,,,,,,,,,,,,,,,,,,,,,,,,,,,,,,,,,,,,,,,,,,,,,,,,,,,,,,,,,,,,,3.0,147029.0,Sri Bitu Gohain,02-May-2022 10:14 AM,Admitted-Finance,,14-Jun-2022 02:10 PM,,,,,,,,,,,,,,,,,,
,,,,2.0,Finance,.xls,BOQ,,,,,,,,,,,,,,,,,,,,,,,,,,,,,,,,,,,,,,,,,,,,,,,,,,,,,,,,,,,,,,,,,,,4.0,147016.0,Sri Manoj Kr Sarmah,02-May-2022 01:01 PM,Admitted-Finance,,14-Jun-2022 02:10 PM,,,,,,,,,,,,,,,,,,
,,,,,,.pdf,FORM OF BID,,,,,,,,,,,,,,,,,,,,,,,,,,,,,,,,,,,,,,,,,,,,,,,,,,,,,,,,,,,,,,,,,,,,,,,,,,,,,,,,,,,,,,,,,,,
