﻿Cover No,Cover,Document Type,Description,S.No,Bank Name,Organisation Chain,Tender Reference Number,Tender ID,Tender Type,Form of contract,Tender Category,No. of Covers,General Technical Evaluation Allowed,ItemWise Technical Evaluation Allowed,Payment Mode,Is Multi Currency Allowed For BOQ,Is Multi Currency Allowed For Fee,Allow Two Stage Bidding,Publish Date,Bid Opening Date,Document Download / Sale Start Date,Document Download / Sale End Date,Clarification Start Date,Clarification End Date,Bid Submission Start Date,Bid Submission End Date,Financial Bid Opening Date,Tender Fee in ₹,Fee Payable To,Fee Payable At,Tender Fee Exemption Allowed,Name,Address,Title,Work Description,Pre Qualification Details,Independent External Monitor/Remarks,Tender Value in ₹,Product Category,Sub category,Contract Type,Bid Validity(Days),Period Of Work(Days),Location,Pincode,Pre Bid Meeting Place,Pre Bid Meeting Address,Pre Bid Meeting Date,Bid Opening Place,Should Allow NDA Tender,Allow Preferential Bidder,EMD Amount in ₹,EMD through BG/ST or EMD Exemption Allowed,EMD Fee Type,EMD Percentage,EMD Payable To,EMD Payable At,Committee Chairperson/Co-ordinator Name :,Committee Chairperson/Co-ordinator Type :,Committee Members :,Updated By :,Updated on :,Document :,Organisation Chain :,Tender ID :,Tender Ref No :,Tender Title :,S.No,Bid Number,Bidder Name,Awarded Currency,Awarded Value,S.No.1,Bid Number.1,Bidder Name.1,Submitted Date,Status,Remarks,Status Updated On,Committee Chairperson/Co-ordinator Name :.1,Committee Chairperson/Co-ordinator Type :.1,Committee Members :.1,Updated By :.1,Updated On :,Financial Bid Opening Date:,Document :.1,Contract Date :,Contract Value :,Work Completion Period in days :,Updated By :.2,Updated on :.1,AOC document :,AOC Description :,Type :,Summary :,Updated By :.3,Updated On :.1,Document :.2,Type :.1,Summary :.1,Updated By :.4,Updated On :.2,Document :.3,BOQ Comparative Chart :
1.0,Fee/PreQual/Technical,.pdf,Bidding Document,1.0,SBI Bank,Public Works Building and NH Department||Chief Engineer-Building - PWBNH||SE-Guwahati Circle-2 - PWBNH,SEE/BII_Honble C.M. Qtr. No. 6,2023_PWBNH_30051_1,Open Tender,Item Wise,Works,2.0,No,No,Online,No,No,No,27-Mar-2023 12:00 PM,06-Apr-2023 11:30 AM,27-Mar-2023 12:00 PM,05-Apr-2023 02:00 PM,NA ,NA ,27-Mar-2023 12:00 PM,05-Apr-2023 02:00 PM,10-Apr-2023 11:00 AM,"2,000",Nil,Nil,No,"SE, PWD Guwahati Building Circle-II Ghy-3","O/o the SE, PWD Guwahati Building Circle-II Chandmari Ghy-3",Renovation construction extension of the Residential Office of Honble C.M. Qtr. No. 6 at New Ministers Colony,Renovation construction extension of the Residential Office of Honble C.M. Qtr. No. 6 at New Ministers Colony,Please refer Tender documents. ,NA ,"99,99,990",Civil Works - Building,NA ,Tender,180.0,30.0,"Dispur, Guwahati",781006.0,"O/o the SE, PWD Guwahati Building Circle-II Ghy-3 ","O/o the SE, PWD Guwahati Building Circle-II Chandmari Ghy-3 ",29-Mar-2023 12:00 PM ,"O/o the SE, PWD Guwahati Building Circle-II Ghy-3",No ,No,"2,00,000",Yes,percentage,2.0%,Nil,Nil,Chairperson,Internal,Member Secretary Members,Kanak Chandra Roy,10-Apr-2023 08:04 PM,finsummary_48287.pdf (445.13 KB),Public Works Building and NH Department||Chief Engineer-Building - PWBNH||SE-Guwahati Circle-2 - PWBNH,2023_PWBNH_30051_1,SEE/BII_Honble C.M. Qtr. No. 6,Renovation construction extension of the Residential Office of Honble C.M. Qtr. No. 6 at New Ministers Colony,1.0,182182.0,HIGH-TECH ECOGREEN CONTRACTORS LLP,INR,9999015.0,1.0,182182.0,HIGH-TECH ECOGREEN CONTRACTORS LLP,04-Apr-2023 06:12 PM,Accepted-AOC,Successful bidder PBG submitted,18-Apr-2023 06:56 PM,Chairperson,Internal,Member Secretary Members,Kanak Chandra Roy,06-Apr-2023 05:46 PM,10-Apr-2023 11:00 AM,techsummary_48287.pdf (1067.86 KB),18-Apr-2023,INR 9999015.00,30.0,Kanak Chandra Roy,18-Apr-2023 06:55 PM,AoCM6.pdf (2079.00 KB),AoC_Agreement,Technical,Minutes,Kanak Chandra Roy,06-Apr-2023 05:41 PM,technical_48287.pdf,Finance,Minutes,Kanak Chandra Roy,10-Apr-2023 12:37 PM,finance_48287.pdf,BOQ Comparative Chart
,,.pdf,Technical Qualification,,,,,,,,,,,,,,,,,,,,,,,,,,,,,,,,,,,,,,,,,,,,,,,,,,,,,,,,,,,,,,,,,,,,,,2.0,181833.0,Puberun Real Estate Pvt. Ltd.,04-Apr-2023 06:17 PM,Rejected-AOC,Unsuccessful bidder,18-Apr-2023 06:56 PM,,,,,,,,,,,,,,,,,,,,,,,,,
2.0,Finance,.xls,BOQ,,,,,,,,,,,,,,,,,,,,,,,,,,,,,,,,,,,,,,,,,,,,,,,,,,,,,,,,,,,,,,,,,,,,,,3.0,182176.0,TARA CHAND SARAWGI,04-Apr-2023 05:15 PM,Rejected-AOC,Unsuccessful bidder,18-Apr-2023 06:56 PM,,,,,,,,,,,,,,,,,,,,,,,,,
,,.pdf,Form of bid,,,,,,,,,,,,,,,,,,,,,,,,,,,,,,,,,,,,,,,,,,,,,,,,,,,,,,,,,,,,,,,,,,,,,,,,,,,,,,,,,,,,,,,,,,,,,,,,,,,,,
