﻿Organisation Chain :,Tender ID :,Tender Ref No :,Tender Title :,Type :,Summary :,Updated By :,Updated On :,Document :,Committee Chairperson/Co-ordinator Name :,Committee Chairperson/Co-ordinator Type :,Committee Members :,Updated By :.1,Updated On :.1,Financial Bid Opening Date:,Document :.1,S.No,Bid Number,Bidder Name,Submitted Date,Status,Remarks,Status Updated On,S.No.,Corrigendum Title,Corrigendum Type,Corrigendum Description,Corrigendum Reason,Published Date,Document Name,Doc Size(in KB),Organisation Chain,Tender Reference Number,Tender ID,Tender Type,Form of contract,Tender Category,No. of Covers,General Technical Evaluation Allowed,ItemWise Technical Evaluation Allowed,Payment Mode,Is Multi Currency Allowed For BOQ,Is Multi Currency Allowed For Fee,Allow Two Stage Bidding,EMD Amount in ₹,EMD through BG/ST or EMD Exemption Allowed,EMD Fee Type,EMD Percentage,EMD Payable To,EMD Payable At,Tender Fee in ₹,Fee Payable To,Fee Payable At,Tender Fee Exemption Allowed,Cover No,Cover,Document Type,Description,Title,Work Description,Pre Qualification Details,Independent External Monitor/Remarks,Tender Value in ₹,Product Category,Sub category,Contract Type,Bid Validity(Days),Period Of Work(Days),Location,Pincode,Pre Bid Meeting Place,Pre Bid Meeting Address,Pre Bid Meeting Date,Bid Opening Place,Should Allow NDA Tender,Allow Preferential Bidder,S.No,Corrigendum Title,Corrigendum Type,View,Name,Address,Publish Date,Bid Opening Date,Document Download / Sale Start Date,Document Download / Sale End Date,Clarification Start Date,Clarification End Date,Bid Submission Start Date,Bid Submission End Date,Financial Bid Opening Date,S.No.1,Bank Name
Pr. Chief Conservator of Forest and Head of Forest Force||Research Education and Working Plans||Research and Education Circle||Silviculturist,2022_PCCF_27647_1,Sil/01B/22-23,ORCHID PARK AND HERBAL GARDEN,Technical,4 NOS OF BIDS RECIEVED AND BID EVALUATION COMMITTEE IS DOING TECHNICAL EVALUATION CS PREPARATION,DIBAKAR DEB,03-Dec-2022 01:18 PM,technical_42859.pdf,DIBAKAR DEB,Internal,MRIGEN BARUA SAILEN DAS HIMAMONI HANDIQUE PANCHALI HAZARIKA,DIBAKAR DEB,03-Dec-2022 01:32 PM,05-Dec-2022 12:30 PM,techsummary_42859.pdf (350.03 KB),1,162211,DIGI PRINTERS,15-Nov-2022 05:18 PM,Accepted-Technical,COMPLETE IN ALL RESPECT,03-Dec-2022 01:32 PM,1.0,CANCELLATION OF TENDER,Cancellation of Tender,TENDER CANCELLED DUE TO INADEQUATE PERIOD PROVIDED FOR BID OPENING AS PER EXISTING PROCUREMENT RULE,Error in Creation of Tender,13-Dec-2022 01:33 PM,MoM8122022.pdf ,476.79,Pr. Chief Conservator of Forest and Head of Forest Force||Research Education and Working Plans||Research and Education Circle||Silviculturist,Sil/01B/22-23,2022_PCCF_27647_1,Open Tender,Works,Works,2.0,No,No,Online,No,No,No,"94,000",Yes,percentage,2.0%,Nil,Nil,"1,000",Nil,Nil,Yes,1.0,Fee/PreQual/Technical,.pdf,BID DOCUMENT,ORCHID PARK AND HERBAL GARDEN,ESTABLISHMENT OF ORCHID PARK AND RENOVATION OF HERBAL GARDEN,AS PER BID DOCUMENT ,EXTERNAL MONITORING AND DEPARTMENTAL MONITORING ,"47,00,000",Agricultural or Forestry,PARK AND GARDEN ,Tender,365.0,130.0,INDIRANAGAR BASISTHA GUWAHATI,781029.0,NA ,NA ,NA ,O/O SILVICULTURIST ASSAM,No ,No,1.0,CANCELLATION OF TENDER,Cancellation of Tender,,SILVICULTURIST ASSAM,INDIRANAGAR BASISTHA GUWAHHATI - 29,08-Nov-2022 09:00 AM,16-Nov-2022 10:00 AM,09-Nov-2022 10:00 AM,15-Nov-2022 06:00 PM,NA ,NA ,10-Nov-2022 09:00 AM,15-Nov-2022 06:00 PM,05-Dec-2022 12:30 PM,1.0,SBI Bank
,,,,,,,,,,,,,,,,2,162236,ENAJORI ENTERPRISE,15-Nov-2022 05:08 PM,Rejected-Technical,NON-SUBMISSION OF DOCUMENTS AS PER TENDER REQUIREMENTS,03-Dec-2022 01:32 PM,,,,,,,,,,,,,,,,,,,,,,,,,,,,,,,,,,.pdf,DPR,,,,,,,,,,,,,,,,,,,,,,,,,,,,,,,,,,,
,,,,,,,,,,,,,,,,3,161930,M/S BHAGYA TRADERS,15-Nov-2022 02:12 PM,Accepted-Technical,COMPLETE IN ALL RESPECT,03-Dec-2022 01:32 PM,,,,,,,,,,,,,,,,,,,,,,,,,,,,,,,,2.0,Finance,.pdf,TENDER FORM DECLARATION FORM,,,,,,,,,,,,,,,,,,,,,,,,,,,,,,,,,,,
,,,,,,,,,,,,,,,,4,162047,SHEEL BIOTECH LIMITED,15-Nov-2022 05:19 PM,Rejected-Technical,NON-SUBMISSION OF DOCUMENTS AS PER TENDER REQUIREMENTS,03-Dec-2022 01:32 PM,,,,,,,,,,,,,,,,,,,,,,,,,,,,,,,,,,.xls,BOQ,,,,,,,,,,,,,,,,,,,,,,,,,,,,,,,,,,,
