﻿Organisation Chain :,Tender ID :,Tender Ref No :,Tender Title :,Type :,Summary :,Updated By :,Updated On :,Document :,Committee Chairperson/Co-ordinator Name :,Committee Chairperson/Co-ordinator Type :,Committee Members :,Updated By :.1,Updated On :.1,Financial Bid Opening Date:,Document :.1,S.No,Bid Number,Bidder Name,Submitted Date,Status,Remarks,Status Updated On,Cover No,Cover,Document Type,Description,Publish Date,Bid Opening Date,Document Download / Sale Start Date,Document Download / Sale End Date,Clarification Start Date,Clarification End Date,Bid Submission Start Date,Bid Submission End Date,Financial Bid Opening Date,Name,Address,Tender Fee in ₹,Fee Payable To,Fee Payable At,Tender Fee Exemption Allowed,EMD Amount in ₹,EMD through BG/ST or EMD Exemption Allowed,EMD Fee Type,EMD Percentage,EMD Payable To,EMD Payable At,S.No,Bank Name,Title,Work Description,Pre Qualification Details,Independent External Monitor/Remarks,Tender Value in ₹,Product Category,Sub category,Contract Type,Bid Validity(Days),Period Of Work(Days),Location,Pincode,Pre Bid Meeting Place,Pre Bid Meeting Address,Pre Bid Meeting Date,Bid Opening Place,Should Allow NDA Tender,Allow Preferential Bidder,Organisation Chain,Tender Reference Number,Tender ID,Tender Type,Form of contract,Tender Category,No. of Covers,General Technical Evaluation Allowed,ItemWise Technical Evaluation Allowed,Payment Mode,Is Multi Currency Allowed For BOQ,Is Multi Currency Allowed For Fee,Allow Two Stage Bidding
National Health Mission||State Programme Management Unit - NHM,2022_NHM_28061_22,NHM-32034/33/2022-CONST,Construction of Buildingless Sub Health Centre in JEWMARI SC in NAGAON District under PM ABHIM for the FY 2022-23 Turnkey Basis,Technical,TECHNICAL BID OPENED,Arindam Pathak,17-Feb-2023 11:51 AM,technical_44776.pdf,ED,Internal,,Arindam Pathak,17-Feb-2023 11:53 AM,17-Feb-2023 12:00 PM,techsummary_44776.pdf (2943.39 KB),1.0,170719.0,Bhubaneswar Borah,27-Dec-2022 01:33 AM,Accepted-Technical,ADMITTED,17-Feb-2023 11:53 AM,1.0,Fee/PreQual/Technical,.pdf,SBD,08-Dec-2022 06:00 PM,28-Dec-2022 03:30 PM,08-Dec-2022 06:00 PM,27-Dec-2022 02:00 PM,NA ,NA ,08-Dec-2022 06:00 PM,27-Dec-2022 02:00 PM,17-Feb-2023 12:00 PM,MD NHM ASSAM,O/o MD NHM ASSAM CHRISTANBASTI GHY 5,"1,500",Nil,Nil,Yes,"1,04,060",Yes,percentage,2.0%,Nil,Nil,1.0,SBI Bank,Construction of Buildingless Sub Health Centre in JEWMARI SC in NAGAON District under PM ABHIM for the FY 2022-23 Turnkey Basis,Construction of Buildingless Sub Health Centre in JEWMARI SC in NAGAON District under PM ABHIM for the FY 2022-23 Turnkey Basis,Please refer Tender documents. ,NA ,"52,03,000",Civil Works - Building,NA ,Tender,180.0,180.0,NAGAON,782002.0,NA ,NA ,NA ,O/o MD NHM ASSAM,No ,No,National Health Mission||State Programme Management Unit - NHM,NHM-32034/33/2022-CONST,2022_NHM_28061_22,Open Tender,Turn-key,Works,2.0,No,No,Online,No,No,No
,,,,,,,,,,,,,,,,2.0,170713.0,M/S Kalpana Construction,27-Dec-2022 12:21 AM,Accepted-Technical,ADMITTED,17-Feb-2023 11:53 AM,,,.pdf,TENDER PROCESSING FEE,,,,,,,,,,,,,,,,,,,,,,,,,,,,,,,,,,,,,,,,,,,,,,,,,,,,,,
,,,,,,,,,,,,,,,,3.0,170708.0,NIZAM UDDIN AHMED,26-Dec-2022 11:43 PM,Accepted-Technical,ADMITTED,17-Feb-2023 11:53 AM,,,.pdf,TECHNICAL QUALIFICATION,,,,,,,,,,,,,,,,,,,,,,,,,,,,,,,,,,,,,,,,,,,,,,,,,,,,,,
,,,,,,,,,,,,,,,,,,,,,,,2.0,Finance,.xls,BOQ,,,,,,,,,,,,,,,,,,,,,,,,,,,,,,,,,,,,,,,,,,,,,,,,,,,,,,
,,,,,,,,,,,,,,,,,,,,,,,,,.pdf,FOB,,,,,,,,,,,,,,,,,,,,,,,,,,,,,,,,,,,,,,,,,,,,,,,,,,,,,,
