﻿Organisation Chain :,Tender ID :,Tender Ref No :,Tender Title :,This tender has been Cancelled before technical bid opening summary,S.No.,Corrigendum Title,Corrigendum Type,Corrigendum Description,Corrigendum Reason,Published Date,Document Name,Doc Size(in KB),Title,Work Description,Pre Qualification Details,Independent External Monitor/Remarks,Tender Value in ₹,Product Category,Sub category,Contract Type,Bid Validity(Days),Period Of Work(Days),Location,Pincode,Pre Bid Meeting Place,Pre Bid Meeting Address,Pre Bid Meeting Date,Bid Opening Place,Should Allow NDA Tender,Allow Preferential Bidder,Name,Address,Organisation Chain,Tender Reference Number,Tender ID,Tender Type,Form of contract,Tender Category,No. of Covers,General Technical Evaluation Allowed,ItemWise Technical Evaluation Allowed,Payment Mode,Is Multi Currency Allowed For BOQ,Is Multi Currency Allowed For Fee,Allow Two Stage Bidding,S.No,Bank Name,EMD Amount in ₹,EMD through BG/ST or EMD Exemption Allowed,EMD Fee Type,EMD Percentage,EMD Payable To,EMD Payable At,S.No.1,Corrigendum Title,Corrigendum Type,View,Tender Fee in ₹,Fee Payable To,Fee Payable At,Tender Fee Exemption Allowed,Cover No,Cover,Document Type,Description,Publish Date,Bid Opening Date,Document Download / Sale Start Date,Document Download / Sale End Date,Clarification Start Date,Clarification End Date,Bid Submission Start Date,Bid Submission End Date
National Health Mission||State Programme Management Unit - NHM,2022_NHM_25023_10,NHM32017/30/2021-Construction,Construction of Buniyadi Swasthya Kendra (BSK) including Doctor Quarter (1 Unit) and Staff Quarter (4 unit) at various location in Assam on Turnkey Basis (at Hilara SC under Bihara GP under Katigorah LAC in Cachar District),,1.0,CANCELLATION,Cancellation of Tender,CANCELLATION,Due to admistrative reasons/issues,20-Dec-2022 01:54 PM,CANCELLATIONBSK100.pdf ,1821.35,Construction of Buniyadi Swasthya Kendra (BSK) including Doctor Quarter (1 Unit) and Staff Quarter (4 unit) at various location in Assam on Turnkey Basis (at Hilara SC under Bihara GP under Katigorah LAC in Cachar District),Construction of Buniyadi Swasthya Kendra (BSK) including Doctor Quarter (1 Unit) and Staff Quarter (4 unit) at various location in Assam on Turnkey Basis (at Hilara SC under Bihara GP under Katigorah LAC in Cachar District),Please refer Tender documents. ,NA ,"1,49,00,341",Civil Works - Building,NA ,Tender,180.0,365.0,at Hilara SC under Bihara GP under Katigorah LAC,788815.0,NA ,NA ,NA ,"O/O OF THE MISSION DIRECTOR, NHM, ASSAM",No ,No,"MISSION DIRECTOR, NHM, ASSAM","O/O OF THE MISSION DIRECTOR, NHM, ASSAM",National Health Mission||State Programme Management Unit - NHM,NHM32017/30/2021-Construction,2022_NHM_25023_10,Open Tender,Turn-key,Works,2.0,No,No,Online,No,No,No,1.0,SBI Bank,"2,98,007",Yes,percentage,2.0%,Nil,Nil,1.0,CANCELLATION,Cancellation of Tender,,"3,000",Nil,Nil,No,1.0,Fee/PreQual/Technical,.pdf,SBD,07-Apr-2022 03:00 PM,28-Apr-2022 03:30 PM,07-Apr-2022 03:00 PM,27-Apr-2022 02:00 PM,NA ,NA ,07-Apr-2022 03:00 PM,27-Apr-2022 02:00 PM
,,,,,,,,,,,,,,,,,,,,,,,,,,,,,,,,,,,,,,,,,,,,,,,,,,,,,,2.0,EXTENSION1,Date,,,,,,,,.pdf,TENDER PROCESSING FEE AND BID SECURITY DETAILS,,,,,,,,
,,,,,,,,,,,,,,,,,,,,,,,,,,,,,,,,,,,,,,,,,,,,,,,,,,,,,,,,,,,,,,,,.pdf,TECHNICAL QUALIFICATION DETAILS,,,,,,,,
,,,,,,,,,,,,,,,,,,,,,,,,,,,,,,,,,,,,,,,,,,,,,,,,,,,,,,,,,,,,,,2.0,Finance,.xls,BOQ,,,,,,,,
,,,,,,,,,,,,,,,,,,,,,,,,,,,,,,,,,,,,,,,,,,,,,,,,,,,,,,,,,,,,,,,,.pdf,FOB,,,,,,,,
