﻿Cover No,Cover,Document Type,Description,Organisation Chain,Tender Reference Number,Tender ID,Tender Type,Form of contract,Tender Category,No. of Covers,General Technical Evaluation Allowed,ItemWise Technical Evaluation Allowed,Payment Mode,Is Multi Currency Allowed For BOQ,Is Multi Currency Allowed For Fee,Allow Two Stage Bidding,EMD Amount in ₹,EMD through BG/ST or EMD Exemption Allowed,EMD Fee Type,EMD Percentage,EMD Payable To,EMD Payable At,Tender Fee in ₹,Fee Payable To,Fee Payable At,Tender Fee Exemption Allowed,Title,Work Description,Pre Qualification Details,Independent External Monitor/Remarks,Tender Value in ₹,Product Category,Sub category,Contract Type,Bid Validity(Days),Period Of Work(Days),Location,Pincode,Pre Bid Meeting Place,Pre Bid Meeting Address,Pre Bid Meeting Date,Bid Opening Place,Should Allow NDA Tender,Allow Preferential Bidder,S.No,Corrigendum Title,Corrigendum Type,View,Name,Address,S.No.1,Bank Name,Publish Date,Bid Opening Date,Document Download / Sale Start Date,Document Download / Sale End Date,Clarification Start Date,Clarification End Date,Bid Submission Start Date,Bid Submission End Date,Financial Bid Opening Date,Committee Chairperson/Co-ordinator Name :,Committee Chairperson/Co-ordinator Type :,Committee Members :,Updated By :,Updated on :,Document :,S.No,Bid Number,Bidder Name,Awarded Currency,Awarded Value,Organisation Chain :,Tender ID :,Tender Ref No :,Tender Title :,S.No.1,Bid Number.1,Bidder Name.1,Submitted Date,Status,Remarks,Status Updated On,Committee Chairperson/Co-ordinator Name :.1,Committee Chairperson/Co-ordinator Type :.1,Committee Members :.1,Updated By :.1,Updated On :,Financial Bid Opening Date:,Document :.1,Contract Date :,Contract Value :,Work Completion Period in days :,Updated By :.2,Updated on :.1,AOC document :,AOC Description :,Type :,Summary :,Updated By :.3,Updated On :.1,Document :.2,Type :.1,Summary :.1,Updated By :.4,Updated On :.2,Document :.3,BOQ Comparative Chart :
1.0,Techno Commercial Bid Part 1,.rar,Techno Commercial Bid Part 1,Assam Power Distribution Company Ltd||CGM(Rural Electrification) - APDCL,APDCL/DDU-New/21/01/NGN2,2021_APDCL_22868_1,Open Tender,Turn-key,Works,4.0,No,No,Online,No,No,No,"9,56,000",Yes,fixed,,Nil,Nil,"20,000",Nil,Nil,No,Rural Electrification (VEI) Works under Pkg. NGN/DDUGJY-NEW/PKG-2,Rural Electrification (VEI) Works for electrification of un-electrified household in the balance/left out habitations of the villages under DDUGJY-New Scheme against Pkg No. NGN/DDUGJY-NEW/PKG-2,Please refer Tender documents  ,NA ,"9,55,83,110",Electrical Works,NA ,Tender,180.0,60.0,Nagaon,782001.0,Guwahati ,"Bijulee Bhawan (Annex. Building, Paltan Bazar, Ghy 1  ",16-Sep-2021 03:00 PM ,"O/o the CGM (RE), APDCL, Bijulee Bhawan",No ,No,1.0,Extension_1,Date,,"CGM (RE), APDCL","Bijulee Bhawan (Annex. Building, Paltan Bazar, Ghy 1",1.0,SBI Bank,11-Sep-2021 03:00 PM,26-Oct-2021 11:00 AM,11-Sep-2021 03:00 PM,21-Oct-2021 03:00 PM,NA ,NA ,20-Sep-2021 03:00 PM,21-Oct-2021 03:00 PM,06-Nov-2021 10:30 AM,"CGM (RE), APDCL",Internal,,Muktanjan Borah,12-Jan-2023 11:52 AM,finsummary_35248.pdf (6234.40 KB),1.0,125033.0,Singhi InfraPower Projects Pvt Ltd,INR,86024799.0,Assam Power Distribution Company Ltd||CGM(Rural Electrification) - APDCL,2021_APDCL_22868_1,APDCL/DDU-New/21/01/NGN2,Rural Electrification (VEI) Works under Pkg. NGN/DDUGJY-NEW/PKG-2,1,124833,agarwal traders,21-Oct-2021 10:33 AM,Rejected-Finance,non responsive,12-Jan-2023 11:52 AM,"CGM (RE), APDCL",Internal,Tender Purchase Committee(TPC-1) of APDCL,Muktanjan Borah,02-Nov-2021 07:09 PM,06-Nov-2021 10:30 AM,techsummary_35248.pdf (1948.33 KB),13-Jan-2023,INR 86024799.00,60.0,Muktanjan Borah,12-Jan-2023 12:21 PM,NGN-02.pdf (34530.00 KB),,Technical,All bids are admitted.,Muktanjan Borah,30-Oct-2021 09:16 PM,None,Finance,All bids are admitted,Muktanjan Borah,12-Jan-2023 11:48 AM,None,BOQ Comparative Chart
2.0,Techno Commercial Bid Part 2,.rar,Techno Commercial Bid Part 2,,,,,,,,,,,,,,,,,,,,,,,,,,,,,,,,,,,,,,,,,,2.0,Corrigendum-3,Technical Bid,,,,,,,,,,,,,,,,,,,,,,,,,,,,,,2,123388,BRAHMAPUTRA RIVER VALLEY TRADING PVT. LTD.,21-Oct-2021 02:28 PM,Rejected-AOC,L3,12-Jan-2023 12:21 PM,,,,,,,,,,,,,,,,,,,,,,,,,
3.0,Techno Commercial Bid Part 3,.rar,Techno Commercial Bid Part 3,,,,,,,,,,,,,,,,,,,,,,,,,,,,,,,,,,,,,,,,,,,,,,,,,,,,,,,,,,,,,,,,,,,,,,,,,,3,123684,Jayanta Khaund,20-Oct-2021 09:57 PM,Rejected-AOC,L4,12-Jan-2023 12:21 PM,,,,,,,,,,,,,,,,,,,,,,,,,
4.0,Finance,.xls,Price Bid,,,,,,,,,,,,,,,,,,,,,,,,,,,,,,,,,,,,,,,,,,,,,,,,,,,,,,,,,,,,,,,,,,,,,,,,,,4,124728,Mega Electricals,20-Oct-2021 07:42 PM,Rejected-AOC,L2,12-Jan-2023 12:21 PM,,,,,,,,,,,,,,,,,,,,,,,,,
,,,,,,,,,,,,,,,,,,,,,,,,,,,,,,,,,,,,,,,,,,,,,,,,,,,,,,,,,,,,,,,,,,,,,,,,,,,,,5,124865,POWER NETWORK ENGINEERS PRIVATE LTD,20-Oct-2021 05:33 PM,Rejected-Technical,Non responsive,02-Nov-2021 07:09 PM,,,,,,,,,,,,,,,,,,,,,,,,,
,,,,,,,,,,,,,,,,,,,,,,,,,,,,,,,,,,,,,,,,,,,,,,,,,,,,,,,,,,,,,,,,,,,,,,,,,,,,,6,125033,Singhi InfraPower Projects Pvt Ltd,21-Oct-2021 02:27 PM,Accepted-AOC,L1,12-Jan-2023 12:21 PM,,,,,,,,,,,,,,,,,,,,,,,,,
,,,,,,,,,,,,,,,,,,,,,,,,,,,,,,,,,,,,,,,,,,,,,,,,,,,,,,,,,,,,,,,,,,,,,,,,,,,,,7,124958,Win Power Infra Pvt Ltd,21-Oct-2021 12:50 AM,Rejected-Finance,non responsive,12-Jan-2023 11:52 AM,,,,,,,,,,,,,,,,,,,,,,,,,
