﻿Tender Fee in ₹,Fee Payable To,Fee Payable At,Tender Fee Exemption Allowed,S.No,Corrigendum Title,Corrigendum Type,View,Cover No,Cover,Document Type,Description,Publish Date,Bid Opening Date,Document Download / Sale Start Date,Document Download / Sale End Date,Clarification Start Date,Clarification End Date,Bid Submission Start Date,Bid Submission End Date,Title,Work Description,Pre Qualification Details,Independent External Monitor/Remarks,Tender Value in ₹,Product Category,Sub category,Contract Type,Bid Validity(Days),Period Of Work(Days),Location,Pincode,Pre Bid Meeting Place,Pre Bid Meeting Address,Pre Bid Meeting Date,Bid Opening Place,Should Allow NDA Tender,Allow Preferential Bidder,Organisation Chain,Tender Reference Number,Tender ID,Tender Type,Form of contract,Tender Category,No. of Covers,General Technical Evaluation Allowed,ItemWise Technical Evaluation Allowed,Payment Mode,Is Multi Currency Allowed For BOQ,Is Multi Currency Allowed For Fee,Allow Two Stage Bidding,S.No.1,Bank Name,EMD Amount in ₹,EMD through BG/ST or EMD Exemption Allowed,EMD Fee Type,EMD Percentage,EMD Payable To,EMD Payable At,Name,Address,S.No.,Corrigendum Title,Corrigendum Type,Corrigendum Description,Corrigendum Reason,Published Date,Document Name,Doc Size(in KB),Organisation Chain :,Tender ID :,Tender Ref No :,Tender Title :,This tender has been Cancelled before technical bid opening summary
"3,300",Nil,Nil,No,1.0,Cancellation of Tender MMPNA/2022-23/222,Cancellation of Tender,,1.0,Fee/PreQual/Technical,.pdf,Cost of Bid Document,31-Oct-2022 10:00 AM,19-Nov-2022 11:30 AM,31-Oct-2022 10:00 AM,18-Nov-2022 03:00 PM,31-Oct-2022 10:00 AM ,17-Nov-2022 12:00 PM ,31-Oct-2022 12:00 PM,18-Nov-2022 03:00 PM,MMPNA/2022-23/222,"MMPNA/2022-23/222 Periodic Renewal of Bengenabari to Lukhurakhan(Bengenabari Road) (Ch 0.00m to Ch 4250.00m), Dhodar Ali to Baghmorial Part 1(Ch 0.00m to Ch 1960.00m),Bimola Prashad Choliha Road (Hatipukhuri to Rohan Changmai Gaon)under MMPNA",Please refer Tender documents. ,NA ,"1,64,67,000",Civil Works,NA ,Tender,180.0,90.0,SONARI,781003.0,"O/o the Chief Engineer, Roads,PWRD Assam,chandmari ","O/o the Chief Engineer, Roads,PWRD Assam, chandmari, Guwahati-781003  ",08-Nov-2022 12:00 PM ,"O/o the Chief Engineer,Roads,PWRD Assam,chandmari",No ,No,Public Works Roads Department,CE/CMRDP/MMPNA/2022/2,2022_PWD_27472_222,Open Tender,Item Rate,Works,2.0,No,No,Online,No,No,No,1.0,SBI Bank,"3,29,000",Yes,fixed,,Nil,Nil,"Chief Engineer,PWD(Border Roads NEC Works),Assam","O/o the Chief Engineer, Roads,PWRD Assam, chandmari, Guwahati-781003",1.0,Cancellation of Tender MMPNA/2022-23/222,Cancellation of Tender,Cancellation of Tender,Minimum Bids Not Received,10-Dec-2022 01:25 AM,SNIT_compressed.pdf ,162.64,Public Works Roads Department,2022_PWD_27472_222,CE/CMRDP/MMPNA/2022/2,MMPNA/2022-23/222,
,,,,,,,,,,.pdf,Technical Qualification Details,,,,,,,,,,,,,,,,,,,,,,,,,,,,,,,,,,,,,,,,,,,,,,,,,,,,,,,,,,,,,,
,,,,,,,,,,.pdf,Bid Security,,,,,,,,,,,,,,,,,,,,,,,,,,,,,,,,,,,,,,,,,,,,,,,,,,,,,,,,,,,,,,
,,,,,,,,,,.pdf,Standard Bidding Document,,,,,,,,,,,,,,,,,,,,,,,,,,,,,,,,,,,,,,,,,,,,,,,,,,,,,,,,,,,,,,
,,,,,,,,2.0,Finance,.xls,Bill of Quantities,,,,,,,,,,,,,,,,,,,,,,,,,,,,,,,,,,,,,,,,,,,,,,,,,,,,,,,,,,,,,,
,,,,,,,,,,.pdf,Form Of Bid,,,,,,,,,,,,,,,,,,,,,,,,,,,,,,,,,,,,,,,,,,,,,,,,,,,,,,,,,,,,,,
