﻿Organisation Chain :,Tender ID :,Tender Ref No :,Tender Title :,Type :,Summary :,Updated By :,Updated On :,Document :,Committee Chairperson/Co-ordinator Name :,Committee Chairperson/Co-ordinator Type :,Committee Members :,Updated By :.1,Updated On :.1,Financial Bid Opening Date:,Document :.1,S.No,Bid Number,Bidder Name,Submitted Date,Status,Remarks,Status Updated On,Type :.1,Summary :.1,Updated By :.2,Updated On :.2,Document :.2,BOQ Comparative Chart :,Name,Address,Organisation Chain,Tender Reference Number,Tender ID,Tender Type,Form of contract,Tender Category,No. of Covers,General Technical Evaluation Allowed,ItemWise Technical Evaluation Allowed,Payment Mode,Is Multi Currency Allowed For BOQ,Is Multi Currency Allowed For Fee,Allow Two Stage Bidding,S.No,Bank Name,Publish Date,Bid Opening Date,Document Download / Sale Start Date,Document Download / Sale End Date,Clarification Start Date,Clarification End Date,Bid Submission Start Date,Bid Submission End Date,Financial Bid Opening Date,Cover No,Cover,Document Type,Description,Tender Fee in ₹,Fee Payable To,Fee Payable At,Tender Fee Exemption Allowed,Title,Work Description,Pre Qualification Details,Independent External Monitor/Remarks,Tender Value in ₹,Product Category,Sub category,Contract Type,Bid Validity(Days),Period Of Work(Days),Location,Pincode,Pre Bid Meeting Place,Pre Bid Meeting Address,Pre Bid Meeting Date,Bid Opening Place,Should Allow NDA Tender,Allow Preferential Bidder,EMD Amount in ₹,EMD through BG/ST or EMD Exemption Allowed,EMD Fee Type,EMD Percentage,EMD Payable To,EMD Payable At
Health and Family Welfare Department||Directorate of Medical Education-HFWD||Guwahati Medical College Hospital-HFWD,2022_HFWD_25760_1,MCH/HMS/2022/256/09,"Supply of Reagents and Consumables for CCL Biochemistry, HMS, GMCH, Guwahati",Technical,technical cover is opened.,Netra Kamal Borah,10-Aug-2022 12:04 PM,None,Principal cum Chief Superintendent,Internal,,Netra Kamal Borah,10-Aug-2022 12:07 PM,10-Aug-2022 12:10 PM,techsummary_39822.pdf (404.98 KB),1.0,150037.0,Jyoti Pharmaceuticals,10-Jun-2022 10:51 AM,Admitted-Finance,,10-Aug-2022 12:15 PM,Finance,Financial bid has opened for evaluation,Dip Dutta Deka,10-Aug-2022 12:15 PM,None,BOQ Comparative Chart,Principal cum Chief Superintendent,"Gauhati Medical College Hospital,Guwahati-32",Health and Family Welfare Department||Directorate of Medical Education-HFWD||Guwahati Medical College Hospital-HFWD,MCH/HMS/2022/256/09,2022_HFWD_25760_1,Open Tender,Supply,Goods,2.0,No,No,Online,No,No,No,1.0,SBI Bank,27-May-2022 05:00 PM,10-Jun-2022 02:00 PM,27-May-2022 05:00 PM,10-Jun-2022 11:00 AM,NA ,NA ,04-Jun-2022 01:00 PM,10-Jun-2022 11:00 AM,10-Aug-2022 12:10 PM,1.0,Fee/PreQual/Technical,.pdf,Technical Document Part 1,"2,000",Nil,Nil,No,"Supply of Reagents and Consumables for CCL Biochemistry, HMS, GMCH, Guwahati","Supply of Reagents and Consumables for CCL Biochemistry, HMS, GMCH, Guwahati",Please refer Tender documents. ,NA ,,Lab Chemistry Reagents,NA ,Tender,180.0,365.0,"GMCH,Guwahati",781032.0,"Superintendent Office,GMCH ","Office of the Superintendent, Gauhati Medical College Hospital ",31-May-2022 02:30 PM ,"GMCH,Guwahati",No ,No,"30,000",Yes,fixed,,Nil,Nil
,,,,,,,,,,,,,,,,,,,,,,,,,,,,,,,,,,,,,,,,,,,,,,,,,,,,,,,,,.pdf,Technical Document Part 2,,,,,,,,,,,,,,,,,,,,,,,,,,,,
,,,,,,,,,,,,,,,,,,,,,,,,,,,,,,,,,,,,,,,,,,,,,,,,,,,,,,,2.0,Finance,.xls,Price Bid,,,,,,,,,,,,,,,,,,,,,,,,,,,,
,,,,,,,,,,,,,,,,,,,,,,,,,,,,,,,,,,,,,,,,,,,,,,,,,,,,,,,,,.pdf,Scanned and Signed Documents,,,,,,,,,,,,,,,,,,,,,,,,,,,,
