﻿Organisation Chain :,Tender ID :,Tender Ref No :,Tender Title :,S.No,Bank Name,Cover No,Cover,Document Type,Description,Title,Work Description,Pre Qualification Details,Independent External Monitor/Remarks,Tender Value in ₹,Product Category,Sub category,Contract Type,Bid Validity(Days),Period Of Work(Days),Location,Pincode,Pre Bid Meeting Place,Pre Bid Meeting Address,Pre Bid Meeting Date,Bid Opening Place,Should Allow NDA Tender,Allow Preferential Bidder,EMD Amount in ₹,EMD through BG/ST or EMD Exemption Allowed,EMD Fee Type,EMD Percentage,EMD Payable To,EMD Payable At,Publish Date,Bid Opening Date,Document Download / Sale Start Date,Document Download / Sale End Date,Clarification Start Date,Clarification End Date,Bid Submission Start Date,Bid Submission End Date,S.No.1,Corrigendum Title,Corrigendum Type,View,Tender Fee in ₹,Fee Payable To,Fee Payable At,Tender Fee Exemption Allowed,Organisation Chain,Tender Reference Number,Tender ID,Tender Type,Form of contract,Tender Category,No. of Covers,General Technical Evaluation Allowed,ItemWise Technical Evaluation Allowed,Payment Mode,Is Multi Currency Allowed For BOQ,Is Multi Currency Allowed For Fee,Allow Two Stage Bidding,Name,Address
Principal Secretary-Department of Information Technology||Assam Electronics Development Corporation Ltd-DoIT||Store and Purchase - AMTRON - DoIT,2023_DoIT_29830_1,AEDC/AS/2022-23/006,Supply Installation and Maintenance of Compute Solution,1.0,SBI Bank,1.0,Fee/PreQual/Technical,.pdf,Signed Copy of RFP,Supply Installation and Maintenance of Compute Solution,"Supply, Installation and Maintenance of Compute Solution",Refer RFP ,NA ,,Network /Communication Equipments,NA ,Tender,180.0,60.0,Guwahati,781021.0,NA ,NA ,NA ,AEDC Ltd,No ,No,"3,00,000",No,fixed,,Nil,Nil,10-Mar-2023 06:00 PM,25-Mar-2023 01:00 PM,10-Mar-2023 06:00 PM,25-Mar-2023 11:00 AM,10-Mar-2023 06:00 PM ,16-Mar-2023 11:00 AM ,17-Mar-2023 10:00 AM,25-Mar-2023 11:00 AM,1.0,"Due Date Extended - Due to some issues in accessing portals, all the tenders due for closing on 24-Mar-2023 have been extended by 24 hours as per System Malfunction Procedure. Inconvenience caused is deeply regretted.",Admin Corrigendum Date Extend,,"1,000",Nil,Nil,No,Principal Secretary-Department of Information Technology||Assam Electronics Development Corporation Ltd-DoIT||Store and Purchase - AMTRON - DoIT,AEDC/AS/2022-23/006,2023_DoIT_29830_1,Open Tender,Works,Works,2.0,No,No,Online,No,No,No,Managing Director AEDC Ltd,Assam Electronics Development Corporation Ltd Industrial Estate Bamunimaidan Guwahati 781021 Assam
,,,,,,,,.pdf,EMD and Processing Fee Particulars,,,,,,,,,,,,,,,,,,,,,,,,,,,,,,,,,,,,,,,,,,,,,,,,,,,,,,,
,,,,,,,,.pdf,Pre Qualification Documents,,,,,,,,,,,,,,,,,,,,,,,,,,,,,,,,,,,,,,,,,,,,,,,,,,,,,,,
,,,,,,,,.pdf,Compliance and Technical Bid Documents,,,,,,,,,,,,,,,,,,,,,,,,,,,,,,,,,,,,,,,,,,,,,,,,,,,,,,,
,,,,,,2.0,Finance,.xls,Price Bid,,,,,,,,,,,,,,,,,,,,,,,,,,,,,,,,,,,,,,,,,,,,,,,,,,,,,,,
