﻿Organisation Chain :,Tender ID :,Tender Ref No :,Tender Title :,Type :,Summary :,Updated By :,Updated On :,Document :,Committee Chairperson/Co-ordinator Name :,Committee Chairperson/Co-ordinator Type :,Committee Members :,Updated By :.1,Updated On :.1,Financial Bid Opening Date:,Document :.1,S.No,Bid Number,Bidder Name,Submitted Date,Status,Remarks,Status Updated On,Cover No,Cover,Document Type,Description,Name,Address,Publish Date,Bid Opening Date,Document Download / Sale Start Date,Document Download / Sale End Date,Clarification Start Date,Clarification End Date,Bid Submission Start Date,Bid Submission End Date,Financial Bid Opening Date,Tender Fee in ₹,Fee Payable To,Fee Payable At,Tender Fee Exemption Allowed,S.No,Bank Name,Title,Work Description,Pre Qualification Details,Independent External Monitor/Remarks,Tender Value in ₹,Product Category,Sub category,Contract Type,Bid Validity(Days),Period Of Work(Days),Location,Pincode,Pre Bid Meeting Place,Pre Bid Meeting Address,Pre Bid Meeting Date,Bid Opening Place,Should Allow NDA Tender,Allow Preferential Bidder,Organisation Chain,Tender Reference Number,Tender ID,Tender Type,Form of contract,Tender Category,No. of Covers,General Technical Evaluation Allowed,ItemWise Technical Evaluation Allowed,Payment Mode,Is Multi Currency Allowed For BOQ,Is Multi Currency Allowed For Fee,Allow Two Stage Bidding,EMD Amount in ₹,EMD through BG/ST or EMD Exemption Allowed,EMD Fee Type,EMD Percentage,EMD Payable To,EMD Payable At
Public Works Roads Department,2022_PWD_27924_43,CE/CMRDP/MMPNA/2022/11,Maint/MMPPNA/42,Technical,Technical Evaluation Summary Sheet Uploaded,Mohd Mahbubul Islam,16-Feb-2023 03:50 PM,technical_43675.pdf,Chief Engineer PWD_Roads Department Assam,Internal,AEE Maintenance cell EE IBRC Branch SE Traffic Engineering Cell_ Chief Engineer PWD Roads Department Assam,Mohd Mahbubul Islam,16-Feb-2023 03:54 PM,16-Feb-2023 03:55 PM,techsummary_43675.pdf (288.78 KB),1.0,167272.0,Biswajit Medhi,20-Dec-2022 12:34 AM,Accepted-Technical,Verified and admitted,16-Feb-2023 03:54 PM,1.0,Fee/PreQual/Technical,.pdf,Cost of Bid Document,"Chief Engineer,PWD(Roads),Assam","O/o the Chief Engineer, Roads,PWRD Assam, chandmari, Guwahati-781003",30-Nov-2022 10:00 AM,21-Dec-2022 02:00 PM,30-Nov-2022 10:00 AM,20-Dec-2022 02:00 PM,30-Nov-2022 10:00 AM ,12-Dec-2022 12:00 PM ,13-Dec-2022 02:00 PM,20-Dec-2022 02:00 PM,16-Feb-2023 03:55 PM,"5,800",Nil,Nil,Yes,1.0,SBI Bank,Maint/MMPPNA/42,"Maint/MMPPNA/42 Construction of Road from Sanekura Puthimari to Kathalmuri ghat, Sanekura Puthimari to Pahumara embankment via Moiramvitha (Medhikuchi to Puthimari (Ghatartari) including RM for 4 Years Under MMPNA for the year 2022-23",Please refer Tender documents. ,NA ,"2,90,02,000",Civil Works,NA ,Tender,180.0,365.0,Bhawanipur,781003.0,"O/o the Chief Engineer, Roads,PWRD Assam,chandmari ","O/o the Chief Engineer, Roads,PWRD Assam, chandmari, Guwahati-781003  ",12-Dec-2022 12:00 PM ,"O/o the Chief Engineer, Roads,PWRD Assam,chandmari",No ,No,Public Works Roads Department,CE/CMRDP/MMPNA/2022/11,2022_PWD_27924_43,Open Tender,Item Rate,Works,2.0,No,No,Online,No,No,No,"5,80,000",Yes,fixed,,Nil,Nil
,,,,,,,,,,,,,,,,2.0,168386.0,KANAKESH DAS,19-Dec-2022 03:32 AM,Accepted-Technical,Verified and admitted,16-Feb-2023 03:54 PM,,,.pdf,Technical Qualification Details,,,,,,,,,,,,,,,,,,,,,,,,,,,,,,,,,,,,,,,,,,,,,,,,,,,,,,
,,,,,,,,,,,,,,,,3.0,167849.0,Mahirul Islam,19-Dec-2022 01:16 PM,Not Admitted-Fee/PreQual/Technical,Not Complied with technical specification,16-Feb-2023 03:50 PM,,,.pdf,Bid Security,,,,,,,,,,,,,,,,,,,,,,,,,,,,,,,,,,,,,,,,,,,,,,,,,,,,,,
,,,,,,,,,,,,,,,,,,,,,,,,,.pdf,Standard Bidding Document,,,,,,,,,,,,,,,,,,,,,,,,,,,,,,,,,,,,,,,,,,,,,,,,,,,,,,
,,,,,,,,,,,,,,,,,,,,,,,2.0,Finance,.xls,Bill of Quantities,,,,,,,,,,,,,,,,,,,,,,,,,,,,,,,,,,,,,,,,,,,,,,,,,,,,,,
,,,,,,,,,,,,,,,,,,,,,,,,,.pdf,Form Of Bid,,,,,,,,,,,,,,,,,,,,,,,,,,,,,,,,,,,,,,,,,,,,,,,,,,,,,,
