﻿Title,Work Description,Pre Qualification Details,Independent External Monitor/Remarks,Tender Value in ₹,Product Category,Sub category,Contract Type,Bid Validity(Days),Period Of Work(Days),Location,Pincode,Pre Bid Meeting Place,Pre Bid Meeting Address,Pre Bid Meeting Date,Bid Opening Place,Should Allow NDA Tender,Allow Preferential Bidder,Tender Fee in ₹,Fee Payable To,Fee Payable At,Tender Fee Exemption Allowed,Organisation Chain,Tender Reference Number,Tender ID,Tender Type,Form of contract,Tender Category,No. of Covers,General Technical Evaluation Allowed,ItemWise Technical Evaluation Allowed,Payment Mode,Is Multi Currency Allowed For BOQ,Is Multi Currency Allowed For Fee,Allow Two Stage Bidding,Publish Date,Bid Opening Date,Document Download / Sale Start Date,Document Download / Sale End Date,Clarification Start Date,Clarification End Date,Bid Submission Start Date,Bid Submission End Date,Financial Bid Opening Date,Cover No,Cover,Document Type,Description,EMD Amount in ₹,EMD through BG/ST or EMD Exemption Allowed,EMD Fee Type,EMD Percentage,EMD Payable To,EMD Payable At,Name,Address,S.No,Bank Name,Organisation Chain :,Tender ID :,Tender Ref No :,Tender Title :,Committee Chairperson/Co-ordinator Name :,Committee Chairperson/Co-ordinator Type :,Committee Members :,Updated By :,Updated On :,Financial Bid Opening Date:,Document :,Type :,Summary :,Updated By :.1,Updated On :.1,Document :.1,BOQ Comparative Chart :,S.No,Bid Number,Bidder Name,Submitted Date,Status,Remarks,Status Updated On,Type :.1,Summary :.1,Updated By :.2,Updated On :.2,Document :.2
SDRF/Kokrajhar-II,Restnofflood damagedRdon1)Gosaigaon SapatgramRdto Bamunigaon2) Gossaigaon SapatgramRd3)Mukuldanga1to HarinpurvillRd4)Mukuldangato HarinpurvillRdPt2 5)ShoulmariRd to Narenguri vill.Rd6)Shoulmari to NarenguriPt2 7)Kachugaon SonkoshRd under SDRF 2021-22,Please refer Tender documents. ,NA ,"2,95,29,000",Civil Works – Roads,NA ,Tender,180.0,180.0,Kokrajhar West,783361.0,NA ,NA ,NA ,"O/O The CE PWD (R), Assam, Guwahati 3",No ,No,"5,900",Nil,Nil,No,Public Works Roads Department||CE PWD(R) - PWD||Traffic Engineering Cell - PWD,CE/Commn/23/2022-23/8/SDRF,2023_PWD_30288_2,Open Tender,Item Rate,Works,2.0,No,No,Online,No,No,No,01-Apr-2023 02:00 PM,10-Apr-2023 02:30 PM,01-Apr-2023 02:00 PM,10-Apr-2023 02:00 PM,01-Apr-2023 02:00 PM ,10-Apr-2023 12:00 PM ,01-Apr-2023 02:00 PM,10-Apr-2023 02:00 PM,26-Apr-2023 05:20 PM,1.0,Fee/PreQual/Technical,.pdf,Payment Status,"5,91,000",Yes,fixed,,Nil,Nil,"CE PWD (R), Assam, Guwahati 3","O/O The CE PWD (R), Assam, Guwahati 3",1.0,SBI Bank,Public Works Roads Department||CE PWD(R) - PWD||Traffic Engineering Cell - PWD,2023_PWD_30288_2,CE/Commn/23/2022-23/8/SDRF,SDRF/Kokrajhar-II,S. Shyam,Internal,,CHANDAN DEKA,26-Apr-2023 05:15 PM,26-Apr-2023 05:20 PM,techsummary_48621.pdf (756.21 KB),Finance,fin-op,Munindra Barman,26-Apr-2023 05:40 PM,None,BOQ Comparative Chart,1.0,182696.0,Arjun Saha,10-Apr-2023 10:15 AM,Admitted-Finance,,26-Apr-2023 05:40 PM,Technical,TBE,CHANDAN DEKA,26-Apr-2023 05:05 PM,technical_48621.pdf
,,,,,,,,,,,,,,,,,,,,,,,,,,,,,,,,,,,,,,,,,,,,,,.pdf,SBD,,,,,,,,,,,,,,,,,,,,,,,,,,,,2.0,182237.0,M/S NRPM Enterprise,10-Apr-2023 01:48 PM,Admitted-Finance,,26-Apr-2023 05:40 PM,,,,,
,,,,,,,,,,,,,,,,,,,,,,,,,,,,,,,,,,,,,,,,,,,,,,.pdf,Technical Qualification details,,,,,,,,,,,,,,,,,,,,,,,,,,,,3.0,182404.0,RAJU CHANDRA BASUMATARY,08-Apr-2023 07:29 PM,Admitted-Finance,,26-Apr-2023 05:40 PM,,,,,
,,,,,,,,,,,,,,,,,,,,,,,,,,,,,,,,,,,,,,,,,,,,2.0,Finance,.pdf,Form of Bid,,,,,,,,,,,,,,,,,,,,,,,,,,,,4.0,182414.0,TAMESWAR BASUMATARY,08-Apr-2023 08:06 PM,Admitted-Finance,,26-Apr-2023 05:40 PM,,,,,
,,,,,,,,,,,,,,,,,,,,,,,,,,,,,,,,,,,,,,,,,,,,,,.xls,Bill of Quantity,,,,,,,,,,,,,,,,,,,,,,,,,,,,,,,,,,,,,,,
