﻿Organisation Chain,Tender Reference Number,Tender ID,Tender Type,Form of contract,Tender Category,No. of Covers,General Technical Evaluation Allowed,ItemWise Technical Evaluation Allowed,Payment Mode,Is Multi Currency Allowed For BOQ,Is Multi Currency Allowed For Fee,Allow Two Stage Bidding,Tender Fee in ₹,Fee Payable To,Fee Payable At,Tender Fee Exemption Allowed,Name,Address,EMD Amount in ₹,EMD through BG/ST or EMD Exemption Allowed,EMD Fee Type,EMD Percentage,EMD Payable To,EMD Payable At,Title,Work Description,Pre Qualification Details,Independent External Monitor/Remarks,Tender Value in ₹,Product Category,Sub category,Contract Type,Bid Validity(Days),Period Of Work(Days),Location,Pincode,Pre Bid Meeting Place,Pre Bid Meeting Address,Pre Bid Meeting Date,Bid Opening Place,Should Allow NDA Tender,Allow Preferential Bidder,Publish Date,Bid Opening Date,Document Download / Sale Start Date,Document Download / Sale End Date,Clarification Start Date,Clarification End Date,Bid Submission Start Date,Bid Submission End Date,Financial Bid Opening Date,S.No,Corrigendum Title,Corrigendum Type,View,S.No.1,Bank Name,Cover No,Cover,Document Type,Description,Organisation Chain :,Tender ID :,Tender Ref No :,Tender Title :,S.No,Bid Number,Bidder Name,Submitted Date,Status,Remarks,Status Updated On,Committee Chairperson/Co-ordinator Name :,Committee Chairperson/Co-ordinator Type :,Committee Members :,Updated By :,Updated On :,Financial Bid Opening Date:,Document :,Type :,Summary :,Updated By :.1,Updated On :.1,Document :.1,Type :.1,Summary :.1,Updated By :.2,Updated On :.2,Document :.2,BOQ Comparative Chart :
Science Technology and Climate Change Department||Assam State Space Application Centre,ASSAC/Tech/81/2022/616,2023_STCCD_29820_1,Open Tender,Item Rate,Goods,2.0,No,No,Online,No,No,No,800.0,Nil,Nil,Yes,"Director, ASSAC","Assam State Space Application Centre, Bigyan Bhawan, G.S. Road Kamrup 781005","1,60,000",Yes,fixed,,Nil,Nil,Tender for Cargo Carrying UAV,"(i) Director, ASSAC, hereby invites online Bids from eligible Bidders following two-bid system of bidding for supply and commissioning of UAV/Drone from OEM/Authorized resellers in the office of Assam State Space Application Centre.",Please refer Tender documents. ,NA ,,Miscellaneous Goods,UAV ,Tender,180.0,90.0,Assam State Space Application Centre,781005.0,Online Via Google Meet ,Kindly find the link in the bid document  ,17-Mar-2023 02:00 PM ,Assam State Space Application Centre,No ,No,10-Mar-2023 02:00 PM,10-Apr-2023 02:00 PM,10-Mar-2023 04:00 PM,08-Apr-2023 05:00 PM,NA ,NA ,17-Mar-2023 05:00 PM,08-Apr-2023 05:00 PM,18-Apr-2023 02:30 PM,1.0,Extension of Bid Submission,Date,,1.0,SBI Bank,1.0,Fee/PreQual/Technical,.pdf,Technical,Science Technology and Climate Change Department||Assam State Space Application Centre,2023_STCCD_29820_1,ASSAC/Tech/81/2022/616,Tender for Cargo Carrying UAV,1,182594,ENHANSAFE INDIA PRIVATE LIMITED,08-Apr-2023 01:09 PM,Rejected-Technical,As per minutes of this Tender,18-Apr-2023 02:27 PM,"Director, ASSAC",Internal,,Runjun Baruah,18-Apr-2023 02:27 PM,18-Apr-2023 02:30 PM,techsummary_47876.pdf (1190.94 KB),Technical,Tenders are open and process for technical Evaluation,Runjun Baruah,18-Apr-2023 02:02 PM,None,Finance,Proceed for Financial Evaluation,Runjun Baruah,18-Apr-2023 02:42 PM,None,BOQ Comparative Chart
,,,,,,,,,,,,,,,,,,,,,,,,,,,,,,,,,,,,,,,,,,,,,,,,,,,,2.0,Technical Corrigendum,Technical Bid,,,,2.0,Finance,.xls,Financial,,,,,2,181683,Garuda Aerospace Private Limited,31-Mar-2023 04:51 PM,Admitted-Finance,,18-Apr-2023 02:42 PM,,,,,,,,,,,,,,,,,,
,,,,,,,,,,,,,,,,,,,,,,,,,,,,,,,,,,,,,,,,,,,,,,,,,,,,,,,,,,,,,,,,,,3,181362,INDO WINGS PRIVATE LIMITED,28-Mar-2023 04:43 PM,Rejected-Technical,As per minutes of this Tender,18-Apr-2023 02:27 PM,,,,,,,,,,,,,,,,,,
,,,,,,,,,,,,,,,,,,,,,,,,,,,,,,,,,,,,,,,,,,,,,,,,,,,,,,,,,,,,,,,,,,4,182425,vishnusuryaprojectsandinfraprivatelimited,08-Apr-2023 01:13 PM,Admitted-Finance,,18-Apr-2023 02:42 PM,,,,,,,,,,,,,,,,,,
