﻿Type :,Summary :,Updated By :,Updated On :,Document :,Committee Chairperson/Co-ordinator Name :,Committee Chairperson/Co-ordinator Type :,Committee Members :,Updated By :.1,Updated on :,Document :.1,S.No,Bid Number,Bidder Name,Submitted Date,Status,Remarks,Status Updated On,Contract Date :,Contract Value :,Work Completion Period in days :,Updated By :.2,Updated on :.1,AOC document :,AOC Description :,Type :.1,Summary :.1,Updated By :.3,Updated On :.1,Document :.2,BOQ Comparative Chart :,Committee Chairperson/Co-ordinator Name :.1,Committee Chairperson/Co-ordinator Type :.1,Committee Members :.1,Updated By :.4,Updated On :.2,Financial Bid Opening Date:,Document :.3,S.No.1,Revocation Title,Revocation Description,Published Date,Document Name,Document Size(in KB),Revocated To,Organisation Chain :,Tender ID :,Tender Ref No :,Tender Title :,S.No.2,Bid Number.1,Bidder Name.1,Awarded Currency,Awarded Value,EMD Amount in ₹,EMD through BG/ST or EMD Exemption Allowed,EMD Fee Type,EMD Percentage,EMD Payable To,EMD Payable At,Organisation Chain,Tender Reference Number,Tender ID,Tender Type,Form of contract,Tender Category,No. of Covers,General Technical Evaluation Allowed,ItemWise Technical Evaluation Allowed,Payment Mode,Is Multi Currency Allowed For BOQ,Is Multi Currency Allowed For Fee,Allow Two Stage Bidding,Name,Address,Publish Date,Bid Opening Date,Document Download / Sale Start Date,Document Download / Sale End Date,Clarification Start Date,Clarification End Date,Bid Submission Start Date,Bid Submission End Date,Financial Bid Opening Date,Tender Fee in ₹,Fee Payable To,Fee Payable At,Tender Fee Exemption Allowed,Cover No,Cover,Document Type,Description,S.No,Bank Name,Title,Work Description,Pre Qualification Details,Independent External Monitor/Remarks,Tender Value in ₹,Product Category,Sub category,Contract Type,Bid Validity(Days),Period Of Work(Days),Location,Pincode,Pre Bid Meeting Place,Pre Bid Meeting Address,Pre Bid Meeting Date,Bid Opening Place,Should Allow NDA Tender,Allow Preferential Bidder
Technical,Minutes,Abhishek Sarkar,24-May-2022 01:00 PM,technical_39480.pdf,Mrinmay Kumar Dawka,Internal,"Babul Mazumder, Abhishek Sarkar, Nabadeep Lekharu",Mrinmay Kumar Dawka,05-Jul-2022 02:07 PM,finsummary_39480.pdf (513.68 KB),1,148444,Arya Nidhi Supply,23-May-2022 12:37 AM,Not Admitted-Finance,Others-Shortfall of proper & valid documents,05-Jul-2022 01:54 PM,21-Aug-2022,INR 4724660.00,365.0,Mrinmay Kumar Dawka,29-Nov-2022 06:13 PM,workordergrad.pdf (696.00 KB),AOC,Finance,Financial,Mrinmay Kumar Dawka,05-Jul-2022 01:54 PM,finance_39480.pdf,BOQ Comparative Chart,Mrinmay Kumar Dawka,Internal,"Mrinmoy Kumar Dawka,Babul Mazumder,Abhishek Sarkar, Nabadeep Lekharu.",Abhishek Sarkar,24-May-2022 01:21 PM,25-May-2022 11:00 AM,techsummary_39480.pdf (513.69 KB),1.0,Financial Evolution recticfication,The L1 bidder may kindly be rectified from Matangini Roy Choudhury to M/S Gourpada Roy,04-Jun-2022 04:24 PM,corrigendumA.pdf ,153.91,Financial Opening,Home B||Assam Prison Headquarters||District Jail-Karimganj,2022_HB_25560_1,DJK.36/2022/521 dated 16-05-2022,Tender for supply of Gr A articles in respect of Dist Jail Karimganj for the year 2022-2023,1.0,148264.0,m/s gourpada roy,INR,4724660.0,"1,00,000",Yes,fixed,,Nil,Nil,Home B||Assam Prison Headquarters||District Jail-Karimganj,DJK.36/2022/521 dated 16-05-2022,2022_HB_25560_1,Open Tender,Supply,Goods,2.0,No,No,Online,No,No,No,"Superintendent, District Jail, Karimganj","District jail, karimganj",16-May-2022 02:00 PM,23-May-2022 02:30 PM,16-May-2022 02:00 PM,23-May-2022 01:00 PM,16-May-2022 02:00 PM ,23-May-2022 12:00 PM ,16-May-2022 02:00 PM,23-May-2022 01:00 PM,25-May-2022 11:00 AM,600.0,Nil,Nil,No,1.0,Fee/PreQual/Technical,.pdf,"NIT, Bid documents",1.0,SBI Bank,Tender for supply of Gr A articles in respect of Dist Jail Karimganj for the year 2022-2023,Tender for supply of Gr A articles in respect of Dist Jail Karimganj for the year 2022-2023,Please refer Tender documents. ,NA ,0.0,Supply of Materials,NA ,Tender,90.0,365.0,"District Jail, Karimganj",788710.0,NA ,NA ,NA ,"District Jail, Karimganj",No ,No
,,,,,,,,,,,2,148274,GOUTAM ROY,21-May-2022 05:55 PM,Rejected-Finance,Being L2,05-Jul-2022 02:07 PM,,,,,,,,,,,,,,,,,,,,,2.0,Forfeit EMD,Forfeit EMD of Matangini Roy Choudhury for Group A dietary articles.,05-Jul-2022 11:50 AM,CorrigendumforfeitAD.pdf ,335.58,Financial Opening,,,,,,,,,,,,,,,,,,,,,,,,,,,,,,,,,,,,,,,,,,,,2.0,Finance,.xls,BOQ,,,,,,,,,,,,,,,,,,,,
,,,,,,,,,,,3,147979,Jaydip Deb,21-May-2022 11:19 PM,Rejected-Finance,Being L3,05-Jul-2022 02:07 PM,,,,,,,,,,,,,,,,,,,,,,,,,,,,,,,,,,,,,,,,,,,,,,,,,,,,,,,,,,,,,,,,,,,,,,,,,,,,,,,,,,,,,,,,,,,,,,
,,,,,,,,,,,4,148268,MATANGINI ROYCHOUDHURY,22-May-2022 04:14 PM,Rejected-Finance,As per decision of DPC and submission of petition for surrender by the bidder and EMD may be forfeited,05-Jul-2022 02:07 PM,,,,,,,,,,,,,,,,,,,,,,,,,,,,,,,,,,,,,,,,,,,,,,,,,,,,,,,,,,,,,,,,,,,,,,,,,,,,,,,,,,,,,,,,,,,,,,
,,,,,,,,,,,5,148264,m/s gourpada roy,21-May-2022 06:59 PM,Accepted-AOC,Being L1,29-Nov-2022 06:14 PM,,,,,,,,,,,,,,,,,,,,,,,,,,,,,,,,,,,,,,,,,,,,,,,,,,,,,,,,,,,,,,,,,,,,,,,,,,,,,,,,,,,,,,,,,,,,,,
