﻿Tender Fee in ₹,Fee Payable To,Fee Payable At,Tender Fee Exemption Allowed,S.No,Bank Name,EMD Amount in ₹,EMD through BG/ST or EMD Exemption Allowed,EMD Fee Type,EMD Percentage,EMD Payable To,EMD Payable At,Name,Address,Title,Work Description,Pre Qualification Details,Independent External Monitor/Remarks,Tender Value in ₹,Product Category,Sub category,Contract Type,Bid Validity(Days),Period Of Work(Days),Location,Pincode,Pre Bid Meeting Place,Pre Bid Meeting Address,Pre Bid Meeting Date,Bid Opening Place,Should Allow NDA Tender,Allow Preferential Bidder,S.No.1,Corrigendum Title,Corrigendum Type,View,Organisation Chain,Tender Reference Number,Tender ID,Tender Type,Form of contract,Tender Category,No. of Covers,General Technical Evaluation Allowed,ItemWise Technical Evaluation Allowed,Payment Mode,Is Multi Currency Allowed For BOQ,Is Multi Currency Allowed For Fee,Allow Two Stage Bidding,Publish Date,Bid Opening Date,Document Download / Sale Start Date,Document Download / Sale End Date,Clarification Start Date,Clarification End Date,Bid Submission Start Date,Bid Submission End Date,Financial Bid Opening Date,Cover No,Cover,Document Type,Description,Organisation Chain :,Tender ID :,Tender Ref No :,Tender Title :,Committee Chairperson/Co-ordinator Name :,Committee Chairperson/Co-ordinator Type :,Committee Members :,Updated By :,Updated On :,Financial Bid Opening Date:,Document :,Type :,Summary :,Updated By :.1,Updated On :.1,Document :.1,BOQ Comparative Chart :,S.No,Bid Number,Bidder Name,Submitted Date,Status,Remarks,Status Updated On,Type :.1,Summary :.1,Updated By :.2,Updated On :.2,Document :.2
500.0,Nil,Nil,No,1.0,SBI Bank,"27,960",Yes,percentage,2.0%,Nil,Nil,The Deputy Commissioner Cachar,"O/o The DC Cachar, Silchar, Silchar-788001, Cachar, Assam","Construction of Grave Yards Boundary Wall and Internal Drain both sides road, Guangluang Community Hall to Buwaljur River at Guangluang, Sabaspur Near SMCH Boys Hostel","Construction of Grave Yards Boundary Wall and Internal Drain both sides road, Guangluang Community Hall to Buwaljur River at Guangluang, Sabaspur Near SMCH Boys Hostel",Please refer Tender documents. ,NA ,"13,98,000",Civil Works,NA ,Tender,180.0,180.0,"Silchar, Cachar",788001.0,"Silchar, Cachar ","O/O DDC Cachar, Silchar ",21-Feb-2023 12:00 PM ,"Silchar, Cachar",No ,No,1.0,Date Extension1,Date,,General Administration Department||Divisional Commissioner Office Barak Valley Division Dispur Guwahati||Office of the Deputy Commissioner Cachar,CDT68/2021/68/Package 04,2023_GAD_28946_1,Open Tender,Works,Works,2.0,No,No,Online,No,No,No,20-Jan-2023 02:00 PM,06-Mar-2023 03:00 PM,20-Jan-2023 02:00 PM,04-Mar-2023 02:00 PM,NA ,NA ,20-Jan-2023 02:00 PM,04-Mar-2023 02:00 PM,29-Mar-2023 12:00 PM,1.0,Fee/PreQual/Technical,.pdf,Receipt copy of Tender Fee and EMD,General Administration Department||Divisional Commissioner Office Barak Valley Division Dispur Guwahati||Office of the Deputy Commissioner Cachar,2023_GAD_28946_1,CDT68/2021/68/Package 04,"Construction of Grave Yards Boundary Wall and Internal Drain both sides road, Guangluang Community Hall to Buwaljur River at Guangluang, Sabaspur Near SMCH Boys Hostel",Rohan Kumar Jha,Internal,Rajib Roy Madhumita Dey Lakshman Biswas,Rajib Roy,28-Mar-2023 07:00 PM,29-Mar-2023 12:00 PM,techsummary_46638.pdf (1609.39 KB),Finance,3 qualified bidders,Lakshman Biswas,30-Mar-2023 01:33 PM,finance_46638.pdf,BOQ Comparative Chart,1.0,178943.0,A.B.JUBAIR AHMED LASKAR,04-Mar-2023 01:37 PM,Admitted-Finance,,30-Mar-2023 01:33 PM,Technical,Three Bidders found.,Lakshman Biswas,10-Mar-2023 04:21 PM,technical_46638.pdf
,,,,,,,,,,,,,,,,,,,,,,,,,,,,,,,,,,,,,,,,,,,,,,,,,,,,,,,,,,,,.pdf,Technical Qualifying Document,,,,,,,,,,,,,,,,,,2.0,176727.0,DEBJANI SUKLABAIDYA,09-Feb-2023 12:36 PM,Admitted-Finance,,30-Mar-2023 01:33 PM,,,,,
,,,,,,,,,,,,,,,,,,,,,,,,,,,,,,,,,,,,,,,,,,,,,,,,,,,,,,,,,,,,.pdf,SBD,,,,,,,,,,,,,,,,,,3.0,176336.0,MOHAMMAD DIDAR HUSSAIN LASKAR,09-Feb-2023 01:16 AM,Admitted-Finance,,30-Mar-2023 01:33 PM,,,,,
,,,,,,,,,,,,,,,,,,,,,,,,,,,,,,,,,,,,,,,,,,,,,,,,,,,,,,,,,,2.0,Finance,.xls,Price BID,,,,,,,,,,,,,,,,,,,,,,,,,,,,,
,,,,,,,,,,,,,,,,,,,,,,,,,,,,,,,,,,,,,,,,,,,,,,,,,,,,,,,,,,,,.pdf,Form of BID,,,,,,,,,,,,,,,,,,,,,,,,,,,,,
