﻿S.No,Corrigendum Title,Corrigendum Type,View,Title,Work Description,Pre Qualification Details,Independent External Monitor/Remarks,Tender Value in ₹,Product Category,Sub category,Contract Type,Bid Validity(Days),Period Of Work(Days),Location,Pincode,Pre Bid Meeting Place,Pre Bid Meeting Address,Pre Bid Meeting Date,Bid Opening Place,Should Allow NDA Tender,Allow Preferential Bidder,S.No.1,Bank Name,Cover No,Cover,Document Type,Description,Name,Address,EMD Amount in ₹,EMD through BG/ST or EMD Exemption Allowed,EMD Fee Type,EMD Percentage,EMD Payable To,EMD Payable At,Tender Fee in ₹,Fee Payable To,Fee Payable At,Tender Fee Exemption Allowed,Publish Date,Bid Opening Date,Document Download / Sale Start Date,Document Download / Sale End Date,Clarification Start Date,Clarification End Date,Bid Submission Start Date,Bid Submission End Date,Organisation Chain,Tender Reference Number,Tender ID,Tender Type,Form of contract,Tender Category,No. of Covers,General Technical Evaluation Allowed,ItemWise Technical Evaluation Allowed,Payment Mode,Is Multi Currency Allowed For BOQ,Is Multi Currency Allowed For Fee,Allow Two Stage Bidding,Organisation Chain :,Tender ID :,Tender Ref No :,Tender Title :,S.No.,Corrigendum Title,Corrigendum Type,Corrigendum Description,Corrigendum Reason,Published Date,Document Name,Doc Size(in KB),S.No,Bid Number,Bidder Name,Submitted Date,Status,Remarks,Status Updated On,Type :,Summary :,Updated By :,Updated On :,Document :
1.0,Cancellation,Cancellation of Tender,,Balance work of Construction of Rupahi Jalah Road in Baksa District for the financial year 2021-22.,Balance work of Construction of Rupahi Jalah Road in Baksa District for the financial year 2021-22.,Refer to Tender Documents ,NA ,"1,95,15,000",Civil Works – Roads,NA ,Tender,180.0,365.0,Kokrajhar,783370.0,NA ,NA ,NA ,Kokrajhar,No ,No,1.0,SBI Bank,1.0,Fee/PreQual/Technical,.pdf,Cost of Tender and EMD,Sri Arun Ch. Goswami,"O/o the Addl. Chief Engineer-cum-Director, PWD, BTC, Kokrajhar.","3,90,300",Yes,percentage,2.0%,Nil,Nil,"4,000",Nil,Nil,No,15-Sep-2022 10:30 AM,11-Oct-2022 03:30 PM,15-Sep-2022 10:30 AM,11-Oct-2022 02:00 PM,15-Sep-2022 10:30 AM ,11-Oct-2022 02:00 PM ,15-Sep-2022 12:00 PM,11-Oct-2022 02:00 PM,Bodoland Territorial Council-PWD||Director Cum CHD - PWD BTC,No.45/BTC/IFB/OTSG/18-19/129,2022_BTC_27012_1,Open Tender,Item Rate,Works,2.0,No,No,Online,No,No,No,Bodoland Territorial Council-PWD||Director Cum CHD - PWD BTC,2022_BTC_27012_1,No.45/BTC/IFB/OTSG/18-19/129,Balance work of Construction of Rupahi Jalah Road in Baksa District for the financial year 2021-22.,1.0,Cancellation,Cancellation of Tender,Cancellation Order,Due to admistrative reasons/issues,18-Nov-2022 11:43 AM,Cancellation.pdf ,587.03,1,159649,CHIRANJIT CHOUDHURY,11-Oct-2022 12:41 PM,Admitted-Fee/PreQual/Technical,,21-Oct-2022 04:57 PM,Technical,Technical Bid Opening,MILAN MAHILARY,21-Oct-2022 04:57 PM,technical_41590.pdf
2.0,Corrigendum,Date,,,,,,,,,,,,,,,,,,,,,,,,.pdf,Tender Documents,,,,,,,,,,,,,,,,,,,,,,,,,,,,,,,,,,,,,,,,,,,,,,2,159650,DEBAJIT PATGIRI,11-Oct-2022 12:00 PM,Admitted-Fee/PreQual/Technical,,21-Oct-2022 04:57 PM,,,,,
,,,,,,,,,,,,,,,,,,,,,,,,,,.pdf,Technical Documents,,,,,,,,,,,,,,,,,,,,,,,,,,,,,,,,,,,,,,,,,,,,,,3,159651,M/S B.K.ASSOCIATES,11-Oct-2022 11:47 AM,Admitted-Fee/PreQual/Technical,,21-Oct-2022 04:57 PM,,,,,
,,,,,,,,,,,,,,,,,,,,,,,,2.0,Finance,.pdf,Form of Bid,,,,,,,,,,,,,,,,,,,,,,,,,,,,,,,,,,,,,,,,,,,,,,4,159639,M/S M.D. ENTERPRISE,11-Oct-2022 11:04 AM,Admitted-Fee/PreQual/Technical,,21-Oct-2022 04:57 PM,,,,,
,,,,,,,,,,,,,,,,,,,,,,,,,,.xls,Bill of Quantities,,,,,,,,,,,,,,,,,,,,,,,,,,,,,,,,,,,,,,,,,,,,,,5,159638,M/S MUCHAHARY ENTERPRISE,11-Oct-2022 10:42 AM,Admitted-Fee/PreQual/Technical,,21-Oct-2022 04:57 PM,,,,,
,,,,,,,,,,,,,,,,,,,,,,,,,,,,,,,,,,,,,,,,,,,,,,,,,,,,,,,,,,,,,,,,,,,,,,,,,6,159094,NITUL KUMAR RABHA,11-Oct-2022 12:50 PM,Not Admitted-Fee/PreQual/Technical,Others-Sri Nitul Kumar Rabha has not submitted bids manually for further technical evaluation.,21-Oct-2022 04:57 PM,,,,,
