﻿Organisation Chain,Tender Reference Number,Tender ID,Tender Type,Form of contract,Tender Category,No. of Covers,General Technical Evaluation Allowed,ItemWise Technical Evaluation Allowed,Payment Mode,Is Multi Currency Allowed For BOQ,Is Multi Currency Allowed For Fee,Allow Two Stage Bidding,Tender Fee in ₹,Fee Payable To,Fee Payable At,Tender Fee Exemption Allowed,S.No,Bank Name,Publish Date,Bid Opening Date,Document Download / Sale Start Date,Document Download / Sale End Date,Clarification Start Date,Clarification End Date,Bid Submission Start Date,Bid Submission End Date,Title,Work Description,Pre Qualification Details,Independent External Monitor/Remarks,Tender Value in ₹,Product Category,Sub category,Contract Type,Bid Validity(Days),Period Of Work(Days),Location,Pincode,Pre Bid Meeting Place,Pre Bid Meeting Address,Pre Bid Meeting Date,Bid Opening Place,Should Allow NDA Tender,Allow Preferential Bidder,Name,Address,S.No.1,Corrigendum Title,Corrigendum Type,View,Cover No,Cover,Document Type,Description,EMD Amount in ₹,EMD through BG/ST or EMD Exemption Allowed,EMD Fee Type,EMD Percentage,EMD Payable To,EMD Payable At,Organisation Chain :,Tender ID :,Tender Ref No :,Tender Title :,S.No.,Corrigendum Title,Corrigendum Type,Corrigendum Description,Corrigendum Reason,Published Date,Document Name,Doc Size(in KB),S.No,Bid Number,Bidder Name,Submitted Date,Status,Remarks,Status Updated On,Type :,Summary :,Updated By :,Updated On :,Document :
Bodoland Territorial Council-PWD||Director Cum CHD - PWD BTC,No.45/BTC/IFB/OTSG/18-19/126,2022_BTC_26313_1,Open Tender,Item Rate,Works,2.0,No,No,Online,No,No,No,"4,000",Nil,Nil,No,1.0,SBI Bank,15-Jul-2022 10:30 AM,08-Aug-2022 11:30 AM,15-Jul-2022 10:30 AM,06-Aug-2022 02:00 PM,15-Jul-2022 10:30 AM ,06-Aug-2022 02:00 PM ,15-Jul-2022 12:00 PM,06-Aug-2022 02:00 PM,Balance work of Construction of Rupahi Jalah Road in Baksa District for the financial year 2021-22.,Balance work of Construction of Rupahi Jalah Road in Baksa District for the financial year 2021-22.,Refer to Tender Documents ,NA ,"1,95,15,000",Civil Works – Roads,NA ,Tender,180.0,365.0,Kokrajhar,783370.0,NA ,NA ,NA ,Kokrajhar,No ,No,Sri Arun Ch. Goswami,"O/o the Addl. Chief Engineer-cum-Director, PWD, BTC, Kokrajhar.",1.0,Corrigendum,Cancellation of Tender,,1.0,Fee/PreQual/Technical,.pdf,Tender Cost and EMD,"3,90,300",Yes,percentage,2.0%,Nil,Nil,Bodoland Territorial Council-PWD||Director Cum CHD - PWD BTC,2022_BTC_26313_1,No.45/BTC/IFB/OTSG/18-19/126,Balance work of Construction of Rupahi Jalah Road in Baksa District for the financial year 2021-22.,1.0,Corrigendum,Cancellation of Tender,Cancellation of Tender Process,Due to admistrative reasons/issues,25-Aug-2022 12:05 PM,Cancellation.pdf ,518.79,1.0,155207.0,M/S B.K ASSOCIATES,04-Aug-2022 07:13 PM,Admitted-Fee/PreQual/Technical,,10-Aug-2022 05:11 PM,Technical,Technical Opening,BARUN DEY,10-Aug-2022 05:11 PM,None
,,,,,,,,,,,,,,,,,,,,,,,,,,,,,,,,,,,,,,,,,,,,,,,,,,,,,.pdf,Technical Documents,,,,,,,,,,,,,,,,,,,2.0,155100.0,NITUL KUMAR RABHA,06-Aug-2022 01:49 PM,Admitted-Fee/PreQual/Technical,,10-Aug-2022 05:11 PM,,,,,
,,,,,,,,,,,,,,,,,,,,,,,,,,,,,,,,,,,,,,,,,,,,,,,,,,,,,.pdf,Tender Documents,,,,,,,,,,,,,,,,,,,3.0,154656.0,RANJAN BORO,06-Aug-2022 12:13 PM,Admitted-Fee/PreQual/Technical,,10-Aug-2022 05:11 PM,,,,,
,,,,,,,,,,,,,,,,,,,,,,,,,,,,,,,,,,,,,,,,,,,,,,,,,,,2.0,Finance,.pdf,Form of Bid,,,,,,,,,,,,,,,,,,,,,,,,,,,,,,
,,,,,,,,,,,,,,,,,,,,,,,,,,,,,,,,,,,,,,,,,,,,,,,,,,,,,.xls,Bill of Quantities,,,,,,,,,,,,,,,,,,,,,,,,,,,,,,
