﻿S.No,Bank Name,Cover No,Cover,Document Type,Description,Title,Work Description,Pre Qualification Details,Independent External Monitor/Remarks,Tender Value in ₹,Product Category,Sub category,Contract Type,Bid Validity(Days),Period Of Work(Days),Location,Pincode,Pre Bid Meeting Place,Pre Bid Meeting Address,Pre Bid Meeting Date,Bid Opening Place,Should Allow NDA Tender,Allow Preferential Bidder,Organisation Chain,Tender Reference Number,Tender ID,Tender Type,Form of contract,Tender Category,No. of Covers,General Technical Evaluation Allowed,ItemWise Technical Evaluation Allowed,Payment Mode,Is Multi Currency Allowed For BOQ,Is Multi Currency Allowed For Fee,Allow Two Stage Bidding,Publish Date,Bid Opening Date,Document Download / Sale Start Date,Document Download / Sale End Date,Clarification Start Date,Clarification End Date,Bid Submission Start Date,Bid Submission End Date,Financial Bid Opening Date,S.No.1,Corrigendum Title,Corrigendum Type,View,Tender Fee in ₹,Fee Payable To,Fee Payable At,Tender Fee Exemption Allowed,EMD Amount in ₹,EMD through BG/ST or EMD Exemption Allowed,EMD Fee Type,EMD Percentage,EMD Payable To,EMD Payable At,Name,Address,Organisation Chain :,Tender ID :,Tender Ref No :,Tender Title :,S.No,Bid Number,Bidder Name,Submitted Date,Status,Remarks,Status Updated On,Committee Chairperson/Co-ordinator Name :,Committee Chairperson/Co-ordinator Type :,Committee Members :,Updated By :,Updated On :,Financial Bid Opening Date:,Document :,Type :,Summary :,Updated By :.1,Updated On :.1,Document :.1
1.0,SBI Bank,1.0,Fee/PreQual/Technical,.pdf,SBD,Construction of Buildingless Sub Health Centre in Bilbari at Karimganj District for FY 2022 23 under PM ABHIM on Turnkey Basis,Construction of Buildingless Sub Health Centre in Bilbari at Karimganj District for FY 2022 23 under PM ABHIM on Turnkey Basis,Please refer Tender documents. ,NA ,"52,03,000",Civil Works - Building,NA ,Tender,180.0,180.0,Karimganj,788710.0,NA ,NA ,NA ,"O/o MD, NHM, ASSAM",No ,No,National Health Mission||State Programme Management Unit - NHM,NHM-32023/11/2022-CONS-NHM/95,2022_NHM_28421_110,Open Tender,Turn-key,Works,2.0,No,No,Online,No,No,No,26-Dec-2022 06:55 PM,12-Jan-2023 03:30 PM,26-Dec-2022 06:55 PM,11-Jan-2023 02:00 PM,NA ,NA ,26-Dec-2022 06:55 PM,11-Jan-2023 02:00 PM,19-Apr-2023 12:30 PM,1.0,Corrigendum,Other,,"1,500",Nil,Nil,No,"1,04,060",Yes,percentage,2.0%,Nil,Nil,"MD, NHM, ASSAM","O/o MD, NHM, ASSAM, CHRISTANBASTI, GUWAHATI-05",National Health Mission||State Programme Management Unit - NHM,2022_NHM_28421_110,NHM-32023/11/2022-CONS-NHM/95,Construction of Buildingless Sub Health Centre in Bilbari at Karimganj District for FY 2022 23 under PM ABHIM on Turnkey Basis,1.0,172076.0,BUDDHA DAS,11-Jan-2023 03:44 AM,Rejected-Technical,NOT ADMITTED,19-Apr-2023 12:16 PM,ED,Internal,,Arindam Pathak,19-Apr-2023 12:16 PM,19-Apr-2023 12:30 PM,techsummary_45498.pdf (424.46 KB),Technical,TECHNICAL BID OPENED,Arindam Pathak,19-Apr-2023 12:14 PM,None
,,,,.pdf,TECHNICAL QUALIFICATION,,,,,,,,,,,,,,,,,,,,,,,,,,,,,,,,,,,,,,,,,,,,,,,,,,,,,,,,,,,,,2.0,172588.0,Prakash Sinha,11-Jan-2023 03:17 AM,Accepted-Technical,ADMITTED,19-Apr-2023 12:16 PM,,,,,,,,,,,,
,,,,.pdf,EMD AND TENDER FEE,,,,,,,,,,,,,,,,,,,,,,,,,,,,,,,,,,,,,,,,,,,,,,,,,,,,,,,,,,,,,3.0,172827.0,Sri Bimal Sinha,11-Jan-2023 10:08 AM,Accepted-Technical,ADMITTED,19-Apr-2023 12:16 PM,,,,,,,,,,,,
,,2.0,Finance,.xls,BOQ,,,,,,,,,,,,,,,,,,,,,,,,,,,,,,,,,,,,,,,,,,,,,,,,,,,,,,,,,,,,,,,,,,,,,,,,,,,,,,,
,,,,.pdf,FOB,,,,,,,,,,,,,,,,,,,,,,,,,,,,,,,,,,,,,,,,,,,,,,,,,,,,,,,,,,,,,,,,,,,,,,,,,,,,,,,
