﻿EMD Amount in ₹,EMD through BG/ST or EMD Exemption Allowed,EMD Fee Type,EMD Percentage,EMD Payable To,EMD Payable At,Cover No,Cover,Document Type,Description,Title,Work Description,Pre Qualification Details,Independent External Monitor/Remarks,Tender Value in ₹,Product Category,Sub category,Contract Type,Bid Validity(Days),Period Of Work(Days),Location,Pincode,Pre Bid Meeting Place,Pre Bid Meeting Address,Pre Bid Meeting Date,Bid Opening Place,Should Allow NDA Tender,Allow Preferential Bidder,Name,Address,Publish Date,Bid Opening Date,Document Download / Sale Start Date,Document Download / Sale End Date,Clarification Start Date,Clarification End Date,Bid Submission Start Date,Bid Submission End Date,Financial Bid Opening Date,Organisation Chain,Tender Reference Number,Tender ID,Tender Type,Form of contract,Tender Category,No. of Covers,General Technical Evaluation Allowed,ItemWise Technical Evaluation Allowed,Payment Mode,Is Multi Currency Allowed For BOQ,Is Multi Currency Allowed For Fee,Allow Two Stage Bidding,Tender Fee in ₹,Fee Payable To,Fee Payable At,Tender Fee Exemption Allowed,S.No,Bank Name,Organisation Chain :,Tender ID :,Tender Ref No :,Tender Title :,S.No,Bid Number,Bidder Name,Submitted Date,Status,Remarks,Status Updated On,Committee Chairperson/Co-ordinator Name :,Committee Chairperson/Co-ordinator Type :,Committee Members :,Updated By :,Updated On :,Financial Bid Opening Date:,Document :,Type :,Summary :,Updated By :.1,Updated On :.1,Document :.1,Type :.1,Summary :.1,Updated By :.2,Updated On :.2,Document :.2,BOQ Comparative Chart :
"5,92,160",Yes,fixed,,Nil,Nil,1.0,Fee/PreQual/Technical,.pdf,EMD and Tender Fee Receipt,Warehouse complex at Amingaon in Kamrup District (Godown 3) WH-K-08,APART/NOCP/WAREHOUSES/K-08 Renovation and Up-gradation of Warehousing Facilities in existing Warehouse complex (Godown 3) at Amingaon in Kamrup District under APART.,Please refer Tender documents. ,NA ,"2,96,08,000",Civil Works - Building,NA ,Tender,90.0,270.0,Kamrup District,781031.0,"O/o The Chief Engineer, (EAP) PWRD, Assam ","O/o The Chief Engineer, (EAP) PWRD, Assam, Fatasil Ambari, Guwahati-781025 ",29-Oct-2022 11:00 AM ,"O/o The Chief Engineer, (EAP) PWRD, Assam",No ,No,"Chief Engineer, (EAP) PWRD, Assam","O/o The Chief Engineer, (EAP) PWRD, Assam, Fatasil Ambari, Guwahati-781025",20-Oct-2022 09:00 AM,19-Nov-2022 02:30 PM,20-Oct-2022 09:15 AM,19-Nov-2022 02:00 PM,20-Oct-2022 09:30 AM ,29-Oct-2022 11:00 AM ,20-Oct-2022 09:30 AM,19-Nov-2022 02:00 PM,30-Dec-2022 02:30 PM,Public Works Roads Department-Externally Aided Project||Public Works Road Department- World Bank Funded Tenders,CE/APART/168/2022/7,2022_PWRDW_27413_4,Open Tender,Lump-sum,Works,2.0,No,No,Online,No,No,No,"6,000",Nil,Nil,No,1.0,SBI Bank,Public Works Roads Department-Externally Aided Project||Public Works Road Department- World Bank Funded Tenders,2022_PWRDW_27413_4,CE/APART/168/2022/7,Warehouse complex at Amingaon in Kamrup District (Godown 3) WH-K-08,1,161270,ANIL DAS,18-Nov-2022 10:53 PM,Rejected-Technical,As per decision of Bid Evaluation Committee,29-Dec-2022 06:49 PM,"Chief Engineer,(EAP)PWRD,Assam",Internal,"Deputy Secretary(Works),PWRD,CPIU and Superintending Engineer,CE,PWRD(Roads),Assam",Sanjita Bodo,29-Dec-2022 06:48 PM,30-Dec-2022 02:30 PM,techsummary_42111.pdf (199.91 KB),Technical,Technical Bids has been opened,Kampi Sonowal,21-Nov-2022 06:48 PM,None,Finance,Financial Bids has been opened,Sanjita Bodo,30-Dec-2022 03:19 PM,None,BOQ Comparative Chart
,,,,,,,,.pdf,SBD,,,,,,,,,,,,,,,,,,,,,,,,,,,,,,,,,,,,,,,,,,,,,,,,,,,,,2,161830,Bhaskar Baruah,19-Nov-2022 08:20 AM,Admitted-Finance,,30-Dec-2022 03:19 PM,,,,,,,,,,,,,,,,,,
,,,,,,,,.pdf,Technical Qualification Details,,,,,,,,,,,,,,,,,,,,,,,,,,,,,,,,,,,,,,,,,,,,,,,,,,,,,3,162565,Bikash Enterprises,19-Nov-2022 12:05 PM,Admitted-Finance,,30-Dec-2022 03:19 PM,,,,,,,,,,,,,,,,,,
,,,,,,,,.pdf,Letter of Bid (Technical),,,,,,,,,,,,,,,,,,,,,,,,,,,,,,,,,,,,,,,,,,,,,,,,,,,,,4,163127,Mrinmoy Kumar Das,19-Nov-2022 12:30 PM,Admitted-Finance,,30-Dec-2022 03:19 PM,,,,,,,,,,,,,,,,,,
,,,,,,2.0,Finance,.xls,BoQ,,,,,,,,,,,,,,,,,,,,,,,,,,,,,,,,,,,,,,,,,,,,,,,,,,,,,5,163105,M/S Assam Electric Store,19-Nov-2022 12:08 PM,Admitted-Finance,,30-Dec-2022 03:19 PM,,,,,,,,,,,,,,,,,,
,,,,,,,,.pdf,Letter of Bid (Financial),,,,,,,,,,,,,,,,,,,,,,,,,,,,,,,,,,,,,,,,,,,,,,,,,,,,,6,163208,M/S MAHAABALA CONSTRUCTION PVT. LTD.,19-Nov-2022 12:47 PM,Admitted-Finance,,30-Dec-2022 03:19 PM,,,,,,,,,,,,,,,,,,
,,,,,,,,,,,,,,,,,,,,,,,,,,,,,,,,,,,,,,,,,,,,,,,,,,,,,,,,,,,,,,7,163156,M/S SUNRISE ENTERPRISE,19-Nov-2022 01:34 AM,Admitted-Finance,,30-Dec-2022 03:19 PM,,,,,,,,,,,,,,,,,,
,,,,,,,,,,,,,,,,,,,,,,,,,,,,,,,,,,,,,,,,,,,,,,,,,,,,,,,,,,,,,,8,163146,POOJA ASSOCIATES(CONTRACT DIVN),19-Nov-2022 12:15 PM,Admitted-Finance,,30-Dec-2022 03:19 PM,,,,,,,,,,,,,,,,,,
,,,,,,,,,,,,,,,,,,,,,,,,,,,,,,,,,,,,,,,,,,,,,,,,,,,,,,,,,,,,,,9,161738,Sri Uday Baishya,19-Nov-2022 01:48 PM,Rejected-Technical,As per decision of Bid Evaluation Committee,29-Dec-2022 06:49 PM,,,,,,,,,,,,,,,,,,
