﻿Organisation Chain :,Tender ID :,Tender Ref No :,Tender Title :,S.No,Bank Name,Title,Work Description,Pre Qualification Details,Independent External Monitor/Remarks,Tender Value in ₹,Product Category,Sub category,Contract Type,Bid Validity(Days),Period Of Work(Days),Location,Pincode,Pre Bid Meeting Place,Pre Bid Meeting Address,Pre Bid Meeting Date,Bid Opening Place,Should Allow NDA Tender,Allow Preferential Bidder,S.No.1,Corrigendum Title,Corrigendum Type,View,Publish Date,Bid Opening Date,Document Download / Sale Start Date,Document Download / Sale End Date,Clarification Start Date,Clarification End Date,Bid Submission Start Date,Bid Submission End Date,Name,Address,EMD Amount in ₹,EMD through BG/ST or EMD Exemption Allowed,EMD Fee Type,EMD Percentage,EMD Payable To,EMD Payable At,Organisation Chain,Tender Reference Number,Tender ID,Tender Type,Form of contract,Tender Category,No. of Covers,General Technical Evaluation Allowed,ItemWise Technical Evaluation Allowed,Payment Mode,Is Multi Currency Allowed For BOQ,Is Multi Currency Allowed For Fee,Allow Two Stage Bidding,Cover No,Cover,Document Type,Description,Tender Fee in ₹,Fee Payable To,Fee Payable At,Tender Fee Exemption Allowed
National Health Mission||State Programme Management Unit - NHM,2022_NHM_28534_15,NHM-32023/11/2022-CONS-NHM/88,Construction of Buildingless Sub Health Centre at THENGAL in Dibrugarh District for FY 2021 22 under PM ABHIM on Turnkey basis,1.0,SBI Bank,Construction of Buildingless Sub Health Centre at THENGAL in Dibrugarh District for FY 2021 22 under PM ABHIM on Turnkey basis,Construction of Buildingless Sub Health Centre at THENGAL in Dibrugarh District for FY 2021 22 under PM ABHIM on Turnkey basis,Please refer Tender documents. ,NA ,"52,03,000",Civil Works - Building,NA ,Tender,180.0,180.0,Dibrugarh,786001.0,NA ,NA ,NA ,"O/o MD, NHM, Assam",No ,No,1.0,date extn,Date,,29-Dec-2022 06:55 PM,08-Feb-2023 03:30 PM,29-Dec-2022 06:55 PM,07-Feb-2023 02:00 PM,NA ,NA ,29-Dec-2022 06:55 PM,07-Feb-2023 02:00 PM,"MD, NHM, Assam","O/o MD, NHM, Assam, Christanbasti, Guwahati-05","1,04,060",Yes,percentage,2.0%,Nil,Nil,National Health Mission||State Programme Management Unit - NHM,NHM-32023/11/2022-CONS-NHM/88,2022_NHM_28534_15,Open Tender,Turn-key,Works,2.0,No,No,Online,No,No,No,1.0,Fee/PreQual/Technical,.pdf,SBD,"1,500",Nil,Nil,No
,,,,,,,,,,,,,,,,,,,,,,,,,,,,,,,,,,,,,,,,,,,,,,,,,,,,,,,,,,,.pdf,EMD AND TENDER FEE,,,,
,,,,,,,,,,,,,,,,,,,,,,,,,,,,,,,,,,,,,,,,,,,,,,,,,,,,,,,,,,,.pdf,TECHNICAL QUALIFICATION,,,,
,,,,,,,,,,,,,,,,,,,,,,,,,,,,,,,,,,,,,,,,,,,,,,,,,,,,,,,,,2.0,Finance,.xls,BOQ,,,,
,,,,,,,,,,,,,,,,,,,,,,,,,,,,,,,,,,,,,,,,,,,,,,,,,,,,,,,,,,,.pdf,FOB,,,,
