﻿Organisation Chain :,Tender ID :,Tender Ref No :,Tender Title :,Type :,Summary :,Updated By :,Updated On :,Document :,Committee Chairperson/Co-ordinator Name :,Committee Chairperson/Co-ordinator Type :,Committee Members :,Updated By :.1,Updated On :.1,Financial Bid Opening Date:,Document :.1,S.No,Bid Number,Bidder Name,Submitted Date,Status,Remarks,Status Updated On,Title,Work Description,Pre Qualification Details,Independent External Monitor/Remarks,Tender Value in ₹,Product Category,Sub category,Contract Type,Bid Validity(Days),Period Of Work(Days),Location,Pincode,Pre Bid Meeting Place,Pre Bid Meeting Address,Pre Bid Meeting Date,Bid Opening Place,Should Allow NDA Tender,Allow Preferential Bidder,Name,Address,S.No,Bank Name,EMD Amount in ₹,EMD through BG/ST or EMD Exemption Allowed,EMD Fee Type,EMD Percentage,EMD Payable To,EMD Payable At,Organisation Chain,Tender Reference Number,Tender ID,Tender Type,Form of contract,Tender Category,No. of Covers,General Technical Evaluation Allowed,ItemWise Technical Evaluation Allowed,Payment Mode,Is Multi Currency Allowed For BOQ,Is Multi Currency Allowed For Fee,Allow Two Stage Bidding,Tender Fee in ₹,Fee Payable To,Fee Payable At,Tender Fee Exemption Allowed,Cover No,Cover,Document Type,Description,Publish Date,Bid Opening Date,Document Download / Sale Start Date,Document Download / Sale End Date,Clarification Start Date,Clarification End Date,Bid Submission Start Date,Bid Submission End Date,Financial Bid Opening Date
National Health Mission||State Programme Management Unit - NHM,2022_NHM_28061_36,NHM-32034/33/2022-CONST,Construction of Buildingless Sub Health Centre in SENSUA SC in SIBSAGAR District under PM ABHIM for the FY 2022-23 Turnkey Basis,Technical,Technical Evaluation,Dipjyoti Deka,23-Mar-2023 08:26 PM,technical_44811.pdf,OSD,Internal,"DF, FA, SE(C), SE(E), CCW(C)",Dipjyoti Deka,23-Mar-2023 08:27 PM,24-Mar-2023 09:00 AM,techsummary_44811.pdf (641.74 KB),1.0,170401.0,Lechaman Borgohain,25-Dec-2022 07:41 PM,Accepted-Technical,Admitted,23-Mar-2023 08:27 PM,Construction of Buildingless Sub Health Centre in SENSUA SC in SIBSAGAR District under PM ABHIM for the FY 2022-23 Turnkey Basis,Construction of Buildingless Sub Health Centre in SENSUA SC in SIBSAGAR District under PM ABHIM for the FY 2022-23 Turnkey Basis,Please refer Tender documents. ,NA ,"52,03,000",Civil Works - Building,NA ,Tender,180.0,180.0,NAGAON,782002.0,NA ,NA ,NA ,O/o MD NHM ASSAM,No ,No,MD NHM ASSAM,O/o MD NHM ASSAM CHRISTANBASTI GHY 5,1.0,SBI Bank,"1,04,060",Yes,percentage,2.0%,Nil,Nil,National Health Mission||State Programme Management Unit - NHM,NHM-32034/33/2022-CONST,2022_NHM_28061_36,Open Tender,Turn-key,Works,2.0,No,No,Online,No,No,No,"1,500",Nil,Nil,Yes,1.0,Fee/PreQual/Technical,.pdf,SBD,08-Dec-2022 06:00 PM,28-Dec-2022 03:30 PM,08-Dec-2022 06:00 PM,27-Dec-2022 02:00 PM,NA ,NA ,08-Dec-2022 06:00 PM,27-Dec-2022 02:00 PM,24-Mar-2023 09:00 AM
,,,,,,,,,,,,,,,,2.0,170284.0,MANJIL DUTTA,24-Dec-2022 06:59 AM,Not Admitted-Fee/PreQual/Technical,Not Complied with technical specification,23-Mar-2023 08:26 PM,,,,,,,,,,,,,,,,,,,,,,,,,,,,,,,,,,,,,,,,,,,,,,,,.pdf,TENDER PROCESSING FEE,,,,,,,,,
,,,,,,,,,,,,,,,,3.0,170278.0,M/S MADHURJYA DUTTA,24-Dec-2022 07:08 AM,Accepted-Technical,Admitted,23-Mar-2023 08:27 PM,,,,,,,,,,,,,,,,,,,,,,,,,,,,,,,,,,,,,,,,,,,,,,,,.pdf,TECHNICAL QUALIFICATION,,,,,,,,,
,,,,,,,,,,,,,,,,,,,,,,,,,,,,,,,,,,,,,,,,,,,,,,,,,,,,,,,,,,,,,,,,,,,,2.0,Finance,.xls,BOQ,,,,,,,,,
,,,,,,,,,,,,,,,,,,,,,,,,,,,,,,,,,,,,,,,,,,,,,,,,,,,,,,,,,,,,,,,,,,,,,,.pdf,FOB,,,,,,,,,
