﻿Cover No,Cover,Document Type,Description,Organisation Chain,Tender Reference Number,Tender ID,Tender Type,Form of contract,Tender Category,No. of Covers,General Technical Evaluation Allowed,ItemWise Technical Evaluation Allowed,Payment Mode,Is Multi Currency Allowed For BOQ,Is Multi Currency Allowed For Fee,Allow Two Stage Bidding,Name,Address,EMD Amount in ₹,EMD through BG/ST or EMD Exemption Allowed,EMD Fee Type,EMD Percentage,EMD Payable To,EMD Payable At,Tender Fee in ₹,Fee Payable To,Fee Payable At,Tender Fee Exemption Allowed,Publish Date,Bid Opening Date,Document Download / Sale Start Date,Document Download / Sale End Date,Clarification Start Date,Clarification End Date,Bid Submission Start Date,Bid Submission End Date,Financial Bid Opening Date,Title,Work Description,Pre Qualification Details,Independent External Monitor/Remarks,Tender Value in ₹,Product Category,Sub category,Contract Type,Bid Validity(Days),Period Of Work(Days),Location,Pincode,Pre Bid Meeting Place,Pre Bid Meeting Address,Pre Bid Meeting Date,Bid Opening Place,Should Allow NDA Tender,Allow Preferential Bidder,S.No,Bank Name,Organisation Chain :,Tender ID :,Tender Ref No :,Tender Title :,Committee Chairperson/Co-ordinator Name :,Committee Chairperson/Co-ordinator Type :,Committee Members :,Updated By :,Updated On :,Financial Bid Opening Date:,Document :,Committee Chairperson/Co-ordinator Name :.1,Committee Chairperson/Co-ordinator Type :.1,Committee Members :.1,Updated By :.1,Updated on :,Document :.1,Contract Date :,Contract Value :,Work Completion Period in days :,Updated By :.2,Updated on :.1,AOC document :,AOC Description :,Type :,Summary :,Updated By :.3,Updated On :.1,Document :.2,BOQ Comparative Chart :,S.No,Bid Number,Bidder Name,Awarded Currency,Awarded Value,S.No.1,Bid Number.1,Bidder Name.1,Submitted Date,Status,Remarks,Status Updated On,Type :.1,Summary :.1,Updated By :.4,Updated On :.2,Document :.3
1.0,Fee/PreQual/Technical,.pdf,Cost of Tender and EMD,Bodoland Territorial Council-PWD||Director Cum CHD - PWD BTC,No.38/KOKR/IFB/P-I/2016-17/41,2022_BTC_27566_1,Open Tender,Item Rate,Works,2.0,No,No,Online,No,No,No,Sri Arun Ch. Goswami,"O/o the Addl. Chief Engineer-cum-Director, PWD, BTC, Kokrajhar.","1,43,996",Yes,percentage,2.0%,Nil,Nil,"2,000",Nil,Nil,No,04-Nov-2022 10:30 AM,22-Nov-2022 02:00 PM,04-Nov-2022 10:30 AM,21-Nov-2022 02:30 PM,04-Nov-2022 10:30 AM ,21-Nov-2022 02:00 PM ,04-Nov-2022 12:00 PM,21-Nov-2022 02:30 PM,30-Nov-2022 12:00 PM,"Construction of road from Durabil L.P. School to Durabil Tinali near Dandaram House at Durabil by Providing ICBP under AOP, BTC, for the year 2022-23. TN No.21_05.","Construction of road from Durabil L.P. School to Durabil Tinali near Dandaram House at Durabil by Providing ICBP under AOP, BTC, for the year 2022-23. TN No.21_05.",Refer to Tender Documents ,NA ,"71,99,820",Civil Works – Roads,NA ,Tender,180.0,365.0,Kokrajhar,783370.0,NA ,NA ,NA ,Kokrajhar,No ,No,1.0,SBI Bank,Bodoland Territorial Council-PWD||Director Cum CHD - PWD BTC,2022_BTC_27566_1,No.38/KOKR/IFB/P-I/2016-17/41,"Construction of road from Durabil L.P. School to Durabil Tinali near Dandaram House at Durabil by Providing ICBP under AOP, BTC, for the year 2022-23. TN No.21_05.",Sri Arun Ch. Goswami,Internal,"Sri Arun Ch. Goswami, Sri Santosh Brahma, Sri Maneswar Brahma, Sri Arun Ch. Basumatary.",MILAN MAHILARY,30-Nov-2022 11:47 AM,30-Nov-2022 12:00 PM,techsummary_42658.pdf (905.73 KB),Sri Arun Ch. Goswami,Internal,"Sri Arun Ch. Goswami, Sri Santosh Brahma, Sri Maneswar Brahma, Sri Arun Ch. Basumatary.",MILAN MAHILARY,06-Dec-2022 01:25 PM,finsummary_42658.pdf (726.89 KB),06-Dec-2022,INR 7199463.20,365.0,MILAN MAHILARY,06-Dec-2022 01:26 PM,AOC05.pdf (790.00 KB),L1,Finance,Financial Bid Opening,MILAN MAHILARY,30-Nov-2022 02:25 PM,None,BOQ Comparative Chart,1.0,163188.0,Abhijit Debnath,INR,7199463.2,1.0,163188.0,Abhijit Debnath,21-Nov-2022 12:32 PM,Accepted-AOC,L1,06-Dec-2022 01:27 PM,Technical,Technical Bid OPening,BARUN DEY,22-Nov-2022 03:06 PM,None
,,.pdf,Tender Documents,,,,,,,,,,,,,,,,,,,,,,,,,,,,,,,,,,,,,,,,,,,,,,,,,,,,,,,,,,,,,,,,,,,,,,,,,,,,,,,,,,,,,,,,,,2.0,163183.0,Arjun Saha,20-Nov-2022 10:58 AM,Rejected-AOC,L2,06-Dec-2022 01:27 PM,,,,,
,,.pdf,Technical Documents,,,,,,,,,,,,,,,,,,,,,,,,,,,,,,,,,,,,,,,,,,,,,,,,,,,,,,,,,,,,,,,,,,,,,,,,,,,,,,,,,,,,,,,,,,,,,,,,,,,,,
2.0,Finance,.pdf,Form of Bid,,,,,,,,,,,,,,,,,,,,,,,,,,,,,,,,,,,,,,,,,,,,,,,,,,,,,,,,,,,,,,,,,,,,,,,,,,,,,,,,,,,,,,,,,,,,,,,,,,,,,
,,.xls,Bill of Quantities,,,,,,,,,,,,,,,,,,,,,,,,,,,,,,,,,,,,,,,,,,,,,,,,,,,,,,,,,,,,,,,,,,,,,,,,,,,,,,,,,,,,,,,,,,,,,,,,,,,,,
