﻿Title,Work Description,Pre Qualification Details,Independent External Monitor/Remarks,Tender Value in ₹,Product Category,Sub category,Contract Type,Bid Validity(Days),Period Of Work(Days),Location,Pincode,Pre Bid Meeting Place,Pre Bid Meeting Address,Pre Bid Meeting Date,Bid Opening Place,Should Allow NDA Tender,Allow Preferential Bidder,EMD Amount in ₹,EMD through BG/ST or EMD Exemption Allowed,EMD Fee Type,EMD Percentage,EMD Payable To,EMD Payable At,Name,Address,S.No,Bank Name,Tender Fee in ₹,Fee Payable To,Fee Payable At,Tender Fee Exemption Allowed,Cover No,Cover,Document Type,Description,Organisation Chain,Tender Reference Number,Tender ID,Tender Type,Form of contract,Tender Category,No. of Covers,General Technical Evaluation Allowed,ItemWise Technical Evaluation Allowed,Payment Mode,Is Multi Currency Allowed For BOQ,Is Multi Currency Allowed For Fee,Allow Two Stage Bidding,Publish Date,Bid Opening Date,Document Download / Sale Start Date,Document Download / Sale End Date,Clarification Start Date,Clarification End Date,Bid Submission Start Date,Bid Submission End Date,Financial Bid Opening Date,Organisation Chain :,Tender ID :,Tender Ref No :,Tender Title :,Committee Chairperson/Co-ordinator Name :,Committee Chairperson/Co-ordinator Type :,Committee Members :,Updated By :,Updated On :,Financial Bid Opening Date:,Document :,Type :,Summary :,Updated By :.1,Updated On :.1,Document :.1,S.No,Bid Number,Bidder Name,Awarded Currency,Awarded Value,S.No.1,Bid Number.1,Bidder Name.1,Submitted Date,Status,Remarks,Status Updated On,Contract Date :,Contract Value :,Work Completion Period in days :,Updated By :.2,Updated on :,AOC document :,AOC Description :,Type :.1,Summary :.1,Updated By :.3,Updated On :.2,Document :.2,BOQ Comparative Chart :,Committee Chairperson/Co-ordinator Name :.1,Committee Chairperson/Co-ordinator Type :.1,Committee Members :.1,Updated By :.4,Updated on :.1,Document :.3
"Construction of office building of the ADO Office Building under APART at Sesuwani Pathar, Dhemaji District","Construction of office building of the ADO Office Building under APART at Sesuwani Pathar, Dhemaji District",Please refer tender documents ,NA ,"45,45,800",Civil Works,NA ,Tender,90.0,120.0,Dhemaji,787057.0,NA ,NA ,NA ,"O/o the Chief Engineer, Agriculture",No ,No,"90,916",Yes,percentage,2.0%,Nil,Nil,Director of Agriculture,"Krishi Bhawan, Khanapara, Guwahati-22",1.0,SBI Bank,0.0,Nil,Nil,No,1.0,Fee/PreQual/Technical,.pdf,Scan and signed copy of technical Documents,Directorate of Agriculture and Assam Seed Corporation,A/E/4971/APT/ADO/P-I/21-22/185,2022_DAASC_26420_16,Open Tender,Works,Works,2.0,No,No,Online,No,No,No,23-Jul-2022 10:00 AM,08-Aug-2022 12:00 PM,23-Jul-2022 10:00 AM,06-Aug-2022 04:00 PM,NA ,NA ,23-Jul-2022 12:00 PM,06-Aug-2022 04:00 PM,07-Oct-2022 10:00 AM,Directorate of Agriculture and Assam Seed Corporation,2022_DAASC_26420_16,A/E/4971/APT/ADO/P-I/21-22/185,"Construction of office building of the ADO Office Building under APART at Sesuwani Pathar, Dhemaji District",DoA,Internal,"DoH, Sr. FAO, MD-Seeds, PME-ARIASS etc.",NEELAKSHI BAITHURI,01-Oct-2022 02:53 PM,07-Oct-2022 10:00 AM,techsummary_40774.pdf (6023.40 KB),Technical,Technical cover is opened and processed for evaluation,NEELAKSHI BAITHURI,09-Aug-2022 11:42 AM,None,1.0,155109.0,Birinchi Gogoi,INR,3973029.2,1,155109,Birinchi Gogoi,05-Aug-2022 03:55 PM,Accepted-AOC,As per DBC minutes,20-Dec-2022 01:25 PM,09-Nov-2022,INR 3973029.20,120.0,Upasana Devi,20-Dec-2022 01:24 PM,SesuwaniADO.pdf (565.00 KB),As per DBC minutes,Finance,Financial cover is opened and processed for evaluation,NEELAKSHI BAITHURI,13-Oct-2022 02:02 PM,None,BOQ Comparative Chart,DoA,Internal,"DoH, Sr. FAO, MD-Seeds, PME-ARIASS etc.",Upasana Devi,07-Nov-2022 04:05 PM,finsummary_40774.pdf (5275.09 KB)
,,,,,,,,,,,,,,,,,,,,,,,,,,,,,,,,,,.pdf,Scan and signed copy of tender documents downloaded from portal,,,,,,,,,,,,,,,,,,,,,,,,,,,,,,,,,,,,,,,,,,,,2,154942,DILIP MISSONG,05-Aug-2022 08:37 PM,Rejected-Technical,As per DBC minutes,01-Oct-2022 02:53 PM,,,,,,,,,,,,,,,,,,,
,,,,,,,,,,,,,,,,,,,,,,,,,,,,,,,,2.0,Finance,.xls,BOQ,,,,,,,,,,,,,,,,,,,,,,,,,,,,,,,,,,,,,,,,,,,,3,155160,Ghanashyam Bhuyan,04-Aug-2022 04:10 PM,Rejected-Technical,As per DBC minutes,01-Oct-2022 02:53 PM,,,,,,,,,,,,,,,,,,,
,,,,,,,,,,,,,,,,,,,,,,,,,,,,,,,,,,,,,,,,,,,,,,,,,,,,,,,,,,,,,,,,,,,,,,,,,,,,,,,4,155244,M/S HORIZON ENTERPRISE,06-Aug-2022 03:05 PM,Rejected-AOC,As per DBC minutes,20-Dec-2022 01:25 PM,,,,,,,,,,,,,,,,,,,
,,,,,,,,,,,,,,,,,,,,,,,,,,,,,,,,,,,,,,,,,,,,,,,,,,,,,,,,,,,,,,,,,,,,,,,,,,,,,,,5,155235,M/S RAJSHEKHAR CONSTRUCTIONS PVT LTD,06-Aug-2022 01:57 PM,Rejected-AOC,As per DBC minutes,20-Dec-2022 01:25 PM,,,,,,,,,,,,,,,,,,,
,,,,,,,,,,,,,,,,,,,,,,,,,,,,,,,,,,,,,,,,,,,,,,,,,,,,,,,,,,,,,,,,,,,,,,,,,,,,,,,6,155311,Sri Partha Pratim Phukan,06-Aug-2022 01:20 PM,Rejected-AOC,As per DBC minutes,20-Dec-2022 01:25 PM,,,,,,,,,,,,,,,,,,,
