﻿Cover No,Cover,Document Type,Description,S.No,Bank Name,Publish Date,Bid Opening Date,Document Download / Sale Start Date,Document Download / Sale End Date,Clarification Start Date,Clarification End Date,Bid Submission Start Date,Bid Submission End Date,Financial Bid Opening Date,Tender Fee in ₹,Fee Payable To,Fee Payable At,Tender Fee Exemption Allowed,Title,Work Description,Pre Qualification Details,Independent External Monitor/Remarks,Tender Value in ₹,Product Category,Sub category,Contract Type,Bid Validity(Days),Period Of Work(Days),Location,Pincode,Pre Bid Meeting Place,Pre Bid Meeting Address,Pre Bid Meeting Date,Bid Opening Place,Should Allow NDA Tender,Allow Preferential Bidder,Organisation Chain,Tender Reference Number,Tender ID,Tender Type,Form of contract,Tender Category,No. of Covers,General Technical Evaluation Allowed,ItemWise Technical Evaluation Allowed,Payment Mode,Is Multi Currency Allowed For BOQ,Is Multi Currency Allowed For Fee,Allow Two Stage Bidding,Name,Address,EMD Amount in ₹,EMD through BG/ST or EMD Exemption Allowed,EMD Fee Type,EMD Percentage,EMD Payable To,EMD Payable At,Organisation Chain :,Tender ID :,Tender Ref No :,Tender Title :,Committee Chairperson/Co-ordinator Name :,Committee Chairperson/Co-ordinator Type :,Committee Members :,Updated By :,Updated On :,Financial Bid Opening Date:,Document :,S.No,Bid Number,Bidder Name,Submitted Date,Status,Remarks,Status Updated On,Type :,Summary :,Updated By :.1,Updated On :.1,Document :.1
1.0,Fee/PreQual/Technical,.pdf,Technical Bid,1.0,SBI Bank,14-Feb-2023 06:00 PM,08-Mar-2023 03:30 PM,14-Feb-2023 06:30 PM,08-Mar-2023 02:30 PM,15-Feb-2023 10:30 AM ,17-Feb-2023 04:30 PM ,18-Feb-2023 09:30 AM,08-Mar-2023 02:30 PM,15-Mar-2023 01:10 PM,"1,000",Nil,Nil,No,Procurement of MTS Walk in Chamber,"Procurement of MTS Walk in Chamber including protection, UPS and other accessories",Please refer Tender documents. ,NA ,,Machineries,NA ,Tender,120.0,120.0,Directorate of Research (Agri.),785013.0,NA ,NA ,NA ,"Dor (Agri.), AAU, Jorhat-13",No ,No,Assam Agricultural University||Directorate of Research (Agri.),34943-53/MTS Walk in chamber,2023_AAU_29320_1,Open Tender,Item Rate,Goods,2.0,No,No,Online,No,No,No,Director of Research (Agri.),"Directorate of Research (Agri.), AAU, Jorhat-13","2,70,000",Yes,fixed,,Nil,Nil,Assam Agricultural University||Directorate of Research (Agri.),2023_AAU_29320_1,34943-53/MTS Walk in chamber,Procurement of MTS Walk in Chamber,Dr Mrinal Saikia,Internal,1 Debanand Das 2 Manoj Chauhan,Mrinal Saikia,15-Mar-2023 01:01 PM,15-Mar-2023 01:10 PM,techsummary_47190.pdf (126.90 KB),1,179300,DAL THOMS SCIENTIFIC,07-Mar-2023 09:14 PM,Rejected-Technical,Due to no past experience of supplying and installing MTS facility.,15-Mar-2023 01:01 PM,Technical,Four (4) firms has participated in the tender against MTS Walk in Chamber,Mrinal Saikia,15-Mar-2023 12:53 PM,None
2.0,Finance,.xls,Financial Bid,,,,,,,,,,,,,,,,,,,,,,,,,,,,,,,,,,,,,,,,,,,,,,,,,,,,,,,,,,,,,,,,,,2,178470,Hitech Associates,07-Mar-2023 04:05 PM,Accepted-Technical,Due to fulfill all the technical criteria,15-Mar-2023 01:01 PM,,,,,
,,,,,,,,,,,,,,,,,,,,,,,,,,,,,,,,,,,,,,,,,,,,,,,,,,,,,,,,,,,,,,,,,,,,,3,178213,Saveer Biotech Limited,06-Mar-2023 01:19 PM,Accepted-Technical,Due to fulfill all the technical criteria,15-Mar-2023 01:01 PM,,,,,
,,,,,,,,,,,,,,,,,,,,,,,,,,,,,,,,,,,,,,,,,,,,,,,,,,,,,,,,,,,,,,,,,,,,,4,178998,S R LAB INSTRUMENTS,06-Mar-2023 05:40 PM,Accepted-Technical,Due to fulfill all the technical criteria,15-Mar-2023 01:01 PM,,,,,
