﻿Committee Chairperson/Co-ordinator Name :,Committee Chairperson/Co-ordinator Type :,Committee Members :,Updated By :,Updated on :,Document :,Organisation Chain :,Tender ID :,Tender Ref No :,Tender Title :,Committee Chairperson/Co-ordinator Name :.1,Committee Chairperson/Co-ordinator Type :.1,Committee Members :.1,Updated By :.1,Updated On :,Document :.1,S.No,Bid Number,Bidder Name,Submitted Date,Status,Remarks,Status Updated On,Type :,Summary :,Updated By :.2,Updated On :.1,Document :.2,BOQ Comparative Chart :,S.No,Corrigendum Title,Corrigendum Type,View,EMD Amount in ₹,EMD through BG/ST or EMD Exemption Allowed,EMD Fee Type,EMD Percentage,EMD Payable To,EMD Payable At,Organisation Chain,Tender Reference Number,Tender ID,Tender Type,Form of contract,Tender Category,No. of Covers,General Technical Evaluation Allowed,ItemWise Technical Evaluation Allowed,Payment Mode,Is Multi Currency Allowed For BOQ,Is Multi Currency Allowed For Fee,Allow Two Stage Bidding,Name,Address,Cover No,Cover,Document Type,Description,Title,Work Description,Pre Qualification Details,Independent External Monitor/Remarks,Tender Value in ₹,Product Category,Sub category,Contract Type,Bid Validity(Days),Period Of Work(Days),Location,Pincode,Pre Bid Meeting Place,Pre Bid Meeting Address,Pre Bid Meeting Date,Bid Opening Place,Should Allow NDA Tender,Allow Preferential Bidder,Publish Date,Bid Opening Date,Document Download / Sale Start Date,Document Download / Sale End Date,Clarification Start Date,Clarification End Date,Bid Submission Start Date,Bid Submission End Date,Tender Fee in ₹,Fee Payable To,Fee Payable At,Tender Fee Exemption Allowed
"Dr. Jeevan B,IAS",Internal,"Rupak Kr Mazumder, Dy. CEO,Bhaskar Jyoti Das,Chief Technical Officer,Jayant Kr Barman,Procurement Specialist,Abhishek Paul Social Safeguard Specialist",Diganta Sarma,22-Feb-2023 06:52 PM,finsummary_45658.pdf (377.98 KB),Department of Water Resources||Flood and River Erosion Management Agency of Assam,2022_DoWR_28503_1,FREMAA/NCS2/RAP/Buridehing,Hiring of service provider for Resettlement Plan Implementation Support in Buridehing River Basin in the State of Assam.,Dr. Jeevan B.IAS,Internal,"Rupak Mazumder, Dy. CEO,Bhaskar Jyoti Das Chief Technical Officer,Jayanta Kr Barman, Procurement Specialist, Abhishek Paul, Social Safeguard Specialist",Diganta Sarma,22-Feb-2023 02:22 PM,techsummary_45658.pdf (377.98 KB),1.0,173253.0,Sarita Rani,13-Jan-2023 03:18 PM,Accepted-Finance,The bidder was found to be substantially responsive. The contract amount is exclusive of GST,22-Feb-2023 06:52 PM,Finance,Quotation Opening Summary,Diganta Sarma,01-Feb-2023 08:55 PM,finance_45658.pdf,BOQ Comparative Chart,1.0,CorrigendumII,Date,,0.0,No,fixed,,Nil,Nil,Department of Water Resources||Flood and River Erosion Management Agency of Assam,FREMAA/NCS2/RAP/Buridehing,2022_DoWR_28503_1,Open Tender,Lump-sum,Services,1.0,No,No,Not Applicable,No,No,No,"Chief Executive Officer,FREMAA","Assam Water Centre, 4th Floor, Basistha Chariali, Guwahati 781029",1.0,Fee/PreQual/Technical/Finance,.pdf,Technical Part of Quotation,Hiring of service provider for Resettlement Plan Implementation Support in Buridehing River Basin in the State of Assam.,Resettlement Action Plan Implementation Support in Buridehing Basin in the State of Assam under Assam Integrated River Basin Management Project (AIRBMP),Please refer Tender documents. ,NA ,,Miscellaneous Services,NA ,Tender,45.0,730.0,Assam,781029.0,"Conference Hall,Flood and River Erosion Management ","Assam Water Centre, 4th Floor, Basistha Chariali, Guwahati 29  ",02-Jan-2023 01:00 PM ,Flood and River Erosion Management Agency of Assam,No ,No,28-Dec-2022 01:00 PM,23-Jan-2023 04:00 PM,28-Dec-2022 01:00 PM,23-Jan-2023 02:00 PM,28-Dec-2022 01:00 PM ,02-Jan-2023 05:00 PM ,08-Jan-2023 09:00 AM,23-Jan-2023 02:00 PM,0.0,Nil,Nil,No
,,,,,,,,,,,,,,,,2.0,172201.0,Socio Educational Welfare Association,14-Jan-2023 12:06 PM,Rejected-Technical,Non Responsive,22-Feb-2023 02:22 PM,,,,,,,,,,,,,,,,,,,,,,,,,,,,,,,,,,.pdf,Financial Part-Quotation,,,,,,,,,,,,,,,,,,,,,,,,,,,,,,
,,,,,,,,,,,,,,,,,,,,,,,,,,,,,,,,,,,,,,,,,,,,,,,,,,,,,,,,.pdf,Supporting Documents,,,,,,,,,,,,,,,,,,,,,,,,,,,,,,
,,,,,,,,,,,,,,,,,,,,,,,,,,,,,,,,,,,,,,,,,,,,,,,,,,,,,,,,.xls,Financial,,,,,,,,,,,,,,,,,,,,,,,,,,,,,,
