﻿Publish Date,Bid Opening Date,Document Download / Sale Start Date,Document Download / Sale End Date,Clarification Start Date,Clarification End Date,Bid Submission Start Date,Bid Submission End Date,Financial Bid Opening Date,Title,Work Description,Pre Qualification Details,Independent External Monitor/Remarks,Tender Value in ₹,Product Category,Sub category,Contract Type,Bid Validity(Days),Period Of Work(Days),Location,Pincode,Pre Bid Meeting Place,Pre Bid Meeting Address,Pre Bid Meeting Date,Bid Opening Place,Should Allow NDA Tender,Allow Preferential Bidder,Cover No,Cover,Document Type,Description,EMD Amount in ₹,EMD through BG/ST or EMD Exemption Allowed,EMD Fee Type,EMD Percentage,EMD Payable To,EMD Payable At,Organisation Chain,Tender Reference Number,Tender ID,Tender Type,Form of contract,Tender Category,No. of Covers,General Technical Evaluation Allowed,ItemWise Technical Evaluation Allowed,Payment Mode,Is Multi Currency Allowed For BOQ,Is Multi Currency Allowed For Fee,Allow Two Stage Bidding,Tender Fee in ₹,Fee Payable To,Fee Payable At,Tender Fee Exemption Allowed,Name,Address,S.No,Bank Name,Organisation Chain :,Tender ID :,Tender Ref No :,Tender Title :,Committee Chairperson/Co-ordinator Name :,Committee Chairperson/Co-ordinator Type :,Committee Members :,Updated By :,Updated On :,Financial Bid Opening Date:,Document :,Committee Chairperson/Co-ordinator Name :.1,Committee Chairperson/Co-ordinator Type :.1,Committee Members :.1,Updated By :.1,Updated on :,Document :.1,Contract Date :,Contract Value :,Work Completion Period in days :,Updated By :.2,Updated on :.1,AOC document :,AOC Description :,Type :,Summary :,Updated By :.3,Updated On :.1,Document :.2,BOQ Comparative Chart :,S.No,Bid Number,Bidder Name,Awarded Currency,Awarded Value,S.No.1,Bid Number.1,Bidder Name.1,Submitted Date,Status,Remarks,Status Updated On,Type :.1,Summary :.1,Updated By :.4,Updated On :.2,Document :.3
19-Sep-2022 02:45 PM,27-Sep-2022 11:00 AM,19-Sep-2022 02:45 PM,26-Sep-2022 03:00 PM,19-Sep-2022 02:45 PM ,26-Sep-2022 03:00 PM ,19-Sep-2022 02:45 PM,26-Sep-2022 03:00 PM,10-Oct-2022 03:30 PM,Road safety works,Road safety for the work Widening and strengthening of Barpeta Baghbar Road starting from Ch 900 Ch 56.94 Km of SH2 to 28400.00 m at Baghbar Bazar in Barpeta District under Economic Importance Scheme for the year 2018-19 in the State of Assam,PLease refer SBD ,NA ,"90,84,000",Civil Works – Roads,NA ,Tender,180.0,45.0,Barpeta,781301.0,NA ,NA ,NA ,O/o EE Barpeta Baghbar Chenga TR Division,No ,No,1.0,Fee/PreQual/Technical,.pdf,SBD,"1,81,680",Yes,fixed,,Nil,Nil,Public Works Roads Department,BBCTRD/TB/NIT/06/2022-23/2007,2022_PWD_27055_1,Open Tender,Item Rate,Works,2.0,No,No,Online,No,No,No,"2,750",Nil,Nil,No,EE Barpeta Baghbar Chenga TR Division,O/o EE Barpeta Baghbar Chenga TR Division,1.0,SBI Bank,Public Works Roads Department,2022_PWD_27055_1,BBCTRD/TB/NIT/06/2022-23/2007,Road safety works,D Ch Medhi,Internal,"D Ch Medhi, A Rajkhowa, B Das, N Das",Abhijit Rajkhowa,10-Oct-2022 03:10 PM,10-Oct-2022 03:30 PM,techsummary_41672.pdf (671.33 KB),DMedhi EE,Internal,,Bibekananda Das,06-Apr-2023 05:30 PM,finsummary_41672.pdf (91.96 KB),06-Apr-2023,INR 907667.50,45.0,Bibekananda Das,06-Apr-2023 05:35 PM,FWO.pdf (116.00 KB),,Finance,Bid opening minutes,Bibekananda Das,06-Apr-2023 05:26 PM,finance_41672.pdf,BOQ Comparative Chart,1.0,158781.0,M/s Macrocosm Builders,INR,9076638.0,1.0,158781.0,M/s Macrocosm Builders,25-Sep-2022 01:34 PM,Accepted-AOC,Quoted lowest rate,06-Apr-2023 05:45 PM,Technical,Bid Opening Minutes,Abhijit Rajkhowa,10-Oct-2022 03:08 PM,technical_41672.pdf
,,,,,,,,,,,,,,,,,,,,,,,,,,,,,.pdf,Technical documents,,,,,,,,,,,,,,,,,,,,,,,,,,,,,,,,,,,,,,,,,,,,,,,,,,,,,,,,,,,,,,,2.0,158582.0,M/S Royal Smart Construction,26-Sep-2022 10:58 AM,Rejected-AOC,Qouted higher rate,06-Apr-2023 05:45 PM,,,,,
,,,,,,,,,,,,,,,,,,,,,,,,,,,2.0,Finance,.xls,BOQ,,,,,,,,,,,,,,,,,,,,,,,,,,,,,,,,,,,,,,,,,,,,,,,,,,,,,,,,,,,,,,,,,,,,,,,,,,
,,,,,,,,,,,,,,,,,,,,,,,,,,,,,.pdf,FOB,,,,,,,,,,,,,,,,,,,,,,,,,,,,,,,,,,,,,,,,,,,,,,,,,,,,,,,,,,,,,,,,,,,,,,,,,,
