﻿Publish Date,Bid Opening Date,Document Download / Sale Start Date,Document Download / Sale End Date,Clarification Start Date,Clarification End Date,Bid Submission Start Date,Bid Submission End Date,Cover No,Cover,Document Type,Description,S.No,Bank Name,Title,Work Description,Pre Qualification Details,Independent External Monitor/Remarks,Tender Value in ₹,Product Category,Sub category,Contract Type,Bid Validity(Days),Period Of Work(Days),Location,Pincode,Pre Bid Meeting Place,Pre Bid Meeting Address,Pre Bid Meeting Date,Bid Opening Place,Should Allow NDA Tender,Allow Preferential Bidder,S.No.1,Corrigendum Title,Corrigendum Type,View,Name,Address,Tender Fee in ₹,Fee Payable To,Fee Payable At,Tender Fee Exemption Allowed,EMD Amount in ₹,EMD through BG/ST or EMD Exemption Allowed,EMD Fee Type,EMD Percentage,EMD Payable To,EMD Payable At,Organisation Chain,Tender Reference Number,Tender ID,Tender Type,Form of contract,Tender Category,No. of Covers,General Technical Evaluation Allowed,ItemWise Technical Evaluation Allowed,Payment Mode,Is Multi Currency Allowed For BOQ,Is Multi Currency Allowed For Fee,Allow Two Stage Bidding,S.No.,Corrigendum Title,Corrigendum Type,Corrigendum Description,Corrigendum Reason,Published Date,Document Name,Doc Size(in KB),Organisation Chain :,Tender ID :,Tender Ref No :,Tender Title :,This tender has been Cancelled before technical bid opening summary
15-Jun-2022 03:30 PM,28-Jun-2022 02:00 PM,15-Jun-2022 03:30 PM,27-Jun-2022 02:00 PM,NA ,NA ,17-Jun-2022 02:00 PM,27-Jun-2022 02:00 PM,1.0,Fee/PreQual/Technical,.pdf,ONLINE PAYMENT RECEIPT (BID COST_BID SECURITY),1.0,SBI Bank,"PMC services for Construction of Proposed District Sports Stadium at Sonari, Charaideo, District of Assam","PMC services for Construction of Proposed District Sports Stadium at Sonari, Charaideo, District of Assam",Please refer Tender documents. ,NA ,"37,70,86,000",Civil Works - Building,NA ,Tender,180.0,910.0,Charaideo,782445.0,"O/O The CE, PWD (Bldg), Assam, Chandmari, Ghy-3 ","O/O The CE, PWD (Bldg), Assam, Chandmari, Ghy-3 ",16-Jun-2022 11:30 AM ,"O/O The CE, PWD (Bldg), Assam, Chandmari, Ghy-3",No ,No,1.0,Cancellation Notice,Cancellation of Tender,,"CE, PWD (Bldg), Assam, Chandmari, Ghy-3","O/O The CE, PWD (Bldg), Assam, Chandmari, Ghy-3","1,800",Nil,Nil,No,"1,77,985",No,fixed,,Nil,Nil,Public Works Building and NH Department||Chief Engineer-Building - PWBNH,"CE/BLDG/ARC-II/65/2022/06 Dated 10th June, 2022",2022_PWBNH_25970_8,Open Tender,Item Rate,Works,2.0,No,No,Online,No,No,No,1.0,Cancellation Notice,Cancellation of Tender,Cancellation Notice,Due to admistrative reasons/issues,01-Aug-2022 06:01 PM,CancellationNotice.pdf ,1248.41,Public Works Building and NH Department||Chief Engineer-Building - PWBNH,2022_PWBNH_25970_8,"CE/BLDG/ARC-II/65/2022/06 Dated 10th June, 2022","PMC services for Construction of Proposed District Sports Stadium at Sonari, Charaideo, District of Assam",
,,,,,,,,,,.pdf,BIDDING DOCUMENT,,,,,,,,,,,,,,,,,,,,,,,,,,,,,,,,,,,,,,,,,,,,,,,,,,,,,,,,,,,,,,
,,,,,,,,,,.pdf,TECHNICAL QUALIFICATIONS,,,,,,,,,,,,,,,,,,,,,,,,,,,,,,,,,,,,,,,,,,,,,,,,,,,,,,,,,,,,,,
,,,,,,,,2.0,Finance,.xls,BOQ,,,,,,,,,,,,,,,,,,,,,,,,,,,,,,,,,,,,,,,,,,,,,,,,,,,,,,,,,,,,,,
,,,,,,,,,,.pdf,FINANCIAL PROPOSAL,,,,,,,,,,,,,,,,,,,,,,,,,,,,,,,,,,,,,,,,,,,,,,,,,,,,,,,,,,,,,,
