﻿Organisation Chain :,Tender ID :,Tender Ref No :,Tender Title :,Type :,Summary :,Updated By :,Updated On :,Document :,Committee Chairperson/Co-ordinator Name :,Committee Chairperson/Co-ordinator Type :,Committee Members :,Updated By :.1,Updated On :.1,Financial Bid Opening Date:,Document :.1,S.No,Bid Number,Bidder Name,Submitted Date,Status,Remarks,Status Updated On,Name,Address,EMD Amount in ₹,EMD through BG/ST or EMD Exemption Allowed,EMD Fee Type,EMD Percentage,EMD Payable To,EMD Payable At,Organisation Chain,Tender Reference Number,Tender ID,Tender Type,Form of contract,Tender Category,No. of Covers,General Technical Evaluation Allowed,ItemWise Technical Evaluation Allowed,Payment Mode,Is Multi Currency Allowed For BOQ,Is Multi Currency Allowed For Fee,Allow Two Stage Bidding,Cover No,Cover,Document Type,Description,Tender Fee in ₹,Fee Payable To,Fee Payable At,Tender Fee Exemption Allowed,S.No,Bank Name,Publish Date,Bid Opening Date,Document Download / Sale Start Date,Document Download / Sale End Date,Clarification Start Date,Clarification End Date,Bid Submission Start Date,Bid Submission End Date,Financial Bid Opening Date,Title,Work Description,Pre Qualification Details,Independent External Monitor/Remarks,Tender Value in ₹,Product Category,Sub category,Contract Type,Bid Validity(Days),Period Of Work(Days),Location,Pincode,Pre Bid Meeting Place,Pre Bid Meeting Address,Pre Bid Meeting Date,Bid Opening Place,Should Allow NDA Tender,Allow Preferential Bidder
Public Works Roads Department,2022_PWD_27924_80,CE/CMRDP/MMPNA/2022/11,Maint/MMPPNA/88,Technical,Technical_Evaluation_Summary_Sheet_Uploaded,Mohd Mahbubul Islam,07-Feb-2023 04:59 PM,technical_43737.pdf,Chief Engineer_PWD _Roads_Department_Assam,Internal,AEE_Maintenance_cell_EE_IBRC_Branch_SE_Traffic_Engineering_Cell_ Chief Engineer_PWD _Roads_Department_Assam,Mohd Mahbubul Islam,07-Feb-2023 05:01 PM,07-Feb-2023 05:05 PM,techsummary_43737.pdf (276.65 KB),1.0,168347.0,AMINUL KABIR,19-Dec-2022 09:06 PM,Accepted-Technical,Accept,07-Feb-2023 05:01 PM,"Chief Engineer,PWD(Roads),Assam","O/o the Chief Engineer, Roads,PWRD Assam, chandmari, Guwahati-781003","2,16,000",Yes,fixed,,Nil,Nil,Public Works Roads Department,CE/CMRDP/MMPNA/2022/11,2022_PWD_27924_80,Open Tender,Item Rate,Works,2.0,No,No,Online,No,No,No,1.0,Fee/PreQual/Technical,.pdf,Cost of Bid Document,"2,160",Nil,Nil,Yes,1.0,SBI Bank,01-Dec-2022 10:00 AM,21-Dec-2022 02:00 PM,01-Dec-2022 10:00 AM,20-Dec-2022 02:00 PM,01-Dec-2022 10:00 AM ,12-Dec-2022 12:00 PM ,13-Dec-2022 02:00 PM,20-Dec-2022 02:00 PM,07-Feb-2023 05:05 PM,Maint/MMPPNA/88,"Maint/MMPPNA/88 Construction of road from Nagaon Bhurgan PWD Road to Niz Dhing ( Nizdhing To Panbari) , including 4 years of Routine Maintanance under Mukhya Mantri Pakipath Nirman AAachani for the year 2022-23",Please refer Tender documents. ,NA ,"1,07,97,000",Civil Works,NA ,Tender,180.0,270.0,Dhing,781003.0,"O/o the Chief Engineer, Roads,PWRD Assam,chandmari ","O/o the Chief Engineer, Roads,PWRD Assam, chandmari, Guwahati-781003  ",12-Dec-2022 12:00 PM ,"O/o the Chief Engineer, Roads,PWRD Assam,chandmari",No ,No
,,,,,,,,,,,,,,,,2.0,168282.0,GLOBAL ENTERPRISE,18-Dec-2022 05:21 PM,Accepted-Technical,Accept,07-Feb-2023 05:01 PM,,,,,,,,,,,,,,,,,,,,,,,,.pdf,Technical Qualification Details,,,,,,,,,,,,,,,,,,,,,,,,,,,,,,,,,
,,,,,,,,,,,,,,,,3.0,168175.0,GUNJ ASSOCIATES,19-Dec-2022 01:48 AM,Accepted-Technical,Accept,07-Feb-2023 05:01 PM,,,,,,,,,,,,,,,,,,,,,,,,.pdf,Bid Security,,,,,,,,,,,,,,,,,,,,,,,,,,,,,,,,,
,,,,,,,,,,,,,,,,4.0,166881.0,MD MUSTAFA KAMAL HUSSAIN,18-Dec-2022 12:19 AM,Accepted-Technical,Accept,07-Feb-2023 05:01 PM,,,,,,,,,,,,,,,,,,,,,,,,.pdf,Standard Bidding Document,,,,,,,,,,,,,,,,,,,,,,,,,,,,,,,,,
,,,,,,,,,,,,,,,,5.0,166871.0,SHAKIL AHMED,19-Dec-2022 11:04 PM,Accepted-Technical,Accept,07-Feb-2023 05:01 PM,,,,,,,,,,,,,,,,,,,,,,2.0,Finance,.xls,Bill of Quantities,,,,,,,,,,,,,,,,,,,,,,,,,,,,,,,,,
,,,,,,,,,,,,,,,,,,,,,,,,,,,,,,,,,,,,,,,,,,,,,,.pdf,Form Of Bid,,,,,,,,,,,,,,,,,,,,,,,,,,,,,,,,,
