﻿Organisation Chain :,Tender ID :,Tender Ref No :,Tender Title :,Title,Work Description,Pre Qualification Details,Independent External Monitor/Remarks,Tender Value in ₹,Product Category,Sub category,Contract Type,Bid Validity(Days),Period Of Work(Days),Location,Pincode,Pre Bid Meeting Place,Pre Bid Meeting Address,Pre Bid Meeting Date,Bid Opening Place,Should Allow NDA Tender,Allow Preferential Bidder,Organisation Chain,Tender Reference Number,Tender ID,Tender Type,Form of contract,Tender Category,No. of Covers,General Technical Evaluation Allowed,ItemWise Technical Evaluation Allowed,Payment Mode,Is Multi Currency Allowed For BOQ,Is Multi Currency Allowed For Fee,Allow Two Stage Bidding,S.No,Bank Name,Publish Date,Bid Opening Date,Document Download / Sale Start Date,Document Download / Sale End Date,Clarification Start Date,Clarification End Date,Bid Submission Start Date,Bid Submission End Date,Cover No,Cover,Document Type,Description,Tender Fee in ₹,Fee Payable To,Fee Payable At,Tender Fee Exemption Allowed,Name,Address,EMD Amount in ₹,EMD through BG/ST or EMD Exemption Allowed,EMD Fee Type,EMD Percentage,EMD Payable To,EMD Payable At
Public Works Roads Department||CE PWD(R) - PWD||Traffic Engineering Cell - PWD,2023_PWD_30302_12,CE/Commn/01/ RIDF-XXVIII/2022-23/5,RE/RIDF-XXVIII/Dhekiajuli/1,RE/RIDF-XXVIII/Dhekiajuli/1,Construction of road over Right bank embnkment of river Gabharu from Kalakuchi to NH-15 under RIDF-XXVIII of NABARD (Mukhya Mantrir Mathauri Pakikaran Achani) for the year 2022-23 (Dhekiajuli LAC),Please refer Tender documents. ,NA ,"13,26,42,000",Civil Works – Roads,NA ,Tender,180.0,548.0,dhekiajuli,784110.0,NA ,NA ,NA ,"O/o The CE, PWD (R), Chandmari Guwahati 3, Assam",No ,No,Public Works Roads Department||CE PWD(R) - PWD||Traffic Engineering Cell - PWD,CE/Commn/01/ RIDF-XXVIII/2022-23/5,2023_PWD_30302_12,Open Tender,Item Rate,Works,2.0,No,No,Online,No,No,No,1.0,SBI Bank,03-Apr-2023 03:00 PM,24-Apr-2023 02:30 PM,03-Apr-2023 03:00 PM,24-Apr-2023 02:00 PM,03-Apr-2023 03:00 PM ,24-Apr-2023 12:00 PM ,03-Apr-2023 03:00 PM,24-Apr-2023 02:00 PM,1.0,Fee/PreQual/Technical,.pdf,SBD,"10,000",Nil,Nil,No,"CE, PWD (R), Chandmari Guwahati 3, Assam","CE, PWD (R), Chandmari Guwahati 3, Assam","26,53,000",Yes,fixed,,Nil,Nil
,,,,,,,,,,,,,,,,,,,,,,,,,,,,,,,,,,,,,,,,,,,,,,,.pdf,Payment Status,,,,,,,,,,,,
,,,,,,,,,,,,,,,,,,,,,,,,,,,,,,,,,,,,,,,,,,,,,,,.pdf,Technical Qualification,,,,,,,,,,,,
,,,,,,,,,,,,,,,,,,,,,,,,,,,,,,,,,,,,,,,,,,,,,2.0,Finance,.pdf,FOB,,,,,,,,,,,,
,,,,,,,,,,,,,,,,,,,,,,,,,,,,,,,,,,,,,,,,,,,,,,,.xls,BOQ,,,,,,,,,,,,
