﻿Organisation Chain :,Tender ID :,Tender Ref No :,Tender Title :,Type :,Summary :,Updated By :,Updated On :,Document :,Committee Chairperson/Co-ordinator Name :,Committee Chairperson/Co-ordinator Type :,Committee Members :,Updated By :.1,Updated On :.1,Document :.1,S.No,Bid Number,Bidder Name,Submitted Date,Status,Remarks,Status Updated On,S.No.,Corrigendum Title,Corrigendum Type,Corrigendum Description,Corrigendum Reason,Published Date,Document Name,Doc Size(in KB),EMD Amount in ₹,EMD through BG/ST or EMD Exemption Allowed,EMD Fee Type,EMD Percentage,EMD Payable To,EMD Payable At,Title,Work Description,Pre Qualification Details,Independent External Monitor/Remarks,Tender Value in ₹,Product Category,Sub category,Contract Type,Bid Validity(Days),Period Of Work(Days),Location,Pincode,Pre Bid Meeting Place,Pre Bid Meeting Address,Pre Bid Meeting Date,Bid Opening Place,Should Allow NDA Tender,Allow Preferential Bidder,Organisation Chain,Tender Reference Number,Tender ID,Tender Type,Form of contract,Tender Category,No. of Covers,General Technical Evaluation Allowed,ItemWise Technical Evaluation Allowed,Payment Mode,Is Multi Currency Allowed For BOQ,Is Multi Currency Allowed For Fee,Allow Two Stage Bidding,Publish Date,Bid Opening Date,Document Download / Sale Start Date,Document Download / Sale End Date,Clarification Start Date,Clarification End Date,Bid Submission Start Date,Bid Submission End Date,Name,Address,Cover No,Cover,Document Type,Description,S.No,Bank Name,Tender Fee in ₹,Fee Payable To,Fee Payable At,Tender Fee Exemption Allowed,S.No.1,Corrigendum Title,Corrigendum Type,View
Pr. Chief Conservator of Forest and Head of Forest Force||Chief Conservator of Forestes (T) (Lower Assam Zone)||Southern Assam Circle,2022_PCCF_26197_1,SAC/FOR/KXJ/Tender/05,Supply and fitting fixing of fencing,Technical,Technical bid has been opened,P Sivakumar,24-Aug-2022 04:44 PM,None,"P. Sivakumar, IFS, CCF",Internal,,P Sivakumar,24-Aug-2022 07:27 PM,techsummary_40499.pdf (312.07 KB),1,154194,Anurag Baishya,21-Jul-2022 04:52 PM,Accepted-Technical,Submitted all necessary bid documents,24-Aug-2022 07:27 PM,1.0,Cancellation Notice,Cancellation of Tender,E-tender for fencing works of AR Plantation sites under Karimganj Division issued from this office vide NIT No. NIT/ FSAC.02/ E-Tender/CAMPA/Genl/KXJ dtd.15-06-2022,Error in Creation of Tender,31-Aug-2022 05:17 PM,CancellationNotice.pdf ,409.85,"97,481",Yes,fixed,,Nil,Nil,Supply and fitting fixing of fencing,Supply and fitting fixing of fencing at Bilgenai (Kalama-gura) of Badsahi Tilla RF at Cheragi Range,Please refer bid document ,NA ,,Civil Works,Fencing ,Tender,90.0,90.0,Bilgenai (Kalama-gura) of Badsahi Tilla RF,788737.0,NA ,NA ,NA ,CCFSAC Silchar,No ,No,Pr. Chief Conservator of Forest and Head of Forest Force||Chief Conservator of Forestes (T) (Lower Assam Zone)||Southern Assam Circle,SAC/FOR/KXJ/Tender/05,2022_PCCF_26197_1,Open Tender,Works,Works,2.0,No,No,Online,No,No,Yes,04-Jul-2022 10:00 AM,27-Jul-2022 12:00 PM,05-Jul-2022 09:00 AM,26-Jul-2022 03:00 PM,05-Jul-2022 09:00 AM ,25-Jul-2022 03:00 PM ,05-Jul-2022 09:00 AM,26-Jul-2022 03:00 PM,CCFSAC,O/o. the CCFSAC Silchar Opposite Silchar Head Post Office Sadarghat Silchar 788001,1.0,Fee/PreQual/Technical,.pdf,Tender document,1.0,SBI Bank,"1,000",Nil,Nil,Yes,1.0,Cancellation Notice,Cancellation of Tender,
,,,,,,,,,,,,,,,2,154224,MJR Group,26-Jul-2022 12:11 PM,Accepted-Technical,Submitted all necessary bid documents,24-Aug-2022 07:27 PM,,,,,,,,,,,,,,,,,,,,,,,,,,,,,,,,,,,,,,,,,,,,,,,,,,,,,,,,,,.pdf,Additional documents,,,,,,,,,,
,,,,,,,,,,,,,,,3,153805,RAJU GOALA,26-Jul-2022 12:10 PM,Accepted-Technical,Submitted all necessary bid documents,24-Aug-2022 07:27 PM,,,,,,,,,,,,,,,,,,,,,,,,,,,,,,,,,,,,,,,,,,,,,,,,,,,,,,,,,,.pdf,NIT,,,,,,,,,,
,,,,,,,,,,,,,,,4,154223,SALIM UDDIN,26-Jul-2022 01:40 PM,Accepted-Technical,Submitted all necessary bid documents,24-Aug-2022 07:27 PM,,,,,,,,,,,,,,,,,,,,,,,,,,,,,,,,,,,,,,,,,,,,,,,,,,,,,,,,2.0,Finance,.xls,BOQ,,,,,,,,,,
,,,,,,,,,,,,,,,5,154377,STANDARD CREATION,25-Jul-2022 02:58 PM,Accepted-Technical,Submitted all necessary bid documents,24-Aug-2022 07:27 PM,,,,,,,,,,,,,,,,,,,,,,,,,,,,,,,,,,,,,,,,,,,,,,,,,,,,,,,,,,,,,,,,,,,,,
