﻿Organisation Chain :,Tender ID :,Tender Ref No :,Tender Title :,Type :,Summary :,Updated By :,Updated On :,Document :,Committee Chairperson/Co-ordinator Name :,Committee Chairperson/Co-ordinator Type :,Committee Members :,Updated By :.1,Updated On :.1,Financial Bid Opening Date:,Document :.1,S.No,Bid Number,Bidder Name,Submitted Date,Status,Remarks,Status Updated On,EMD Amount in ₹,EMD through BG/ST or EMD Exemption Allowed,EMD Fee Type,EMD Percentage,EMD Payable To,EMD Payable At,Publish Date,Bid Opening Date,Document Download / Sale Start Date,Document Download / Sale End Date,Clarification Start Date,Clarification End Date,Bid Submission Start Date,Bid Submission End Date,Financial Bid Opening Date,S.No,Bank Name,Organisation Chain,Tender Reference Number,Tender ID,Tender Type,Form of contract,Tender Category,No. of Covers,General Technical Evaluation Allowed,ItemWise Technical Evaluation Allowed,Payment Mode,Is Multi Currency Allowed For BOQ,Is Multi Currency Allowed For Fee,Allow Two Stage Bidding,Title,Work Description,Pre Qualification Details,Independent External Monitor/Remarks,Tender Value in ₹,Product Category,Sub category,Contract Type,Bid Validity(Days),Period Of Work(Days),Location,Pincode,Pre Bid Meeting Place,Pre Bid Meeting Address,Pre Bid Meeting Date,Bid Opening Place,Should Allow NDA Tender,Allow Preferential Bidder,Name,Address,Cover No,Cover,Document Type,Description,Tender Fee in ₹,Fee Payable To,Fee Payable At,Tender Fee Exemption Allowed
Public Works Roads Department,2022_PWD_27924_94,CE/CMRDP/MMPNA/2022/11,Maint/MMPPNA/162,Technical,MMPNA/2022-23/40 Technical_Evaluation_Summary_Sheet_Uploaded,Pranjal Bhattacharyya,09-Feb-2023 02:08 PM,technical_43751.pdf,Chief Engineer_PWD _Roads_Department_Assam,Internal,AEE_Maintenance_cell_EE_IBRC_Branch_SE_Traffic_Engineering_Cell_ Chief Engineer_PWD _Roads_Department_Assam,Pranjal Bhattacharyya,09-Feb-2023 02:10 PM,09-Feb-2023 02:15 PM,techsummary_43751.pdf (432.62 KB),1.0,167742.0,Babu Borah,20-Dec-2022 01:23 AM,Accepted-Technical,Accept,09-Feb-2023 02:10 PM,"9,06,000",Yes,fixed,,Nil,Nil,01-Dec-2022 10:00 AM,21-Dec-2022 02:00 PM,01-Dec-2022 10:00 AM,20-Dec-2022 02:00 PM,01-Dec-2022 10:00 AM ,12-Dec-2022 12:00 PM ,13-Dec-2022 02:00 PM,20-Dec-2022 02:00 PM,09-Feb-2023 02:15 PM,1.0,SBI Bank,Public Works Roads Department,CE/CMRDP/MMPNA/2022/11,2022_PWD_27924_94,Open Tender,Item Rate,Works,2.0,No,No,Online,No,No,No,Maint/MMPPNA/162,"Maint/MMPPNA/162 Construction of Sarlok to Jungle Block Part 1 (Jungle block to Jungle block) from ch. 0.00 to ch 1132.00 m, Sikamari Village to Jamunamukh Road from ch. 0.00 to ch 800.00m,Nagayapam to Majarati etc.Please refer Tender documents.",Please refer Tender documents. ,NA ,"4,52,98,000",Civil Works,NA ,Tender,180.0,365.0,Jamunamukh,781003.0,"O/o the Chief Engineer, Roads,PWRD Assam,chandmari ","O/o the Chief Engineer, Roads,PWRD Assam, chandmari, Guwahati-781003  ",12-Dec-2022 12:00 PM ,"O/o the Chief Engineer, Roads,PWRD Assam,chandmari",No ,No,"Chief Engineer,PWD(Roads),Assam","O/o the Chief Engineer, Roads,PWRD Assam, chandmari, Guwahati-781003",1.0,Fee/PreQual/Technical,.pdf,Cost of Bid Document,"9,060",Nil,Nil,Yes
,,,,,,,,,,,,,,,,2.0,168421.0,GUNJ ASSOCIATES,19-Dec-2022 07:23 PM,Accepted-Technical,Accept,09-Feb-2023 02:10 PM,,,,,,,,,,,,,,,,,,,,,,,,,,,,,,,,,,,,,,,,,,,,,,,,,,,,,.pdf,Technical Qualification Details,,,,
,,,,,,,,,,,,,,,,3.0,166681.0,Md. AsabUddin Choudhury,18-Dec-2022 02:54 PM,Accepted-Technical,Accept,09-Feb-2023 02:10 PM,,,,,,,,,,,,,,,,,,,,,,,,,,,,,,,,,,,,,,,,,,,,,,,,,,,,,.pdf,Bid Security,,,,
,,,,,,,,,,,,,,,,4.0,169037.0,MD SOIDUR RAHMAN,20-Dec-2022 12:24 PM,Accepted-Technical,Accept,09-Feb-2023 02:10 PM,,,,,,,,,,,,,,,,,,,,,,,,,,,,,,,,,,,,,,,,,,,,,,,,,,,,,.pdf,Standard Bidding Document,,,,
,,,,,,,,,,,,,,,,5.0,168948.0,Ramesh Kr. Agarwalla,19-Dec-2022 11:27 PM,Accepted-Technical,Accept,09-Feb-2023 02:10 PM,,,,,,,,,,,,,,,,,,,,,,,,,,,,,,,,,,,,,,,,,,,,,,,,,,,2.0,Finance,.xls,Bill of Quantities,,,,
,,,,,,,,,,,,,,,,,,,,,,,,,,,,,,,,,,,,,,,,,,,,,,,,,,,,,,,,,,,,,,,,,,,,,,,,,,,.pdf,Form Of Bid,,,,
