﻿S.No,Instrument Type,Publish Date,Bid Opening Date,Document Download / Sale Start Date,Document Download / Sale End Date,Clarification Start Date,Clarification End Date,Bid Submission Start Date,Bid Submission End Date,Financial Bid Opening Date,Title,Work Description,Pre Qualification Details,Independent External Monitor/Remarks,Tender Value in ₹,Product Category,Sub category,Contract Type,Bid Validity(Days),Period Of Work(Days),Location,Pincode,Pre Bid Meeting Place,Pre Bid Meeting Address,Pre Bid Meeting Date,Bid Opening Place,Should Allow NDA Tender,Allow Preferential Bidder,EMD Amount in ₹,EMD through BG/ST or EMD Exemption Allowed,EMD Fee Type,EMD Percentage,EMD Payable To,EMD Payable At,Tender Fee in ₹,Fee Payable To,Fee Payable At,Tender Fee Exemption Allowed,Organisation Chain,Tender Reference Number,Tender ID,Tender Type,Form of contract,Tender Category,No. of Covers,General Technical Evaluation Allowed,ItemWise Technical Evaluation Allowed,Payment Mode,Is Multi Currency Allowed For BOQ,Is Multi Currency Allowed For Fee,Allow Two Stage Bidding,Cover No,Cover,Document Type,Description,Name,Address,Committee Chairperson/Co-ordinator Name :,Committee Chairperson/Co-ordinator Type :,Committee Members :,Updated By :,Updated on :,Document :,Organisation Chain :,Tender ID :,Tender Ref No :,Tender Title :,S.No,Bid Number,Bidder Name,Awarded Currency,Awarded Value,S.No.1,Bid Number.1,Bidder Name.1,Submitted Date,Status,Remarks,Status Updated On,Committee Chairperson/Co-ordinator Name :.1,Committee Chairperson/Co-ordinator Type :.1,Committee Members :.1,Updated By :.1,Updated On :,Financial Bid Opening Date:,Document :.1,Contract Date :,Contract Value :,Work Completion Period in days :,Updated By :.2,Updated on :.1,AOC document :,AOC Description :,Type :,Summary :,Updated By :.3,Updated On :.1,Document :.2,Type :.1,Summary :.1,Updated By :.4,Updated On :.2,Document :.3,BOQ Comparative Chart :
1.0,DD - Demand Draft,22-Oct-2021 05:00 PM,09-Nov-2021 04:00 PM,22-Oct-2021 05:00 PM,09-Nov-2021 02:00 PM,NA ,NA ,22-Oct-2021 05:00 PM,09-Nov-2021 02:00 PM,30-Nov-2021 04:20 PM,Infrastructure Development of Barapujia Higher Secondary School under Kapili block in Nagaon District under RIDF-XXVI during 2020-21,Infrastructure Development of Barapujia Higher Secondary School under Kapili block in Nagaon District under RIDF-XXVI during 2020-21,Please refer Tender documents. ,NA ,"5,29,54,286",Civil Works - Building,NA ,Tender,180.0,730.0,Nagaon,782001.0,"O/O The CE, PWD (Bldg), Assam, Chandmari, Ghy-3 ","O/O The CE, PWD (Bldg), Assam, Chandmari, Ghy-3 ",27-Oct-2021 11:00 AM ,"O/O The CE, PWD (Bldg), Assam, Chandmari, Ghy-3",No ,No,"10,59,086",Yes,fixed,,"EE, PWD, Nagaon Bldg. Division",Nagaon,"12,500",Assam State Road Board Maintenance (Road) Fund,Guwahati,No,Public Works Building and NH Department||Chief Engineer-Building - PWBNH,BN/53/2021/4 Dated Guwahati the 05.10.2021,2021_PWBNH_23207_1,Open Tender,Item Rate,Works,2.0,No,No,Offline,No,No,No,1.0,Fee/PreQual/Technical,.pdf,DOCUMENT COST,"CE, PWD (Bldg), Assam, Chandmari, Ghy-3","O/O The CE, PWD (Bldg), Assam, Chandmari, Ghy-3",CE PWD (Bldg),Internal,,Chandana Basumatary,28-Nov-2022 11:40 AM,finsummary_35711.pdf (568.63 KB),Public Works Building and NH Department||Chief Engineer-Building - PWBNH,2021_PWBNH_23207_1,BN/53/2021/4 Dated Guwahati the 05.10.2021,Infrastructure Development of Barapujia Higher Secondary School under Kapili block in Nagaon District under RIDF-XXVI during 2020-21,1.0,125743.0,Sanjib Deka,INR,55617943.74,1.0,125748.0,Bikash Enterprises,09-Nov-2021 12:45 PM,Rejected-Technical,Not-Qualified,30-Nov-2021 04:19 PM,CE PWD (Bldg),Internal,,Mridul Talukdar,30-Nov-2021 04:19 PM,30-Nov-2021 04:20 PM,techsummary_35711.pdf (204.22 KB),28-Nov-2022,INR 52954286.00,730.0,Chandana Basumatary,28-Nov-2022 11:41 AM,WO_BarapujiaHSSchool.pdf (569.00 KB),,Technical,Summary,Chandana Basumatary,09-Nov-2021 04:17 PM,technical_35711.pdf,Finance,Summary,Chandana Basumatary,30-Nov-2021 04:33 PM,finance_35711.pdf,BOQ Comparative Chart
2.0,BC - Bankers Cheque,,,,,,,,,,,,,,,,,,,,,,,,,,,,,,,,,,,,,,,,,,,,,,,,,,,,,.pdf,BID SECURITY,,,,,,,,,,,,,,,,,,2.0,125744.0,M/S MORAMI ENTERPRISE,09-Nov-2021 01:38 PM,Rejected-AOC,L2,28-Nov-2022 11:43 AM,,,,,,,,,,,,,,,,,,,,,,,,,
3.0,BG - Bank Guarantee Irrevocable,,,,,,,,,,,,,,,,,,,,,,,,,,,,,,,,,,,,,,,,,,,,,,,,,,,,,.pdf,BIDDING DOCUMENT,,,,,,,,,,,,,,,,,,3.0,125743.0,Sanjib Deka,09-Nov-2021 01:33 PM,Accepted-AOC,L1,28-Nov-2022 11:43 AM,,,,,,,,,,,,,,,,,,,,,,,,,
4.0,FDR - Fixed Deposit Receipt,,,,,,,,,,,,,,,,,,,,,,,,,,,,,,,,,,,,,,,,,,,,,,,,,,,,,.pdf,TECHNICAL QUALIFICATIONS,,,,,,,,,,,,,,,,,,,,,,,,,,,,,,,,,,,,,,,,,,,,,,,,,
,,,,,,,,,,,,,,,,,,,,,,,,,,,,,,,,,,,,,,,,,,,,,,,,,,,,2.0,Finance,.xls,BOQ,,,,,,,,,,,,,,,,,,,,,,,,,,,,,,,,,,,,,,,,,,,,,,,,,
,,,,,,,,,,,,,,,,,,,,,,,,,,,,,,,,,,,,,,,,,,,,,,,,,,,,,,.pdf,FORM OF BID,,,,,,,,,,,,,,,,,,,,,,,,,,,,,,,,,,,,,,,,,,,,,,,,,
