﻿Tender Fee in ₹,Fee Payable To,Fee Payable At,Tender Fee Exemption Allowed,Name,Address,Publish Date,Bid Opening Date,Document Download / Sale Start Date,Document Download / Sale End Date,Clarification Start Date,Clarification End Date,Bid Submission Start Date,Bid Submission End Date,Financial Bid Opening Date,Title,Work Description,Pre Qualification Details,Independent External Monitor/Remarks,Tender Value in ₹,Product Category,Sub category,Contract Type,Bid Validity(Days),Period Of Work(Days),Location,Pincode,Pre Bid Meeting Place,Pre Bid Meeting Address,Pre Bid Meeting Date,Bid Opening Place,Should Allow NDA Tender,Allow Preferential Bidder,S.No,Bank Name,Cover No,Cover,Document Type,Description,Organisation Chain,Tender Reference Number,Tender ID,Tender Type,Form of contract,Tender Category,No. of Covers,General Technical Evaluation Allowed,ItemWise Technical Evaluation Allowed,Payment Mode,Is Multi Currency Allowed For BOQ,Is Multi Currency Allowed For Fee,Allow Two Stage Bidding,EMD Amount in ₹,EMD through BG/ST or EMD Exemption Allowed,EMD Fee Type,EMD Percentage,EMD Payable To,EMD Payable At,S.No,Revocation Title,Revocation Description,Published Date,Document Name,Document Size(in KB),Revocated To,Committee Chairperson/Co-ordinator Name :,Committee Chairperson/Co-ordinator Type :,Committee Members :,Updated By :,Updated on :,Document :,S.No.1,Bid Number,Bidder Name,Awarded Currency,Awarded Value,Organisation Chain :,Tender ID :,Tender Ref No :,Tender Title :,S.No.2,Bid Number.1,Bidder Name.1,Submitted Date,Status,Remarks,Status Updated On,Committee Chairperson/Co-ordinator Name :.1,Committee Chairperson/Co-ordinator Type :.1,Committee Members :.1,Updated By :.1,Updated On :,Financial Bid Opening Date:,Document :.1,Contract Date :,Contract Value :,Work Completion Period in days :,Updated By :.2,Updated on :.1,AOC document :,AOC Description :,Type :,Summary :,Updated By :.3,Updated On :.1,Document :.2,Type :.1,Summary :.1,Updated By :.4,Updated On :.2,Document :.3,BOQ Comparative Chart :
900.0,Nil,Nil,No,"Dr. Deepi Rekha Kouli, Director","Directorate of Archaeology, Assam, Ambari, Guwahati-01",11-Feb-2022 04:00 PM,25-Feb-2022 12:00 PM,11-Feb-2022 05:00 PM,24-Feb-2022 05:00 PM,NA ,NA ,12-Feb-2022 10:00 AM,24-Feb-2022 05:00 PM,02-Mar-2022 10:00 AM,Development of Archaeological Sites and Monuments and Sattras of Assam under SOPD-G for the year 2021- 2022 (Garhgaon capital Rampart Archaeological Site Sivasagar Group- D),Development of Archaeological Sites and Monuments and Sattras of Assam under SOPD-G for the year 2021- 2022 (Garhgaon capital Rampart Archaeological Site Sivasagar Group- D),Please refer Tender documents. ,NA ,"47,42,428",Civil Works,NA ,Tender,365.0,45.0,"Garhgaon capital Rampart. Sivasagar District,Assam",785685.0,NA ,NA ,NA ,"Directorate of Archaeology, Assam",No ,No,1.0,SBI Bank,1.0,Fee/PreQual/Technical,.pdf,Technical qualification document part - I,Indigenous and Tribal Faith and Culture Department||Directorate of Archaeology,ARCH.6/Garhgaon/T/2021-22/1615 Dated 11/2/22,2022_ITFCD_24313_4,Open Tender,Works,Works,2.0,No,No,Online,No,No,No,"94,849",Yes,percentage,2.0%,Nil,Nil,1.0,Tender Revocation Corrigendum,Due to minor technical error,01-Mar-2022 08:21 PM,corrigendum.pdf ,334.7,Technical Opening,"Dr. Deepi Rekha Kouli, Director",Internal,,Ajit Kumar Borah,11-Mar-2022 02:58 PM,finsummary_37339.pdf (487.63 KB),1.0,133243.0,Deo Ram Baruah,INR,4268184.84,Indigenous and Tribal Faith and Culture Department||Directorate of Archaeology,2022_ITFCD_24313_4,ARCH.6/Garhgaon/T/2021-22/1615 Dated 11/2/22,Development of Archaeological Sites and Monuments and Sattras of Assam under SOPD-G for the year 2021- 2022 (Garhgaon capital Rampart Archaeological Site Sivasagar Group- D),1,133219,BABUL KRISHNA HANDIQUE,22-Feb-2022 04:06 PM,Rejected-Finance,Financially rejected,11-Mar-2022 02:58 PM,"Dr. Deepi Rekha Kouli, Director, Directorate of Archaeology, Assam",Internal,,Ajit Kumar Borah,01-Mar-2022 08:38 PM,02-Mar-2022 10:00 AM,techsummary_37339.pdf (1789.40 KB),07-May-2022,INR 4742427.60,45.0,Ajit Kumar Borah,13-Dec-2022 12:23 PM,Work_Order_Garh_D.pdf (703.00 KB),,Technical,Technical bid has been opened,Girish Baishya,01-Mar-2022 08:29 PM,None,Finance,Financial bid has been opened.,Ajit Kumar Borah,02-Mar-2022 10:48 AM,None,BOQ Comparative Chart
,,,,,,,,,,,,,,,,,,,,,,,,,,,,,,,,,,,,,.pdf,Technical qualification document part - II,,,,,,,,,,,,,,,,,,,,,,,,,,,,,,,,,,,,,,,,,,2,133243,Deo Ram Baruah,24-Feb-2022 12:07 PM,Accepted-AOC,L1,13-Dec-2022 12:24 PM,,,,,,,,,,,,,,,,,,,,,,,,,
,,,,,,,,,,,,,,,,,,,,,,,,,,,,,,,,,,,,,.pdf,Scanned and signed technical document,,,,,,,,,,,,,,,,,,,,,,,,,,,,,,,,,,,,,,,,,,3,133320,M/S B.K.GOGOI,24-Feb-2022 02:02 PM,Rejected-Finance,Financially rejected,11-Mar-2022 02:58 PM,,,,,,,,,,,,,,,,,,,,,,,,,
,,,,,,,,,,,,,,,,,,,,,,,,,,,,,,,,,,,2.0,Finance,.xls,Price bid,,,,,,,,,,,,,,,,,,,,,,,,,,,,,,,,,,,,,,,,,,4,132998,PRODIP BURAGOHAIN,19-Feb-2022 05:55 PM,Rejected-Finance,Financially rejected,11-Mar-2022 02:58 PM,,,,,,,,,,,,,,,,,,,,,,,,,
,,,,,,,,,,,,,,,,,,,,,,,,,,,,,,,,,,,,,,,,,,,,,,,,,,,,,,,,,,,,,,,,,,,,,,,,,,,,,,,,5,132895,Sri Madhav Borah,24-Feb-2022 11:06 AM,Rejected-Technical,Technically Invalid,01-Mar-2022 08:38 PM,,,,,,,,,,,,,,,,,,,,,,,,,
