﻿Cover No,Cover,Document Type,Description,Tender Fee in ₹,Fee Payable To,Fee Payable At,Tender Fee Exemption Allowed,EMD Amount in ₹,EMD through BG/ST or EMD Exemption Allowed,EMD Fee Type,EMD Percentage,EMD Payable To,EMD Payable At,Title,Work Description,Pre Qualification Details,Independent External Monitor/Remarks,Tender Value in ₹,Product Category,Sub category,Contract Type,Bid Validity(Days),Period Of Work(Days),Location,Pincode,Pre Bid Meeting Place,Pre Bid Meeting Address,Pre Bid Meeting Date,Bid Opening Place,Should Allow NDA Tender,Allow Preferential Bidder,S.No,Bank Name,Organisation Chain,Tender Reference Number,Tender ID,Tender Type,Form of contract,Tender Category,No. of Covers,General Technical Evaluation Allowed,ItemWise Technical Evaluation Allowed,Payment Mode,Is Multi Currency Allowed For BOQ,Is Multi Currency Allowed For Fee,Allow Two Stage Bidding,Publish Date,Bid Opening Date,Document Download / Sale Start Date,Document Download / Sale End Date,Clarification Start Date,Clarification End Date,Bid Submission Start Date,Bid Submission End Date,Financial Bid Opening Date,Name,Address,Committee Chairperson/Co-ordinator Name :,Committee Chairperson/Co-ordinator Type :,Committee Members :,Updated By :,Updated on :,Document :,S.No,Bid Number,Bidder Name,Awarded Currency,Awarded Value,Organisation Chain :,Tender ID :,Tender Ref No :,Tender Title :,S.No.1,Bid Number.1,Bidder Name.1,Submitted Date,Status,Remarks,Status Updated On,Committee Chairperson/Co-ordinator Name :.1,Committee Chairperson/Co-ordinator Type :.1,Committee Members :.1,Updated By :.1,Updated On :,Financial Bid Opening Date:,Document :.1,Contract Date :,Contract Value :,Work Completion Period in days :,Updated By :.2,Updated on :.1,AOC document :,AOC Description :,Type :,Summary :,Updated By :.3,Updated On :.1,Document :.2,Type :.1,Summary :.1,Updated By :.4,Updated On :.2,Document :.3,BOQ Comparative Chart :
1.0,Fee/PreQual/Technical,.pdf,Online receipt of Tender Processing Fee and EMD,"1,000",Nil,Nil,No,"54,315",Yes,percentage,2.0%,Nil,Nil,Parking shed for vehicles for Honble Ministers and Sr. Officers,"Construction of new parking shed for vehicles of Honble Ministers, Senior Officers officiating from E- Block",Please refer Tender documents. ,NA ,"27,15,733",Civil Works - Building,NA ,Tender,180.0,30.0,"Dispur, Guwahati",781006.0,O/o the SE PWD Guwahati Building Circle-II Ghy-3 ,O/o the SE PWD Guwahati Building Circle-II Ghy-3 ,30-Sep-2022 12:00 PM ,O/o the SE PWD Guwahati Building Circle-II Ghy-3,No ,No,1.0,SBI Bank,Public Works Building and NH Department||Chief Engineer-Building - PWBNH||SE-Guwahati Circle-2 - PWBNH,SE/BII/Parking_for Ministers_Sr. Officers,2022_PWBNH_27171_1,Open Tender,Item Wise,Works,2.0,No,No,Online,No,No,No,28-Sep-2022 12:00 PM,11-Oct-2022 11:30 AM,28-Sep-2022 12:00 PM,10-Oct-2022 02:00 PM,NA ,NA ,28-Sep-2022 12:00 PM,10-Oct-2022 02:00 PM,14-Oct-2022 11:00 AM,SE PWD Guwahati Building Circle-II Ghy-3,O/o the SE PWD Guwahati Building Circle-II Chandmari Ghy-3,Chairperson,Internal,Member Secretary Members,Kanak Chandra Roy,14-Oct-2022 07:51 PM,finsummary_41813.pdf (67.50 KB),1.0,159097.0,M/S Nabajit Traders And Engineers,INR,2713681.0,Public Works Building and NH Department||Chief Engineer-Building - PWBNH||SE-Guwahati Circle-2 - PWBNH,2022_PWBNH_27171_1,SE/BII/Parking_for Ministers_Sr. Officers,Parking shed for vehicles for Honble Ministers and Sr. Officers,1.0,159106.0,Bhaskar Barman,06-Oct-2022 08:52 PM,Rejected-Technical,Technically not qualified,12-Oct-2022 06:25 PM,Chairperson,Internal,Member Secretary Members,Kanak Chandra Roy,12-Oct-2022 06:25 PM,14-Oct-2022 11:00 AM,techsummary_41813.pdf (155.72 KB),15-Oct-2022,INR 2713681.00,30.0,Kanak Chandra Roy,15-Oct-2022 07:23 PM,AoCpark.pdf (332.00 KB),AoC_Agreement,Technical,Minutes,Kanak Chandra Roy,11-Oct-2022 02:15 PM,technical_41813.pdf,Finance,Minutes,Kanak Chandra Roy,14-Oct-2022 04:30 PM,finance_41813.pdf,BOQ Comparative Chart
,,.pdf,Technical Qualification,,,,,,,,,,,,,,,,,,,,,,,,,,,,,,,,,,,,,,,,,,,,,,,,,,,,,,,,,,,,,,,,,,,,,,2.0,159097.0,M/S Nabajit Traders And Engineers,09-Oct-2022 11:50 PM,Accepted-AOC,Successful bidder PBG submitted,15-Oct-2022 07:24 PM,,,,,,,,,,,,,,,,,,,,,,,,,
,,.pdf,Bidding Document,,,,,,,,,,,,,,,,,,,,,,,,,,,,,,,,,,,,,,,,,,,,,,,,,,,,,,,,,,,,,,,,,,,,,,3.0,159086.0,MS PA ENTERPRISE,09-Oct-2022 11:38 PM,Rejected-AOC,Unsuccessful bidder,15-Oct-2022 07:24 PM,,,,,,,,,,,,,,,,,,,,,,,,,
2.0,Finance,.xls,BOQ,,,,,,,,,,,,,,,,,,,,,,,,,,,,,,,,,,,,,,,,,,,,,,,,,,,,,,,,,,,,,,,,,,,,,,,,,,,,,,,,,,,,,,,,,,,,,,,,,,,,,
,,.pdf,Form of Bid,,,,,,,,,,,,,,,,,,,,,,,,,,,,,,,,,,,,,,,,,,,,,,,,,,,,,,,,,,,,,,,,,,,,,,,,,,,,,,,,,,,,,,,,,,,,,,,,,,,,,
