﻿Committee Chairperson/Co-ordinator Name :,Committee Chairperson/Co-ordinator Type :,Committee Members :,Updated By :,Updated on :,Document :,Organisation Chain :,Tender ID :,Tender Ref No :,Tender Title :,Contract Date :,Contract Value :,Work Completion Period in days :,Updated By :.1,Updated on :.1,AOC document :,AOC Description :,S.No,Bid Number,Bidder Name,Awarded Currency,Awarded Value,Type :,Summary :,Updated By :.2,Updated On :,Document :.1,Committee Chairperson/Co-ordinator Name :.1,Committee Chairperson/Co-ordinator Type :.1,Committee Members :.1,Updated By :.3,Updated On :.1,Financial Bid Opening Date:,Document :.2,S.No.1,Bid Number.1,Bidder Name.1,Submitted Date,Status,Remarks,Status Updated On,Type :.1,Summary :.1,Updated By :.4,Updated On :.2,Document :.3,BOQ Comparative Chart :,S.No,Bank Name,Name,Address,EMD Amount in ₹,EMD through BG/ST or EMD Exemption Allowed,EMD Fee Type,EMD Percentage,EMD Payable To,EMD Payable At,Title,Work Description,Pre Qualification Details,Independent External Monitor/Remarks,Tender Value in ₹,Product Category,Sub category,Contract Type,Bid Validity(Days),Period Of Work(Days),Location,Pincode,Pre Bid Meeting Place,Pre Bid Meeting Address,Pre Bid Meeting Date,Bid Opening Place,Should Allow NDA Tender,Allow Preferential Bidder,Tender Fee in ₹,Fee Payable To,Fee Payable At,Tender Fee Exemption Allowed,Organisation Chain,Tender Reference Number,Tender ID,Tender Type,Form of contract,Tender Category,No. of Covers,General Technical Evaluation Allowed,ItemWise Technical Evaluation Allowed,Payment Mode,Is Multi Currency Allowed For BOQ,Is Multi Currency Allowed For Fee,Allow Two Stage Bidding,Publish Date,Bid Opening Date,Document Download / Sale Start Date,Document Download / Sale End Date,Clarification Start Date,Clarification End Date,Bid Submission Start Date,Bid Submission End Date,Financial Bid Opening Date,Cover No,Cover,Document Type,Description
"DFO, Nagaon Social Forestry Division",Internal,,DILIP KALITA,28-Jul-2022 08:52 PM,finsummary_38926.pdf (595.33 KB),Pr. Chief Conservator of Forest and Head of Forest Force||Chief Conservator of Forests Social Forestry||Upper Assam Social Forestry Circle||Nagaon Social Forestry Division,2022_PCCF_25183_2,NIT- 2 DATED 18-04-2022,"Erection of Fencing for CAMPA, AR Plantation OF 25 HA Kumoi Hill RF, Morigaon.",28-Jul-2022,INR 2101510.80,60.0,DILIP KALITA,28-Jul-2022 09:05 PM,WorkOrderKumoi25.pdf (524.00 KB),,1.0,147555.0,STANDARD CREATION,INR,2101510.8,Technical,Technical Bid Opened,DILIP KALITA,12-May-2022 02:56 PM,None,"DFO, Nagaon Social Forestry Division",Internal,,DILIP KALITA,07-Jun-2022 02:08 PM,07-Jun-2022 02:10 PM,techsummary_38926.pdf (563.93 KB),1,147595,AAKAR VISION AND COMMUNICATION,10-May-2022 01:33 PM,Rejected-Technical,please see Technical Evaluation Minutes,07-Jun-2022 02:08 PM,Finance,Financial Bi Opened,DILIP KALITA,07-Jun-2022 06:01 PM,None,BOQ Comparative Chart,1.0,SBI Bank,Conservator of Forests Upper Assam Social Forestry,"Upper Assam Social Forestry Circle, Nagaon","46,700",Yes,percentage,2.0%,Nil,Nil,"Erection of Fencing for CAMPA, AR Plantation OF 25 HA Kumoi Hill RF, Morigaon.","Erection of Fencing for CAMPA, AR Plantation OF 25 HA Kumoi Hill RF, Morigaon.",Please refer Tender documents. ,NA ,"23,35,012",Civil Works,NA ,Tender,45.0,60.0,"Kumoi Hill RF, Morigaon.",782125.0,NA ,NA ,NA ,"Upper Assam Social Forestry Circle, Nagaon",No ,No,"2,000",Nil,Nil,No,Pr. Chief Conservator of Forest and Head of Forest Force||Chief Conservator of Forests Social Forestry||Upper Assam Social Forestry Circle||Nagaon Social Forestry Division,NIT- 2 DATED 18-04-2022,2022_PCCF_25183_2,Open Tender,Works,Works,2.0,No,No,Online,No,No,No,20-Apr-2022 09:00 AM,11-May-2022 12:00 PM,20-Apr-2022 09:00 AM,10-May-2022 03:00 PM,NA ,NA ,20-Apr-2022 09:00 AM,10-May-2022 03:00 PM,07-Jun-2022 02:10 PM,1.0,Fee/PreQual/Technical,.pdf,Technical Qualification documents
,,,,,,,,,,,,,,,,,,,,,,,,,,,,,,,,,,2,147552,IMDADUL HOQUE,09-May-2022 07:27 PM,Rejected-Finance,Not Selected,28-Jul-2022 08:52 PM,,,,,,,,,,,,,,,,,,,,,,,,,,,,,,,,,,,,,,,,,,,,,,,,,,,,,,,,,,,,,,,.pdf,Signed Tender Document
,,,,,,,,,,,,,,,,,,,,,,,,,,,,,,,,,,3,147452,J D ASSOCIATES,07-May-2022 11:48 AM,Rejected-Finance,Not Selected,28-Jul-2022 08:52 PM,,,,,,,,,,,,,,,,,,,,,,,,,,,,,,,,,,,,,,,,,,,,,,,,,,,,,,,,,,,,,2.0,Finance,.xls,Price Bid
,,,,,,,,,,,,,,,,,,,,,,,,,,,,,,,,,,4,147565,MEDIA UNLIMITED,10-May-2022 12:42 AM,Rejected-Technical,please see Technical Evaluation Minutes,07-Jun-2022 02:08 PM,,,,,,,,,,,,,,,,,,,,,,,,,,,,,,,,,,,,,,,,,,,,,,,,,,,,,,,,,,,,,,,,
,,,,,,,,,,,,,,,,,,,,,,,,,,,,,,,,,,5,147581,M/s B. B. Enterprise,10-May-2022 11:42 AM,Rejected-Technical,please see Technical Evaluation Minutes,07-Jun-2022 02:08 PM,,,,,,,,,,,,,,,,,,,,,,,,,,,,,,,,,,,,,,,,,,,,,,,,,,,,,,,,,,,,,,,,
,,,,,,,,,,,,,,,,,,,,,,,,,,,,,,,,,,6,147596,Nirmal Bora,10-May-2022 01:16 PM,Rejected-Technical,please see Technical Evaluation Minutes,07-Jun-2022 02:08 PM,,,,,,,,,,,,,,,,,,,,,,,,,,,,,,,,,,,,,,,,,,,,,,,,,,,,,,,,,,,,,,,,
,,,,,,,,,,,,,,,,,,,,,,,,,,,,,,,,,,7,147555,STANDARD CREATION,09-May-2022 07:31 PM,Accepted-AOC,Accepted,28-Jul-2022 09:05 PM,,,,,,,,,,,,,,,,,,,,,,,,,,,,,,,,,,,,,,,,,,,,,,,,,,,,,,,,,,,,,,,,
,,,,,,,,,,,,,,,,,,,,,,,,,,,,,,,,,,8,147560,YEASMIN SULTANA,09-May-2022 08:35 PM,Rejected-Technical,please see Technical Evaluation Minutes,07-Jun-2022 02:08 PM,,,,,,,,,,,,,,,,,,,,,,,,,,,,,,,,,,,,,,,,,,,,,,,,,,,,,,,,,,,,,,,,
