﻿Title,Work Description,Pre Qualification Details,Independent External Monitor/Remarks,Tender Value in ₹,Product Category,Sub category,Contract Type,Bid Validity(Days),Period Of Work(Days),Location,Pincode,Pre Bid Meeting Place,Pre Bid Meeting Address,Pre Bid Meeting Date,Bid Opening Place,Should Allow NDA Tender,Allow Preferential Bidder,S.No,Corrigendum Title,Corrigendum Type,View,S.No.1,Bank Name,Cover No,Cover,Document Type,Description,Tender Fee in ₹,Fee Payable To,Fee Payable At,Tender Fee Exemption Allowed,Organisation Chain,Tender Reference Number,Tender ID,Tender Type,Form of contract,Tender Category,No. of Covers,General Technical Evaluation Allowed,ItemWise Technical Evaluation Allowed,Payment Mode,Is Multi Currency Allowed For BOQ,Is Multi Currency Allowed For Fee,Allow Two Stage Bidding,Publish Date,Bid Opening Date,Document Download / Sale Start Date,Document Download / Sale End Date,Clarification Start Date,Clarification End Date,Bid Submission Start Date,Bid Submission End Date,EMD Amount in ₹,EMD through BG/ST or EMD Exemption Allowed,EMD Fee Type,EMD Percentage,EMD Payable To,EMD Payable At,Name,Address,S.No.,Corrigendum Title,Corrigendum Type,Corrigendum Description,Corrigendum Reason,Published Date,Document Name,Doc Size(in KB),Organisation Chain :,Tender ID :,Tender Ref No :,Tender Title :,S.No,Bid Number,Bidder Name,Submitted Date,Status,Remarks,Status Updated On,Type :,Summary :,Updated By :,Updated On :,Document :
"Construction of Judicial Court Building at Gohpur, Sonitpur District, Assam (G Plus 1) with future provision (G Plus 3)","Construction of Judicial Court Building at Gohpur, Sonitpur District, Assam (G Plus 1) with future provision (G Plus 3)",Please refer Tender documents. ,NA ,"19,91,12,081",Civil Works - Building,NA ,Tender,180.0,730.0,Sonitpur,782124.0,"O/O The CE, PWD (Bldg), Assam, Chandmari, Ghy-3 ","O/O The CE, PWD (Bldg), Assam, Chandmari, Ghy-3 ",16-Jun-2022 11:00 AM ,"O/O The CE, PWD (Bldg), Assam, Chandmari, Ghy-3",No ,No,1.0,Cancellation Notice,Cancellation of Tender,,1.0,SBI Bank,1.0,Fee/PreQual/Technical,.pdf,ONLINE PAYMENT RECEIPT (BID COST_BID SECURITY),"20,000",Nil,Nil,No,Public Works Building and NH Department||Chief Engineer-Building - PWBNH,CE/TECH-V/08/2022/10 Dated Guwahati 18th May 2022,2022_PWBNH_25900_1,Open Tender,Item Rate,Works,2.0,No,No,Online,No,No,No,08-Jun-2022 06:00 PM,01-Jul-2022 10:00 AM,08-Jun-2022 06:00 PM,30-Jun-2022 02:00 PM,NA ,NA ,18-Jun-2022 10:00 AM,30-Jun-2022 02:00 PM,"39,82,242",Yes,percentage,2.0%,Nil,Nil,"CE, PWD (Bldg), Assam, Chandmari, Ghy-3","O/O The CE, PWD (Bldg), Assam, Chandmari, Ghy-3",1.0,Cancellation Notice,Cancellation of Tender,Cancellation Notice,Due to admistrative reasons/issues,08-Jul-2022 06:04 PM,CancellationNotice.pdf ,1907.42,Public Works Building and NH Department||Chief Engineer-Building - PWBNH,2022_PWBNH_25900_1,CE/TECH-V/08/2022/10 Dated Guwahati 18th May 2022,"Construction of Judicial Court Building at Gohpur, Sonitpur District, Assam (G Plus 1) with future provision (G Plus 3)",1.0,152023.0,GANPATI CONSTRUCTION COMPANY,30-Jun-2022 01:23 PM,Admitted-Fee/PreQual/Technical,,01-Jul-2022 03:26 PM,Technical,Summary,Chandana Basumatary,01-Jul-2022 03:26 PM,technical_39976.pdf
,,,,,,,,,,,,,,,,,,2.0,Corrigendum,Financial Bid,,,,,,.pdf,BIDDING DOCUMENT,,,,,,,,,,,,,,,,,,,,,,,,,,,,,,,,,,,,,,,,,,,,,,2.0,151982.0,RANJAN KALITA,30-Jun-2022 12:05 PM,Admitted-Fee/PreQual/Technical,,01-Jul-2022 03:26 PM,,,,,
,,,,,,,,,,,,,,,,,,,,,,,,,,.pdf,TECHNICAL QUALIFICATIONS,,,,,,,,,,,,,,,,,,,,,,,,,,,,,,,,,,,,,,,,,,,,,,,,,,,,,,,,,
,,,,,,,,,,,,,,,,,,,,,,,,2.0,Finance,.xls,BOQ,,,,,,,,,,,,,,,,,,,,,,,,,,,,,,,,,,,,,,,,,,,,,,,,,,,,,,,,,
,,,,,,,,,,,,,,,,,,,,,,,,,,.pdf,FORM OF BID,,,,,,,,,,,,,,,,,,,,,,,,,,,,,,,,,,,,,,,,,,,,,,,,,,,,,,,,,
