﻿Title,Work Description,Pre Qualification Details,Independent External Monitor/Remarks,Tender Value in ₹,Product Category,Sub category,Contract Type,Bid Validity(Days),Period Of Work(Days),Location,Pincode,Pre Bid Meeting Place,Pre Bid Meeting Address,Pre Bid Meeting Date,Bid Opening Place,Should Allow NDA Tender,Allow Preferential Bidder,Cover No,Cover,Document Type,Description,S.No,Bank Name,Tender Fee in ₹,Fee Payable To,Fee Payable At,Tender Fee Exemption Allowed,Name,Address,EMD Amount in ₹,EMD through BG/ST or EMD Exemption Allowed,EMD Fee Type,EMD Percentage,EMD Payable To,EMD Payable At,Organisation Chain,Tender Reference Number,Tender ID,Tender Type,Form of contract,Tender Category,No. of Covers,General Technical Evaluation Allowed,ItemWise Technical Evaluation Allowed,Payment Mode,Is Multi Currency Allowed For BOQ,Is Multi Currency Allowed For Fee,Allow Two Stage Bidding,Publish Date,Bid Opening Date,Document Download / Sale Start Date,Document Download / Sale End Date,Clarification Start Date,Clarification End Date,Bid Submission Start Date,Bid Submission End Date,Financial Bid Opening Date,Organisation Chain :,Tender ID :,Tender Ref No :,Tender Title :,Committee Chairperson/Co-ordinator Name :,Committee Chairperson/Co-ordinator Type :,Committee Members :,Updated By :,Updated On :,Financial Bid Opening Date:,Document :,S.No,Bid Number,Bidder Name,Submitted Date,Status,Remarks,Status Updated On,Type :,Summary :,Updated By :.1,Updated On :.1,Document :.1
"Supply, installation, testing and commissioning of 20 nos of 16 Mtr. LED High Mast Lighting System at various location of Assam",Supply installation testing and commissioning of 20 nos of 16 Mtr LED High Mast Lighting System at various location of Assam,Please refer Tender documents. ,NA ,,Electrical Works,NA ,Tender,180.0,180.0,Dibrugarh,786602.0,NA ,NA ,NA ,"DNP Ltd, Duliajan",No ,No,1.0,Fee/PreQual/Technical,.pdf,Tech Bid,1.0,SBI Bank,"3,000",Nil,Nil,No,"Director, DNP Ltd","1 No. Borpathar, Madhuban, Duliajan-786602",0.0,No,fixed,,Nil,Nil,Industries and Commerce Department||DNP Limited,DNPL/EL/CSR/22-23/01/03,2022_ICD_28459_1,Limited,Works,Works,2.0,No,No,Online,No,No,No,26-Dec-2022 03:00 PM,10-Jan-2023 02:00 PM,26-Dec-2022 03:00 PM,09-Jan-2023 02:00 PM,26-Dec-2022 03:00 PM ,04-Jan-2023 11:00 AM ,28-Dec-2022 11:00 AM,09-Jan-2023 02:00 PM,23-Jan-2023 09:00 AM,Industries and Commerce Department||DNP Limited,2022_ICD_28459_1,DNPL/EL/CSR/22-23/01/03,"Supply, installation, testing and commissioning of 20 nos of 16 Mtr. LED High Mast Lighting System at various location of Assam",A.K. Bhattacharyya,Internal,"A.K. Bhattacharyya, K. Das, B.B. Baruah, B.D. Borpatragohain, D. Sarma, P.P. Bhattacharyya",Bristi Bakul Barua,23-Jan-2023 08:49 AM,23-Jan-2023 09:00 AM,techsummary_45425.pdf (909.74 KB),1,171474,Assam Electricals,03-Jan-2023 01:14 PM,Accepted-Technical,Qualified,23-Jan-2023 08:49 AM,Technical,Technical bid summary,Bristi Bakul Barua,23-Jan-2023 08:45 AM,technical_45425.pdf
,,,,,,,,,,,,,,,,,,2.0,Finance,.xls,Price Bid,,,,,,,,,,,,,,,,,,,,,,,,,,,,,,,,,,,,,,,,,,,,,,,,2,172129,ELMECH INDIA,07-Jan-2023 07:17 PM,Accepted-Technical,Qualified,23-Jan-2023 08:49 AM,,,,,
,,,,,,,,,,,,,,,,,,,,,,,,,,,,,,,,,,,,,,,,,,,,,,,,,,,,,,,,,,,,,,,,,,,,,3,172005,M/s Kapili Associates,07-Jan-2023 11:33 AM,Accepted-Technical,Qualified,23-Jan-2023 08:49 AM,,,,,
,,,,,,,,,,,,,,,,,,,,,,,,,,,,,,,,,,,,,,,,,,,,,,,,,,,,,,,,,,,,,,,,,,,,,4,171450,Spectrum Consulting and Services,06-Jan-2023 08:28 AM,Rejected-Technical,Disqualified,23-Jan-2023 08:49 AM,,,,,
