﻿S.No,Bank Name,Name,Address,Publish Date,Bid Opening Date,Document Download / Sale Start Date,Document Download / Sale End Date,Clarification Start Date,Clarification End Date,Bid Submission Start Date,Bid Submission End Date,Financial Bid Opening Date,Organisation Chain,Tender Reference Number,Tender ID,Tender Type,Form of contract,Tender Category,No. of Covers,General Technical Evaluation Allowed,ItemWise Technical Evaluation Allowed,Payment Mode,Is Multi Currency Allowed For BOQ,Is Multi Currency Allowed For Fee,Allow Two Stage Bidding,Title,Work Description,Pre Qualification Details,Independent External Monitor/Remarks,Tender Value in ₹,Product Category,Sub category,Contract Type,Bid Validity(Days),Period Of Work(Days),Location,Pincode,Pre Bid Meeting Place,Pre Bid Meeting Address,Pre Bid Meeting Date,Bid Opening Place,Should Allow NDA Tender,Allow Preferential Bidder,Tender Fee in ₹,Fee Payable To,Fee Payable At,Tender Fee Exemption Allowed,Cover No,Cover,Document Type,Description,EMD Amount in ₹,EMD through BG/ST or EMD Exemption Allowed,EMD Fee Type,EMD Percentage,EMD Payable To,EMD Payable At,Organisation Chain :,Tender ID :,Tender Ref No :,Tender Title :,Committee Chairperson/Co-ordinator Name :,Committee Chairperson/Co-ordinator Type :,Committee Members :,Updated By :,Updated On :,Financial Bid Opening Date:,Document :,Committee Chairperson/Co-ordinator Name :.1,Committee Chairperson/Co-ordinator Type :.1,Committee Members :.1,Updated By :.1,Updated on :,Document :.1,Contract Date :,Contract Value :,Work Completion Period in days :,Updated By :.2,Updated on :.1,AOC document :,AOC Description :,Type :,Summary :,Updated By :.3,Updated On :.1,Document :.2,BOQ Comparative Chart :,S.No,Bid Number,Bidder Name,Awarded Currency,Awarded Value,S.No.1,Bid Number.1,Bidder Name.1,Submitted Date,Status,Remarks,Status Updated On,Type :.1,Summary :.1,Updated By :.4,Updated On :.2,Document :.3
1.0,SBI Bank,Sri Padmadanda Choudhury,"O/o the Addl. Chief Engineer-cum-Director, PWD, BTC, Kokrajhar.",30-Jan-2023 10:30 AM,13-Feb-2023 03:00 PM,30-Jan-2023 10:30 AM,13-Feb-2023 02:30 PM,30-Jan-2023 10:30 AM ,13-Feb-2023 02:00 PM ,30-Jan-2023 12:00 PM,13-Feb-2023 02:30 PM,20-Feb-2023 03:00 PM,Bodoland Territorial Council-PWD||Director Cum CHD - PWD BTC,ACE-38/KOK/R/IFB/Pt-I/2016-17,2023_BTC_29043_1,Open Tender,Item Rate,Works,2.0,No,No,Online,No,No,No,Repair and strengthening of Kashikotra to Basugaon road in Chirang District.,Repair and strengthening of Kashikotra to Basugaon road in Chirang District.,Refer to Tender Documents ,NA ,"3,19,95,687",Civil Works – Roads,NA ,Tender,180.0,180.0,Kokrajhar,783370.0,NA ,NA ,NA ,Kokrajhar,No ,No,"7,000",Nil,Nil,No,1.0,Fee/PreQual/Technical,.pdf,Tender Documents,"6,39,914",Yes,percentage,2.0%,Nil,Nil,Bodoland Territorial Council-PWD||Director Cum CHD - PWD BTC,2023_BTC_29043_1,ACE-38/KOK/R/IFB/Pt-I/2016-17,Repair and strengthening of Kashikotra to Basugaon road in Chirang District.,Sri Padmananda Choudhury,Internal,"Sri Padmananda Choudhury, Sri Santosh Brahma, Sri Maneswar Brahma, Sri Arun Ch. Basumatary.",MILAN MAHILARY,20-Feb-2023 02:59 PM,20-Feb-2023 03:00 PM,techsummary_46779.pdf (782.46 KB),Sri Amarjyoty Barman,External,"Sri Amarjyoti Barman, Sri Padmananda Choudhury, Sri Mahesh Narzary.",MILAN MAHILARY,17-Mar-2023 07:48 PM,finsummary_46779.pdf (540.26 KB),04-Apr-2023,INR 31992000.00,180.0,MILAN MAHILARY,04-Apr-2023 05:45 PM,AOC.pdf (607.00 KB),L1,Finance,Financial Bid Opening,ARUN CHANDRA BASUMATARY,20-Feb-2023 03:06 PM,None,BOQ Comparative Chart,1.0,176778.0,RAJU CHANDRA BASUMATARY,INR,31992000.0,1.0,176918.0,Jamidar Narzary,13-Feb-2023 10:22 AM,Rejected-Technical,Failed,20-Feb-2023 02:59 PM,Technical,Technical Bid Opening,BARUN DEY,13-Feb-2023 06:26 PM,None
,,,,,,,,,,,,,,,,,,,,,,,,,,,,,,,,,,,,,,,,,,,,,,,,,,.pdf,Technical Documents,,,,,,,,,,,,,,,,,,,,,,,,,,,,,,,,,,,,,,,,,,2.0,176820.0,KAMALA KANTA KHAKLARY,10-Feb-2023 09:43 PM,Rejected-AOC,L2,04-Apr-2023 05:47 PM,,,,,
,,,,,,,,,,,,,,,,,,,,,,,,,,,,,,,,,,,,,,,,,,,,,,,,2.0,Finance,.pdf,Form of Bid,,,,,,,,,,,,,,,,,,,,,,,,,,,,,,,,,,,,,,,,,,3.0,176778.0,RAJU CHANDRA BASUMATARY,10-Feb-2023 08:01 PM,Accepted-AOC,L1,04-Apr-2023 05:47 PM,,,,,
,,,,,,,,,,,,,,,,,,,,,,,,,,,,,,,,,,,,,,,,,,,,,,,,,,.xls,Bill of Quantities,,,,,,,,,,,,,,,,,,,,,,,,,,,,,,,,,,,,,,,,,,,,,,,,,,,,,
