﻿Organisation Chain :,Tender ID :,Tender Ref No :,Tender Title :,Type :,Summary :,Updated By :,Updated On :,Document :,Committee Chairperson/Co-ordinator Name :,Committee Chairperson/Co-ordinator Type :,Committee Members :,Updated By :.1,Updated On :.1,Financial Bid Opening Date:,Document :.1,S.No,Bid Number,Bidder Name,Submitted Date,Status,Remarks,Status Updated On,Type :.1,Summary :.1,Updated By :.2,Updated On :.2,Document :.2,BOQ Comparative Chart :,EMD Amount in ₹,EMD through BG/ST or EMD Exemption Allowed,EMD Fee Type,EMD Percentage,EMD Payable To,EMD Payable At,Name,Address,S.No,Corrigendum Title,Corrigendum Type,View,Tender Fee in ₹,Fee Payable To,Fee Payable At,Tender Fee Exemption Allowed,Cover No,Cover,Document Type,Description,S.No.1,Bank Name,Organisation Chain,Tender Reference Number,Tender ID,Tender Type,Form of contract,Tender Category,No. of Covers,General Technical Evaluation Allowed,ItemWise Technical Evaluation Allowed,Payment Mode,Is Multi Currency Allowed For BOQ,Is Multi Currency Allowed For Fee,Allow Two Stage Bidding,Publish Date,Bid Opening Date,Document Download / Sale Start Date,Document Download / Sale End Date,Clarification Start Date,Clarification End Date,Bid Submission Start Date,Bid Submission End Date,Financial Bid Opening Date,Title,Work Description,Pre Qualification Details,Independent External Monitor/Remarks,Tender Value in ₹,Product Category,Sub category,Contract Type,Bid Validity(Days),Period Of Work(Days),Location,Pincode,Pre Bid Meeting Place,Pre Bid Meeting Address,Pre Bid Meeting Date,Bid Opening Place,Should Allow NDA Tender,Allow Preferential Bidder
National Health Mission||State Programme Management Unit - NHM,2022_NHM_28018_85,NHM 32031 4 2021 Construction NHM Part 34 62,Establishment of Proposed 6 bedded ward at various SHCs n PHCs of Assam under ECRP II NHM Assam Group 85 5 nos scheme in Dima Hasao district,Technical,OFFICE ORDER,Dipjyoti Deka,23-Mar-2023 02:46 PM,technical_44543.pdf,ED,Internal,"SE(E),SE(C),CONST(C-CW),FA,DF,AMD,CC(CW)",Dipjyoti Deka,23-Mar-2023 02:51 PM,23-Mar-2023 03:00 PM,techsummary_44543.pdf (9592.20 KB),1.0,169344.0,ARJUN GHIMIRE,22-Dec-2022 01:15 PM,Admitted-Finance,,23-Mar-2023 03:39 PM,Finance,FINANCIAL BID OPENED,Dipjyoti Deka,23-Mar-2023 03:38 PM,None,BOQ Comparative Chart,"1,15,996",Yes,percentage,2.0%,Nil,Nil,Mission Director NHM Assam,"O/o Mission Director,NHM,Assam,Christanbasti,Ghy-5",1.0,Extension I,Date,,"1,150",Nil,Nil,No,1.0,Fee/PreQual/Technical,.pdf,SBD,1.0,SBI Bank,National Health Mission||State Programme Management Unit - NHM,NHM 32031 4 2021 Construction NHM Part 34 62,2022_NHM_28018_85,Open Tender,Turn-key,Works,2.0,No,No,Online,No,No,No,07-Dec-2022 09:00 AM,30-Dec-2022 03:30 PM,07-Dec-2022 09:00 AM,29-Dec-2022 02:00 PM,NA ,NA ,07-Dec-2022 09:10 AM,29-Dec-2022 02:00 PM,23-Mar-2023 03:00 PM,Establishment of Proposed 6 bedded ward at various SHCs n PHCs of Assam under ECRP II NHM Assam Group 85 5 nos scheme in Dima Hasao district,Establishment of Proposed 6 bedded ward at various SHCs n PHCs of Assam under ECRP II NHM Assam Group 85 5 nos scheme in Dima Hasao district,Please refer Tender documents. ,NA ,"57,99,785",Civil Works - Building,NA ,Tender,180.0,120.0,Dima Hasao District,788819.0,NA ,NA ,NA ,"O/o Mission Director,NHM,Assam,Christanbasti,Ghy-5",No ,No
,,,,,,,,,,,,,,,,2.0,170774.0,David Phonglo,29-Dec-2022 12:11 PM,Admitted-Finance,,23-Mar-2023 03:39 PM,,,,,,,,,,,,,,,2.0,Work Name,Other,,,,,,,,.pdf,Technical Qualifiaction,,,,,,,,,,,,,,,,,,,,,,,,,,,,,,,,,,,,,,,,,,
,,,,,,,,,,,,,,,,3.0,170371.0,Sri Peheisang Raimme,29-Dec-2022 11:59 AM,Admitted-Finance,,23-Mar-2023 03:39 PM,,,,,,,,,,,,,,,,,,,,,,,,,.pdf,Receipt of EMD and Tender processing fees,,,,,,,,,,,,,,,,,,,,,,,,,,,,,,,,,,,,,,,,,,
,,,,,,,,,,,,,,,,,,,,,,,,,,,,,,,,,,,,,,,,,,,,,2.0,Finance,.xls,BOQ,,,,,,,,,,,,,,,,,,,,,,,,,,,,,,,,,,,,,,,,,,
,,,,,,,,,,,,,,,,,,,,,,,,,,,,,,,,,,,,,,,,,,,,,,,.pdf,FOB,,,,,,,,,,,,,,,,,,,,,,,,,,,,,,,,,,,,,,,,,,
