﻿Type :,Summary :,Updated By :,Updated On :,Document :,S.No,Bid Number,Bidder Name,Submitted Date,Status,Remarks,Status Updated On,Type :.1,Summary :.1,Updated By :.1,Updated On :.1,Document :.1,BOQ Comparative Chart :,Committee Chairperson/Co-ordinator Name :,Committee Chairperson/Co-ordinator Type :,Committee Members :,Updated By :.2,Updated On :.2,Financial Bid Opening Date:,Document :.2,Organisation Chain :,Tender ID :,Tender Ref No :,Tender Title :,Cover No,Cover,Document Type,Description,Title,Work Description,Pre Qualification Details,Independent External Monitor/Remarks,Tender Value in ₹,Product Category,Sub category,Contract Type,Bid Validity(Days),Period Of Work(Days),Location,Pincode,Pre Bid Meeting Place,Pre Bid Meeting Address,Pre Bid Meeting Date,Bid Opening Place,Should Allow NDA Tender,Allow Preferential Bidder,EMD Amount in ₹,EMD through BG/ST or EMD Exemption Allowed,EMD Fee Type,EMD Percentage,EMD Payable To,EMD Payable At,Tender Fee in ₹,Fee Payable To,Fee Payable At,Tender Fee Exemption Allowed,Name,Address,S.No,Bank Name,Publish Date,Bid Opening Date,Document Download / Sale Start Date,Document Download / Sale End Date,Clarification Start Date,Clarification End Date,Bid Submission Start Date,Bid Submission End Date,Financial Bid Opening Date,Organisation Chain,Tender Reference Number,Tender ID,Tender Type,Form of contract,Tender Category,No. of Covers,General Technical Evaluation Allowed,ItemWise Technical Evaluation Allowed,Payment Mode,Is Multi Currency Allowed For BOQ,Is Multi Currency Allowed For Fee,Allow Two Stage Bidding
Technical,Provisionally Admitted,Indra Kanta Panging,25-Apr-2023 02:29 PM,None,1.0,184181.0,PRONOY HANDIQUE,23-Apr-2023 11:02 PM,Rejected-Technical,Multiple documents are not submitted,26-Apr-2023 05:04 PM,Finance,Provisionally admitted,Indra Kanta Panging,27-Apr-2023 11:07 AM,None,BOQ Comparative Chart,Superintending Engineer,Internal,"Superintending Engineer, Tinsukia Circle, Irrigation, Executive Engineer, Sadiya Doomdooma Division, Irrigation, Assistant Executive Engineer TC, Sadiya Doomdooma Division, Irrigation",Indra Kanta Panging,26-Apr-2023 05:04 PM,27-Apr-2023 11:00 AM,techsummary_48733.pdf (927.01 KB),Irrigation Department||Chief Engineer(Major)-Irrigation Dept||Tinsukia Circle||Sadiya Doomdooma Division,2023_ID_30341_1,02/2023-24,Construction of MDTW Solar Power Scheme at Bhitor Rongdoi (1 point) under RIDF-XXVIII for the year 2022-23,1.0,Fee/PreQual/Technical,.pdf,Qualification,Construction of MDTW Solar Power Scheme at Bhitor Rongdoi (1 point) under RIDF-XXVIII for the year 2022-23,"Boring, Installation of Pump set, PVC distribution system",Please refer Tender documents. ,NA ,"29,70,277",Civil Works,NA ,Tender,180.0,90.0,"Bhitor Rongdoi, Doomdooma",786160.0,NA ,NA ,NA ,"O/O EE, Sadiya Doomdooma Div (I)",No ,No,"59,406",Yes,percentage,2.0%,Nil,Nil,600.0,Nil,Nil,Yes,"EE, Sadiya Doomdooma Division (I), Sadiya","O/O EE,Sadiya Doomdooma Division (I), Sadiya",1.0,SBI Bank,04-Apr-2023 05:00 PM,24-Apr-2023 03:00 PM,04-Apr-2023 05:00 PM,24-Apr-2023 02:00 PM,NA ,NA ,04-Apr-2023 05:00 PM,24-Apr-2023 02:00 PM,27-Apr-2023 11:00 AM,Irrigation Department||Chief Engineer(Major)-Irrigation Dept||Tinsukia Circle||Sadiya Doomdooma Division,02/2023-24,2023_ID_30341_1,Open Tender,Item Rate,Works,2.0,No,No,Online,No,No,No
,,,,,2.0,184157.0,Rajen Singha,24-Apr-2023 09:04 AM,Rejected-Technical,Multiple documents are not submitted,26-Apr-2023 05:04 PM,,,,,,,,,,,,,,,,,,,,.pdf,Bid document,,,,,,,,,,,,,,,,,,,,,,,,,,,,,,,,,,,,,,,,,,,,,,,,,,,,,,
,,,,,3.0,184033.0,SRI BULESWAR KACHARI,23-Apr-2023 07:12 PM,Admitted-Finance,,27-Apr-2023 11:07 AM,,,,,,,,,,,,,,,,,,,,.pdf,EMD and other fees,,,,,,,,,,,,,,,,,,,,,,,,,,,,,,,,,,,,,,,,,,,,,,,,,,,,,,
,,,,,,,,,,,,,,,,,,,,,,,,,,,,,2.0,Finance,.xls,BOQ,,,,,,,,,,,,,,,,,,,,,,,,,,,,,,,,,,,,,,,,,,,,,,,,,,,,,,
