﻿Committee Chairperson/Co-ordinator Name :,Committee Chairperson/Co-ordinator Type :,Committee Members :,Updated By :,Updated on :,Document :,Organisation Chain :,Tender ID :,Tender Ref No :,Tender Title :,Contract Date :,Contract Value :,Work Completion Period in days :,Updated By :.1,Updated on :.1,AOC document :,AOC Description :,S.No,Bid Number,Bidder Name,Awarded Currency,Awarded Value,Type :,Summary :,Updated By :.2,Updated On :,Document :.1,Committee Chairperson/Co-ordinator Name :.1,Committee Chairperson/Co-ordinator Type :.1,Committee Members :.1,Updated By :.3,Updated On :.1,Financial Bid Opening Date:,Document :.2,S.No.1,Bid Number.1,Bidder Name.1,Submitted Date,Status,Remarks,Status Updated On,Type :.1,Summary :.1,Updated By :.4,Updated On :.2,Document :.3,BOQ Comparative Chart :,EMD Amount in ₹,EMD through BG/ST or EMD Exemption Allowed,EMD Fee Type,EMD Percentage,EMD Payable To,EMD Payable At,Organisation Chain,Tender Reference Number,Tender ID,Tender Type,Form of contract,Tender Category,No. of Covers,General Technical Evaluation Allowed,ItemWise Technical Evaluation Allowed,Payment Mode,Is Multi Currency Allowed For BOQ,Is Multi Currency Allowed For Fee,Allow Two Stage Bidding,Publish Date,Bid Opening Date,Document Download / Sale Start Date,Document Download / Sale End Date,Clarification Start Date,Clarification End Date,Bid Submission Start Date,Bid Submission End Date,Financial Bid Opening Date,Title,Work Description,Pre Qualification Details,Independent External Monitor/Remarks,Tender Value in ₹,Product Category,Sub category,Contract Type,Bid Validity(Days),Period Of Work(Days),Location,Pincode,Pre Bid Meeting Place,Pre Bid Meeting Address,Pre Bid Meeting Date,Bid Opening Place,Should Allow NDA Tender,Allow Preferential Bidder,S.No,Bank Name,Cover No,Cover,Document Type,Description,Tender Fee in ₹,Fee Payable To,Fee Payable At,Tender Fee Exemption Allowed,Name,Address
Director,Internal,,ARIF AHMED,17-Jan-2023 06:12 PM,finsummary_41937.pdf (1931.73 KB),Animal Husbandry and Veterinary Department||Directorate of A.H. and Veterinary,2022_AHVD_27266_1,DVT-223/RIDF-XXVII (S)/Majuli/2022-23/ 6,"Construction of Assam Type Sub-Centre Building with electrification, Water supply and sanitary works etc. at Korotipar in Majuli District",17-Jan-2023,INR 2966441.89,120.0,ARIF AHMED,17-Jan-2023 06:13 PM,korotipar.pdf (444.00 KB),,1.0,160554.0,INDRANUJ KASHYAP,INR,2966441.89,Technical,Technical bid has been opened,ARIF AHMED,04-Nov-2022 04:51 PM,None,Director,Internal,,NIBARAN DAS,17-Dec-2022 02:56 PM,17-Dec-2022 03:00 PM,techsummary_41937.pdf (1717.27 KB),1,160517,Ajit Kr. Pegu,27-Oct-2022 07:05 PM,Rejected-Finance,Rejected. Refer to financial minutes,17-Jan-2023 06:13 PM,Finance,Finance Cover is Opened,NIBARAN DAS,17-Dec-2022 04:14 PM,None,BOQ Comparative Chart,"67,420",Yes,fixed,,Nil,Nil,Animal Husbandry and Veterinary Department||Directorate of A.H. and Veterinary,DVT-223/RIDF-XXVII (S)/Majuli/2022-23/ 6,2022_AHVD_27266_1,Open Tender,Item Rate,Works,2.0,No,No,Online,No,No,No,01-Oct-2022 05:00 PM,29-Oct-2022 02:30 PM,01-Oct-2022 05:00 PM,28-Oct-2022 02:00 PM,NA ,NA ,12-Oct-2022 12:00 PM,28-Oct-2022 02:00 PM,17-Dec-2022 03:00 PM,"Construction of Assam Type Sub-Centre Building with electrification, Water supply and sanitary works etc. at Korotipar in Majuli District","Construction of Assam Type Sub-Centre Building with electrification, Water supply and sanitary works etc. at Korotipar in Majuli District",Please refer Tender documents. ,NA ,"33,71,000",Civil Works,NA ,Tender,180.0,120.0,Majuli,785104.0,O/O The A. H. and Vety. Department ,"A. H. and Vety. Department, Assam, Chenikuthi, Guwahati- 3. ",07-Oct-2022 01:00 PM ,O/O The A. H. and Vety. Department,No ,No,1.0,SBI Bank,1.0,Fee/PreQual/Technical,.pdf,Essential Qualification Criteria as per Bid Document,"1,200",Nil,Nil,No,Director,"A. H. and Vety. Department, Assam, Chenikuthi, Guwahati- 3."
,,,,,,,,,,,,,,,,,,,,,,,,,,,,,,,,,,2,160502,Anupam Industrial Corporation,27-Oct-2022 10:54 AM,Rejected-Technical,Refer Technical Minutes,17-Dec-2022 02:56 PM,,,,,,,,,,,,,,,,,,,,,,,,,,,,,,,,,,,,,,,,,,,,,,,,,,,,,,,,,.pdf,Scanned and Signed Bid Document,,,,,,
,,,,,,,,,,,,,,,,,,,,,,,,,,,,,,,,,,3,160554,INDRANUJ KASHYAP,27-Oct-2022 08:18 PM,Accepted-AOC,Awarded,17-Jan-2023 06:14 PM,,,,,,,,,,,,,,,,,,,,,,,,,,,,,,,,,,,,,,,,,,,,,,,,,,,,,,,2.0,Finance,.xls,Price Bid,,,,,,
,,,,,,,,,,,,,,,,,,,,,,,,,,,,,,,,,,4,160283,JUGAL PHUKAN,21-Oct-2022 04:36 PM,Rejected-Technical,Refer Technical Minutes,17-Dec-2022 02:56 PM,,,,,,,,,,,,,,,,,,,,,,,,,,,,,,,,,,,,,,,,,,,,,,,,,,,,,,,,,.pdf,Letter of Bid,,,,,,
,,,,,,,,,,,,,,,,,,,,,,,,,,,,,,,,,,5,160583,MS DK ASSOCIATES,28-Oct-2022 01:25 AM,Rejected-Finance,Rejected. Refer to financial minutes,17-Jan-2023 06:13 PM,,,,,,,,,,,,,,,,,,,,,,,,,,,,,,,,,,,,,,,,,,,,,,,,,,,,,,,,,,,,,,,,
,,,,,,,,,,,,,,,,,,,,,,,,,,,,,,,,,,6,160510,M/S MOHADEV ENTERPRISE,28-Oct-2022 01:23 PM,Rejected-Finance,Rejected. Refer to financial minutes,17-Jan-2023 06:13 PM,,,,,,,,,,,,,,,,,,,,,,,,,,,,,,,,,,,,,,,,,,,,,,,,,,,,,,,,,,,,,,,,
