﻿Committee Chairperson/Co-ordinator Name :,Committee Chairperson/Co-ordinator Type :,Committee Members :,Updated By :,Updated on :,Document :,Organisation Chain :,Tender ID :,Tender Ref No :,Tender Title :,Contract Date :,Contract Value :,Work Completion Period in days :,Updated By :.1,Updated on :.1,AOC document :,AOC Description :,S.No,Bid Number,Bidder Name,Awarded Currency,Awarded Value,Type :,Summary :,Updated By :.2,Updated On :,Document :.1,Committee Chairperson/Co-ordinator Name :.1,Committee Chairperson/Co-ordinator Type :.1,Committee Members :.1,Updated By :.3,Updated On :.1,Financial Bid Opening Date:,Document :.2,S.No.1,Bid Number.1,Bidder Name.1,Submitted Date,Status,Remarks,Status Updated On,Type :.1,Summary :.1,Updated By :.4,Updated On :.2,Document :.3,BOQ Comparative Chart :,Tender Fee in ₹,Fee Payable To,Fee Payable At,Tender Fee Exemption Allowed,Title,Work Description,Pre Qualification Details,Independent External Monitor/Remarks,Tender Value in ₹,Product Category,Sub category,Contract Type,Bid Validity(Days),Period Of Work(Days),Location,Pincode,Pre Bid Meeting Place,Pre Bid Meeting Address,Pre Bid Meeting Date,Bid Opening Place,Should Allow NDA Tender,Allow Preferential Bidder,Name,Address,Organisation Chain,Tender Reference Number,Tender ID,Tender Type,Form of contract,Tender Category,No. of Covers,General Technical Evaluation Allowed,ItemWise Technical Evaluation Allowed,Payment Mode,Is Multi Currency Allowed For BOQ,Is Multi Currency Allowed For Fee,Allow Two Stage Bidding,Cover No,Cover,Document Type,Description,Publish Date,Bid Opening Date,Document Download / Sale Start Date,Document Download / Sale End Date,Clarification Start Date,Clarification End Date,Bid Submission Start Date,Bid Submission End Date,Financial Bid Opening Date,EMD Amount in ₹,EMD through BG/ST or EMD Exemption Allowed,EMD Fee Type,EMD Percentage,EMD Payable To,EMD Payable At,S.No,Bank Name
Director Design,Internal,"S.E. Southern Assam W.R. Circle, S.E. Mukalmua Protection W.R. Circle, Deputy Director (EDRT), Executive Engineer (Construction Cell)",Jayanta Kumar Barman,30-Jan-2023 02:24 PM,finsummary_44665.pdf (737.38 KB),Department of Water Resources||Chief Engineer - DoWR,2022_DoWR_28077_1,NALBARI/2022-23/RIDF/II,A/E works to restore breach like damages on R/B embankment of river Mora-Pagladia from Dahkonia to Sialmari at different reaches.,22-Feb-2023,INR 72749220.00,100.0,Jayanta Kumar Barman,04-Mar-2023 11:46 AM,work_order.pdf (4502.00 KB),A/E works to restore breach like damages on R/B embankment of river Mora-Pagladia from Dahkonia to Sialmari at different reaches,1.0,170151.0,Jiten Kalita,INR,72749220.0,Technical,All Bids are opened for Technical Evaluation,Jayanta Kumar Barman,02-Jan-2023 11:06 AM,None,Director Design,Internal,,Jayanta Kumar Barman,02-Jan-2023 05:26 PM,02-Jan-2023 05:30 PM,techsummary_44665.pdf (414.83 KB),1,170455,ANUPAM NIRMAN PVT. LTD.,28-Dec-2022 01:20 PM,Rejected-AOC,Not Qualified for AOC,04-Mar-2023 11:47 AM,Finance,Updated CS may be prepared,Jayanta Kumar Barman,08-Jan-2023 11:39 AM,None,BOQ Comparative Chart,"20,000",Nil,Nil,No,A/E works to restore breach like damages on R/B embankment of river Mora-Pagladia from Dahkonia to Sialmari at different reaches.,A/E works to restore breach like damages on R/B embankment of river Mora-Pagladia from Dahkonia to Sialmari at different reaches.,Please refer Tender documents. ,NA ,"8,08,32,466",Civil Works,NA ,Tender,180.0,100.0,NALBARI,781335.0,NA ,NA ,NA ,GUWAHATI,No ,No,Chief Engineer Water Resources Department,"O/O Chief Engineer Water Resources Department, Basistha, Guwahati 29",Department of Water Resources||Chief Engineer - DoWR,NALBARI/2022-23/RIDF/II,2022_DoWR_28077_1,Open Tender,Works,Works,2.0,No,No,Online,No,No,No,1.0,Fee/PreQual/Technical,.pdf,TECHNICAL DOCUMENTS,07-Dec-2022 06:00 PM,28-Dec-2022 03:00 PM,07-Dec-2022 06:05 PM,28-Dec-2022 02:00 PM,NA ,NA ,16-Dec-2022 10:00 AM,28-Dec-2022 02:00 PM,02-Jan-2023 05:30 PM,"16,16,649",Yes,percentage,2.0%,Nil,Nil,1.0,SBI Bank
,,,,,,,,,,,,,,,,,,,,,,,,,,,,,,,,,,2,170824,Ashok Kumar Jain,27-Dec-2022 06:18 PM,Rejected-AOC,Not Qualified for AOC,04-Mar-2023 11:47 AM,,,,,,,,,,,,,,,,,,,,,,,,,,,,,,,,,,,,,,,,,,,,2.0,Finance,.xls,BOQ,,,,,,,,,,,,,,,,,
,,,,,,,,,,,,,,,,,,,,,,,,,,,,,,,,,,3,170778,Flexituff Ventures International Ltd.,28-Dec-2022 11:44 AM,Rejected-AOC,Not Qualified for AOC,04-Mar-2023 11:47 AM,,,,,,,,,,,,,,,,,,,,,,,,,,,,,,,,,,,,,,,,,,,,,,,,,,,,,,,,,,,,,,,,
,,,,,,,,,,,,,,,,,,,,,,,,,,,,,,,,,,4,170151,Jiten Kalita,27-Dec-2022 08:08 PM,Accepted-AOC,PROPER,04-Mar-2023 11:47 AM,,,,,,,,,,,,,,,,,,,,,,,,,,,,,,,,,,,,,,,,,,,,,,,,,,,,,,,,,,,,,,,,
,,,,,,,,,,,,,,,,,,,,,,,,,,,,,,,,,,5,170572,M/S DHANSIRI ASSOCIATES,28-Dec-2022 12:33 PM,Rejected-Technical,Non Responsive,02-Jan-2023 05:27 PM,,,,,,,,,,,,,,,,,,,,,,,,,,,,,,,,,,,,,,,,,,,,,,,,,,,,,,,,,,,,,,,,
,,,,,,,,,,,,,,,,,,,,,,,,,,,,,,,,,,6,170318,M/S SUPREME ENETRPRISE,24-Dec-2022 04:53 PM,Rejected-AOC,Not Qualified for AOC,04-Mar-2023 11:47 AM,,,,,,,,,,,,,,,,,,,,,,,,,,,,,,,,,,,,,,,,,,,,,,,,,,,,,,,,,,,,,,,,
