﻿Organisation Chain :,Tender ID :,Tender Ref No :,Tender Title :,Type :,Summary :,Updated By :,Updated On :,Document :,Committee Chairperson/Co-ordinator Name :,Committee Chairperson/Co-ordinator Type :,Committee Members :,Updated By :.1,Updated On :.1,Financial Bid Opening Date:,Document :.1,S.No,Bid Number,Bidder Name,Submitted Date,Status,Remarks,Status Updated On,Title,Work Description,Pre Qualification Details,Independent External Monitor/Remarks,Tender Value in ₹,Product Category,Sub category,Contract Type,Bid Validity(Days),Period Of Work(Days),Location,Pincode,Pre Bid Meeting Place,Pre Bid Meeting Address,Pre Bid Meeting Date,Bid Opening Place,Should Allow NDA Tender,Allow Preferential Bidder,Tender Fee in ₹,Fee Payable To,Fee Payable At,Tender Fee Exemption Allowed,Name,Address,Cover No,Cover,Document Type,Description,S.No,Bank Name,Publish Date,Bid Opening Date,Document Download / Sale Start Date,Document Download / Sale End Date,Clarification Start Date,Clarification End Date,Bid Submission Start Date,Bid Submission End Date,Financial Bid Opening Date,Organisation Chain,Tender Reference Number,Tender ID,Tender Type,Form of contract,Tender Category,No. of Covers,General Technical Evaluation Allowed,ItemWise Technical Evaluation Allowed,Payment Mode,Is Multi Currency Allowed For BOQ,Is Multi Currency Allowed For Fee,Allow Two Stage Bidding,EMD Amount in ₹,EMD through BG/ST or EMD Exemption Allowed,EMD Fee Type,EMD Percentage,EMD Payable To,EMD Payable At
Public Works Roads Department,2022_PWD_27924_57,CE/CMRDP/MMPNA/2022/11,Maint/MMPPNA/68,Technical,Technical_Evaluation_Summary_Sheet_Uploaded,Mohd Mahbubul Islam,07-Feb-2023 01:06 PM,technical_43713.pdf,Chief Engineer_PWD _Roads_Department_Assam,Internal,AEE_Maintenance_cell_EE_IBRC_Branch_SE_Traffic_Engineering_Cell_ Chief Engineer_PWD _Roads_Department_Assam,Mohd Mahbubul Islam,07-Feb-2023 01:08 PM,07-Feb-2023 01:10 PM,techsummary_43713.pdf (423.47 KB),1,167956,Barnabh Sarkar,19-Dec-2022 04:12 PM,Accepted-Technical,Accept,07-Feb-2023 01:08 PM,Maint/MMPPNA/68,Maint/MMPPNA/68 Construction of Road from Sipansila Pt.-I(from ch 450.00 M of Kasidoba Kakoijana road to Chiponsila prt-I) to Bhagabati Mandir including RM for Four Years Under Mukhya Mantrir Pakipath Nirman Aachani for the year 2022-23,Please refer Tender documents. ,NA ,"1,28,23,000",Civil Works,NA ,Tender,180.0,270.0,Bongaigaon,781003.0,"O/o the Chief Engineer, Roads,PWRD Assam,chandmari ","O/o the Chief Engineer, Roads,PWRD Assam, chandmari, Guwahati-781003  ",12-Dec-2022 12:00 PM ,"O/o the Chief Engineer, Roads,PWRD Assam,chandmari",No ,No,"2,560",Nil,Nil,Yes,"Chief Engineer,PWD(Roads),Assam","O/o the Chief Engineer, Roads,PWRD Assam, chandmari, Guwahati-781003",1.0,Fee/PreQual/Technical,.pdf,Cost of Bid Document,1.0,SBI Bank,01-Dec-2022 10:00 AM,21-Dec-2022 02:00 PM,01-Dec-2022 10:00 AM,20-Dec-2022 02:00 PM,01-Dec-2022 10:00 AM ,12-Dec-2022 12:00 PM ,13-Dec-2022 02:00 PM,20-Dec-2022 02:00 PM,07-Feb-2023 01:10 PM,Public Works Roads Department,CE/CMRDP/MMPNA/2022/11,2022_PWD_27924_57,Open Tender,Item Rate,Works,2.0,No,No,Online,No,No,No,"2,56,000",Yes,fixed,,Nil,Nil
,,,,,,,,,,,,,,,,2,167108,Jyatisc Ch Barman,18-Dec-2022 07:47 PM,Accepted-Technical,Accept,07-Feb-2023 01:08 PM,,,,,,,,,,,,,,,,,,,,,,,,,,,.pdf,Technical Qualification Details,,,,,,,,,,,,,,,,,,,,,,,,,,,,,,
,,,,,,,,,,,,,,,,3,166842,Kamal Bihari Das,17-Dec-2022 06:25 PM,Accepted-Technical,Accept,07-Feb-2023 01:08 PM,,,,,,,,,,,,,,,,,,,,,,,,,,,.pdf,Bid Security,,,,,,,,,,,,,,,,,,,,,,,,,,,,,,
,,,,,,,,,,,,,,,,4,166638,MANOJ KUMAR ROY,19-Dec-2022 06:06 PM,Accepted-Technical,Accept,07-Feb-2023 01:08 PM,,,,,,,,,,,,,,,,,,,,,,,,,,,.pdf,Standard Bidding Document,,,,,,,,,,,,,,,,,,,,,,,,,,,,,,
,,,,,,,,,,,,,,,,5,167888,PADMAVATI CONSTRUCTION,19-Dec-2022 12:05 PM,Accepted-Technical,Accept,07-Feb-2023 01:08 PM,,,,,,,,,,,,,,,,,,,,,,,,,2.0,Finance,.xls,Bill of Quantities,,,,,,,,,,,,,,,,,,,,,,,,,,,,,,
,,,,,,,,,,,,,,,,6,168553,SWAPAN KUMAR GHOSH,20-Dec-2022 01:45 PM,Accepted-Technical,Accept,07-Feb-2023 01:08 PM,,,,,,,,,,,,,,,,,,,,,,,,,,,.pdf,Form Of Bid,,,,,,,,,,,,,,,,,,,,,,,,,,,,,,
