﻿Committee Chairperson/Co-ordinator Name :,Committee Chairperson/Co-ordinator Type :,Committee Members :,Updated By :,Updated on :,Document :,Organisation Chain :,Tender ID :,Tender Ref No :,Tender Title :,Type :,Summary :,Updated By :.1,Updated On :,Document :.1,Committee Chairperson/Co-ordinator Name :.1,Committee Chairperson/Co-ordinator Type :.1,Committee Members :.1,Updated By :.2,Updated On :.1,Financial Bid Opening Date:,Document :.2,S.No,Bid Number,Bidder Name,Submitted Date,Status,Remarks,Status Updated On,Type :.1,Summary :.1,Updated By :.3,Updated On :.2,Document :.3,BOQ Comparative Chart :,Title,Work Description,Pre Qualification Details,Independent External Monitor/Remarks,Tender Value in ₹,Product Category,Sub category,Contract Type,Bid Validity(Days),Period Of Work(Days),Location,Pincode,Pre Bid Meeting Place,Pre Bid Meeting Address,Pre Bid Meeting Date,Bid Opening Place,Should Allow NDA Tender,Allow Preferential Bidder,EMD Amount in ₹,EMD through BG/ST or EMD Exemption Allowed,EMD Fee Type,EMD Percentage,EMD Payable To,EMD Payable At,Cover No,Cover,Document Type,Description,Name,Address,Publish Date,Bid Opening Date,Document Download / Sale Start Date,Document Download / Sale End Date,Clarification Start Date,Clarification End Date,Bid Submission Start Date,Bid Submission End Date,Financial Bid Opening Date,Tender Fee in ₹,Fee Payable To,Fee Payable At,Tender Fee Exemption Allowed,Organisation Chain,Tender Reference Number,Tender ID,Tender Type,Form of contract,Tender Category,No. of Covers,General Technical Evaluation Allowed,ItemWise Technical Evaluation Allowed,Payment Mode,Is Multi Currency Allowed For BOQ,Is Multi Currency Allowed For Fee,Allow Two Stage Bidding,S.No,Bank Name
Sri Bhaskar Jyoti Rajbongshi,Internal,"Director P and RD BTC Kokrajhar, FA BTC, Kokrajhar, Superintendent,P and RD, BTC, Kokrajhar, Accredited Engineer, P and RD, BTC, Kokrajhar",Nanda Sarkar,13-Oct-2022 10:35 AM,finsummary_41198.pdf (278.91 KB),Bodoland Territorial Council||Panchayat and Rural Development-BTC,2022_BoTC_26696_1,DPRD/BTC/15th FC/UT/Udl-23/2022/09,Const of Slab Culvert at Khangkhlabari road 11 Mtrs Approx under 15th Finance Commission for the year 2021-22 under Untied Fund 2022-23,Technical,The Technical Documents submitted by the Bidders MARTIN NARZARI and SRI SOMLA DAIMARI are verified and found in order and the Bidder AIKON DAIMARI submitted the documents are verified and found not in order against the Tender ID 2022_BoTC_26696_1,Nanda Sarkar,25-Sep-2022 09:24 PM,technical_41198.pdf,Sri Bhaskar Jyoti Rajbongshi,Internal,"Director P and RD BTC Kokrajhar, FA BTC, Kokrajhar, Superintendent,P and RD, BTC, Kokrajhar, Accredited Engineer, P and RD, BTC, Kokrajhar",Nanda Sarkar,25-Sep-2022 09:26 PM,26-Sep-2022 09:00 AM,techsummary_41198.pdf (402.17 KB),1.0,157208.0,Aikon Daimari,16-Sep-2022 01:35 PM,Not Admitted-Fee/PreQual/Technical,Not Complied with technical specification,25-Sep-2022 09:24 PM,Finance,The Financial Documents submitted by the Bidders MARTIN NARZARI and SRI SOMLA DAIMARI are verified and found in order against the Tender ID 2022_BoTC_26696_1,Nanda Sarkar,29-Sep-2022 01:41 AM,finance_41198.pdf,BOQ Comparative Chart,Const of Slab Culvert at Khangkhlabari road 11 Mtrs Approx under 15th Finance Commission for the year 2021-22 under Untied Fund 2022-23,DPRD/BTC/15th FC/UT/Udl-23/2022/09,Refer to Bid Document ,NA ,"34,65,686",Civil Works,NA ,Tender,180.0,90.0,Udalguri,784508.0,NA ,NA ,NA ,Director PNRD BTC Kokrajhar,No ,No,"69,314",Yes,fixed,,Nil,Nil,1.0,Fee/PreQual/Technical,.pdf,EMD and Tender Processing Fee,Director PNRD BTC Kokrajhar,Director PNRD BTC Kokrajhar,22-Aug-2022 10:30 AM,17-Sep-2022 02:30 PM,22-Aug-2022 10:30 AM,16-Sep-2022 02:30 PM,22-Aug-2022 10:30 AM ,16-Sep-2022 02:00 PM ,22-Aug-2022 10:30 AM,16-Sep-2022 02:30 PM,26-Sep-2022 09:00 AM,700.0,Nil,Nil,No,Bodoland Territorial Council||Panchayat and Rural Development-BTC,DPRD/BTC/15th FC/UT/Udl-23/2022/09,2022_BoTC_26696_1,Open Tender,Item Rate,Works,2.0,No,No,Online,No,No,No,1.0,SBI Bank
,,,,,,,,,,,,,,,,,,,,,,2.0,157192.0,MARTIN NARZARI,16-Sep-2022 09:11 AM,Accepted-Finance,Lowest Rate Quoted,13-Oct-2022 10:35 AM,,,,,,,,,,,,,,,,,,,,,,,,,,,,,,,,,.pdf,SBD,,,,,,,,,,,,,,,,,,,,,,,,,,,,,,
,,,,,,,,,,,,,,,,,,,,,,3.0,157200.0,Sri Somla daimary,16-Sep-2022 10:18 AM,Rejected-Finance,Higher Rate Quoted,13-Oct-2022 10:35 AM,,,,,,,,,,,,,,,,,,,,,,,,,,,,,,,,,.pdf,Technical Qualifications,,,,,,,,,,,,,,,,,,,,,,,,,,,,,,
,,,,,,,,,,,,,,,,,,,,,,,,,,,,,,,,,,,,,,,,,,,,,,,,,,,,,,,,,,,2.0,Finance,.xls,BOQ,,,,,,,,,,,,,,,,,,,,,,,,,,,,,,
,,,,,,,,,,,,,,,,,,,,,,,,,,,,,,,,,,,,,,,,,,,,,,,,,,,,,,,,,,,,,.pdf,FOB,,,,,,,,,,,,,,,,,,,,,,,,,,,,,,
