﻿Organisation Chain :,Tender ID :,Tender Ref No :,Tender Title :,Tender Fee in ₹,Fee Payable To,Fee Payable At,Tender Fee Exemption Allowed,S.No,Corrigendum Title,Corrigendum Type,View,S.No.1,Bank Name,EMD Amount in ₹,EMD through BG/ST or EMD Exemption Allowed,EMD Fee Type,EMD Percentage,EMD Payable To,EMD Payable At,Cover No,Cover,Document Type,Description,Organisation Chain,Tender Reference Number,Tender ID,Tender Type,Form of contract,Tender Category,No. of Covers,General Technical Evaluation Allowed,ItemWise Technical Evaluation Allowed,Payment Mode,Is Multi Currency Allowed For BOQ,Is Multi Currency Allowed For Fee,Allow Two Stage Bidding,Name,Address,Publish Date,Bid Opening Date,Document Download / Sale Start Date,Document Download / Sale End Date,Clarification Start Date,Clarification End Date,Bid Submission Start Date,Bid Submission End Date,Title,Work Description,Pre Qualification Details,Independent External Monitor/Remarks,Tender Value in ₹,Product Category,Sub category,Contract Type,Bid Validity(Days),Period Of Work(Days),Location,Pincode,Pre Bid Meeting Place,Pre Bid Meeting Address,Pre Bid Meeting Date,Bid Opening Place,Should Allow NDA Tender,Allow Preferential Bidder
Principal Secretary-Department of Information Technology||Assam Electronics Development Corporation Ltd-DoIT||Store and Purchase - AMTRON - DoIT,2023_DoIT_29036_1,AEDC/SDC/IT/2022-23/016,Supply Installation and Maintenance of GPU Solution at State Data Center,"1,000",Nil,Nil,No,1.0,Date Extension VII,Date,,1.0,SBI Bank,"1,50,000",Yes,fixed,,Nil,Nil,1.0,Fee/PreQual/Technical,.pdf,Signed Copy of RFP,Principal Secretary-Department of Information Technology||Assam Electronics Development Corporation Ltd-DoIT||Store and Purchase - AMTRON - DoIT,AEDC/SDC/IT/2022-23/016,2023_DoIT_29036_1,Open Tender,Works,Works,2.0,No,No,Online,No,No,No,Managing Director AEDC Ltd,Industrial Estate Bamunimaidan Guwahati 21,27-Jan-2023 05:00 PM,10-May-2023 04:30 PM,27-Jan-2023 05:00 PM,10-May-2023 03:30 PM,27-Jan-2023 05:00 PM ,04-Feb-2023 02:00 PM ,06-Feb-2023 10:00 AM,10-May-2023 03:30 PM,Supply Installation and Maintenance of GPU Solution at State Data Center,Supply Installation and Maintenance of GPU Solution at State Data Center,Refer RFP ,NA ,,Miscellaneous Works,NA ,Tender,180.0,60.0,Guwahati,781021.0,NA ,NA ,NA ,AEDC Ltd,No ,No
,,,,,,,,,,,,,,,,,,,,,,.pdf,EMD and Processing Fee Particulars,,,,,,,,,,,,,,,,,,,,,,,,,,,,,,,,,,,,,,,,,
,,,,,,,,,,,,,,,,,,,,,,.pdf,Pre Qualification Documents,,,,,,,,,,,,,,,,,,,,,,,,,,,,,,,,,,,,,,,,,
,,,,,,,,,,,,,,,,,,,,,,.pdf,Compliance and Technical Bid Documents,,,,,,,,,,,,,,,,,,,,,,,,,,,,,,,,,,,,,,,,,
,,,,,,,,,,,,,,,,,,,,2.0,Finance,.xls,Price Bid,,,,,,,,,,,,,,,,,,,,,,,,,,,,,,,,,,,,,,,,,
