﻿S.No,Bank Name,EMD Amount in ₹,EMD through BG/ST or EMD Exemption Allowed,EMD Fee Type,EMD Percentage,EMD Payable To,EMD Payable At,Name,Address,Cover No,Cover,Document Type,Description,Organisation Chain,Tender Reference Number,Tender ID,Tender Type,Form of contract,Tender Category,No. of Covers,General Technical Evaluation Allowed,ItemWise Technical Evaluation Allowed,Payment Mode,Is Multi Currency Allowed For BOQ,Is Multi Currency Allowed For Fee,Allow Two Stage Bidding,Publish Date,Bid Opening Date,Document Download / Sale Start Date,Document Download / Sale End Date,Clarification Start Date,Clarification End Date,Bid Submission Start Date,Bid Submission End Date,Financial Bid Opening Date,Tender Fee in ₹,Fee Payable To,Fee Payable At,Tender Fee Exemption Allowed,Title,Work Description,Pre Qualification Details,Independent External Monitor/Remarks,Tender Value in ₹,Product Category,Sub category,Contract Type,Bid Validity(Days),Period Of Work(Days),Location,Pincode,Pre Bid Meeting Place,Pre Bid Meeting Address,Pre Bid Meeting Date,Bid Opening Place,Should Allow NDA Tender,Allow Preferential Bidder,Organisation Chain :,Tender ID :,Tender Ref No :,Tender Title :,S.No,Bid Number,Bidder Name,Submitted Date,Status,Remarks,Status Updated On,Committee Chairperson/Co-ordinator Name :,Committee Chairperson/Co-ordinator Type :,Committee Members :,Updated By :,Updated On :,Financial Bid Opening Date:,Document :,Type :,Summary :,Updated By :.1,Updated On :.1,Document :.1,Type :.1,Summary :.1,Updated By :.2,Updated On :.2,Document :.2,BOQ Comparative Chart :
1.0,SBI Bank,"8,48,000",Yes,fixed,,Nil,Nil,"Chief Engineer, Roads, PWRD","O/o the Chief Engineer,(Roads)PWRD, Assam , Chandmari, Guwahati-781003",1.0,Fee/PreQual/Technical,.pdf,Standard Bidding Documents,Public Works Roads Department,CE/DEV/TB/235/2022-23/01,2022_PWD_27897_332,Open Tender,Item Rate,Works,2.0,No,No,Online,No,No,No,05-Dec-2022 09:55 AM,23-Dec-2022 02:30 PM,05-Dec-2022 09:55 AM,22-Dec-2022 02:00 PM,05-Dec-2022 09:55 AM ,14-Dec-2022 12:00 PM ,15-Dec-2022 02:00 PM,22-Dec-2022 02:00 PM,09-Feb-2023 09:00 AM,"8,480",Nil,Nil,No,"MMPPNA_22_23_332 Construction of road from (i) Kawoimari to Ghilaguri (from Ch. 0.00 m to 2100.00 m) (L2.100 km), (ii) Ghinai Silanikhuti Road (from Ch. 0.00 m to 1900.00 m), (iii) Ghilaguri to Ghilaguri Road (from Ch. 0.00 m to 650.00 m),","MMPPNA_22_23_332 Construction of road from (i) Kawoimari to Ghilaguri (from Ch. 0.00 m to 2100.00 m) (L2.100 km), (ii) Ghinai Silanikhuti Road (from Ch. 0.00 m to 1900.00 m), (iii) Ghilaguri to Ghilaguri Road (from Ch. 0.00 m to 650.00 m),",Please refer Tender documents. ,NA ,"3,98,60,000",Civil Works,NA ,Tender,180.0,365.0,Naharkatia,781003.0,"Development Branch, O/o the CE (Roads)PWRD, Assam  ","O/o the Chief Engineer,(Roads)PWRD, Assam , Chandmari, Guwahati-781003 ",14-Dec-2022 12:00 PM ,"Development Branch, O/o the CE (Roads)PWRD, Assam",No ,No,Public Works Roads Department,2022_PWD_27897_332,CE/DEV/TB/235/2022-23/01,"MMPPNA_22_23_332 Construction of road from (i) Kawoimari to Ghilaguri (from Ch. 0.00 m to 2100.00 m) (L2.100 km), (ii) Ghinai Silanikhuti Road (from Ch. 0.00 m to 1900.00 m), (iii) Ghilaguri to Ghilaguri Road (from Ch. 0.00 m to 650.00 m),",1.0,169605.0,Sanjay Kumar Singh,21-Dec-2022 09:45 PM,Admitted-Finance,,09-Feb-2023 11:01 AM,"Chief Engineer (Roads), PWRD, Assam",Internal,,MRIDUL TALUKDAR,08-Feb-2023 08:18 PM,09-Feb-2023 09:00 AM,techsummary_44230.pdf (233.25 KB),Technical,Verified,MRIDUL TALUKDAR,08-Feb-2023 08:17 PM,None,Finance,financial opened,SUSHIL KUMAR DAS,09-Feb-2023 11:01 AM,None,BOQ Comparative Chart
,,,,,,,,,,,,.pdf,Technical Qualification Details,,,,,,,,,,,,,,,,,,,,,,,,,,,,,,,,,,,,,,,,,,,,,,,,,2.0,168382.0,SANTOSH GARODIA,21-Dec-2022 01:48 AM,Admitted-Finance,,09-Feb-2023 11:01 AM,,,,,,,,,,,,,,,,,,
,,,,,,,,,,2.0,Finance,.xls,Bill of Quantities,,,,,,,,,,,,,,,,,,,,,,,,,,,,,,,,,,,,,,,,,,,,,,,,,,,,,,,,,,,,,,,,,,,,,,,,,
,,,,,,,,,,,,.pdf,Form of Bid,,,,,,,,,,,,,,,,,,,,,,,,,,,,,,,,,,,,,,,,,,,,,,,,,,,,,,,,,,,,,,,,,,,,,,,,,
