﻿Organisation Chain,Tender Reference Number,Tender ID,Tender Type,Form of contract,Tender Category,No. of Covers,General Technical Evaluation Allowed,ItemWise Technical Evaluation Allowed,Payment Mode,Is Multi Currency Allowed For BOQ,Is Multi Currency Allowed For Fee,Allow Two Stage Bidding,Tender Fee in ₹,Fee Payable To,Fee Payable At,Tender Fee Exemption Allowed,Title,Work Description,Pre Qualification Details,Independent External Monitor/Remarks,Tender Value in ₹,Product Category,Sub category,Contract Type,Bid Validity(Days),Period Of Work(Days),Location,Pincode,Pre Bid Meeting Place,Pre Bid Meeting Address,Pre Bid Meeting Date,Bid Opening Place,Should Allow NDA Tender,Allow Preferential Bidder,Publish Date,Bid Opening Date,Document Download / Sale Start Date,Document Download / Sale End Date,Clarification Start Date,Clarification End Date,Bid Submission Start Date,Bid Submission End Date,Financial Bid Opening Date,S.No,Corrigendum Title,Corrigendum Type,View,S.No.1,Bank Name,Cover No,Cover,Document Type,Description,Name,Address,EMD Amount in ₹,EMD through BG/ST or EMD Exemption Allowed,EMD Fee Type,EMD Percentage,EMD Payable To,EMD Payable At,Committee Chairperson/Co-ordinator Name :,Committee Chairperson/Co-ordinator Type :,Committee Members :,Updated By :,Updated on :,Document :,S.No,Bid Number,Bidder Name,Awarded Currency,Awarded Value,Organisation Chain :,Tender ID :,Tender Ref No :,Tender Title :,S.No.1,Bid Number.1,Bidder Name.1,Submitted Date,Status,Remarks,Status Updated On,Committee Chairperson/Co-ordinator Name :.1,Committee Chairperson/Co-ordinator Type :.1,Committee Members :.1,Updated By :.1,Updated On :,Financial Bid Opening Date:,Document :.1,Contract Date :,Contract Value :,Work Completion Period in days :,Updated By :.2,Updated on :.1,AOC document :,AOC Description :,Type :,Summary :,Updated By :.3,Updated On :.1,Document :.2,Type :.1,Summary :.1,Updated By :.4,Updated On :.2,Document :.3,BOQ Comparative Chart :
Public Works Building and NH Department||Chief Engineer-Building - PWBNH||SE-Silchar Circle - PWBNH,SBC/CS/2022-23/14/15/Gr-VI,2023_PWBNH_28772_1,Open Tender,Item Rate,Works,2.0,No,No,Online,No,No,No,500.0,Nil,Nil,No,Construction of Community hall near Dhit Madani Madrassa at Karimganj under IndoBangla Border Areas of Karimganj District under BADP for the year 2021-22.GrVI,Civil Work,As per NIT ,NA ,"8,90,177",Civil Works - Building,NA ,Rate Contract,180.0,60.0,near Dhit Madani Madrassa at Karimganj,788710.0,SE PWD Silchar Building Circle Silchar ,SE PWD Silchar Building Circle Silchar ,11-Jan-2023 12:00 PM ,SE PWD Silchar Building Circle Silchar,No ,No,10-Jan-2023 06:55 PM,20-Jan-2023 02:00 PM,10-Jan-2023 06:55 PM,19-Jan-2023 02:00 PM,10-Jan-2023 06:55 PM ,13-Jan-2023 02:00 PM ,10-Jan-2023 06:55 PM,19-Jan-2023 02:00 PM,30-Jan-2023 11:00 AM,1.0,Extension,Date,,1.0,SBI Bank,1.0,Fee/PreQual/Technical,.pdf,Receipt of on line payment for Cost of Bid and Security Deposit Money,SE PWD Silchar Building Circle Silchar,SE PWD Silchar Building Circle Silchar,"17,804",Yes,percentage,2.0%,Nil,Nil,Nagendra Kalita SE,Internal,Tapan Kumar Das AEETCIC,Tapan Kumar Das,06-Feb-2023 10:57 PM,finsummary_46346.pdf (138.79 KB),1.0,172941.0,ABdul Basit Choudhury,INR,934437.34,Public Works Building and NH Department||Chief Engineer-Building - PWBNH||SE-Silchar Circle - PWBNH,2023_PWBNH_28772_1,SBC/CS/2022-23/14/15/Gr-VI,Construction of Community hall near Dhit Madani Madrassa at Karimganj under IndoBangla Border Areas of Karimganj District under BADP for the year 2021-22.GrVI,1.0,172941.0,ABdul Basit Choudhury,19-Jan-2023 12:46 AM,Accepted-AOC,Lowest Bidder,05-Apr-2023 10:26 PM,Nagendra Kalita SE,Internal,Tapan Kumar Das AEETCIC,Tapan Kumar Das,29-Jan-2023 12:16 AM,30-Jan-2023 11:00 AM,techsummary_46346.pdf (253.16 KB),07-Feb-2023,INR 934437.34,60.0,Tapan Kumar Das,05-Apr-2023 10:25 PM,AOC14VI.pdf (567.00 KB),Award of Contract,Technical,Bid Opening Summary and Minutes of Technical Bid Evaluation,Tapan Kumar Das,29-Jan-2023 12:14 AM,technical_46346.pdf,Finance,Minutes of Financial Bid Evaluation,Tapan Kumar Das,06-Feb-2023 10:54 PM,finance_46346.pdf,BOQ Comparative Chart
,,,,,,,,,,,,,,,,,,,,,,,,,,,,,,,,,,,,,,,,,,,,2.0,NOTICE,Financial Bid,,,,,,.pdf,Prequalification of Bid,,,,,,,,,,,,,,,,,,,,,,,,2.0,172950.0,SAMSUL HOQUE CHOUDHURY,13-Jan-2023 01:29 PM,Rejected-AOC,2nd Lowest Bidder,05-Apr-2023 10:26 PM,,,,,,,,,,,,,,,,,,,,,,,,,
,,,,,,,,,,,,,,,,,,,,,,,,,,,,,,,,,,,,,,,,,,,,,,,,,,,,.pdf,SBD,,,,,,,,,,,,,,,,,,,,,,,,,,,,,,,,,,,,,,,,,,,,,,,,,,,,,,,
,,,,,,,,,,,,,,,,,,,,,,,,,,,,,,,,,,,,,,,,,,,,,,,,,,2.0,Finance,.xls,BOQ,,,,,,,,,,,,,,,,,,,,,,,,,,,,,,,,,,,,,,,,,,,,,,,,,,,,,,,
,,,,,,,,,,,,,,,,,,,,,,,,,,,,,,,,,,,,,,,,,,,,,,,,,,,,.pdf,FOB,,,,,,,,,,,,,,,,,,,,,,,,,,,,,,,,,,,,,,,,,,,,,,,,,,,,,,,
