﻿Organisation Chain :,Tender ID :,Tender Ref No :,Tender Title :,This tender has been Cancelled before technical bid opening summary,S.No.,Corrigendum Title,Corrigendum Type,Corrigendum Description,Corrigendum Reason,Published Date,Document Name,Doc Size(in KB),Cover No,Cover,Document Type,Description,Publish Date,Bid Opening Date,Document Download / Sale Start Date,Document Download / Sale End Date,Clarification Start Date,Clarification End Date,Bid Submission Start Date,Bid Submission End Date,Organisation Chain,Tender Reference Number,Tender ID,Tender Type,Form of contract,Tender Category,No. of Covers,General Technical Evaluation Allowed,ItemWise Technical Evaluation Allowed,Payment Mode,Is Multi Currency Allowed For BOQ,Is Multi Currency Allowed For Fee,Allow Two Stage Bidding,Name,Address,Title,Work Description,Pre Qualification Details,Independent External Monitor/Remarks,Tender Value in ₹,Product Category,Sub category,Contract Type,Bid Validity(Days),Period Of Work(Days),Location,Pincode,Pre Bid Meeting Place,Pre Bid Meeting Address,Pre Bid Meeting Date,Bid Opening Place,Should Allow NDA Tender,Allow Preferential Bidder,S.No,Corrigendum Title,Corrigendum Type,View,EMD Amount in ₹,EMD through BG/ST or EMD Exemption Allowed,EMD Fee Type,EMD Percentage,EMD Payable To,EMD Payable At,S.No.1,Bank Name,Tender Fee in ₹,Fee Payable To,Fee Payable At,Tender Fee Exemption Allowed
National Health Mission||State Programme Management Unit - NHM,2022_NHM_28018_46,NHM 32031 4 2021 Construction NHM Part 34 62,Establishment of Proposed 6 bedded ward at various SHCs n PHCs of Assam under ECRP II NHM Assam Group 46 5 nos scheme in Charaideo district,,1.0,CANCELLATION,Cancellation of Tender,CANCELLATION,Due to admistrative reasons/issues,05-Mar-2023 12:17 PM,CANCELLATION6BEDDED.pdf ,1620.71,1.0,Fee/PreQual/Technical,.pdf,SBD,05-Dec-2022 09:00 AM,07-Jan-2023 03:30 PM,05-Dec-2022 09:00 AM,05-Jan-2023 02:00 PM,NA ,NA ,05-Dec-2022 09:10 AM,05-Jan-2023 02:00 PM,National Health Mission||State Programme Management Unit - NHM,NHM 32031 4 2021 Construction NHM Part 34 62,2022_NHM_28018_46,Open Tender,Turn-key,Works,2.0,No,No,Online,No,No,No,Mission Director NHM Assam,"O/o Mission Director,NHM,Assam,Christanbasti,Ghy-5",Establishment of Proposed 6 bedded ward at various SHCs n PHCs of Assam under ECRP II NHM Assam Group 46 5 nos scheme in Charaideo district,Establishment of Proposed 6 bedded ward at various SHCs n PHCs of Assam under ECRP II NHM Assam Group 46 5 nos scheme in Charaideo district,Please refer Tender documents. ,NA ,"57,99,785",Civil Works - Bridges,NA ,Tender,180.0,120.0,Charaideo District,782445.0,NA ,NA ,NA ,"O/o Mission Director,NHM,Assam,Christanbasti,Ghy-5",No ,No,1.0,CANCELLATION,Cancellation of Tender,,"1,15,996",Yes,percentage,2.0%,Nil,Nil,1.0,SBI Bank,"1,150",Nil,Nil,No
,,,,,,,,,,,,,,,.pdf,Technical Qualifiaction,,,,,,,,,,,,,,,,,,,,,,,,,,,,,,,,,,,,,,,,,,2.0,Extension,Date,,,,,,,,,,,,,
,,,,,,,,,,,,,,,.pdf,Receipt of EMD and Tender processing fees,,,,,,,,,,,,,,,,,,,,,,,,,,,,,,,,,,,,,,,,,,,,,,,,,,,,,,,,,
,,,,,,,,,,,,,2.0,Finance,.xls,BOQ,,,,,,,,,,,,,,,,,,,,,,,,,,,,,,,,,,,,,,,,,,,,,,,,,,,,,,,,,
,,,,,,,,,,,,,,,.pdf,FOB,,,,,,,,,,,,,,,,,,,,,,,,,,,,,,,,,,,,,,,,,,,,,,,,,,,,,,,,,
