﻿Publish Date,Bid Opening Date,Document Download / Sale Start Date,Document Download / Sale End Date,Clarification Start Date,Clarification End Date,Bid Submission Start Date,Bid Submission End Date,Financial Bid Opening Date,EMD Amount in ₹,EMD through BG/ST or EMD Exemption Allowed,EMD Fee Type,EMD Percentage,EMD Payable To,EMD Payable At,Name,Address,S.No,Bank Name,Cover No,Cover,Document Type,Description,Title,Work Description,Pre Qualification Details,Independent External Monitor/Remarks,Tender Value in ₹,Product Category,Sub category,Contract Type,Bid Validity(Days),Period Of Work(Days),Location,Pincode,Pre Bid Meeting Place,Pre Bid Meeting Address,Pre Bid Meeting Date,Bid Opening Place,Should Allow NDA Tender,Allow Preferential Bidder,Organisation Chain,Tender Reference Number,Tender ID,Tender Type,Form of contract,Tender Category,No. of Covers,General Technical Evaluation Allowed,ItemWise Technical Evaluation Allowed,Payment Mode,Is Multi Currency Allowed For BOQ,Is Multi Currency Allowed For Fee,Allow Two Stage Bidding,Tender Fee in ₹,Fee Payable To,Fee Payable At,Tender Fee Exemption Allowed,Organisation Chain :,Tender ID :,Tender Ref No :,Tender Title :,Committee Chairperson/Co-ordinator Name :,Committee Chairperson/Co-ordinator Type :,Committee Members :,Updated By :,Updated On :,Financial Bid Opening Date:,Document :,Committee Chairperson/Co-ordinator Name :.1,Committee Chairperson/Co-ordinator Type :.1,Committee Members :.1,Updated By :.1,Updated on :,Document :.1,Type :,Summary :,Updated By :.2,Updated On :.1,Document :.2,BOQ Comparative Chart :,S.No,Bid Number,Bidder Name,Submitted Date,Status,Remarks,Status Updated On,Type :.1,Summary :.1,Updated By :.3,Updated On :.2,Document :.3
01-Oct-2022 02:30 PM,15-Oct-2022 03:00 PM,01-Oct-2022 02:30 PM,15-Oct-2022 02:00 PM,01-Oct-2022 02:30 PM ,15-Oct-2022 02:00 PM ,10-Oct-2022 10:00 AM,15-Oct-2022 02:00 PM,10-Feb-2023 03:00 PM,"71,300",Yes,fixed,,Nil,Nil,MD AIIDC,Bamunimaidam Ghy 21,1.0,SBI Bank,1.0,Fee/PreQual/Technical,.pdf,Signed Bid document,Improvement of Main Internal Road (Infront of Brahmaputra Biochem Pvt Ltd Industry) at Jambari of IGC Chaygaon by Cement concrete Pavers Block Gr No I,Improvement of Main Internal Road (Infront of Brahmaputra Biochem Pvt Ltd Industry) at Jambari of IGC Chaygaon by Cement concrete Pavers Block Gr No I,Please refer Tender documents. ,NA ,,Civil Works – Roads,NA ,Tender,180.0,30.0,IGC Chaygaon Kamrup,781124.0,NA ,NA ,NA ,Bamunimaidam Ghy,No ,No,Industries and Commerce Department||Assam Industrial Infrastructure Development Corporation,AIIDC/1832/2018/322/3751 dt 30/9/22,2022_ICD_27261_1,Open Tender,Item Rate,Works,2.0,No,No,Online,No,No,No,700.0,Nil,Nil,No,Industries and Commerce Department||Assam Industrial Infrastructure Development Corporation,2022_ICD_27261_1,AIIDC/1832/2018/322/3751 dt 30/9/22,Improvement of Main Internal Road (Infront of Brahmaputra Biochem Pvt Ltd Industry) at Jambari of IGC Chaygaon by Cement concrete Pavers Block Gr No I,MD AIIDC,Internal,"GM AIIDC, FA AIIDC and DGM AIIDC",Pulak Jyoti Das,10-Feb-2023 12:58 PM,10-Feb-2023 03:00 PM,techsummary_41930.pdf (1397.54 KB),MD AIIDC,Internal,"GM AIIDC, FA AIIDC, DGM AIIDC",Pulak Jyoti Das,11-Apr-2023 02:52 PM,finsummary_41930.pdf (1757.64 KB),Finance,Bid opening summery,Ritumoni Pachani,10-Feb-2023 06:30 PM,finance_41930.pdf,BOQ Comparative Chart,1,160000,BHASKAR JYOTI DAS,15-Oct-2022 01:55 PM,Rejected-Finance,Ref to Fin Minutes,11-Apr-2023 02:52 PM,Technical,Bid opening Summery,Pulak Jyoti Das,15-Oct-2022 03:28 PM,None
,,,,,,,,,,,,,,,,,,,,,.pdf,Technical Qualification,,,,,,,,,,,,,,,,,,,,,,,,,,,,,,,,,,,,,,,,,,,,,,,,,,,,,,,,,,,2,159591,BIPUL CH. DAS,14-Oct-2022 11:46 AM,Rejected-Finance,Ref to Fin Minutes,11-Apr-2023 02:52 PM,,,,,
,,,,,,,,,,,,,,,,,,,2.0,Finance,.xls,BOQ,,,,,,,,,,,,,,,,,,,,,,,,,,,,,,,,,,,,,,,,,,,,,,,,,,,,,,,,,,,3,159882,Dochania and Company Private Limited,13-Oct-2022 03:45 PM,Rejected-Finance,Ref to Fin Minutes,11-Apr-2023 02:52 PM,,,,,
,,,,,,,,,,,,,,,,,,,,,.pdf,FOB,,,,,,,,,,,,,,,,,,,,,,,,,,,,,,,,,,,,,,,,,,,,,,,,,,,,,,,,,,,4,159988,Harekrishna Talukdar,15-Oct-2022 10:52 AM,Rejected-Finance,Ref to Fin Minutes,11-Apr-2023 02:52 PM,,,,,
,,,,,,,,,,,,,,,,,,,,,,,,,,,,,,,,,,,,,,,,,,,,,,,,,,,,,,,,,,,,,,,,,,,,,,,,,,,,,,,,,5,159830,MADHU SUDAN BAISHYA,14-Oct-2022 05:55 PM,Rejected-Finance,Ref to Fin Minutes,11-Apr-2023 02:52 PM,,,,,
,,,,,,,,,,,,,,,,,,,,,,,,,,,,,,,,,,,,,,,,,,,,,,,,,,,,,,,,,,,,,,,,,,,,,,,,,,,,,,,,,6,159932,M/S Gen X Enterprise,15-Oct-2022 12:09 PM,Rejected-Finance,Ref to Fin Minutes,11-Apr-2023 02:52 PM,,,,,
,,,,,,,,,,,,,,,,,,,,,,,,,,,,,,,,,,,,,,,,,,,,,,,,,,,,,,,,,,,,,,,,,,,,,,,,,,,,,,,,,7,159570,Paresh Kalita,13-Oct-2022 04:28 PM,Accepted-Finance,Ref to Fin Minutes,11-Apr-2023 02:52 PM,,,,,
