﻿Name,Address,S.No,Corrigendum Title,Corrigendum Type,View,Tender Fee in ₹,Fee Payable To,Fee Payable At,Tender Fee Exemption Allowed,Cover No,Cover,Document Type,Description,Publish Date,Bid Opening Date,Document Download / Sale Start Date,Document Download / Sale End Date,Clarification Start Date,Clarification End Date,Bid Submission Start Date,Bid Submission End Date,Financial Bid Opening Date,Title,Work Description,Pre Qualification Details,Independent External Monitor/Remarks,Tender Value in ₹,Product Category,Sub category,Contract Type,Bid Validity(Days),Period Of Work(Days),Location,Pincode,Pre Bid Meeting Place,Pre Bid Meeting Address,Pre Bid Meeting Date,Bid Opening Place,Should Allow NDA Tender,Allow Preferential Bidder,S.No.1,Bank Name,EMD Amount in ₹,EMD through BG/ST or EMD Exemption Allowed,EMD Fee Type,EMD Percentage,EMD Payable To,EMD Payable At,Organisation Chain,Tender Reference Number,Tender ID,Tender Type,Form of contract,Tender Category,No. of Covers,General Technical Evaluation Allowed,ItemWise Technical Evaluation Allowed,Payment Mode,Is Multi Currency Allowed For BOQ,Is Multi Currency Allowed For Fee,Allow Two Stage Bidding,Organisation Chain :,Tender ID :,Tender Ref No :,Tender Title :,Committee Chairperson/Co-ordinator Name :,Committee Chairperson/Co-ordinator Type :,Committee Members :,Updated By :,Updated On :,Financial Bid Opening Date:,Document :,S.No,Bid Number,Bidder Name,Submitted Date,Status,Remarks,Status Updated On,Type :,Summary :,Updated By :.1,Updated On :.1,Document :.1
MANAGING DIRECTOR,"Assam Gas Company Limited Duliajan - 786602, Dibrugarh, Assam",1.0,Corrigendum 3,Date,,"8,000",Nil,Nil,Yes,1.0,Fee/PreQual/Technical,.pdf,Commercial Document,12-Dec-2022 01:00 PM,19-Jan-2023 03:00 PM,12-Dec-2022 01:30 PM,19-Jan-2023 02:30 PM,12-Dec-2022 03:00 PM ,19-Dec-2022 11:00 AM ,19-Dec-2022 01:00 PM,19-Jan-2023 02:30 PM,12-Apr-2023 09:50 AM,MODIFICATION AND UPGRADATION OF TWO METERING YARDS AT NTPS NAMRUP AND MORAN O POINT,Procurement of Valves for Pipeline and Station,Please refer Tender documents. ,NA ,,Supply of Materials,NA ,Tender,120.0,180.0,Duliajan,786602.0,"PLECOs Office, Noida ","A - 56/2, 1st Floor, Sector 50, NOIDA, Pin - 201301 ",21-Dec-2022 11:30 AM ,Duliajan,No ,No,1.0,SBI Bank,"8,06,000",Yes,fixed,,Nil,Nil,Industries and Commerce Department||Assam Gas Company Ltd - ICD,AGCL/PL/UP-MOD/11/2020/94,2022_ICD_28168_1,Open Tender,Buy,Goods,2.0,No,No,Online,No,No,No,Industries and Commerce Department||Assam Gas Company Ltd - ICD,2022_ICD_28168_1,AGCL/PL/UP-MOD/11/2020/94,MODIFICATION AND UPGRADATION OF TWO METERING YARDS AT NTPS NAMRUP AND MORAN O POINT,Managing Director,Internal,"J Gogoi, J K Bora, G. K. Sarma, H C Mahanta, M K Baruah, D Barman",Utpal Borgohain,12-Apr-2023 09:46 AM,12-Apr-2023 09:50 AM,techsummary_44962.pdf (329.22 KB),1,171739,FLOTEK INDUSTRIES,18-Jan-2023 03:39 PM,Rejected-Technical,Not qualified,12-Apr-2023 09:46 AM,Technical,Total 6 nos. bid received.,Utpal Borgohain,12-Apr-2023 09:39 AM,technical_44962.pdf
,,2.0,Reply to Bidders Queries 2,Other,,,,,,,,.pdf,Technical Document,,,,,,,,,,,,,,,,,,,,,,,,,,,,,,,,,,,,,,,,,,,,,,,,,,,,,,,,,,,,2,170066,MICROFINISH VALVES PVT LTD,19-Jan-2023 02:29 PM,Accepted-Technical,Qualified for group A and B only,12-Apr-2023 09:46 AM,,,,,
,,,,,,,,,,2.0,Finance,.xls,BOQ,,,,,,,,,,,,,,,,,,,,,,,,,,,,,,,,,,,,,,,,,,,,,,,,,,,,,,,,,,,,3,172325,PETRO VALVES PVT LTD,09-Jan-2023 05:59 PM,Accepted-Technical,"Qualified for group A, B, D and E only",12-Apr-2023 09:46 AM,,,,,
,,,,,,,,,,,,,,,,,,,,,,,,,,,,,,,,,,,,,,,,,,,,,,,,,,,,,,,,,,,,,,,,,,,,,,,,,4,170503,SteelStrong Valves (I) Pvt. Ltd.,17-Jan-2023 11:40 AM,Accepted-Technical,"Qualified for group A, B,C, D and E only",12-Apr-2023 09:46 AM,,,,,
,,,,,,,,,,,,,,,,,,,,,,,,,,,,,,,,,,,,,,,,,,,,,,,,,,,,,,,,,,,,,,,,,,,,,,,,,5,172901,Tirupati Industrial Stores,18-Jan-2023 10:22 PM,Accepted-Technical,"Qualified for group A, B, C, D and E only",12-Apr-2023 09:46 AM,,,,,
,,,,,,,,,,,,,,,,,,,,,,,,,,,,,,,,,,,,,,,,,,,,,,,,,,,,,,,,,,,,,,,,,,,,,,,,,6,174357,ZED VALVES CO. PVT. LTD.,19-Jan-2023 11:47 AM,Accepted-Technical,"Qualified for group C, D, and E only",12-Apr-2023 09:46 AM,,,,,
