﻿Organisation Chain,Tender Reference Number,Tender ID,Tender Type,Form of contract,Tender Category,No. of Covers,General Technical Evaluation Allowed,ItemWise Technical Evaluation Allowed,Payment Mode,Is Multi Currency Allowed For BOQ,Is Multi Currency Allowed For Fee,Allow Two Stage Bidding,Name,Address,Title,Work Description,Pre Qualification Details,Independent External Monitor/Remarks,Tender Value in ₹,Product Category,Sub category,Contract Type,Bid Validity(Days),Period Of Work(Days),Location,Pincode,Pre Bid Meeting Place,Pre Bid Meeting Address,Pre Bid Meeting Date,Bid Opening Place,Should Allow NDA Tender,Allow Preferential Bidder,EMD Amount in ₹,EMD through BG/ST or EMD Exemption Allowed,EMD Fee Type,EMD Percentage,EMD Payable To,EMD Payable At,Tender Fee in ₹,Fee Payable To,Fee Payable At,Tender Fee Exemption Allowed,Cover No,Cover,Document Type,Description,S.No,Bank Name,Publish Date,Bid Opening Date,Document Download / Sale Start Date,Document Download / Sale End Date,Clarification Start Date,Clarification End Date,Bid Submission Start Date,Bid Submission End Date,Financial Bid Opening Date,Organisation Chain :,Tender ID :,Tender Ref No :,Tender Title :,S.No,Bid Number,Bidder Name,Submitted Date,Status,Remarks,Status Updated On,Committee Chairperson/Co-ordinator Name :,Committee Chairperson/Co-ordinator Type :,Committee Members :,Updated By :,Updated On :,Financial Bid Opening Date:,Document :,Type :,Summary :,Updated By :.1,Updated On :.1,Document :.1,Type :.1,Summary :.1,Updated By :.2,Updated On :.2,Document :.2,BOQ Comparative Chart :
Public Works Roads Department,CE/DEV/TB/235/2022-23/01,2022_PWD_27897_326,Open Tender,Item Rate,Works,2.0,No,No,Online,No,No,No,"Chief Engineer, Roads, PWRD","O/o the Chief Engineer,(Roads)PWRD, Assam , Chandmari, Guwahati-781003","MMPPNA_22_23_326 Construction of road from Naharani Nahazar Gaon Road from Ch-0.00 m to 1500.00 m including routine maintenance for 4 (four) years under Mukhya Mantrir Paki Path Nirman Achani for the year 2022-23, Moran LAC","MMPPNA_22_23_326 Construction of road from Naharani Nahazar Gaon Road from Ch-0.00 m to 1500.00 m including routine maintenance for 4 (four) years under Mukhya Mantrir Paki Path Nirman Achani for the year 2022-23, Moran LAC",Please refer Tender documents. ,NA ,"1,05,87,000",Civil Works,NA ,Tender,180.0,270.0,Moran,781003.0,"Development Branch, O/o the CE (Roads)PWRD, Assam  ","O/o the Chief Engineer,(Roads)PWRD, Assam , Chandmari, Guwahati-781003 ",14-Dec-2022 12:00 PM ,"Development Branch, O/o the CE (Roads)PWRD, Assam",No ,No,"2,25,000",Yes,fixed,,Nil,Nil,"2,250",Nil,Nil,No,1.0,Fee/PreQual/Technical,.pdf,Standard Bidding Documents,1.0,SBI Bank,05-Dec-2022 09:55 AM,23-Dec-2022 02:30 PM,05-Dec-2022 09:55 AM,22-Dec-2022 02:00 PM,05-Dec-2022 09:55 AM ,14-Dec-2022 12:00 PM ,15-Dec-2022 02:00 PM,22-Dec-2022 02:00 PM,15-Feb-2023 05:00 PM,Public Works Roads Department,2022_PWD_27897_326,CE/DEV/TB/235/2022-23/01,"MMPPNA_22_23_326 Construction of road from Naharani Nahazar Gaon Road from Ch-0.00 m to 1500.00 m including routine maintenance for 4 (four) years under Mukhya Mantrir Paki Path Nirman Achani for the year 2022-23, Moran LAC",1.0,167550.0,Chitra Ranjan Gogi,20-Dec-2022 11:17 AM,Admitted-Finance,,15-Feb-2023 09:11 PM,"Chief Engineer (Roads), PWRD, Assam",Internal,,MRIDUL TALUKDAR,15-Feb-2023 04:30 PM,15-Feb-2023 05:00 PM,techsummary_44218.pdf (361.70 KB),Technical,Verified,MRIDUL TALUKDAR,15-Feb-2023 04:29 PM,None,Finance,financial opened,BHABANANDA DEKA,15-Feb-2023 09:11 PM,None,BOQ Comparative Chart
,,,,,,,,,,,,,,,,,,,,,,,,,,,,,,,,,,,,,,,,,,,,,.pdf,Technical Qualification Details,,,,,,,,,,,,,,,,2.0,168170.0,KESHAB GOGOI,21-Dec-2022 08:50 PM,Admitted-Finance,,15-Feb-2023 09:11 PM,,,,,,,,,,,,,,,,,,
,,,,,,,,,,,,,,,,,,,,,,,,,,,,,,,,,,,,,,,,,,,2.0,Finance,.xls,Bill of Quantities,,,,,,,,,,,,,,,,3.0,168601.0,M/S G D CONSTRUCTION,20-Dec-2022 11:43 AM,Admitted-Finance,,15-Feb-2023 09:11 PM,,,,,,,,,,,,,,,,,,
,,,,,,,,,,,,,,,,,,,,,,,,,,,,,,,,,,,,,,,,,,,,,.pdf,Form of Bid,,,,,,,,,,,,,,,,,,,,,,,,,,,,,,,,,,,,,,,,
