﻿Publish Date,Bid Opening Date,Document Download / Sale Start Date,Document Download / Sale End Date,Clarification Start Date,Clarification End Date,Bid Submission Start Date,Bid Submission End Date,Financial Bid Opening Date,Name,Address,Tender Fee in ₹,Fee Payable To,Fee Payable At,Tender Fee Exemption Allowed,S.No,Bank Name,Organisation Chain,Tender Reference Number,Tender ID,Tender Type,Form of contract,Tender Category,No. of Covers,General Technical Evaluation Allowed,ItemWise Technical Evaluation Allowed,Payment Mode,Is Multi Currency Allowed For BOQ,Is Multi Currency Allowed For Fee,Allow Two Stage Bidding,Cover No,Cover,Document Type,Description,Title,Work Description,Pre Qualification Details,Independent External Monitor/Remarks,Tender Value in ₹,Product Category,Sub category,Contract Type,Bid Validity(Days),Period Of Work(Days),Location,Pincode,Pre Bid Meeting Place,Pre Bid Meeting Address,Pre Bid Meeting Date,Bid Opening Place,Should Allow NDA Tender,Allow Preferential Bidder,EMD Amount in ₹,EMD through BG/ST or EMD Exemption Allowed,EMD Fee Type,EMD Percentage,EMD Payable To,EMD Payable At,Organisation Chain :,Tender ID :,Tender Ref No :,Tender Title :,S.No,Bid Number,Bidder Name,Submitted Date,Status,Remarks,Status Updated On,Committee Chairperson/Co-ordinator Name :,Committee Chairperson/Co-ordinator Type :,Committee Members :,Updated By :,Updated On :,Financial Bid Opening Date:,Document :,Type :,Summary :,Updated By :.1,Updated On :.1,Document :.1,Type :.1,Summary :.1,Updated By :.2,Updated On :.2,Document :.2,BOQ Comparative Chart :
02-Dec-2022 02:55 PM,23-Dec-2022 02:30 PM,02-Dec-2022 02:55 PM,22-Dec-2022 02:00 PM,02-Dec-2022 02:55 PM ,14-Dec-2022 12:00 PM ,15-Dec-2022 02:00 PM,22-Dec-2022 02:00 PM,08-Feb-2023 06:00 PM,"Chief Engineer, Roads, PWRD","O/o the Chief Engineer,(Roads)PWRD, Assam , Chandmari, Guwahati-781003","8,760",Nil,Nil,No,1.0,SBI Bank,Public Works Roads Department,CE/DEV/TB/235/2022-23/01,2022_PWD_27897_118,Open Tender,Item Rate,Works,2.0,No,No,Online,No,No,No,1.0,Fee/PreQual/Technical,.pdf,Standard Bidding Documents,"MMPPNA_22_23_118 Construction of road from (i) Barua Chariali to Barajan Bazar via Narayanpuria tiniali (From Ch. 0.00 K.M. to Ch.3.193 K.M.), (ii) Public School tiniali to Herem PWD road via Borbali (From Ch. 0.00 K.M. to Ch.1.50 K.M.) including","MMPPNA_22_23_118 Construction of road from (i) Barua Chariali to Barajan Bazar via Narayanpuria tiniali (From Ch. 0.00 K.M. to Ch.3.193 K.M.), (ii) Public School tiniali to Herem PWD road via Borbali (From Ch. 0.00 K.M. to Ch.1.50 K.M.) including",Please refer Tender documents. ,NA ,"4,17,73,000",Civil Works,NA ,Tender,180.0,365.0,Dhemaji,781003.0,"Development Branch, O/o the CE (Roads)PWRD, Assam  ","O/o the Chief Engineer,(Roads)PWRD, Assam , Chandmari, Guwahati-781003 ",14-Dec-2022 12:00 PM ,"Development Branch, O/o the CE (Roads)PWRD, Assam",No ,No,"8,76,000",Yes,fixed,,Nil,Nil,Public Works Roads Department,2022_PWD_27897_118,CE/DEV/TB/235/2022-23/01,"MMPPNA_22_23_118 Construction of road from (i) Barua Chariali to Barajan Bazar via Narayanpuria tiniali (From Ch. 0.00 K.M. to Ch.3.193 K.M.), (ii) Public School tiniali to Herem PWD road via Borbali (From Ch. 0.00 K.M. to Ch.1.50 K.M.) including",1.0,170055.0,DONY GOHAIN,22-Dec-2022 01:17 PM,Admitted-Finance,,08-Feb-2023 09:23 PM,"Chief Engineer (Roads), PWRD, Assam",Internal,,MRIDUL TALUKDAR,08-Feb-2023 05:23 PM,08-Feb-2023 06:00 PM,techsummary_43875.pdf (384.75 KB),Technical,Verified,MRIDUL TALUKDAR,08-Feb-2023 05:22 PM,None,Finance,financial opened,SUSHIL KUMAR DAS,08-Feb-2023 09:23 PM,None,BOQ Comparative Chart
,,,,,,,,,,,,,,,,,,,,,,,,,,,,,,,,.pdf,Technical Qualification Details,,,,,,,,,,,,,,,,,,,,,,,,,,,,,2.0,168101.0,Sisumoni Dihingia,22-Dec-2022 01:42 PM,Admitted-Finance,,08-Feb-2023 09:23 PM,,,,,,,,,,,,,,,,,,
,,,,,,,,,,,,,,,,,,,,,,,,,,,,,,2.0,Finance,.xls,Bill of Quantities,,,,,,,,,,,,,,,,,,,,,,,,,,,,,,,,,,,,,,,,,,,,,,,,,,,,,
,,,,,,,,,,,,,,,,,,,,,,,,,,,,,,,,.pdf,Form of Bid,,,,,,,,,,,,,,,,,,,,,,,,,,,,,,,,,,,,,,,,,,,,,,,,,,,,,
