﻿Organisation Chain,Tender Reference Number,Tender ID,Tender Type,Form of contract,Tender Category,No. of Covers,General Technical Evaluation Allowed,ItemWise Technical Evaluation Allowed,Payment Mode,Is Multi Currency Allowed For BOQ,Is Multi Currency Allowed For Fee,Allow Two Stage Bidding,Tender Fee in ₹,Fee Payable To,Fee Payable At,Tender Fee Exemption Allowed,S.No,Bank Name,Name,Address,EMD Amount in ₹,EMD through BG/ST or EMD Exemption Allowed,EMD Fee Type,EMD Percentage,EMD Payable To,EMD Payable At,Title,Work Description,Pre Qualification Details,Independent External Monitor/Remarks,Tender Value in ₹,Product Category,Sub category,Contract Type,Bid Validity(Days),Period Of Work(Days),Location,Pincode,Pre Bid Meeting Place,Pre Bid Meeting Address,Pre Bid Meeting Date,Bid Opening Place,Should Allow NDA Tender,Allow Preferential Bidder,Cover No,Cover,Document Type,Description,Publish Date,Bid Opening Date,Document Download / Sale Start Date,Document Download / Sale End Date,Clarification Start Date,Clarification End Date,Bid Submission Start Date,Bid Submission End Date,Financial Bid Opening Date,Organisation Chain :,Tender ID :,Tender Ref No :,Tender Title :,S.No,Bid Number,Bidder Name,Submitted Date,Status,Remarks,Status Updated On,Committee Chairperson/Co-ordinator Name :,Committee Chairperson/Co-ordinator Type :,Committee Members :,Updated By :,Updated On :,Financial Bid Opening Date:,Document :,Type :,Summary :,Updated By :.1,Updated On :.1,Document :.1
Public Works Roads Department,CE/CMRDP/MMPNA/2022/2,2022_PWD_27472_236,Open Tender,Item Rate,Works,2.0,No,No,Online,No,No,No,"4,000",Nil,Nil,No,1.0,SBI Bank,"Chief Engineer,PWD(Border Roads NEC Works),Assam","O/o the Chief Engineer, Roads,PWRD Assam, chandmari, Guwahati-781003","3,97,000",Yes,fixed,,Nil,Nil,MMPNA/2022-23/236,"MMPNA/2022-23/236 Periodic Renewal of Lawokhowa Ali - Demow River, Kharahat to Masoi Ali (Setiya Ali to Masoi), 530th Km of NH 37 to Demow Deroighat Road ( Rajmai to Deori), Rajmai Boatghat Ali, Chandbesa Punibil Ali Part-I, Netai Pukhuri to Dhaibari",Please refer Tender documents. ,NA ,"1,98,60,000",Civil Works,NA ,Tender,180.0,90.0,THOWRA,781003.0,"O/o the Chief Engineer, Roads,PWRD Assam,chandmari ","O/o the Chief Engineer, Roads,PWRD Assam, chandmari, Guwahati-781003  ",08-Nov-2022 12:00 PM ,"O/o the Chief Engineer,Roads,PWRD Assam,chandmari",No ,No,1.0,Fee/PreQual/Technical,.pdf,Cost of Bid Document,31-Oct-2022 10:00 AM,19-Nov-2022 11:30 AM,31-Oct-2022 10:00 AM,18-Nov-2022 03:00 PM,31-Oct-2022 10:00 AM ,17-Nov-2022 12:00 PM ,31-Oct-2022 12:00 PM,18-Nov-2022 03:00 PM,30-Dec-2022 03:00 PM,Public Works Roads Department,2022_PWD_27472_236,CE/CMRDP/MMPNA/2022/2,MMPNA/2022-23/236,1.0,162915.0,hema chetia,18-Nov-2022 11:23 AM,Not Admitted-Fee/PreQual/Technical,Not Complied with technical specification,30-Dec-2022 02:56 PM,Chief Engineer_PWD_Border_Roads_and_NEC_Works,Internal,AEE_Maintenance_cell_EE_IBRC_Branch_SE_Traffic_Engineering_Cell_Chief_Engineer_PWD_Border_Roads_NEC_Works,Pranjal Bhattacharyya,30-Dec-2022 02:58 PM,30-Dec-2022 03:00 PM,techsummary_42581.pdf (266.57 KB),Technical,Technical_Evaluation_Summary_Sheet_Uploaded,Pranjal Bhattacharyya,30-Dec-2022 02:56 PM,technical_42581.pdf
,,,,,,,,,,,,,,,,,,,,,,,,,,,,,,,,,,,,,,,,,,,,,,,.pdf,Technical Qualification Details,,,,,,,,,,,,,,2.0,162847.0,Sanjay Kumar Singh,17-Nov-2022 08:45 PM,Accepted-Technical,Accept,30-Dec-2022 02:58 PM,,,,,,,,,,,,
,,,,,,,,,,,,,,,,,,,,,,,,,,,,,,,,,,,,,,,,,,,,,,,.pdf,Bid Security,,,,,,,,,,,,,,3.0,162115.0,SANTOSH GARODIA,18-Nov-2022 02:50 PM,Accepted-Technical,Accept,30-Dec-2022 02:58 PM,,,,,,,,,,,,
,,,,,,,,,,,,,,,,,,,,,,,,,,,,,,,,,,,,,,,,,,,,,,,.pdf,Standard Bidding Document,,,,,,,,,,,,,,4.0,162904.0,TARUN CHETIA,18-Nov-2022 11:27 AM,Not Admitted-Fee/PreQual/Technical,Not Complied with technical specification,30-Dec-2022 02:56 PM,,,,,,,,,,,,
,,,,,,,,,,,,,,,,,,,,,,,,,,,,,,,,,,,,,,,,,,,,,2.0,Finance,.xls,Bill of Quantities,,,,,,,,,,,,,,,,,,,,,,,,,,,,,,,,
,,,,,,,,,,,,,,,,,,,,,,,,,,,,,,,,,,,,,,,,,,,,,,,.pdf,Form Of Bid,,,,,,,,,,,,,,,,,,,,,,,,,,,,,,,,
