﻿Tender Fee in ₹,Fee Payable To,Fee Payable At,Tender Fee Exemption Allowed,S.No,Corrigendum Title,Corrigendum Type,View,EMD Amount in ₹,EMD through BG/ST or EMD Exemption Allowed,EMD Fee Type,EMD Percentage,EMD Payable To,EMD Payable At,Title,Work Description,Pre Qualification Details,Independent External Monitor/Remarks,Tender Value in ₹,Product Category,Sub category,Contract Type,Bid Validity(Days),Period Of Work(Days),Location,Pincode,Pre Bid Meeting Place,Pre Bid Meeting Address,Pre Bid Meeting Date,Bid Opening Place,Should Allow NDA Tender,Allow Preferential Bidder,S.No.1,Bank Name,Cover No,Cover,Document Type,Description,Publish Date,Bid Opening Date,Document Download / Sale Start Date,Document Download / Sale End Date,Clarification Start Date,Clarification End Date,Bid Submission Start Date,Bid Submission End Date,Organisation Chain,Tender Reference Number,Tender ID,Tender Type,Form of contract,Tender Category,No. of Covers,General Technical Evaluation Allowed,ItemWise Technical Evaluation Allowed,Payment Mode,Is Multi Currency Allowed For BOQ,Is Multi Currency Allowed For Fee,Allow Two Stage Bidding,Name,Address,S.No.,Corrigendum Title,Corrigendum Type,Corrigendum Description,Corrigendum Reason,Published Date,Document Name,Doc Size(in KB),Organisation Chain :,Tender ID :,Tender Ref No :,Tender Title :,This tender has been Cancelled before technical bid opening summary
"8,230",Nil,Nil,Yes,1.0,Cancellation of Tender Maint/MMPPNA/75,Cancellation of Tender,,"8,23,000",Yes,fixed,,Nil,Nil,"Maint/MMPPNA/75 Construction of Road from 2 NO. BORKHAL L.P SCHOOL TO BAGHMARA ME SCHOOL TINIALI ROAD,TORADIA TO BORPITH,Falaghat Tiniali Chowk to Dakhin Pantan GP via Nasoni Sita Mandi","Maint/MMPPNA/75 Construction of Road from 2 NO. BORKHAL L.P SCHOOL TO BAGHMARA ME SCHOOL TINIALI ROAD,TORADIA TO BORPITH,Falaghat Tiniali Chowk to Dakhin Pantan GP via Nasoni Sita Mandi",Please refer Tender documents. ,NA ,"4,11,34,000",Civil Works,NA ,Tender,180.0,365.0,Chaygaon,781003.0,"O/o the Chief Engineer, Roads,PWRD Assam,chandmari ","O/o the Chief Engineer, Roads,PWRD Assam, chandmari, Guwahati-781003  ",15-Dec-2022 12:00 PM ,"O/o the Chief Engineer, Roads,PWRD Assam,chandmari",No ,No,1.0,SBI Bank,1.0,Fee/PreQual/Technical,.pdf,Cost of Bid Document,13-Dec-2022 09:00 AM,21-Dec-2022 02:00 PM,13-Dec-2022 09:00 AM,20-Dec-2022 02:00 PM,13-Dec-2022 09:00 AM ,15-Dec-2022 12:00 PM ,13-Dec-2022 02:00 PM,20-Dec-2022 02:00 PM,Public Works Roads Department,CE/CMRDP/MMPNA/2022/11,2022_PWD_27924_291,Open Tender,Item Rate,Works,2.0,No,No,Online,No,No,No,"Chief Engineer,PWD(Roads),Assam","O/o the Chief Engineer, Roads,PWRD Assam, chandmari, Guwahati-781003",1.0,Cancellation of Tender Maint/MMPPNA/75,Cancellation of Tender,Cancellation of Tender,Due to admistrative reasons/issues,13-Dec-2022 09:20 AM,PNITDNIT1compressed.pdf ,189.74,Public Works Roads Department,2022_PWD_27924_291,CE/CMRDP/MMPNA/2022/11,"Maint/MMPPNA/75 Construction of Road from 2 NO. BORKHAL L.P SCHOOL TO BAGHMARA ME SCHOOL TINIALI ROAD,TORADIA TO BORPITH,Falaghat Tiniali Chowk to Dakhin Pantan GP via Nasoni Sita Mandi",
,,,,,,,,,,,,,,,,,,,,,,,,,,,,,,,,,,,,.pdf,Technical Qualification Details,,,,,,,,,,,,,,,,,,,,,,,,,,,,,,,,,,,,
,,,,,,,,,,,,,,,,,,,,,,,,,,,,,,,,,,,,.pdf,Bid Security,,,,,,,,,,,,,,,,,,,,,,,,,,,,,,,,,,,,
,,,,,,,,,,,,,,,,,,,,,,,,,,,,,,,,,,,,.pdf,Standard Bidding Document,,,,,,,,,,,,,,,,,,,,,,,,,,,,,,,,,,,,
,,,,,,,,,,,,,,,,,,,,,,,,,,,,,,,,,,2.0,Finance,.xls,Bill of Quantities,,,,,,,,,,,,,,,,,,,,,,,,,,,,,,,,,,,,
,,,,,,,,,,,,,,,,,,,,,,,,,,,,,,,,,,,,.pdf,Form Of Bid,,,,,,,,,,,,,,,,,,,,,,,,,,,,,,,,,,,,
