﻿Organisation Chain :,Tender ID :,Tender Ref No :,Tender Title :,Type :,Summary :,Updated By :,Updated On :,Document :,S.No,Bid Number,Bidder Name,Submitted Date,Status,Remarks,Status Updated On,Name,Address,Organisation Chain,Tender Reference Number,Tender ID,Tender Type,Form of contract,Tender Category,No. of Covers,General Technical Evaluation Allowed,ItemWise Technical Evaluation Allowed,Payment Mode,Is Multi Currency Allowed For BOQ,Is Multi Currency Allowed For Fee,Allow Two Stage Bidding,Title,Work Description,Pre Qualification Details,Independent External Monitor/Remarks,Tender Value in ₹,Product Category,Sub category,Contract Type,Bid Validity(Days),Period Of Work(Days),Location,Pincode,Pre Bid Meeting Place,Pre Bid Meeting Address,Pre Bid Meeting Date,Bid Opening Place,Should Allow NDA Tender,Allow Preferential Bidder,S.No,Corrigendum Title,Corrigendum Type,View,S.No.1,Bank Name,Tender Fee in ₹,Fee Payable To,Fee Payable At,Tender Fee Exemption Allowed,Cover No,Cover,Document Type,Description,Publish Date,Bid Opening Date,Document Download / Sale Start Date,Document Download / Sale End Date,Clarification Start Date,Clarification End Date,Bid Submission Start Date,Bid Submission End Date,EMD Amount in ₹,EMD through BG/ST or EMD Exemption Allowed,EMD Fee Type,EMD Percentage,EMD Payable To,EMD Payable At
National Health Mission||State Programme Management Unit - NHM,2022_NHM_28018_52,NHM 32031 4 2021 Construction NHM Part 34 62,Establishment of Proposed 6 bedded ward at various SHCs n PHCs of Assam under ECRP II NHM Assam Group 52 4 nos scheme in Darrang district,Technical,Technical opened,Anupam Choudhury,04-Feb-2023 07:03 PM,None,1.0,171496.0,BHUBANESWAR BARUAH,05-Jan-2023 12:52 AM,Admitted-Fee/PreQual/Technical,,04-Feb-2023 07:03 PM,Mission Director NHM Assam,"O/o Mission Director,NHM,Assam,Christanbasti,Ghy-5",National Health Mission||State Programme Management Unit - NHM,NHM 32031 4 2021 Construction NHM Part 34 62,2022_NHM_28018_52,Open Tender,Turn-key,Works,2.0,No,No,Online,No,No,No,Establishment of Proposed 6 bedded ward at various SHCs n PHCs of Assam under ECRP II NHM Assam Group 52 4 nos scheme in Darrang district,Establishment of Proposed 6 bedded ward at various SHCs n PHCs of Assam under ECRP II NHM Assam Group 52 4 nos scheme in Darrang district,Please refer Tender documents. ,NA ,"46,39,828",Civil Works - Building,NA ,Tender,180.0,120.0,Darrang District,784125.0,NA ,NA ,NA ,"O/o Mission Director,NHM,Assam,Christanbasti,Ghy-5",No ,No,1.0,Extension,Date,,1.0,SBI Bank,950.0,Nil,Nil,No,1.0,Fee/PreQual/Technical,.pdf,SBD,06-Dec-2022 09:00 AM,07-Jan-2023 03:30 PM,06-Dec-2022 09:00 AM,05-Jan-2023 02:00 PM,NA ,NA ,06-Dec-2022 09:10 AM,05-Jan-2023 02:00 PM,"92,797",Yes,percentage,2.0%,Nil,Nil
,,,,,,,,,2.0,171617.0,KHIROD BARUAH,05-Jan-2023 12:17 AM,Admitted-Fee/PreQual/Technical,,04-Feb-2023 07:03 PM,,,,,,,,,,,,,,,,,,,,,,,,,,,,,,,,,,,,,,,,,,,,,,.pdf,Technical Qualifiaction,,,,,,,,,,,,,,
,,,,,,,,,3.0,171687.0,MS RAJBONGSHI ENTERPRISE,04-Jan-2023 11:47 PM,Admitted-Fee/PreQual/Technical,,04-Feb-2023 07:03 PM,,,,,,,,,,,,,,,,,,,,,,,,,,,,,,,,,,,,,,,,,,,,,,.pdf,Receipt of EMD and Tender processing fees,,,,,,,,,,,,,,
,,,,,,,,,,,,,,,,,,,,,,,,,,,,,,,,,,,,,,,,,,,,,,,,,,,,,,,,,,,2.0,Finance,.xls,BOQ,,,,,,,,,,,,,,
,,,,,,,,,,,,,,,,,,,,,,,,,,,,,,,,,,,,,,,,,,,,,,,,,,,,,,,,,,,,,.pdf,FOB,,,,,,,,,,,,,,
