﻿Cover No,Cover,Document Type,Description,Name,Address,EMD Amount in ₹,EMD through BG/ST or EMD Exemption Allowed,EMD Fee Type,EMD Percentage,EMD Payable To,EMD Payable At,Tender Fee in ₹,Fee Payable To,Fee Payable At,Tender Fee Exemption Allowed,Publish Date,Bid Opening Date,Document Download / Sale Start Date,Document Download / Sale End Date,Clarification Start Date,Clarification End Date,Bid Submission Start Date,Bid Submission End Date,Financial Bid Opening Date,S.No,Bank Name,Organisation Chain,Tender Reference Number,Tender ID,Tender Type,Form of contract,Tender Category,No. of Covers,General Technical Evaluation Allowed,ItemWise Technical Evaluation Allowed,Payment Mode,Is Multi Currency Allowed For BOQ,Is Multi Currency Allowed For Fee,Allow Two Stage Bidding,Title,Work Description,Pre Qualification Details,Independent External Monitor/Remarks,Tender Value in ₹,Product Category,Sub category,Contract Type,Bid Validity(Days),Period Of Work(Days),Location,Pincode,Pre Bid Meeting Place,Pre Bid Meeting Address,Pre Bid Meeting Date,Bid Opening Place,Should Allow NDA Tender,Allow Preferential Bidder,Organisation Chain :,Tender ID :,Tender Ref No :,Tender Title :,Committee Chairperson/Co-ordinator Name :,Committee Chairperson/Co-ordinator Type :,Committee Members :,Updated By :,Updated On :,Financial Bid Opening Date:,Document :,Committee Chairperson/Co-ordinator Name :.1,Committee Chairperson/Co-ordinator Type :.1,Committee Members :.1,Updated By :.1,Updated on :,Document :.1,Contract Date :,Contract Value :,Work Completion Period in days :,Updated By :.2,Updated on :.1,AOC document :,AOC Description :,Type :,Summary :,Updated By :.3,Updated On :.1,Document :.2,BOQ Comparative Chart :,S.No,Bid Number,Bidder Name,Awarded Currency,Awarded Value,S.No.1,Bid Number.1,Bidder Name.1,Submitted Date,Status,Remarks,Status Updated On,Type :.1,Summary :.1,Updated By :.4,Updated On :.2,Document :.3
1.0,Fee/PreQual/Technical,.pdf,Copy of tender Processing Fee and Bid Security,"The Addl. Chief Engineer cum Director, PWD,BTC","O/o the Addl. Chief Engineer cum Director, PWD,BTC,Kokrajhar","2,46,000",Yes,fixed,,Nil,Nil,"2,500",Nil,Nil,No,27-Oct-2022 12:30 PM,11-Nov-2022 02:00 PM,27-Oct-2022 12:30 PM,11-Nov-2022 01:30 PM,27-Oct-2022 12:30 PM ,09-Nov-2022 12:00 PM ,27-Oct-2022 12:30 PM,11-Nov-2022 01:30 PM,29-Nov-2022 04:00 PM,1.0,SBI Bank,Bodoland Territorial Council-PWD||Director Cum CHD - PWD BTC,No. ACE- 05/CHN/IFB/2018-19/419,2022_BTC_27486_1,Open Tender,Item Rate,Works,2.0,No,No,Online,No,No,No,Construction of ICBP road from Thaikajhora Border to Madhyam Dakhingaon L.P SChool under Thaikajhora VCDC (Length 1.575 Km) under AOP SOPD (G) for the year 2022-23 of Chirang District (LAC-31th Sidli ST) PKG NO.16_14,Construction of ICBP road from Thaikajhora Border to Madhyam Dakhingaon L.P SChool under Thaikajhora VCDC (Length 1.575 Km) under AOP SOPD (G) for the year 2022-23 of Chirang District (LAC-31th Sidli ST) PKG NO.16_14,Please refer Tender documents. ,NA ,"1,22,99,805",Civil Works – Roads,NA ,Tender,180.0,270.0,Chirang,783390.0,"O/o the Addl. Chief Engineer cum Director, PWD,BTC ","O/o the Addl. Chief Engineer cum Director, PWD,BTC,Kokrajhar ",09-Nov-2022 01:00 PM ,"O/o the Addl. Chief Engineer cum Director, PWD,BTC",No ,No,Bodoland Territorial Council-PWD||Director Cum CHD - PWD BTC,2022_BTC_27486_1,No. ACE- 05/CHN/IFB/2018-19/419,Construction of ICBP road from Thaikajhora Border to Madhyam Dakhingaon L.P SChool under Thaikajhora VCDC (Length 1.575 Km) under AOP SOPD (G) for the year 2022-23 of Chirang District (LAC-31th Sidli ST) PKG NO.16_14,Sri Arun Goswami,Internal,,ARUN CHANDRA BASUMATARY,29-Nov-2022 03:11 PM,29-Nov-2022 04:00 PM,techsummary_42259.pdf (957.81 KB),Sri AC Goswami,Internal,,ARUN CHANDRA BASUMATARY,21-Dec-2022 05:30 PM,finsummary_42259.pdf (955.29 KB),21-Dec-2022,INR 12298369.01,270.0,ARUN CHANDRA BASUMATARY,21-Dec-2022 05:31 PM,wo_16_14.pdf (881.00 KB),Work Order,Finance,Minutes,ARUN CHANDRA BASUMATARY,21-Dec-2022 05:27 PM,finance_42259.pdf,BOQ Comparative Chart,1.0,161258.0,NIBOL NARZARY,INR,12298369.01,1.0,161259.0,Britain Islary,08-Nov-2022 10:01 PM,Rejected-AOC,L2,21-Dec-2022 05:32 PM,Technical,Abstract,ARUN CHANDRA BASUMATARY,29-Nov-2022 03:10 PM,technical_42259.pdf
,,.pdf,Technical Qualification,,,,,,,,,,,,,,,,,,,,,,,,,,,,,,,,,,,,,,,,,,,,,,,,,,,,,,,,,,,,,,,,,,,,,,,,,,,,,,,,,,,,,,,,,,2.0,161260.0,Johnson Narzary,08-Nov-2022 10:20 PM,Rejected-AOC,L3,21-Dec-2022 05:32 PM,,,,,
,,.pdf,SBD,,,,,,,,,,,,,,,,,,,,,,,,,,,,,,,,,,,,,,,,,,,,,,,,,,,,,,,,,,,,,,,,,,,,,,,,,,,,,,,,,,,,,,,,,,3.0,161258.0,NIBOL NARZARY,08-Nov-2022 09:49 PM,Accepted-AOC,L1,21-Dec-2022 05:32 PM,,,,,
2.0,Finance,.xls,BOQ,,,,,,,,,,,,,,,,,,,,,,,,,,,,,,,,,,,,,,,,,,,,,,,,,,,,,,,,,,,,,,,,,,,,,,,,,,,,,,,,,,,,,,,,,,,,,,,,,,,,,
,,.pdf,FOB,,,,,,,,,,,,,,,,,,,,,,,,,,,,,,,,,,,,,,,,,,,,,,,,,,,,,,,,,,,,,,,,,,,,,,,,,,,,,,,,,,,,,,,,,,,,,,,,,,,,,
