﻿Organisation Chain :,Tender ID :,Tender Ref No :,Tender Title :,Name,Address,Publish Date,Bid Opening Date,Document Download / Sale Start Date,Document Download / Sale End Date,Clarification Start Date,Clarification End Date,Bid Submission Start Date,Bid Submission End Date,Organisation Chain,Tender Reference Number,Tender ID,Tender Type,Form of contract,Tender Category,No. of Covers,General Technical Evaluation Allowed,ItemWise Technical Evaluation Allowed,Payment Mode,Is Multi Currency Allowed For BOQ,Is Multi Currency Allowed For Fee,Allow Two Stage Bidding,EMD Amount in ₹,EMD through BG/ST or EMD Exemption Allowed,EMD Fee Type,EMD Percentage,EMD Payable To,EMD Payable At,Title,Work Description,Pre Qualification Details,Independent External Monitor/Remarks,Tender Value in ₹,Product Category,Sub category,Contract Type,Bid Validity(Days),Period Of Work(Days),Location,Pincode,Pre Bid Meeting Place,Pre Bid Meeting Address,Pre Bid Meeting Date,Bid Opening Place,Should Allow NDA Tender,Allow Preferential Bidder,Cover No,Cover,Document Type,Description,S.No,Corrigendum Title,Corrigendum Type,View,Tender Fee in ₹,Fee Payable To,Fee Payable At,Tender Fee Exemption Allowed,S.No.1,Bank Name
National Health Mission||State Programme Management Unit - NHM,2023_NHM_29878_85,NHM-32031/4/2021-Const-NHM/Pt 34/69,Establishment of Proposed 6 bedded ward at various SHCs and PHCs of Assam under ECRP II NHM Assam Group 216 5 nos scheme in Tinsukia district,"MD,NHM","O/o MD,NHM, Christianbasti, Guwahati-781005",16-Mar-2023 05:00 PM,10-Apr-2023 03:00 PM,16-Mar-2023 05:00 PM,06-Apr-2023 02:00 PM,NA ,NA ,16-Mar-2023 05:00 PM,06-Apr-2023 02:00 PM,National Health Mission||State Programme Management Unit - NHM,NHM-32031/4/2021-Const-NHM/Pt 34/69,2023_NHM_29878_85,Open Tender,Turn-key,Works,2.0,No,No,Online,No,No,No,"1,15,996",Yes,percentage,2.0%,Nil,Nil,Establishment of Proposed 6 bedded ward at various SHCs and PHCs of Assam under ECRP II NHM Assam Group 216 5 nos scheme in Tinsukia district,Establishment of Proposed 6 bedded ward at various SHCs and PHCs of Assam under ECRP II NHM Assam Group 216 5 nos scheme in Tinsukia district,Please refer Tender documents. ,NA ,"57,99,785",Civil Works - Building,NA ,Tender,180.0,120.0,Tinsukia,786192.0,NA ,NA ,NA ,"O/o MD,NHM, Christianbasti, Guwahati-781005",No ,No,1.0,Fee/PreQual/Technical,.pdf,Technical documents,1.0,2nd Extension,Date,,"1,150",Nil,Nil,No,1.0,SBI Bank
,,,,,,,,,,,,,,,,,,,,,,,,,,,,,,,,,,,,,,,,,,,,,,,,,,,,,.pdf,Cost of Tender and EMD reciept,,,,,,,,,,
,,,,,,,,,,,,,,,,,,,,,,,,,,,,,,,,,,,,,,,,,,,,,,,,,,,,,.pdf,SBD,,,,,,,,,,
,,,,,,,,,,,,,,,,,,,,,,,,,,,,,,,,,,,,,,,,,,,,,,,,,,,2.0,Finance,.xls,BOQ,,,,,,,,,,
,,,,,,,,,,,,,,,,,,,,,,,,,,,,,,,,,,,,,,,,,,,,,,,,,,,,,.pdf,FOB,,,,,,,,,,
