﻿S.No,Corrigendum Title,Corrigendum Type,View,Publish Date,Bid Opening Date,Document Download / Sale Start Date,Document Download / Sale End Date,Clarification Start Date,Clarification End Date,Bid Submission Start Date,Bid Submission End Date,Financial Bid Opening Date,Title,Work Description,Pre Qualification Details,Independent External Monitor/Remarks,Tender Value in ₹,Product Category,Sub category,Contract Type,Bid Validity(Days),Period Of Work(Days),Location,Pincode,Pre Bid Meeting Place,Pre Bid Meeting Address,Pre Bid Meeting Date,Bid Opening Place,Should Allow NDA Tender,Allow Preferential Bidder,EMD Amount in ₹,EMD through BG/ST or EMD Exemption Allowed,EMD Fee Type,EMD Percentage,EMD Payable To,EMD Payable At,Organisation Chain,Tender Reference Number,Tender ID,Tender Type,Form of contract,Tender Category,No. of Covers,General Technical Evaluation Allowed,ItemWise Technical Evaluation Allowed,Payment Mode,Is Multi Currency Allowed For BOQ,Is Multi Currency Allowed For Fee,Allow Two Stage Bidding,S.No.1,Bank Name,Name,Address,Cover No,Cover,Document Type,Description,Tender Fee in ₹,Fee Payable To,Fee Payable At,Tender Fee Exemption Allowed,Organisation Chain :,Tender ID :,Tender Ref No :,Tender Title :,S.No,Bid Number,Bidder Name,Submitted Date,Status,Remarks,Status Updated On,Committee Chairperson/Co-ordinator Name :,Committee Chairperson/Co-ordinator Type :,Committee Members :,Updated By :,Updated On :,Financial Bid Opening Date:,Document :,Type :,Summary :,Updated By :.1,Updated On :.1,Document :.1,Type :.1,Summary :.1,Updated By :.2,Updated On :.2,Document :.2,BOQ Comparative Chart :
1.0,BOQ,BOQ,,21-Jan-2023 03:15 PM,13-Feb-2023 04:00 PM,21-Jan-2023 03:15 PM,13-Feb-2023 03:30 PM,NA ,NA ,08-Feb-2023 10:00 AM,13-Feb-2023 03:30 PM,22-Mar-2023 10:30 AM,SUPPLY OF MAIZE SEEDS UNDER THE AREA EXPANSION PROGRAMME,SUPPLY OF MAIZE SEEDS UNDER THE AREA EXPANSION PROGRAMME,Please refer Tender documents. ,NA ,,Crop Products,NA ,Tender,90.0,15.0,Guwahati,781022.0,"DIRECTORATE OF AGRICULTURE, ASSAM ","DIRECTORATE OF AGRICULTURE, ASSAM Agriculture Complex, Khanapara, G.S. Road, Guwahati-781022  ",02-Feb-2023 03:30 PM ,"DIRECTORATE OF AGRICULTURE, ASSAM",No ,No,"37,50,000",Yes,fixed,,Nil,Nil,Directorate of Agriculture and Assam Seed Corporation,AGRI/APART/AE-Maize/22-23/74/3,2023_DAASC_28975_1,Open Tender,Item Rate,Goods,2.0,No,No,Online,No,No,No,1.0,SBI Bank,DIRECTOR,"DIRECTORATE OF AGRICULTURE, ASSAM Agriculture Complex, Khanapara, G.S. Road, Guwahati-781022",1.0,Fee/PreQual/Technical,.pdf,Technical Qualification Document,"30,000",Nil,Nil,No,Directorate of Agriculture and Assam Seed Corporation,2023_DAASC_28975_1,AGRI/APART/AE-Maize/22-23/74/3,SUPPLY OF MAIZE SEEDS UNDER THE AREA EXPANSION PROGRAMME,1,176980,Jaikissan seeds Corporation,13-Feb-2023 02:23 PM,Admitted-Finance,,22-Mar-2023 11:24 AM,DoA,Internal,"Sr.FAO, NO-OPIU-APART",NEELAKSHI BAITHURI,22-Mar-2023 10:15 AM,22-Mar-2023 10:30 AM,techsummary_46676.pdf (408.24 KB),Technical,Technical Bid is opened and is being processed,Amal Sarma,13-Feb-2023 04:50 PM,None,Finance,Financial cover is opened and under Evaluation,Amal Sarma,22-Mar-2023 11:24 AM,None,BOQ Comparative Chart
2.0,Date,Date,,,,,,,,,,,,,,,,,,,,,,,,,,,,,,,,,,,,,,,,,,,,,,,,,,,,,,.pdf,Bid document downloaded from the portal,,,,,,,,,2,176747,JK AGRI GENETICS LTD,13-Feb-2023 12:10 PM,Admitted-Finance,,22-Mar-2023 11:24 AM,,,,,,,,,,,,,,,,,,
3.0,Fee,Fee,,,,,,,,,,,,,,,,,,,,,,,,,,,,,,,,,,,,,,,,,,,,,,,,,,,,2.0,Finance,.xls,BOQ,,,,,,,,,3,176944,MAHALAXMI ENTERPRISE,13-Feb-2023 01:04 PM,Admitted-Finance,,22-Mar-2023 11:24 AM,,,,,,,,,,,,,,,,,,
4.0,Technical Corrigendum,Technical Bid,,,,,,,,,,,,,,,,,,,,,,,,,,,,,,,,,,,,,,,,,,,,,,,,,,,,,,.pdf,Form of Bid,,,,,,,,,4,176996,M/S MRIDUL KUMAR LASKAR,13-Feb-2023 10:45 AM,Rejected-Technical,As per minutes of Evaluation Committee,22-Mar-2023 10:15 AM,,,,,,,,,,,,,,,,,,
,,,,,,,,,,,,,,,,,,,,,,,,,,,,,,,,,,,,,,,,,,,,,,,,,,,,,,,,,,,,,,,,,,5,177048,M/S R.D. TRADERS,13-Feb-2023 03:10 PM,Admitted-Finance,,22-Mar-2023 11:24 AM,,,,,,,,,,,,,,,,,,
,,,,,,,,,,,,,,,,,,,,,,,,,,,,,,,,,,,,,,,,,,,,,,,,,,,,,,,,,,,,,,,,,,6,176943,RAJA ENTERPRISE,13-Feb-2023 02:08 PM,Admitted-Finance,,22-Mar-2023 11:24 AM,,,,,,,,,,,,,,,,,,
,,,,,,,,,,,,,,,,,,,,,,,,,,,,,,,,,,,,,,,,,,,,,,,,,,,,,,,,,,,,,,,,,,7,176690,RASI SEEDS PRIVATE LIMITED,13-Feb-2023 01:49 PM,Admitted-Finance,,22-Mar-2023 11:24 AM,,,,,,,,,,,,,,,,,,
,,,,,,,,,,,,,,,,,,,,,,,,,,,,,,,,,,,,,,,,,,,,,,,,,,,,,,,,,,,,,,,,,,8,176958,R & D ASSOCIATES,12-Feb-2023 11:50 PM,Admitted-Finance,,22-Mar-2023 11:24 AM,,,,,,,,,,,,,,,,,,
,,,,,,,,,,,,,,,,,,,,,,,,,,,,,,,,,,,,,,,,,,,,,,,,,,,,,,,,,,,,,,,,,,9,177029,Salasar Agro Service,13-Feb-2023 03:28 PM,Admitted-Finance,,22-Mar-2023 11:24 AM,,,,,,,,,,,,,,,,,,
,,,,,,,,,,,,,,,,,,,,,,,,,,,,,,,,,,,,,,,,,,,,,,,,,,,,,,,,,,,,,,,,,,10,176985,SHREE KRISHNA ENTERPRISE,13-Feb-2023 11:58 AM,Admitted-Finance,,22-Mar-2023 11:24 AM,,,,,,,,,,,,,,,,,,
,,,,,,,,,,,,,,,,,,,,,,,,,,,,,,,,,,,,,,,,,,,,,,,,,,,,,,,,,,,,,,,,,,11,176984,TRINETRA SUPPLY CENTRE,13-Feb-2023 11:55 AM,Admitted-Finance,,22-Mar-2023 11:24 AM,,,,,,,,,,,,,,,,,,
