﻿Tender Fee in ₹,Fee Payable To,Fee Payable At,Tender Fee Exemption Allowed,EMD Amount in ₹,EMD through BG/ST or EMD Exemption Allowed,EMD Fee Type,EMD Percentage,EMD Payable To,EMD Payable At,Title,Work Description,Pre Qualification Details,Independent External Monitor/Remarks,Tender Value in ₹,Product Category,Sub category,Contract Type,Bid Validity(Days),Period Of Work(Days),Location,Pincode,Pre Bid Meeting Place,Pre Bid Meeting Address,Pre Bid Meeting Date,Bid Opening Place,Should Allow NDA Tender,Allow Preferential Bidder,Organisation Chain,Tender Reference Number,Tender ID,Tender Type,Form of contract,Tender Category,No. of Covers,General Technical Evaluation Allowed,ItemWise Technical Evaluation Allowed,Payment Mode,Is Multi Currency Allowed For BOQ,Is Multi Currency Allowed For Fee,Allow Two Stage Bidding,Name,Address,Cover No,Cover,Document Type,Description,S.No,Bank Name,Publish Date,Bid Opening Date,Document Download / Sale Start Date,Document Download / Sale End Date,Clarification Start Date,Clarification End Date,Bid Submission Start Date,Bid Submission End Date,Financial Bid Opening Date,Organisation Chain :,Tender ID :,Tender Ref No :,Tender Title :,S.No,Bid Number,Bidder Name,Submitted Date,Status,Remarks,Status Updated On,Committee Chairperson/Co-ordinator Name :,Committee Chairperson/Co-ordinator Type :,Committee Members :,Updated By :,Updated On :,Financial Bid Opening Date:,Document :,Type :,Summary :,Updated By :.1,Updated On :.1,Document :.1,Type :.1,Summary :.1,Updated By :.2,Updated On :.2,Document :.2,BOQ Comparative Chart :
"2,260",Nil,Nil,No,"2,26,000",Yes,fixed,,Nil,Nil,"MMPPNA_22_23_454 Construction of road from Remaining portion of Keyhang Kakajan Jangli Line Road including routine maintenance for 4 (four) years under Mukhya Mantrir Paki Path Nirman Achani for the year 2022-23, Tinsukia LAC","MMPPNA_22_23_454 Construction of road from Remaining portion of Keyhang Kakajan Jangli Line Road including routine maintenance for 4 (four) years under Mukhya Mantrir Paki Path Nirman Achani for the year 2022-23, Tinsukia LAC",Please refer Tender documents. ,NA ,"1,06,19,000",Civil Works,NA ,Tender,180.0,270.0,Tinsukia,781003.0,"Development Branch, O/o the CE (Roads)PWRD, Assam  ","O/o the Chief Engineer,(Roads)PWRD, Assam , Chandmari, Guwahati-781003 ",14-Dec-2022 12:00 PM ,"Development Branch, O/o the CE (Roads)PWRD, Assam",No ,No,Public Works Roads Department,CE/DEV/TB/235/2022-23/01,2022_PWD_27897_454,Open Tender,Item Rate,Works,2.0,No,No,Online,No,No,No,"Chief Engineer, Roads, PWRD","O/o the Chief Engineer,(Roads)PWRD, Assam , Chandmari, Guwahati-781003",1.0,Fee/PreQual/Technical,.pdf,Standard Bidding Documents,1.0,SBI Bank,05-Dec-2022 09:55 AM,23-Dec-2022 02:30 PM,05-Dec-2022 09:55 AM,22-Dec-2022 02:00 PM,05-Dec-2022 09:55 AM ,14-Dec-2022 12:00 PM ,15-Dec-2022 02:00 PM,22-Dec-2022 02:00 PM,15-Feb-2023 03:00 PM,Public Works Roads Department,2022_PWD_27897_454,CE/DEV/TB/235/2022-23/01,"MMPPNA_22_23_454 Construction of road from Remaining portion of Keyhang Kakajan Jangli Line Road including routine maintenance for 4 (four) years under Mukhya Mantrir Paki Path Nirman Achani for the year 2022-23, Tinsukia LAC",1,167808,BHABESH BORGOHAIN,22-Dec-2022 03:32 AM,Admitted-Finance,,15-Feb-2023 09:22 PM,"Chief Engineer (Roads), PWRD, Assam",Internal,,MRIDUL TALUKDAR,15-Feb-2023 02:43 PM,15-Feb-2023 03:00 PM,techsummary_44394.pdf (291.14 KB),Technical,Verified,MRIDUL TALUKDAR,15-Feb-2023 02:41 PM,None,Finance,financial opened,SUSHIL KUMAR DAS,15-Feb-2023 09:22 PM,None,BOQ Comparative Chart
,,,,,,,,,,,,,,,,,,,,,,,,,,,,,,,,,,,,,,,,,,,,,.pdf,Technical Qualification Details,,,,,,,,,,,,,,,,2,169275,Manuj Kr Telia,22-Dec-2022 05:02 AM,Admitted-Finance,,15-Feb-2023 09:22 PM,,,,,,,,,,,,,,,,,,
,,,,,,,,,,,,,,,,,,,,,,,,,,,,,,,,,,,,,,,,,,,2.0,Finance,.xls,Bill of Quantities,,,,,,,,,,,,,,,,3,167779,SRI HRIDAY CHUTIA,17-Dec-2022 08:29 PM,Admitted-Finance,,15-Feb-2023 09:22 PM,,,,,,,,,,,,,,,,,,
,,,,,,,,,,,,,,,,,,,,,,,,,,,,,,,,,,,,,,,,,,,,,.pdf,Form of Bid,,,,,,,,,,,,,,,,4,169310,Sri Kaniska Gogoi,22-Dec-2022 02:52 AM,Admitted-Finance,,15-Feb-2023 09:22 PM,,,,,,,,,,,,,,,,,,
,,,,,,,,,,,,,,,,,,,,,,,,,,,,,,,,,,,,,,,,,,,,,,,,,,,,,,,,,,,,,,5,167049,Sri Pranab Chetia,17-Dec-2022 08:01 PM,Admitted-Finance,,15-Feb-2023 09:22 PM,,,,,,,,,,,,,,,,,,
,,,,,,,,,,,,,,,,,,,,,,,,,,,,,,,,,,,,,,,,,,,,,,,,,,,,,,,,,,,,,,6,169269,SUNIL SHAH,22-Dec-2022 05:38 AM,Admitted-Finance,,15-Feb-2023 09:22 PM,,,,,,,,,,,,,,,,,,
