﻿Committee Chairperson/Co-ordinator Name :,Committee Chairperson/Co-ordinator Type :,Committee Members :,Updated By :,Updated on :,Document :,Organisation Chain :,Tender ID :,Tender Ref No :,Tender Title :,Type :,Summary :,Updated By :.1,Updated On :,Document :.1,Committee Chairperson/Co-ordinator Name :.1,Committee Chairperson/Co-ordinator Type :.1,Committee Members :.1,Updated By :.2,Updated On :.1,Financial Bid Opening Date:,Document :.2,S.No,Bid Number,Bidder Name,Submitted Date,Status,Remarks,Status Updated On,Type :.1,Summary :.1,Updated By :.3,Updated On :.2,Document :.3,BOQ Comparative Chart :,Title,Work Description,Pre Qualification Details,Independent External Monitor/Remarks,Tender Value in ₹,Product Category,Sub category,Contract Type,Bid Validity(Days),Period Of Work(Days),Location,Pincode,Pre Bid Meeting Place,Pre Bid Meeting Address,Pre Bid Meeting Date,Bid Opening Place,Should Allow NDA Tender,Allow Preferential Bidder,Name,Address,S.No,Corrigendum Title,Corrigendum Type,View,Organisation Chain,Tender Reference Number,Tender ID,Tender Type,Form of contract,Tender Category,No. of Covers,General Technical Evaluation Allowed,ItemWise Technical Evaluation Allowed,Payment Mode,Is Multi Currency Allowed For BOQ,Is Multi Currency Allowed For Fee,Allow Two Stage Bidding,EMD Amount in ₹,EMD through BG/ST or EMD Exemption Allowed,EMD Fee Type,EMD Percentage,EMD Payable To,EMD Payable At,Tender Fee in ₹,Fee Payable To,Fee Payable At,Tender Fee Exemption Allowed,Publish Date,Bid Opening Date,Document Download / Sale Start Date,Document Download / Sale End Date,Clarification Start Date,Clarification End Date,Bid Submission Start Date,Bid Submission End Date,Financial Bid Opening Date,Cover No,Cover,Document Type,Description
"BDO, Borobazar TD Block Borobazar",Internal,,Golap Ch Das,08-Sep-2022 06:18 PM,finsummary_40793.pdf (2616.78 KB),Bodoland Territorial Council||Panchayat and Rural Development-BTC,2022_BoTC_26432_1,BDO/SOPD/e-tender/2020-21/7,Impt. Of Aie river Embankment at Choto Amguri to Dwimuguri Vill. (Phase-II).,Technical,Tender Oening Summary,Golap Ch Das,03-Aug-2022 10:44 AM,technical_40793.pdf,"Nirjay Brahma, BDO, Borobazar TD Block Borobazar",Internal,"Golap Das, AE, Sujala Ray, Acct, Raju Wary, AE, Kumarish Biswas, AE",Golap Ch Das,03-Aug-2022 10:58 AM,03-Aug-2022 02:00 PM,techsummary_40793.pdf (341.36 KB),1.0,154702.0,HEROCK JYOTI JOARDER,29-Jul-2022 09:48 AM,Rejected-Technical,Not Qualified,03-Aug-2022 10:58 AM,Finance,Proceed for financial evaluation.,Golap Ch Das,22-Aug-2022 09:12 PM,None,BOQ Comparative Chart,Impt. Of Aie river Embankment at Choto Amguri to Dwimuguri Vill. (Phase-II).,BDO/SOPD/e-tender/2020-21/7,Refer Bid Document ,NA ,"91,95,615",Civil Works,NA ,Tender,180.0,120.0,Bijni,783393.0,NA ,NA ,NA ,"O/o the BDO, Borobazar T.D Block, Borobazar",No ,No,"The BDO, Borobazar T.D Block, Borobazar","O/o the BDO, Borobazar T.D Block, Borobazar",1.0,Date Extension,Date,,Bodoland Territorial Council||Panchayat and Rural Development-BTC,BDO/SOPD/e-tender/2020-21/7,2022_BoTC_26432_1,Open Tender,Item Rate,Works,2.0,No,No,Not Applicable,No,No,No,0.0,No,fixed,,Nil,Nil,0.0,Nil,Nil,No,25-Jul-2022 10:00 AM,29-Jul-2022 02:00 PM,25-Jul-2022 10:00 AM,29-Jul-2022 12:00 PM,NA ,NA ,25-Jul-2022 10:00 AM,29-Jul-2022 12:00 PM,03-Aug-2022 02:00 PM,1.0,Fee/PreQual/Technical,.pdf,Technical Qualfication
,,,,,,,,,,,,,,,,,,,,,,2.0,154505.0,NABA BASUMATARY,28-Jul-2022 04:35 PM,Accepted-Finance,lowest bid,08-Sep-2022 06:18 PM,,,,,,,,,,,,,,,,,,,,,,,,,,,,,,,,,,,,,,,,,,,,,,,,,,,,,,,,,,,,,,,,,.pdf,Bid Document
,,,,,,,,,,,,,,,,,,,,,,3.0,154699.0,Pradip Kr Saha,29-Jul-2022 09:36 AM,Rejected-Finance,highest bid,08-Sep-2022 06:18 PM,,,,,,,,,,,,,,,,,,,,,,,,,,,,,,,,,,,,,,,,,,,,,,,,,,,,,,,,,,,,,,,2.0,Finance,.xls,BOQ
,,,,,,,,,,,,,,,,,,,,,,,,,,,,,,,,,,,,,,,,,,,,,,,,,,,,,,,,,,,,,,,,,,,,,,,,,,,,,,,,,,,,,,,,,,,,,.pdf,Form of Bid
