﻿Organisation Chain,Tender Reference Number,Tender ID,Tender Type,Form of contract,Tender Category,No. of Covers,General Technical Evaluation Allowed,ItemWise Technical Evaluation Allowed,Payment Mode,Is Multi Currency Allowed For BOQ,Is Multi Currency Allowed For Fee,Allow Two Stage Bidding,Cover No,Cover,Document Type,Description,Publish Date,Bid Opening Date,Document Download / Sale Start Date,Document Download / Sale End Date,Clarification Start Date,Clarification End Date,Bid Submission Start Date,Bid Submission End Date,Financial Bid Opening Date,Tender Fee in ₹,Fee Payable To,Fee Payable At,Tender Fee Exemption Allowed,EMD Amount in ₹,EMD through BG/ST or EMD Exemption Allowed,EMD Fee Type,EMD Percentage,EMD Payable To,EMD Payable At,S.No,Corrigendum Title,Corrigendum Type,View,Name,Address,Title,Work Description,Pre Qualification Details,Independent External Monitor/Remarks,Tender Value in ₹,Product Category,Sub category,Contract Type,Bid Validity(Days),Period Of Work(Days),Location,Pincode,Pre Bid Meeting Place,Pre Bid Meeting Address,Pre Bid Meeting Date,Bid Opening Place,Should Allow NDA Tender,Allow Preferential Bidder,S.No.1,Bank Name,Organisation Chain :,Tender ID :,Tender Ref No :,Tender Title :,Committee Chairperson/Co-ordinator Name :,Committee Chairperson/Co-ordinator Type :,Committee Members :,Updated By :,Updated On :,Financial Bid Opening Date:,Document :,Type :,Summary :,Updated By :.1,Updated On :.1,Document :.1,S.No,Bid Number,Bidder Name,Awarded Currency,Awarded Value,S.No.1,Bid Number.1,Bidder Name.1,Submitted Date,Status,Remarks,Status Updated On,Contract Date :,Contract Value :,Work Completion Period in days :,Updated By :.2,Updated on :,AOC document :,AOC Description :,Type :.1,Summary :.1,Updated By :.3,Updated On :.2,Document :.2,BOQ Comparative Chart :,Committee Chairperson/Co-ordinator Name :.1,Committee Chairperson/Co-ordinator Type :.1,Committee Members :.1,Updated By :.4,Updated on :.1,Document :.3
Public Works Roads Department-Externally Aided Project||Public Works Road Department- World Bank Funded Tenders,CE/APART/49/2022/14,2022_PWRDW_25569_13,Open Tender,Lump-sum,Works,2.0,No,No,Online,No,No,No,1.0,Fee/PreQual/Technical,.pdf,EMD,18-May-2022 09:00 AM,24-Jun-2022 02:30 PM,18-May-2022 09:00 AM,24-Jun-2022 02:00 PM,18-May-2022 09:00 AM ,30-May-2022 11:00 AM ,18-May-2022 09:00 AM,24-Jun-2022 02:00 PM,22-Sep-2022 04:30 PM,"5,000",Nil,Nil,No,"5,31,500",Yes,fixed,,Nil,Nil,1.0,Corrigendum 1,Date,,"Chief Engineer,(EAP) PWRD,Assam","O/o The Chief Engineer,(EAP) PWRD,Assam Fatasil Ambari,Guwahati- 781025",Road from Gurufela Panbari PWD road near Thanda Bazar to Majhi Basti at village No. 2 in Kokrajhar District,APART/NOCP/ROADS/KOK-11 Construction of road from Gurufela Panbari PWD road near Thanda Bazar to Majhi Basti at village No. 2 Panbari under Mouza - Ripu No. 1 in Kokrajhar District (length 1.772 KM) under APART,Please refer Tender documents. ,NA ,"2,65,75,000",Civil Works – Roads,NA ,Tender,90.0,270.0,Kokrajhar District,783360.0,"O/o The Chief Engineer,(EAP) PWRD,Assam ","O/o The Chief Engineer,(EAP) PWRD,Assam Fatasil Ambari,Guwahati- 781025 ",30-May-2022 11:00 AM ,"O/o The Chief Engineer,(EAP) PWRD,Assam",No ,No,1.0,SBI Bank,Public Works Roads Department-Externally Aided Project||Public Works Road Department- World Bank Funded Tenders,2022_PWRDW_25569_13,CE/APART/49/2022/14,Road from Gurufela Panbari PWD road near Thanda Bazar to Majhi Basti at village No. 2 in Kokrajhar District,"Chief Engineer,(EAP)PWRD,Assam",Internal,"Deputy Secretary(Works),PWRD,CPIU and Superintending Engineer,CE,PWRD(Roads),Assam",Pallavi Chakravorty,22-Sep-2022 03:55 PM,22-Sep-2022 04:30 PM,techsummary_39502.pdf (217.68 KB),Technical,Technical Bids has been opened,Pallavi Chakravorty,25-Jun-2022 05:28 PM,None,1.0,151191.0,KAMALA KANTA KHAKLARY,INR,20196000.0,1.0,150931.0,Animesh Brahma,24-Jun-2022 01:51 PM,Rejected-Technical,As per the decision of Bid Evaluation Committee.,22-Sep-2022 03:55 PM,28-Oct-2022,INR 20196000.00,270.0,Kampi Sonowal,03-Nov-2022 04:51 PM,WO_Rd_Gurufela.pdf (840.00 KB),,Finance,Financial Bids has been opened,Sanjita Bodo,23-Sep-2022 05:44 PM,None,BOQ Comparative Chart,"Chief Engineer,(EAP)PWRD,Assam",Internal,"Deputy Secretary(Works),PWRD,CPIU and Superintending Engineer,CE,PWRD(Roads),Assam",Sanjita Bodo,14-Oct-2022 04:04 PM,finsummary_39502.pdf (1229.77 KB)
,,,,,,,,,,,,,,,.pdf,SBD,,,,,,,,,,,,,,,,,,,,,,,,,,,,,,,,,,,,,,,,,,,,,,,,,,,,,,,,,,,,,,,,,,,2.0,151191.0,KAMALA KANTA KHAKLARY,22-Jun-2022 10:26 PM,Accepted-AOC,Awarded Contract Bidder,03-Nov-2022 04:52 PM,,,,,,,,,,,,,,,,,,,
,,,,,,,,,,,,,,,.pdf,Technical Qualification Details,,,,,,,,,,,,,,,,,,,,,,,,,,,,,,,,,,,,,,,,,,,,,,,,,,,,,,,,,,,,,,,,,,,3.0,150895.0,Marjit Basumatary,24-Jun-2022 12:31 PM,Rejected-Finance,Rejected as L2,14-Oct-2022 04:04 PM,,,,,,,,,,,,,,,,,,,
,,,,,,,,,,,,,,,.pdf,Letter of Bid (Technical),,,,,,,,,,,,,,,,,,,,,,,,,,,,,,,,,,,,,,,,,,,,,,,,,,,,,,,,,,,,,,,,,,,4.0,151625.0,M/S Competent Infrastructure & Consulting Pvt. Ltd,23-Jun-2022 08:33 PM,Rejected-Technical,As per the decision of Bid Evaluation Committee.,22-Sep-2022 03:55 PM,,,,,,,,,,,,,,,,,,,
,,,,,,,,,,,,,2.0,Finance,.xls,BoQ,,,,,,,,,,,,,,,,,,,,,,,,,,,,,,,,,,,,,,,,,,,,,,,,,,,,,,,,,,,,,,,,,,,5.0,150675.0,RAJU CHANDRA BASUMATARY,24-Jun-2022 09:51 AM,Rejected-Finance,Rejected as L3,14-Oct-2022 04:04 PM,,,,,,,,,,,,,,,,,,,
,,,,,,,,,,,,,,,.pdf,Letter of Bid (Financial),,,,,,,,,,,,,,,,,,,,,,,,,,,,,,,,,,,,,,,,,,,,,,,,,,,,,,,,,,,,,,,,,,,,,,,,,,,,,,,,,,,,,,,,,,,,
