﻿Publish Date,Bid Opening Date,Document Download / Sale Start Date,Document Download / Sale End Date,Clarification Start Date,Clarification End Date,Bid Submission Start Date,Bid Submission End Date,Financial Bid Opening Date,EMD Amount in ₹,EMD through BG/ST or EMD Exemption Allowed,EMD Fee Type,EMD Percentage,EMD Payable To,EMD Payable At,Cover No,Cover,Document Type,Description,S.No,Bank Name,Tender Fee in ₹,Fee Payable To,Fee Payable At,Tender Fee Exemption Allowed,Organisation Chain,Tender Reference Number,Tender ID,Tender Type,Form of contract,Tender Category,No. of Covers,General Technical Evaluation Allowed,ItemWise Technical Evaluation Allowed,Payment Mode,Is Multi Currency Allowed For BOQ,Is Multi Currency Allowed For Fee,Allow Two Stage Bidding,Name,Address,Title,Work Description,Pre Qualification Details,Independent External Monitor/Remarks,Tender Value in ₹,Product Category,Sub category,Contract Type,Bid Validity(Days),Period Of Work(Days),Location,Pincode,Pre Bid Meeting Place,Pre Bid Meeting Address,Pre Bid Meeting Date,Bid Opening Place,Should Allow NDA Tender,Allow Preferential Bidder,Committee Chairperson/Co-ordinator Name :,Committee Chairperson/Co-ordinator Type :,Committee Members :,Updated By :,Updated on :,Document :,Organisation Chain :,Tender ID :,Tender Ref No :,Tender Title :,S.No,Bid Number,Bidder Name,Awarded Currency,Awarded Value,S.No.1,Bid Number.1,Bidder Name.1,Submitted Date,Status,Remarks,Status Updated On,Committee Chairperson/Co-ordinator Name :.1,Committee Chairperson/Co-ordinator Type :.1,Committee Members :.1,Updated By :.1,Updated On :,Financial Bid Opening Date:,Document :.1,Contract Date :,Contract Value :,Work Completion Period in days :,Updated By :.2,Updated on :.1,AOC document :,AOC Description :,Type :,Summary :,Updated By :.3,Updated On :.1,Document :.2,Type :.1,Summary :.1,Updated By :.4,Updated On :.2,Document :.3,BOQ Comparative Chart :
20-Jul-2022 02:00 PM,10-Aug-2022 02:00 PM,20-Jul-2022 02:00 PM,10-Aug-2022 02:00 PM,NA ,NA ,20-Jul-2022 02:00 PM,10-Aug-2022 02:00 PM,03-Sep-2022 04:50 PM,"2,54,000",No,fixed,,Nil,Nil,1.0,Fee/PreQual/Technical,.pdf,ONLINE PAYMENT RECEIPT (BID COST_BID SECURITY),1.0,SBI Bank,"3,540",Nil,Nil,No,Public Works Building and NH Department||Chief Engineer-Building - PWBNH||SE-Planning - PWBNH,Package No. NHR (R) / RAN/ SOPD/2022-23/03,2022_PWBNH_26390_1,Open Tender,Item Rate,Works,2.0,No,No,Online,No,No,No,"CE PWD NH Works Assam, Chandmari, Ghy-3","O/O The CE PWD NH Works Assam, Chandmari, Ghy-3","Special repair to NH-15 (from Km.83.00 to Km.97.00) under SOPD for the year 2022-2023, Under PWD Rangia NH Division Rangia in the state of Assam. (Providing Filling Pot holes and Patch Repairs with Bituminous Concrete 40 mm and WBM work)","Special repair to NH-15 (from Km.83.00 to Km.97.00) under SOPD for the year 2022-2023, Under PWD Rangia NH Division Rangia in the state of Assam. (Providing Filling Pot holes and Patch Repairs with Bituminous Concrete 40 mm and WBM work)",Please refer Tender documents. ,NA ,"1,26,59,000",Civil Works – Highways,NA ,Tender,180.0,120.0,Rangia,781354.0,"O/O The CE PWD NH Works Assam, Chandmari, Ghy-3 ","O/O The CE PWD NH Works Assam, Chandmari, Ghy-3 ",01-Aug-2022 12:00 PM ,"O/O The CE PWD NH Works Assam, Chandmari, Ghy-3",No ,No,CE PWD (NH Works),Internal,,Ranjita Rani Singha,19-Sep-2022 04:29 PM,finsummary_40712.pdf (257.45 KB),Public Works Building and NH Department||Chief Engineer-Building - PWBNH||SE-Planning - PWBNH,2022_PWBNH_26390_1,Package No. NHR (R) / RAN/ SOPD/2022-23/03,"Special repair to NH-15 (from Km.83.00 to Km.97.00) under SOPD for the year 2022-2023, Under PWD Rangia NH Division Rangia in the state of Assam. (Providing Filling Pot holes and Patch Repairs with Bituminous Concrete 40 mm and WBM work)",1.0,155424.0,Suraj Kr. Basumatary,INR,12652462.0,1.0,155746.0,DEEPAK CHAHARIA,10-Aug-2022 12:17 PM,Rejected-Finance,Accepted,19-Sep-2022 04:29 PM,CE PWD (NH WORKS),Internal,,Ranjita Rani Singha,03-Sep-2022 04:48 PM,03-Sep-2022 04:50 PM,techsummary_40712.pdf (934.07 KB),30-Sep-2022,INR 12659000.00,120.0,Ranjita Rani Singha,30-Sep-2022 04:24 PM,WO_SPNH-15RAN.pdf (279.00 KB),,Technical,Summary,Ranjita Rani Singha,10-Aug-2022 03:31 PM,technical_40712.pdf,Finance,Summary,Ranjita Rani Singha,03-Sep-2022 05:12 PM,finance_40712.pdf,BOQ Comparative Chart
,,,,,,,,,,,,,,,,,.pdf,BIDDING DOCUMENT,,,,,,,,,,,,,,,,,,,,,,,,,,,,,,,,,,,,,,,,,,,,,,,,,,,,,,,2.0,155424.0,Suraj Kr. Basumatary,09-Aug-2022 03:31 PM,Accepted-AOC,Work Order Issued,30-Sep-2022 04:24 PM,,,,,,,,,,,,,,,,,,,,,,,,,
,,,,,,,,,,,,,,,,,.pdf,TECHNICAL QUALIFICATIONS,,,,,,,,,,,,,,,,,,,,,,,,,,,,,,,,,,,,,,,,,,,,,,,,,,,,,,,,,,,,,,,,,,,,,,,,,,,,,,,,,,,,,,
,,,,,,,,,,,,,,,2.0,Finance,.xls,BOQ,,,,,,,,,,,,,,,,,,,,,,,,,,,,,,,,,,,,,,,,,,,,,,,,,,,,,,,,,,,,,,,,,,,,,,,,,,,,,,,,,,,,,,
,,,,,,,,,,,,,,,,,.pdf,FORM OF BID,,,,,,,,,,,,,,,,,,,,,,,,,,,,,,,,,,,,,,,,,,,,,,,,,,,,,,,,,,,,,,,,,,,,,,,,,,,,,,,,,,,,,,
