﻿Organisation Chain :,Tender ID :,Tender Ref No :,Tender Title :,Type :,Summary :,Updated By :,Updated On :,Document :,S.No,Bid Number,Bidder Name,Submitted Date,Status,Remarks,Status Updated On,Name,Address,EMD Amount in ₹,EMD through BG/ST or EMD Exemption Allowed,EMD Fee Type,EMD Percentage,EMD Payable To,EMD Payable At,Cover No,Cover,Document Type,Description,S.No,Bank Name,Title,Work Description,Pre Qualification Details,Independent External Monitor/Remarks,Tender Value in ₹,Product Category,Sub category,Contract Type,Bid Validity(Days),Period Of Work(Days),Location,Pincode,Pre Bid Meeting Place,Pre Bid Meeting Address,Pre Bid Meeting Date,Bid Opening Place,Should Allow NDA Tender,Allow Preferential Bidder,Organisation Chain,Tender Reference Number,Tender ID,Tender Type,Form of contract,Tender Category,No. of Covers,General Technical Evaluation Allowed,ItemWise Technical Evaluation Allowed,Payment Mode,Is Multi Currency Allowed For BOQ,Is Multi Currency Allowed For Fee,Allow Two Stage Bidding,Tender Fee in ₹,Fee Payable To,Fee Payable At,Tender Fee Exemption Allowed,Publish Date,Bid Opening Date,Document Download / Sale Start Date,Document Download / Sale End Date,Clarification Start Date,Clarification End Date,Bid Submission Start Date,Bid Submission End Date,S.No.1,Corrigendum Title,Corrigendum Type,View
Guwahati Municipal Corporation,2022_GMC_28546_35,GER/CE/1806/2019/241 Dated-19/12/2022,Construction of Road and drain at Binoy Kumar Tamuli path at byelane no. 4,Technical,Bid has been Opened and Admitted for Technical Evaluation,Doni Hatimuria,24-Jan-2023 01:12 AM,None,1.0,173047.0,HRISHIKESH TALUKDAR,13-Jan-2023 06:10 PM,Admitted-Fee/PreQual/Technical,,24-Jan-2023 01:12 AM,"The Commissioner, GMC","THE COMMISSIONER, GUWAHATI MUNICIPAL CORPORATION, 2nd Floor, STATFED Building,G.M.C.H. Road, Bhangagarh, Guwahati-781005","86,000",Yes,fixed,,Nil,Nil,1.0,Fee/PreQual/Technical,.pdf,Technical Qualification Part,1.0,SBI Bank,Construction of Road and drain at Binoy Kumar Tamuli path at byelane no. 4,Improvement of Various works under Guwahati Municipal Corporation,Please refer Bid Document ,NA ,"43,00,000",Civil Works – Roads,NA ,Tender,90.0,90.0,Guwahati,781005.0,Guwahati ,"Office of the Chief Engineer Branch, Old Garage, GMC (Near Guwahati Club Fly over, Morasali).  ",07-Jan-2023 02:00 PM ,"Office of the Commissioner, Bhangagarh Guwahati-05",No ,No,Guwahati Municipal Corporation,GER/CE/1806/2019/241 Dated-19/12/2022,2022_GMC_28546_35,Open Tender,Lump-sum,Works,2.0,No,No,Online,No,No,No,900.0,Nil,Nil,No,07-Jan-2023 09:00 AM,17-Jan-2023 02:30 PM,07-Jan-2023 09:05 AM,17-Jan-2023 02:00 PM,NA ,NA ,12-Jan-2023 09:00 AM,17-Jan-2023 02:00 PM,1.0,Technical,Technical Bid,
,,,,,,,,,2.0,173722.0,M/S MAZUMDER CONSTRUCTION,17-Jan-2023 02:41 AM,Admitted-Fee/PreQual/Technical,,24-Jan-2023 01:12 AM,,,,,,,,,,,.pdf,Bid Document,,,,,,,,,,,,,,,,,,,,,,,,,,,,,,,,,,,,,,,,,,,,,,,,,
,,,,,,,,,3.0,173060.0,SARAT DEKA,14-Jan-2023 03:48 PM,Admitted-Fee/PreQual/Technical,,24-Jan-2023 01:12 AM,,,,,,,,,2.0,Finance,.pdf,Contractor Bid,,,,,,,,,,,,,,,,,,,,,,,,,,,,,,,,,,,,,,,,,,,,,,,,,
,,,,,,,,,,,,,,,,,,,,,,,,,,.xls,BOQ,,,,,,,,,,,,,,,,,,,,,,,,,,,,,,,,,,,,,,,,,,,,,,,,,
