﻿Organisation Chain,Tender Reference Number,Tender ID,Tender Type,Form of contract,Tender Category,No. of Covers,General Technical Evaluation Allowed,ItemWise Technical Evaluation Allowed,Payment Mode,Is Multi Currency Allowed For BOQ,Is Multi Currency Allowed For Fee,Allow Two Stage Bidding,S.No,Bank Name,Cover No,Cover,Document Type,Description,EMD Amount in ₹,EMD through BG/ST or EMD Exemption Allowed,EMD Fee Type,EMD Percentage,EMD Payable To,EMD Payable At,Name,Address,S.No.1,Corrigendum Title,Corrigendum Type,View,Publish Date,Bid Opening Date,Document Download / Sale Start Date,Document Download / Sale End Date,Clarification Start Date,Clarification End Date,Bid Submission Start Date,Bid Submission End Date,Title,Work Description,Pre Qualification Details,Independent External Monitor/Remarks,Tender Value in ₹,Product Category,Sub category,Contract Type,Bid Validity(Days),Period Of Work(Days),Location,Pincode,Pre Bid Meeting Place,Pre Bid Meeting Address,Pre Bid Meeting Date,Bid Opening Place,Should Allow NDA Tender,Allow Preferential Bidder,Tender Fee in ₹,Fee Payable To,Fee Payable At,Tender Fee Exemption Allowed,Organisation Chain :,Tender ID :,Tender Ref No :,Tender Title :,S.No,Bid Number,Bidder Name,Submitted Date,Status,Remarks,Status Updated On,Type :,Summary :,Updated By :,Updated On :,Document :
Public Works Building and NH Department||Chief Engineer-Building - PWBNH,TECH.II/256/2022/13 Dated Guwahati 7th Feb 2023,2023_PWBNH_29446_8,Open Tender,Item Rate,Works,2.0,No,No,Online,No,No,No,1.0,SBI Bank,1.0,Fee/PreQual/Technical,.pdf,BIDDING DOCUMENT,"11,52,965",Yes,percentage,2.0%,Nil,Nil,"Spl. CE, PWD(Bldg) (H AND E) Assam, Ghy-3","O/O The CE, PWD (Bldg), Assam, Chandmari, Ghy-3",1.0,Extension Notice AND Corrigendum,Date,,21-Feb-2023 03:00 PM,13-Mar-2023 11:30 AM,21-Feb-2023 03:00 PM,10-Mar-2023 02:00 PM,NA ,NA ,21-Feb-2023 03:00 PM,10-Mar-2023 02:00 PM,"TG-61 Construction of 100 (hundred) Model Secondary Schools in the Tea Garden Areas, Assam at i)Sabitri T.E. ii)Bahadur T.E. in Tinsukia District","TG-61 Construction of 100 (hundred) Model Secondary Schools in the Tea Garden Areas, Assam at i)Sabitri T.E. ii)Bahadur T.E. in Tinsukia District",Please refer Tender documents. ,NA ,"5,76,48,254",Civil Works - Building,NA ,Tender,180.0,455.0,Tinsukia,786125.0,"O/O The CE, PWD (Bldg), Assam, Chandmari, Ghy-3 ","O/O The CE, PWD (Bldg), Assam, Chandmari, Ghy-3 ",27-Feb-2023 11:00 AM ,"O/O The CE, PWD (Bldg), Assam, Chandmari, Ghy-3",No ,No,"11,530",Nil,Nil,No,Public Works Building and NH Department||Chief Engineer-Building - PWBNH,2023_PWBNH_29446_8,TECH.II/256/2022/13 Dated Guwahati 7th Feb 2023,"TG-61 Construction of 100 (hundred) Model Secondary Schools in the Tea Garden Areas, Assam at i)Sabitri T.E. ii)Bahadur T.E. in Tinsukia District",1.0,178619.0,atw india pvt ltd,06-Mar-2023 03:00 PM,Admitted-Fee/PreQual/Technical,,14-Mar-2023 11:41 AM,Technical,Summary,Nayan Jyoti Barman,14-Mar-2023 11:41 AM,technical_47394.pdf
,,,,,,,,,,,,,,,,,.pdf,TECHNICAL QUALIFICATIONS,,,,,,,,,,,,,,,,,,,,,,,,,,,,,,,,,,,,,,,,,,,,,,,2.0,179287.0,SRI BIJAY KUMAR MORE,07-Mar-2023 11:01 PM,Admitted-Fee/PreQual/Technical,,14-Mar-2023 11:41 AM,,,,,
,,,,,,,,,,,,,,,2.0,Finance,.xls,BOQ,,,,,,,,,,,,,,,,,,,,,,,,,,,,,,,,,,,,,,,,,,,,,,,,,,,,,,,,,,
,,,,,,,,,,,,,,,,,.pdf,FORM OF BID,,,,,,,,,,,,,,,,,,,,,,,,,,,,,,,,,,,,,,,,,,,,,,,,,,,,,,,,,,
