﻿Organisation Chain :,Tender ID :,Tender Ref No :,Tender Title :,Type :,Summary :,Updated By :,Updated On :,Document :,Committee Chairperson/Co-ordinator Name :,Committee Chairperson/Co-ordinator Type :,Committee Members :,Updated By :.1,Updated On :.1,Financial Bid Opening Date:,Document :.1,S.No,Bid Number,Bidder Name,Submitted Date,Status,Remarks,Status Updated On,Type :.1,Summary :.1,Updated By :.2,Updated On :.2,Document :.2,BOQ Comparative Chart :,Organisation Chain,Tender Reference Number,Tender ID,Tender Type,Form of contract,Tender Category,No. of Covers,General Technical Evaluation Allowed,ItemWise Technical Evaluation Allowed,Payment Mode,Is Multi Currency Allowed For BOQ,Is Multi Currency Allowed For Fee,Allow Two Stage Bidding,Cover No,Cover,Document Type,Description,EMD Amount in ₹,EMD through BG/ST or EMD Exemption Allowed,EMD Fee Type,EMD Percentage,EMD Payable To,EMD Payable At,Publish Date,Bid Opening Date,Document Download / Sale Start Date,Document Download / Sale End Date,Clarification Start Date,Clarification End Date,Bid Submission Start Date,Bid Submission End Date,Financial Bid Opening Date,S.No,Bank Name,Tender Fee in ₹,Fee Payable To,Fee Payable At,Tender Fee Exemption Allowed,Name,Address,Title,Work Description,Pre Qualification Details,Independent External Monitor/Remarks,Tender Value in ₹,Product Category,Sub category,Contract Type,Bid Validity(Days),Period Of Work(Days),Location,Pincode,Pre Bid Meeting Place,Pre Bid Meeting Address,Pre Bid Meeting Date,Bid Opening Place,Should Allow NDA Tender,Allow Preferential Bidder
Public Works Roads Department,2022_PWD_27897_60,CE/DEV/TB/235/2022-23/01,MMPPNA_22_23_60 Construction of road from (i) Sootea to Diplonga Road (Sootea to Diplonga) (ii) Solalgaon Tiniali to Sootea Korioni Connected Road Via Malargaon including routine maintenance for 4 (four) years under Mukhya Mantrir Paki Path Nirman,Technical,Verified,BHABANANDA DEKA,10-Mar-2023 02:42 PM,None,"Chief Engineer (Roads), PWRD, Assam",Internal,,BHABANANDA DEKA,10-Mar-2023 02:44 PM,10-Mar-2023 02:50 PM,techsummary_43631.pdf (367.64 KB),1,169959,Kamakhya udyog,22-Dec-2022 02:22 AM,Not Admitted-Fee/PreQual/Technical,Not Complied with technical specification,10-Mar-2023 02:42 PM,Finance,Financial opened,SUSHIL KUMAR DAS,10-Mar-2023 03:18 PM,None,BOQ Comparative Chart,Public Works Roads Department,CE/DEV/TB/235/2022-23/01,2022_PWD_27897_60,Open Tender,Item Rate,Works,2.0,No,No,Online,No,No,No,1.0,Fee/PreQual/Technical,.pdf,Standard Bidding Documents,"2,10,000",Yes,fixed,,Nil,Nil,01-Dec-2022 10:55 AM,23-Dec-2022 02:30 PM,01-Dec-2022 10:55 AM,22-Dec-2022 02:00 PM,01-Dec-2022 10:55 AM ,14-Dec-2022 12:00 PM ,15-Dec-2022 02:00 PM,22-Dec-2022 02:00 PM,10-Mar-2023 02:50 PM,1.0,SBI Bank,"2,100",Nil,Nil,No,"Chief Engineer, Roads, PWRD","O/o the Chief Engineer,(Roads)PWRD, Assam , Chandmari, Guwahati-781003",MMPPNA_22_23_60 Construction of road from (i) Sootea to Diplonga Road (Sootea to Diplonga) (ii) Solalgaon Tiniali to Sootea Korioni Connected Road Via Malargaon including routine maintenance for 4 (four) years under Mukhya Mantrir Paki Path Nirman,MMPPNA_22_23_60 Construction of road from (i) Sootea to Diplonga Road (Sootea to Diplonga) (ii) Solalgaon Tiniali to Sootea Korioni Connected Road Via Malargaon including routine maintenance for 4 (four) years under Mukhya Mantrir Paki Path Nirman,Please refer Tender documents. ,NA ,"96,18,000",Civil Works,NA ,Tender,180.0,270.0,Biswanath,781003.0,"Development Branch, O/o the CE (Roads)PWRD, Assam  ","O/o the Chief Engineer,(Roads)PWRD, Assam , Chandmari, Guwahati-781003 ",14-Dec-2022 12:00 PM ,"Development Branch, O/o the CE (Roads)PWRD, Assam",No ,No
,,,,,,,,,,,,,,,,2,167576,Lion Heart Construction Project,21-Dec-2022 06:25 PM,Admitted-Finance,,10-Mar-2023 03:18 PM,,,,,,,,,,,,,,,,,,,,,,.pdf,Technical Qualification Details,,,,,,,,,,,,,,,,,,,,,,,,,,,,,,,,,,,,,,,,,
,,,,,,,,,,,,,,,,3,168793,Partha Pratim Borthakur,20-Dec-2022 03:31 PM,Admitted-Finance,,10-Mar-2023 03:18 PM,,,,,,,,,,,,,,,,,,,,2.0,Finance,.xls,Bill of Quantities,,,,,,,,,,,,,,,,,,,,,,,,,,,,,,,,,,,,,,,,,
,,,,,,,,,,,,,,,,4,167670,UTTAM KUMAR HAZARIKA,21-Dec-2022 05:36 AM,Admitted-Finance,,10-Mar-2023 03:18 PM,,,,,,,,,,,,,,,,,,,,,,.pdf,Form of Bid,,,,,,,,,,,,,,,,,,,,,,,,,,,,,,,,,,,,,,,,,
