﻿Publish Date,Bid Opening Date,Document Download / Sale Start Date,Document Download / Sale End Date,Clarification Start Date,Clarification End Date,Bid Submission Start Date,Bid Submission End Date,Cover No,Cover,Document Type,Description,Tender Fee in ₹,Fee Payable To,Fee Payable At,Tender Fee Exemption Allowed,Title,Work Description,Pre Qualification Details,Independent External Monitor/Remarks,Tender Value in ₹,Product Category,Sub category,Contract Type,Bid Validity(Days),Period Of Work(Days),Location,Pincode,Pre Bid Meeting Place,Pre Bid Meeting Address,Pre Bid Meeting Date,Bid Opening Place,Should Allow NDA Tender,Allow Preferential Bidder,EMD Amount in ₹,EMD through BG/ST or EMD Exemption Allowed,EMD Fee Type,EMD Percentage,EMD Payable To,EMD Payable At,Organisation Chain,Tender Reference Number,Tender ID,Tender Type,Form of contract,Tender Category,No. of Covers,General Technical Evaluation Allowed,ItemWise Technical Evaluation Allowed,Payment Mode,Is Multi Currency Allowed For BOQ,Is Multi Currency Allowed For Fee,Allow Two Stage Bidding,S.No,Corrigendum Title,Corrigendum Type,View,S.No.1,Bank Name,Name,Address,S.No.,Corrigendum Title,Corrigendum Type,Corrigendum Description,Corrigendum Reason,Published Date,Document Name,Doc Size(in KB),Organisation Chain :,Tender ID :,Tender Ref No :,Tender Title :,S.No,Bid Number,Bidder Name,Submitted Date,Status,Remarks,Status Updated On,Committee Chairperson/Co-ordinator Name :,Committee Chairperson/Co-ordinator Type :,Committee Members :,Updated By :,Updated On :,Document :,Type :,Summary :,Updated By :.1,Updated On :.1,Document :.1
09-Aug-2022 06:30 PM,27-Sep-2022 02:30 PM,09-Aug-2022 06:30 PM,27-Sep-2022 02:00 PM,09-Aug-2022 06:30 PM ,16-Aug-2022 05:00 PM ,29-Aug-2022 05:00 PM,27-Sep-2022 02:00 PM,1.0,Fee/PreQual/Technical,.pdf,Scan copy of Technical Qualification Documents,"20,000",Nil,Nil,No,"Supply, Installation and Maintenance of Video Conferencing Solution in Office of the Commissionerate of Tax, Directorate of Audit (Local Fund) , Directorate of Accounts and Treasuries and Office of Commissionerate of Excise Office, Assam.","Supply, Installation and Maintenance of Video Conferencing Solution in Office of the Commissionerate of Tax, Directorate of Audit (Local Fund) , Directorate of Accounts and Treasuries and Office of Commissionerate of Excise Office, Assam.",Please refer Tender documents. ,NA ,,Miscellaneous Goods,NA ,Tender,180.0,NA ,All Assam,781006.0,Online ,meet.google.com/npw-aekn-rdt ,17-Aug-2022 03:00 PM ,"8th floor, Christian Basti, Guwahati-05",No ,No,"20,00,000",Yes,fixed,,Nil,Nil,Finance Department - World Bank Tenders||Assam State Public Finance Institutional Reforms,IN-AS-CFMS-263392-GO-RFB,2022_ASPIR_26597_1,Open Tender,Item Rate,Goods,2.0,No,No,Online,No,No,No,1,Cancellation of tender,Cancellation of Tender,,1.0,SBI Bank,Project Director,"Office of the ASPIRe, Shree Kamakhya Tower, 8th floor, Guwahati-05",1.0,Cancellation of tender,Cancellation of Tender,Cancellation of tender,All bids rejected in technical evaluation,01-Feb-2023 05:19 PM,cancellation_notice.pdf ,50.31,Finance Department - World Bank Tenders||Assam State Public Finance Institutional Reforms,2022_ASPIR_26597_1,IN-AS-CFMS-263392-GO-RFB,"Supply, Installation and Maintenance of Video Conferencing Solution in Office of the Commissionerate of Tax, Directorate of Audit (Local Fund) , Directorate of Accounts and Treasuries and Office of Commissionerate of Excise Office, Assam.",1,158849,BMG Informatics Pvt Ltd,27-Sep-2022 12:48 PM,Rejected-Technical,Technically disqualified,30-Dec-2022 05:26 PM,"Deputy Secretary to the Govt. of Assam, Finance Department",Internal,,MD MANZIL HUSSAIN,30-Dec-2022 05:26 PM,techsummary_41038.pdf (28.24 KB),Technical,Technical bid has opened,MD MANZIL HUSSAIN,27-Sep-2022 02:44 PM,None
,,,,,,,,,,.pdf,Tender document,,,,,,,,,,,,,,,,,,,,,,,,,,,,,,,,,,,,,,,,,,2,Date Extension,Date,,,,,,,,,,,,,,,,,,2,158713,DIAMOND INFOTECH PVT LTD,27-Sep-2022 01:21 PM,Rejected-Technical,Technically disqualified,30-Dec-2022 05:26 PM,,,,,,,,,,,
,,,,,,,,2.0,Finance,.xls,Price Bid,,,,,,,,,,,,,,,,,,,,,,,,,,,,,,,,,,,,,,,,,,3,Response to query,Other,,,,,,,,,,,,,,,,,,3,158838,Telecommunications Consultants India Limited,27-Sep-2022 01:06 PM,Rejected-Technical,Technically disqualified,30-Dec-2022 05:26 PM,,,,,,,,,,,
,,,,,,,,,,,,,,,,,,,,,,,,,,,,,,,,,,,,,,,,,,,,,,,,,,,,,4,Corrigendum for Technical Bid,Technical Bid,,,,,,,,,,,,,,,,,,4,158868,Trans Virtual Pvt Ltd,27-Sep-2022 01:02 PM,Rejected-Technical,Technically disqualified,30-Dec-2022 05:26 PM,,,,,,,,,,,
