﻿Cover No,Cover,Document Type,Description,Title,Work Description,Pre Qualification Details,Independent External Monitor/Remarks,Tender Value in ₹,Product Category,Sub category,Contract Type,Bid Validity(Days),Period Of Work(Days),Location,Pincode,Pre Bid Meeting Place,Pre Bid Meeting Address,Pre Bid Meeting Date,Bid Opening Place,Should Allow NDA Tender,Allow Preferential Bidder,EMD Amount in ₹,EMD through BG/ST or EMD Exemption Allowed,EMD Fee Type,EMD Percentage,EMD Payable To,EMD Payable At,Name,Address,Publish Date,Bid Opening Date,Document Download / Sale Start Date,Document Download / Sale End Date,Clarification Start Date,Clarification End Date,Bid Submission Start Date,Bid Submission End Date,Financial Bid Opening Date,Tender Fee in ₹,Fee Payable To,Fee Payable At,Tender Fee Exemption Allowed,S.No,Bank Name,Organisation Chain,Tender Reference Number,Tender ID,Tender Type,Form of contract,Tender Category,No. of Covers,General Technical Evaluation Allowed,ItemWise Technical Evaluation Allowed,Payment Mode,Is Multi Currency Allowed For BOQ,Is Multi Currency Allowed For Fee,Allow Two Stage Bidding,Committee Chairperson/Co-ordinator Name :,Committee Chairperson/Co-ordinator Type :,Committee Members :,Updated By :,Updated on :,Document :,Organisation Chain :,Tender ID :,Tender Ref No :,Tender Title :,S.No,Bid Number,Bidder Name,Awarded Currency,Awarded Value,S.No.1,Bid Number.1,Bidder Name.1,Submitted Date,Status,Remarks,Status Updated On,Committee Chairperson/Co-ordinator Name :.1,Committee Chairperson/Co-ordinator Type :.1,Committee Members :.1,Updated By :.1,Updated On :,Financial Bid Opening Date:,Document :.1,Contract Date :,Contract Value :,Work Completion Period in days :,Updated By :.2,Updated on :.1,AOC document :,AOC Description :,Type :,Summary :,Updated By :.3,Updated On :.1,Document :.2,Type :.1,Summary :.1,Updated By :.4,Updated On :.2,Document :.3,BOQ Comparative Chart :
1.0,Fee/PreQual/Technical,.pdf,Cost of bid document,"Construction of Tribal boys hostel at Dhekiajuli and Bishnupur, Rangapara, District-Sonitpur during the year 2021-22","Construction of Tribal boys hostel at Dhekiajuli and Bishnupur, Rangapara, District-Sonitpur during the year 2021-22",Please refer Tender documents. ,NA ,,Civil Works - Building,NA ,Tender,120.0,270.0,Rangapara,784101.0,NA ,NA ,NA ,"O/o the Managing Director,APTDC Ltd,Guwahati-05",No ,No,"1,94,000",Yes,fixed,,Nil,Nil,"Managing Director,APTDC Ltd","O/o the Managing Director,APTDC Ltd,Guwahati-05",02-Jun-2022 03:45 PM,08-Jun-2022 03:30 PM,02-Jun-2022 04:00 PM,07-Jun-2022 03:00 PM,NA ,NA ,03-Jun-2022 11:00 AM,07-Jun-2022 03:00 PM,25-Jun-2022 09:00 AM,"3,500",Nil,Nil,No,1.0,SBI Bank,Welfare of Plain Tribes and Backward Classes||Director - WPT and BC,PTDC/Engg/2018-19/310,2022_WPTBC_25832_1,Open Tender,Item Rate,Works,2.0,No,No,Online,No,No,No,Dilip kr. Pathak,Internal,Dilip kr. Pathak,Dipak Kumar Gayary,21-Oct-2022 01:46 PM,finsummary_39904.pdf (446.49 KB),Welfare of Plain Tribes and Backward Classes||Director - WPT and BC,2022_WPTBC_25832_1,PTDC/Engg/2018-19/310,"Construction of Tribal boys hostel at Dhekiajuli and Bishnupur, Rangapara, District-Sonitpur during the year 2021-22",1.0,149492.0,GEREMCHA BASUMATARY,INR,9997073.81,1.0,149816.0,Gaziul Hassan,07-Jun-2022 11:25 AM,Rejected-Finance,Financially disualified,21-Oct-2022 01:46 PM,Dilip Kr Pathak,Internal,,Dipak Kumar Gayary,24-Jun-2022 07:54 PM,25-Jun-2022 09:00 AM,techsummary_39904.pdf (733.03 KB),21-Oct-2022,INR 9997073.81,270.0,Dipak Kumar Gayary,21-Oct-2022 02:45 PM,dhekiajuliAoc.pdf (845.00 KB),APC,Technical,Technical bid has been opened.,Harfulla Boro,13-Jun-2022 12:52 PM,None,Finance,Financial Bid has been opened,Jeena Gabison Ahmed,27-Jun-2022 12:03 PM,None,BOQ Comparative Chart
,,.pdf,Earnest money,,,,,,,,,,,,,,,,,,,,,,,,,,,,,,,,,,,,,,,,,,,,,,,,,,,,,,,,,,,,,,,,,,,,,,2.0,149492.0,GEREMCHA BASUMATARY,06-Jun-2022 08:26 PM,Accepted-AOC,Awarded,21-Oct-2022 02:46 PM,,,,,,,,,,,,,,,,,,,,,,,,,
,,.pdf,SBD,,,,,,,,,,,,,,,,,,,,,,,,,,,,,,,,,,,,,,,,,,,,,,,,,,,,,,,,,,,,,,,,,,,,,,3.0,149493.0,JAYANTA PATHAK,06-Jun-2022 08:11 PM,Rejected-Finance,Financially disualified,21-Oct-2022 01:46 PM,,,,,,,,,,,,,,,,,,,,,,,,,
,,.pdf,Technical qualification,,,,,,,,,,,,,,,,,,,,,,,,,,,,,,,,,,,,,,,,,,,,,,,,,,,,,,,,,,,,,,,,,,,,,,4.0,149822.0,KHAGENDRA NATH SARKAR,07-Jun-2022 11:31 AM,Rejected-Finance,Financially disualified,21-Oct-2022 01:46 PM,,,,,,,,,,,,,,,,,,,,,,,,,
2.0,Finance,.xls,BOQ,,,,,,,,,,,,,,,,,,,,,,,,,,,,,,,,,,,,,,,,,,,,,,,,,,,,,,,,,,,,,,,,,,,,,,5.0,149813.0,M/S. Sanjib Dutta,07-Jun-2022 11:18 AM,Rejected-Finance,Financially disualified,21-Oct-2022 01:46 PM,,,,,,,,,,,,,,,,,,,,,,,,,
,,.pdf,FOB,,,,,,,,,,,,,,,,,,,,,,,,,,,,,,,,,,,,,,,,,,,,,,,,,,,,,,,,,,,,,,,,,,,,,,,,,,,,,,,,,,,,,,,,,,,,,,,,,,,,,
