﻿Title,Work Description,Pre Qualification Details,Independent External Monitor/Remarks,Tender Value in ₹,Product Category,Sub category,Contract Type,Bid Validity(Days),Period Of Work(Days),Location,Pincode,Pre Bid Meeting Place,Pre Bid Meeting Address,Pre Bid Meeting Date,Bid Opening Place,Should Allow NDA Tender,Allow Preferential Bidder,Organisation Chain,Tender Reference Number,Tender ID,Tender Type,Form of contract,Tender Category,No. of Covers,General Technical Evaluation Allowed,ItemWise Technical Evaluation Allowed,Payment Mode,Is Multi Currency Allowed For BOQ,Is Multi Currency Allowed For Fee,Allow Two Stage Bidding,Name,Address,S.No,Bank Name,EMD Amount in ₹,EMD through BG/ST or EMD Exemption Allowed,EMD Fee Type,EMD Percentage,EMD Payable To,EMD Payable At,Cover No,Cover,Document Type,Description,Tender Fee in ₹,Fee Payable To,Fee Payable At,Tender Fee Exemption Allowed,Publish Date,Bid Opening Date,Document Download / Sale Start Date,Document Download / Sale End Date,Clarification Start Date,Clarification End Date,Bid Submission Start Date,Bid Submission End Date,Financial Bid Opening Date,Organisation Chain :,Tender ID :,Tender Ref No :,Tender Title :,Committee Chairperson/Co-ordinator Name :,Committee Chairperson/Co-ordinator Type :,Committee Members :,Updated By :,Updated On :,Financial Bid Opening Date:,Document :,Type :,Summary :,Updated By :.1,Updated On :.1,Document :.1,BOQ Comparative Chart :,S.No,Bid Number,Bidder Name,Submitted Date,Status,Remarks,Status Updated On,Type :.1,Summary :.1,Updated By :.2,Updated On :.2,Document :.2
Pkg No.- Dispur-6,"Recon. of 1) Kahilipara Lal Ganesh rd, 2) Dr. R.P Rd, 3) Sewali Path, Sewali Path South b/l 2 at Hatigaon, 4) Suraj path, Hatigaon, 5) Namghar Path b/l 9 (Lakhiminagar), 6) GNB Rd, Anuradha-Noonmati Tiniali under state priority under SOPD-G 2022-23.",Please refer Tender documents. ,NA ,"9,57,25,000",Civil Works – Roads,NA ,Tender,180.0,180.0,Guwahati,781021.0,NA ,NA ,NA ,"O/o the Chief Engineer, PWD(Roads), Assam",No ,No,Public Works Roads Department,CE/CW/14/2022-23(Re-Bid),2023_PWD_29004_1,Open Tender,Item Rate,Works,2.0,No,No,Online,No,No,No,"Chief Engineer, PWD(Roads), Assam","O/o the Chief Engineer, PWD(Roads), Assam",1.0,SBI Bank,"19,15,000",Yes,fixed,,Nil,Nil,1.0,Fee/PreQual/Technical,.pdf,Payment Status,"10,000",Nil,Nil,No,25-Jan-2023 09:00 AM,04-Feb-2023 02:30 PM,25-Jan-2023 09:00 AM,04-Feb-2023 02:00 PM,25-Jan-2023 09:00 AM ,04-Feb-2023 09:00 AM ,25-Jan-2023 09:00 AM,04-Feb-2023 02:00 PM,28-Feb-2023 04:00 PM,Public Works Roads Department,2023_PWD_29004_1,CE/CW/14/2022-23(Re-Bid),Pkg No.- Dispur-6,S Shyam,Internal,,Munindra Barman,28-Feb-2023 03:56 PM,28-Feb-2023 04:00 PM,techsummary_46730.pdf (2277.32 KB),Finance,Fin Op,CHANDAN DEKA,28-Feb-2023 04:06 PM,None,BOQ Comparative Chart,1.0,176383.0,M/S Trinayan Associates,04-Feb-2023 01:50 PM,Admitted-Finance,,28-Feb-2023 04:06 PM,Technical,TBE report,Munindra Barman,28-Feb-2023 03:55 PM,technical_46730.pdf
,,,,,,,,,,,,,,,,,,,,,,,,,,,,,,,,,,,,,,,,,,,.pdf,Technical qualification details,,,,,,,,,,,,,,,,,,,,,,,,,,,,,,,,,,,,,,,,,,
,,,,,,,,,,,,,,,,,,,,,,,,,,,,,,,,,,,,,,,,,,,.pdf,SBD,,,,,,,,,,,,,,,,,,,,,,,,,,,,,,,,,,,,,,,,,,
,,,,,,,,,,,,,,,,,,,,,,,,,,,,,,,,,,,,,,,,,2.0,Finance,.pdf,Form of Bid,,,,,,,,,,,,,,,,,,,,,,,,,,,,,,,,,,,,,,,,,,
,,,,,,,,,,,,,,,,,,,,,,,,,,,,,,,,,,,,,,,,,,,.xls,Bill of Quantities,,,,,,,,,,,,,,,,,,,,,,,,,,,,,,,,,,,,,,,,,,
