﻿Name,Address,Organisation Chain,Tender Reference Number,Tender ID,Tender Type,Form of contract,Tender Category,No. of Covers,General Technical Evaluation Allowed,ItemWise Technical Evaluation Allowed,Payment Mode,Is Multi Currency Allowed For BOQ,Is Multi Currency Allowed For Fee,Allow Two Stage Bidding,Tender Fee in ₹,Fee Payable To,Fee Payable At,Tender Fee Exemption Allowed,Cover No,Cover,Document Type,Description,Publish Date,Bid Opening Date,Document Download / Sale Start Date,Document Download / Sale End Date,Clarification Start Date,Clarification End Date,Bid Submission Start Date,Bid Submission End Date,S.No,Corrigendum Title,Corrigendum Type,View,S.No.1,Bank Name,Title,Work Description,Pre Qualification Details,Independent External Monitor/Remarks,Tender Value in ₹,Product Category,Sub category,Contract Type,Bid Validity(Days),Period Of Work(Days),Location,Pincode,Pre Bid Meeting Place,Pre Bid Meeting Address,Pre Bid Meeting Date,Bid Opening Place,Should Allow NDA Tender,Allow Preferential Bidder,EMD Amount in ₹,EMD through BG/ST or EMD Exemption Allowed,EMD Fee Type,EMD Percentage,EMD Payable To,EMD Payable At,Organisation Chain :,Tender ID :,Tender Ref No :,Tender Title :
"MD,NHM","Office of MD,NHM Christian Basti, Ghy-05",National Health Mission||State Programme Management Unit - NHM,NHM-32050/125/2022-Const,2022_NHM_27675_2,Open Tender,Item Rate,Works,2.0,No,No,Online,No,No,No,"1,000",Nil,Nil,No,1.0,Fee/PreQual/Technical,.pdf,Technical qualification,10-Nov-2022 09:00 AM,03-Dec-2022 03:30 PM,10-Nov-2022 09:00 AM,02-Dec-2022 02:00 PM,NA ,NA ,10-Nov-2022 09:00 AM,02-Dec-2022 02:00 PM,1.0,EXTENSION,Date,,1.0,SBI Bank,Repairing/Renovation of 120 Nos. of Sub-Centers to upgrade them as Health and Wellness Centers at various places of Assam from RoP 2021-22 GROUP 15 5 nos. scheme in Lakhimpur District,Repairing/Renovation of 120 Nos. of Sub-Centers to upgrade them as Health and Wellness Centers at various places of Assam from RoP 2021-22 GROUP 15 5 nos. scheme in Lakhimpur District,Please refer Tender documents. ,NA ,"36,79,860",Civil Works - Building,NA ,Tender,180.0,120.0,Lakhimpur,787001.0,NA ,NA ,NA ,"Office of MD,NHM",No ,No,"73,597",Yes,percentage,2.0%,Nil,Nil,National Health Mission||State Programme Management Unit - NHM,2022_NHM_27675_2,NHM-32050/125/2022-Const,Repairing/Renovation of 120 Nos. of Sub-Centers to upgrade them as Health and Wellness Centers at various places of Assam from RoP 2021-22 GROUP 15 5 nos. scheme in Lakhimpur District
,,,,,,,,,,,,,,,,,,,,,.pdf,EMD and Bid security,,,,,,,,,,,,,,,,,,,,,,,,,,,,,,,,,,,,,,,,,,
,,,,,,,,,,,,,,,,,,,,,.pdf,SBD,,,,,,,,,,,,,,,,,,,,,,,,,,,,,,,,,,,,,,,,,,
,,,,,,,,,,,,,,,,,,,2.0,Finance,.xls,BOQ,,,,,,,,,,,,,,,,,,,,,,,,,,,,,,,,,,,,,,,,,,
,,,,,,,,,,,,,,,,,,,,,.pdf,FOB,,,,,,,,,,,,,,,,,,,,,,,,,,,,,,,,,,,,,,,,,,
