﻿S.No,Corrigendum Title,Corrigendum Type,View,Tender Fee in ₹,Fee Payable To,Fee Payable At,Tender Fee Exemption Allowed,Cover No,Cover,Document Type,Description,Publish Date,Bid Opening Date,Document Download / Sale Start Date,Document Download / Sale End Date,Clarification Start Date,Clarification End Date,Bid Submission Start Date,Bid Submission End Date,Financial Bid Opening Date,Title,Work Description,Pre Qualification Details,Independent External Monitor/Remarks,Tender Value in ₹,Product Category,Sub category,Contract Type,Bid Validity(Days),Period Of Work(Days),Location,Pincode,Pre Bid Meeting Place,Pre Bid Meeting Address,Pre Bid Meeting Date,Bid Opening Place,Should Allow NDA Tender,Allow Preferential Bidder,Name,Address,EMD Amount in ₹,EMD through BG/ST or EMD Exemption Allowed,EMD Fee Type,EMD Percentage,EMD Payable To,EMD Payable At,Organisation Chain,Tender Reference Number,Tender ID,Tender Type,Form of contract,Tender Category,No. of Covers,General Technical Evaluation Allowed,ItemWise Technical Evaluation Allowed,Payment Mode,Is Multi Currency Allowed For BOQ,Is Multi Currency Allowed For Fee,Allow Two Stage Bidding,Organisation Chain :,Tender ID :,Tender Ref No :,Tender Title :,S.No,Bid Number,Bidder Name,Submitted Date,Status,Remarks,Status Updated On,Committee Chairperson/Co-ordinator Name :,Committee Chairperson/Co-ordinator Type :,Committee Members :,Updated By :,Updated On :,Financial Bid Opening Date:,Document :,Type :,Summary :,Updated By :.1,Updated On :.1,Document :.1,Type :.1,Summary :.1,Updated By :.2,Updated On :.2,Document :.2,BOQ Comparative Chart :
1.0,Extension Notice,Date,,0.0,Nil,Nil,No,1.0,Fee/PreQual/Technical,.pdf,COST OF BID_BID SECURITY,12-Aug-2022 05:00 PM,18-Aug-2022 04:00 PM,12-Aug-2022 05:00 PM,18-Aug-2022 02:00 PM,NA ,NA ,12-Aug-2022 05:00 PM,18-Aug-2022 02:00 PM,23-Aug-2022 02:00 PM,"Construction /Repairing of Existing internal road along with Road side drain etc. at 4th Grade Horizon Colony , Last Gate, Dispur, Guwahati-6, (Part-III)","Construction /Repairing of Existing internal road along with Road side drain etc. at 4th Grade Horizon Colony , Last Gate, Dispur, Guwahati-6, (Part-III)",Please refer Tender documents. ,NA ,"42,59,900",Civil Works - Building,NA ,Tender,180.0,60.0,Dispur,781006.0,NA ,NA ,NA ,"O/O The EE, PWD Capital Construction Division",No ,No,"EE, PWD Capital Construction Division Dispur-6","O/O The EE, PWD Capital Construction Division Dispur, Ghy-6",0.0,No,fixed,,Nil,Nil,Public Works Building and NH Department||Chief Engineer-Building - PWBNH||SE-Guwahati Circle-1 - PWBNH||EE- PCC Division-Dispur - PWBNH,C/S No. 45 of 2022-23/2443 dated 11/08/2022,2022_PWBNH_26619_1,Open Tender,Item Rate,Works,2.0,No,No,Not Applicable,No,No,No,Public Works Building and NH Department||Chief Engineer-Building - PWBNH||SE-Guwahati Circle-1 - PWBNH||EE- PCC Division-Dispur - PWBNH,2022_PWBNH_26619_1,C/S No. 45 of 2022-23/2443 dated 11/08/2022,"Construction /Repairing of Existing internal road along with Road side drain etc. at 4th Grade Horizon Colony , Last Gate, Dispur, Guwahati-6, (Part-III)",1.0,156203.0,Matiur Rahman,16-Aug-2022 01:57 PM,Admitted-Finance,,23-Aug-2022 03:49 PM,Executive Engineer,Internal,,RANJIT DUTTA,20-Aug-2022 05:26 PM,23-Aug-2022 02:00 PM,techsummary_41068.pdf (875.61 KB),Technical,Summary,RANJIT DUTTA,18-Aug-2022 04:08 PM,technical_41068.pdf,Finance,Summary of Financial Bids,RANJIT DUTTA,23-Aug-2022 03:48 PM,finance_41068.pdf,BOQ Comparative Chart
,,,,,,,,,,.pdf,BIDDING DOCUMENT,,,,,,,,,,,,,,,,,,,,,,,,,,,,,,,,,,,,,,,,,,,,,,,,,,,,,2.0,156276.0,SIDDIKUR RAHMAN,17-Aug-2022 03:34 PM,Admitted-Finance,,23-Aug-2022 03:49 PM,,,,,,,,,,,,,,,,,,
,,,,,,,,,,.pdf,TECHNICAL QUALIFICATIONS,,,,,,,,,,,,,,,,,,,,,,,,,,,,,,,,,,,,,,,,,,,,,,,,,,,,,,,,,,,,,,,,,,,,,,,,,,,,,
,,,,,,,,2.0,Finance,.xls,BOQ,,,,,,,,,,,,,,,,,,,,,,,,,,,,,,,,,,,,,,,,,,,,,,,,,,,,,,,,,,,,,,,,,,,,,,,,,,,,,
,,,,,,,,,,.pdf,FORM OF BID,,,,,,,,,,,,,,,,,,,,,,,,,,,,,,,,,,,,,,,,,,,,,,,,,,,,,,,,,,,,,,,,,,,,,,,,,,,,,
