﻿Name,Address,Publish Date,Bid Opening Date,Document Download / Sale Start Date,Document Download / Sale End Date,Clarification Start Date,Clarification End Date,Bid Submission Start Date,Bid Submission End Date,Financial Bid Opening Date,Organisation Chain,Tender Reference Number,Tender ID,Tender Type,Form of contract,Tender Category,No. of Covers,General Technical Evaluation Allowed,ItemWise Technical Evaluation Allowed,Payment Mode,Is Multi Currency Allowed For BOQ,Is Multi Currency Allowed For Fee,Allow Two Stage Bidding,EMD Amount in ₹,EMD through BG/ST or EMD Exemption Allowed,EMD Fee Type,EMD Percentage,EMD Payable To,EMD Payable At,Tender Fee in ₹,Fee Payable To,Fee Payable At,Tender Fee Exemption Allowed,Title,Work Description,Pre Qualification Details,Independent External Monitor/Remarks,Tender Value in ₹,Product Category,Sub category,Contract Type,Bid Validity(Days),Period Of Work(Days),Location,Pincode,Pre Bid Meeting Place,Pre Bid Meeting Address,Pre Bid Meeting Date,Bid Opening Place,Should Allow NDA Tender,Allow Preferential Bidder,S.No,Bank Name,Cover No,Cover,Document Type,Description,Organisation Chain :,Tender ID :,Tender Ref No :,Tender Title :,S.No,Bid Number,Bidder Name,Submitted Date,Status,Remarks,Status Updated On,Committee Chairperson/Co-ordinator Name :,Committee Chairperson/Co-ordinator Type :,Committee Members :,Updated By :,Updated On :,Financial Bid Opening Date:,Document :,Type :,Summary :,Updated By :.1,Updated On :.1,Document :.1,Type :.1,Summary :.1,Updated By :.2,Updated On :.2,Document :.2,BOQ Comparative Chart :
"Chief Engineer, Roads, PWRD","O/o the Chief Engineer,(Roads)PWRD, Assam , Chandmari, Guwahati-781003",05-Dec-2022 09:55 AM,23-Dec-2022 02:30 PM,05-Dec-2022 09:55 AM,22-Dec-2022 02:00 PM,05-Dec-2022 09:55 AM ,14-Dec-2022 12:00 PM ,15-Dec-2022 02:00 PM,22-Dec-2022 02:00 PM,15-Feb-2023 06:30 PM,Public Works Roads Department,CE/DEV/TB/235/2022-23/01,2022_PWD_27897_440,Open Tender,Item Rate,Works,2.0,No,No,Online,No,No,No,"8,23,000",Yes,fixed,,Nil,Nil,"8,230",Nil,Nil,No,"MMPPNA_22_23_440 Construction of road frm (1) Dupani to Garbhanga Ali (i) Ch-0.00 m to Ch-950.00 m (ii) Ch-0.00 m to Ch-250.00 m (Total length 1200.00 m), (2) Godhabil to Goroimari via Dighalihula (i) Ch-700.00 m to Ch-1660.00 m (ii) Ch-870.00 m","MMPPNA_22_23_440 Construction of road frm (1) Dupani to Garbhanga Ali (i) Ch-0.00 m to Ch-950.00 m (ii) Ch-0.00 m to Ch-250.00 m (Total length 1200.00 m), (2) Godhabil to Goroimari via Dighalihula (i) Ch-700.00 m to Ch-1660.00 m (ii) Ch-870.00 m",Please refer Tender documents. ,NA ,"3,99,09,000",Civil Works,NA ,Tender,180.0,365.0,Thowra,781003.0,"Development Branch, O/o the CE (Roads)PWRD, Assam  ","O/o the Chief Engineer,(Roads)PWRD, Assam , Chandmari, Guwahati-781003 ",14-Dec-2022 12:00 PM ,"Development Branch, O/o the CE (Roads)PWRD, Assam",No ,No,1.0,SBI Bank,1.0,Fee/PreQual/Technical,.pdf,Standard Bidding Documents,Public Works Roads Department,2022_PWD_27897_440,CE/DEV/TB/235/2022-23/01,"MMPPNA_22_23_440 Construction of road frm (1) Dupani to Garbhanga Ali (i) Ch-0.00 m to Ch-950.00 m (ii) Ch-0.00 m to Ch-250.00 m (Total length 1200.00 m), (2) Godhabil to Goroimari via Dighalihula (i) Ch-700.00 m to Ch-1660.00 m (ii) Ch-870.00 m",1.0,169512.0,DIGANTA DUARAH,22-Dec-2022 12:16 AM,Admitted-Finance,,15-Feb-2023 07:59 PM,"Chief Engineer (Roads), PWRD, Assam",Internal,,MRIDUL TALUKDAR,15-Feb-2023 06:28 PM,15-Feb-2023 06:30 PM,techsummary_44374.pdf (450.02 KB),Technical,Verified,MRIDUL TALUKDAR,15-Feb-2023 06:27 PM,None,Finance,financial opened,BHABANANDA DEKA,15-Feb-2023 07:59 PM,None,BOQ Comparative Chart
,,,,,,,,,,,,,,,,,,,,,,,,,,,,,,,,,,,,,,,,,,,,,,,,,,,,,,,,.pdf,Technical Qualification Details,,,,,2.0,169362.0,DIGANTA GOGOI,22-Dec-2022 12:26 AM,Admitted-Finance,,15-Feb-2023 07:59 PM,,,,,,,,,,,,,,,,,,
,,,,,,,,,,,,,,,,,,,,,,,,,,,,,,,,,,,,,,,,,,,,,,,,,,,,,,2.0,Finance,.xls,Bill of Quantities,,,,,,,,,,,,,,,,,,,,,,,,,,,,,
,,,,,,,,,,,,,,,,,,,,,,,,,,,,,,,,,,,,,,,,,,,,,,,,,,,,,,,,.pdf,Form of Bid,,,,,,,,,,,,,,,,,,,,,,,,,,,,,
