﻿Organisation Chain :,Tender ID :,Tender Ref No :,Tender Title :,This tender has been Cancelled before technical bid opening summary,S.No.,Corrigendum Title,Corrigendum Type,Corrigendum Description,Corrigendum Reason,Published Date,Document Name,Doc Size(in KB),Cover No,Cover,Document Type,Description,Organisation Chain,Tender Reference Number,Tender ID,Tender Type,Form of contract,Tender Category,No. of Covers,General Technical Evaluation Allowed,ItemWise Technical Evaluation Allowed,Payment Mode,Is Multi Currency Allowed For BOQ,Is Multi Currency Allowed For Fee,Allow Two Stage Bidding,S.No,Bank Name,S.No.1,Corrigendum Title,Corrigendum Type,View,Name,Address,Tender Fee in ₹,Fee Payable To,Fee Payable At,Tender Fee Exemption Allowed,Title,Work Description,Pre Qualification Details,Independent External Monitor/Remarks,Tender Value in ₹,Product Category,Sub category,Contract Type,Bid Validity(Days),Period Of Work(Days),Location,Pincode,Pre Bid Meeting Place,Pre Bid Meeting Address,Pre Bid Meeting Date,Bid Opening Place,Should Allow NDA Tender,Allow Preferential Bidder,Publish Date,Bid Opening Date,Document Download / Sale Start Date,Document Download / Sale End Date,Clarification Start Date,Clarification End Date,Bid Submission Start Date,Bid Submission End Date,EMD Amount in ₹,EMD through BG/ST or EMD Exemption Allowed,EMD Fee Type,EMD Percentage,EMD Payable To,EMD Payable At
Pr. Chief Conservator of Forest and Head of Forest Force||Principal Chief Conservator of Forests(Wildlife and Ch. Wildlife Warden)||Divisional Forest Officer - Assam Sate Zoo,2023_PCCF_29802_1,CAC/ECO CAMP/001,Expression of Interest,,1.0,Cancellation Notice,Cancellation of Tender,Cancellation Corrigendum Notice,Error in Creation of Tender,26-Mar-2023 06:50 PM,CancelCorrigendum.sign.pdf ,363.89,1.0,Fee/PreQual/Technical,.pdf,NIT,Pr. Chief Conservator of Forest and Head of Forest Force||Principal Chief Conservator of Forests(Wildlife and Ch. Wildlife Warden)||Divisional Forest Officer - Assam Sate Zoo,CAC/ECO CAMP/001,2023_PCCF_29802_1,Open Tender,Works,Services,2.0,No,No,Online,No,No,No,1.0,SBI Bank,1.0,Cancellation Notice,Cancellation of Tender,,DFO Cachar,"DFO Officer, Cachar Division, Silchar 788001","1,000",Nil,Nil,Yes,Expression of Interest,Expression of Interest of various works under Borak Valley Wildlife Division,As per SBD ,NA ,0.0,Consultancy,NA ,Tender,90.0,90.0,Under Cachar Division,788001.0,DFO Office Silchar ,"DFO Officer, Cachar Division, Silchar 788001 ",11-Mar-2023 03:00 PM ,"DFO Office, Silchar",No ,No,09-Mar-2023 03:00 PM,29-Mar-2023 03:00 PM,09-Mar-2023 03:00 PM,28-Mar-2023 05:00 PM,09-Mar-2023 03:00 PM ,28-Mar-2023 03:00 PM ,09-Mar-2023 03:00 PM,28-Mar-2023 05:00 PM,"10,000",Yes,fixed,,Nil,Nil
,,,,,,,,,,,,,,,.pdf,SBD,,,,,,,,,,,,,,,,2.0,Financial Corrigendum,Financial Bid,,,,,,,,,,,,,,,,,,,,,,,,,,,,,,,,,,,,,,,
,,,,,,,,,,,,,,,.pdf,FOB,,,,,,,,,,,,,,,,,,,,,,,,,,,,,,,,,,,,,,,,,,,,,,,,,,,,,,,,,
,,,,,,,,,,,,,2.0,Finance,.xls,BOQ,,,,,,,,,,,,,,,,,,,,,,,,,,,,,,,,,,,,,,,,,,,,,,,,,,,,,,,,,
