﻿Cover No,Cover,Document Type,Description,Tender Fee in ₹,Fee Payable To,Fee Payable At,Tender Fee Exemption Allowed,S.No,Bank Name,EMD Amount in ₹,EMD through BG/ST or EMD Exemption Allowed,EMD Fee Type,EMD Percentage,EMD Payable To,EMD Payable At,Publish Date,Bid Opening Date,Document Download / Sale Start Date,Document Download / Sale End Date,Clarification Start Date,Clarification End Date,Bid Submission Start Date,Bid Submission End Date,Financial Bid Opening Date,Organisation Chain,Tender Reference Number,Tender ID,Tender Type,Form of contract,Tender Category,No. of Covers,General Technical Evaluation Allowed,ItemWise Technical Evaluation Allowed,Payment Mode,Is Multi Currency Allowed For BOQ,Is Multi Currency Allowed For Fee,Allow Two Stage Bidding,Name,Address,Title,Work Description,Pre Qualification Details,Independent External Monitor/Remarks,Tender Value in ₹,Product Category,Sub category,Contract Type,Bid Validity(Days),Period Of Work(Days),Location,Pincode,Pre Bid Meeting Place,Pre Bid Meeting Address,Pre Bid Meeting Date,Bid Opening Place,Should Allow NDA Tender,Allow Preferential Bidder,Organisation Chain :,Tender ID :,Tender Ref No :,Tender Title :,S.No,Bid Number,Bidder Name,Submitted Date,Status,Remarks,Status Updated On,Committee Chairperson/Co-ordinator Name :,Committee Chairperson/Co-ordinator Type :,Committee Members :,Updated By :,Updated On :,Financial Bid Opening Date:,Document :,Type :,Summary :,Updated By :.1,Updated On :.1,Document :.1,Type :.1,Summary :.1,Updated By :.2,Updated On :.2,Document :.2,BOQ Comparative Chart :
1.0,Fee/PreQual/Technical,.pdf,Standard Bidding Documents,"4,360",Nil,Nil,No,1.0,SBI Bank,"4,36,000",Yes,fixed,,Nil,Nil,05-Dec-2022 09:55 AM,23-Dec-2022 02:30 PM,05-Dec-2022 09:55 AM,22-Dec-2022 02:00 PM,05-Dec-2022 09:55 AM ,14-Dec-2022 12:00 PM ,15-Dec-2022 02:00 PM,22-Dec-2022 02:00 PM,28-Feb-2023 06:55 PM,Public Works Roads Department,CE/DEV/TB/235/2022-23/01,2022_PWD_27897_468,Open Tender,Item Rate,Works,2.0,No,No,Online,No,No,No,"Chief Engineer, Roads, PWRD","O/o the Chief Engineer,(Roads)PWRD, Assam , Chandmari, Guwahati-781003","MMPPNA_22_23_468 Construction of road from Majargaon Primery School to Khairani Santhal of District Udalguri including routine maintenance for 4 (four) years under Mukhya Mantrir Paki Path Nirman Achani for the year 2022-23, Udalguri LAC","MMPPNA_22_23_468 Construction of road from Majargaon Primery School to Khairani Santhal of District Udalguri including routine maintenance for 4 (four) years under Mukhya Mantrir Paki Path Nirman Achani for the year 2022-23, Udalguri LAC",Please refer Tender documents. ,NA ,"2,01,27,000",Civil Works,NA ,Tender,180.0,365.0,Udalguri,781003.0,"Development Branch, O/o the CE (Roads)PWRD, Assam  ","O/o the Chief Engineer,(Roads)PWRD, Assam , Chandmari, Guwahati-781003 ",14-Dec-2022 12:00 PM ,"Development Branch, O/o the CE (Roads)PWRD, Assam",No ,No,Public Works Roads Department,2022_PWD_27897_468,CE/DEV/TB/235/2022-23/01,"MMPPNA_22_23_468 Construction of road from Majargaon Primery School to Khairani Santhal of District Udalguri including routine maintenance for 4 (four) years under Mukhya Mantrir Paki Path Nirman Achani for the year 2022-23, Udalguri LAC",1.0,169370.0,KAMALA KANTA KHAKLARY,21-Dec-2022 10:13 PM,Admitted-Finance,,01-Mar-2023 03:11 PM,"Chief Engineer (Roads), PWRD, Assam",Internal,,BHABANANDA DEKA,28-Feb-2023 06:25 PM,28-Feb-2023 06:55 PM,techsummary_44417.pdf (343.83 KB),Technical,Verified,BHABANANDA DEKA,28-Feb-2023 06:23 PM,None,Finance,Financial opened,SUSHIL KUMAR DAS,01-Mar-2023 03:11 PM,None,BOQ Comparative Chart
,,.pdf,Technical Qualification Details,,,,,,,,,,,,,,,,,,,,,,,,,,,,,,,,,,,,,,,,,,,,,,,,,,,,,,,,,,,2.0,168494.0,RAJU CHANDRA BASUMATARY,22-Dec-2022 12:46 PM,Admitted-Finance,,01-Mar-2023 03:11 PM,,,,,,,,,,,,,,,,,,
2.0,Finance,.xls,Bill of Quantities,,,,,,,,,,,,,,,,,,,,,,,,,,,,,,,,,,,,,,,,,,,,,,,,,,,,,,,,,,,3.0,169219.0,Suraj Kr. Basumatary,22-Dec-2022 04:22 AM,Admitted-Finance,,01-Mar-2023 03:11 PM,,,,,,,,,,,,,,,,,,
,,.pdf,Form of Bid,,,,,,,,,,,,,,,,,,,,,,,,,,,,,,,,,,,,,,,,,,,,,,,,,,,,,,,,,,,,,,,,,,,,,,,,,,,,,,,,,,,
