﻿Committee Chairperson/Co-ordinator Name :,Committee Chairperson/Co-ordinator Type :,Committee Members :,Updated By :,Updated on :,Document :,Organisation Chain :,Tender ID :,Tender Ref No :,Tender Title :,Contract Date :,Contract Value :,Work Completion Period in days :,Updated By :.1,Updated on :.1,AOC document :,AOC Description :,S.No,Bid Number,Bidder Name,Awarded Currency,Awarded Value,Type :,Summary :,Updated By :.2,Updated On :,Document :.1,Committee Chairperson/Co-ordinator Name :.1,Committee Chairperson/Co-ordinator Type :.1,Committee Members :.1,Updated By :.3,Updated On :.1,Financial Bid Opening Date:,Document :.2,S.No.1,Bid Number.1,Bidder Name.1,Submitted Date,Status,Remarks,Status Updated On,Type :.1,Summary :.1,Updated By :.4,Updated On :.2,Document :.3,BOQ Comparative Chart :,Organisation Chain,Tender Reference Number,Tender ID,Tender Type,Form of contract,Tender Category,No. of Covers,General Technical Evaluation Allowed,ItemWise Technical Evaluation Allowed,Payment Mode,Is Multi Currency Allowed For BOQ,Is Multi Currency Allowed For Fee,Allow Two Stage Bidding,Name,Address,Cover No,Cover,Document Type,Description,S.No,Bank Name,Tender Fee in ₹,Fee Payable To,Fee Payable At,Tender Fee Exemption Allowed,EMD Amount in ₹,EMD through BG/ST or EMD Exemption Allowed,EMD Fee Type,EMD Percentage,EMD Payable To,EMD Payable At,Publish Date,Bid Opening Date,Document Download / Sale Start Date,Document Download / Sale End Date,Clarification Start Date,Clarification End Date,Bid Submission Start Date,Bid Submission End Date,Financial Bid Opening Date,Title,Work Description,Pre Qualification Details,Independent External Monitor/Remarks,Tender Value in ₹,Product Category,Sub category,Contract Type,Bid Validity(Days),Period Of Work(Days),Location,Pincode,Pre Bid Meeting Place,Pre Bid Meeting Address,Pre Bid Meeting Date,Bid Opening Place,Should Allow NDA Tender,Allow Preferential Bidder
ED,Internal,SE(E) SE(C) CONST(CW) FA DF AMD CC(CW),Dipjyoti Deka,25-Nov-2022 12:06 PM,finsummary_37940.pdf (422.97 KB),National Health Mission||State Programme Management Unit - NHM,2022_NHM_24577_10,NHM/32050/46/CONST-NHM/,REPAIRING RENOVATION OF 592NOS OF SC TO UPGRADE THEM AS HWC AT VARIOUS PLACES OF ASSAM OF ROP 2021 22 GROUP 42 6NOS OF SCHEMES IN NAGAON DISTRICT,25-Nov-2022,INR 3567772.18,120.0,Dipjyoti Deka,25-Nov-2022 12:11 PM,workOrderX.pdf (523.00 KB),LOWEST BID AMOUNT,1.0,141468.0,MS AN3 ENTERPRISE,INR,3567772.18,Technical,OFFICE ORDER,Dipjyoti Deka,28-Jun-2022 04:45 PM,technical_37940.pdf,ED,Internal,"SE(E), SE(C), CONSLT(C-CW), FA,DF, AMD,C.CONSLT(CW)",Dipjyoti Deka,28-Jun-2022 04:52 PM,29-Jun-2022 11:00 AM,techsummary_37940.pdf (3862.81 KB),1,140777,Arsiddh Infraprojects,16-Mar-2022 11:30 AM,Rejected-Technical,NOT ADMITTED,28-Jun-2022 04:52 PM,Finance,FINANCIAL BID OPENED,Dipjyoti Deka,30-Jun-2022 04:23 PM,None,BOQ Comparative Chart,National Health Mission||State Programme Management Unit - NHM,NHM/32050/46/CONST-NHM/,2022_NHM_24577_10,Open Tender,Item Rate,Works,2.0,No,No,Online,No,No,No,"MD, NHM, ASSAM","O/O MD, NHM, ASSAM, CHRISTANBASTI, GHY-05",1.0,Fee/PreQual/Technical,.pdf,TECHNICAL QUALIFICATION,1.0,SBI Bank,"1,000",Nil,Nil,No,"83,948",Yes,percentage,2.0%,Nil,Nil,05-Mar-2022 06:45 PM,16-Mar-2022 03:30 PM,05-Mar-2022 06:45 PM,16-Mar-2022 02:00 PM,NA ,NA ,05-Mar-2022 06:45 PM,16-Mar-2022 02:00 PM,29-Jun-2022 11:00 AM,REPAIRING RENOVATION OF 592NOS OF SC TO UPGRADE THEM AS HWC AT VARIOUS PLACES OF ASSAM OF ROP 2021 22 GROUP 42 6NOS OF SCHEMES IN NAGAON DISTRICT,REPAIRING RENOVATION OF 592NOS OF SC TO UPGRADE THEM AS HWC AT VARIOUS PLACES OF ASSAM OF ROP 2021 22 GROUP 42 6NOS OF SCHEMES IN NAGAON DISTRICT,Please refer Tender documents. ,NA ,"41,97,383",Civil Works - Building,NA ,Tender,180.0,120.0,NAGAON,782001.0,NA ,NA ,NA ,"O/O MD, NHM, ASSAM",No ,No
,,,,,,,,,,,,,,,,,,,,,,,,,,,,,,,,,,2,138530,Bhubaneswar Borah,15-Mar-2022 04:23 PM,Rejected-Technical,NOT ADMITTED,28-Jun-2022 04:52 PM,,,,,,,,,,,,,,,,,,,,,,,,.pdf,SBD,,,,,,,,,,,,,,,,,,,,,,,,,,,,,,,,,,,,,,,
,,,,,,,,,,,,,,,,,,,,,,,,,,,,,,,,,,3,141663,biswajit banik,15-Mar-2022 10:45 PM,Rejected-Finance,Not Admitted,25-Nov-2022 12:06 PM,,,,,,,,,,,,,,,,,,,,,,,,.pdf,"COST OF TENDER, EMD",,,,,,,,,,,,,,,,,,,,,,,,,,,,,,,,,,,,,,,
,,,,,,,,,,,,,,,,,,,,,,,,,,,,,,,,,,4,138411,Jitu Bhuyan,15-Mar-2022 09:29 PM,Rejected-Finance,Not Admitted,25-Nov-2022 12:06 PM,,,,,,,,,,,,,,,,,,,,,,2.0,Finance,.xls,BOQ,,,,,,,,,,,,,,,,,,,,,,,,,,,,,,,,,,,,,,,
,,,,,,,,,,,,,,,,,,,,,,,,,,,,,,,,,,5,141468,MS AN3 ENTERPRISE,15-Mar-2022 05:59 PM,Accepted-AOC,LOWEST BID AMOUNT,25-Nov-2022 12:12 PM,,,,,,,,,,,,,,,,,,,,,,,,.pdf,FOB,,,,,,,,,,,,,,,,,,,,,,,,,,,,,,,,,,,,,,,
