﻿Tender Fee in ₹,Fee Payable To,Fee Payable At,Tender Fee Exemption Allowed,Name,Address,Cover No,Cover,Document Type,Description,Publish Date,Bid Opening Date,Document Download / Sale Start Date,Document Download / Sale End Date,Clarification Start Date,Clarification End Date,Bid Submission Start Date,Bid Submission End Date,Financial Bid Opening Date,S.No,Bank Name,EMD Amount in ₹,EMD through BG/ST or EMD Exemption Allowed,EMD Fee Type,EMD Percentage,EMD Payable To,EMD Payable At,Title,Work Description,Pre Qualification Details,Independent External Monitor/Remarks,Tender Value in ₹,Product Category,Sub category,Contract Type,Bid Validity(Days),Period Of Work(Days),Location,Pincode,Pre Bid Meeting Place,Pre Bid Meeting Address,Pre Bid Meeting Date,Bid Opening Place,Should Allow NDA Tender,Allow Preferential Bidder,Organisation Chain,Tender Reference Number,Tender ID,Tender Type,Form of contract,Tender Category,No. of Covers,General Technical Evaluation Allowed,ItemWise Technical Evaluation Allowed,Payment Mode,Is Multi Currency Allowed For BOQ,Is Multi Currency Allowed For Fee,Allow Two Stage Bidding,Organisation Chain :,Tender ID :,Tender Ref No :,Tender Title :,Committee Chairperson/Co-ordinator Name :,Committee Chairperson/Co-ordinator Type :,Committee Members :,Updated By :,Updated On :,Financial Bid Opening Date:,Document :,Type :,Summary :,Updated By :.1,Updated On :.1,Document :.1,BOQ Comparative Chart :,S.No,Bid Number,Bidder Name,Submitted Date,Status,Remarks,Status Updated On,Type :.1,Summary :.1,Updated By :.2,Updated On :.2,Document :.2
"5,360",Nil,Nil,No,"Chief Engineer, PWD, Roads, Assam, Chandmari, Ghy","O/o the Chief Engineer, Roads,PWRD Assam, chandmari, Guwahati-781003",1.0,Fee/PreQual/Technical,.pdf,Technical Qualification Details,06-Dec-2022 03:00 PM,28-Dec-2022 02:30 PM,06-Dec-2022 03:00 PM,27-Dec-2022 02:00 PM,06-Dec-2022 03:00 PM ,19-Dec-2022 12:00 PM ,20-Dec-2022 02:00 PM,27-Dec-2022 02:00 PM,02-Mar-2023 02:00 PM,1.0,SBI Bank,"5,36,000",Yes,fixed,,Nil,Nil,"MMPPNA_22_23_192 Construction of road from (i) Kalacherra Gudamghat PWD Road to Matijuri Nityanandapur PMGSY Road via Nityanandapur Village, (ii) SH Road to Sudarshanpur Pt-I, (iii) Matijuri Nityanandapur Road to Rongpur, (iv) Matijuri Nityanandapur","MMPPNA_22_23_192 Construction of road from (i) Kalacherra Gudamghat PWD Road to Matijuri Nityanandapur PMGSY Road via Nityanandapur Village, (ii) SH Road to Sudarshanpur Pt-I, (iii) Matijuri Nityanandapur Road to Rongpur, (iv) Matijuri Nityanandapur",Please refer Tender documents. ,NA ,"2,57,02,000",Civil Works,NA ,Tender,180.0,365.0,Hailakandi,781003.0,"O/o the Chief Engineer, Roads,PWRD Assam,  ","O/o the Chief Engineer, Roads,PWRD Assam, chandmari, Guwahati-781003 ",19-Dec-2022 12:00 PM ,"O/o the Chief Engineer, Roads,PWRD Assam,",No ,No,Public Works Roads Department,CE/DEV/TB/235/2022-23/04,2022_PWD_28042_6,Open Tender,Item Rate,Works,2.0,No,No,Online,No,No,No,Public Works Roads Department,2022_PWD_28042_6,CE/DEV/TB/235/2022-23/04,"MMPPNA_22_23_192 Construction of road from (i) Kalacherra Gudamghat PWD Road to Matijuri Nityanandapur PMGSY Road via Nityanandapur Village, (ii) SH Road to Sudarshanpur Pt-I, (iii) Matijuri Nityanandapur Road to Rongpur, (iv) Matijuri Nityanandapur","Chief Engineer (Roads), PWRD, Assam",Internal,,SUSHIL KUMAR DAS,02-Mar-2023 01:06 PM,02-Mar-2023 02:00 PM,techsummary_44492.pdf (390.50 KB),Finance,Financial opened,SUSHIL KUMAR DAS,02-Mar-2023 03:42 PM,None,BOQ Comparative Chart,1.0,170140.0,JAHIRUL ISLAM MAZUMDER,26-Dec-2022 03:53 PM,Admitted-Finance,,02-Mar-2023 03:42 PM,Technical,Verified,SUSHIL KUMAR DAS,02-Mar-2023 01:04 PM,None
,,,,,,,,.pdf,Standard Bidding Document,,,,,,,,,,,,,,,,,,,,,,,,,,,,,,,,,,,,,,,,,,,,,,,,,,,,,,,,,,,,,,,,,,2.0,170621.0,SKYLINE ENTERPRISE,27-Dec-2022 12:03 PM,Admitted-Finance,,02-Mar-2023 03:42 PM,,,,,
,,,,,,2.0,Finance,.xls,Bill of Quantities,,,,,,,,,,,,,,,,,,,,,,,,,,,,,,,,,,,,,,,,,,,,,,,,,,,,,,,,,,,,,,,,,,,,,,,,,,,,,
,,,,,,,,.pdf,Form Of Bid,,,,,,,,,,,,,,,,,,,,,,,,,,,,,,,,,,,,,,,,,,,,,,,,,,,,,,,,,,,,,,,,,,,,,,,,,,,,,
