﻿Organisation Chain :,Tender ID :,Tender Ref No :,Tender Title :,Name,Address,S.No,Bank Name,Organisation Chain,Tender Reference Number,Tender ID,Tender Type,Form of contract,Tender Category,No. of Covers,General Technical Evaluation Allowed,ItemWise Technical Evaluation Allowed,Payment Mode,Is Multi Currency Allowed For BOQ,Is Multi Currency Allowed For Fee,Allow Two Stage Bidding,Tender Fee in ₹,Fee Payable To,Fee Payable At,Tender Fee Exemption Allowed,Cover No,Cover,Document Type,Description,Title,Work Description,Pre Qualification Details,Independent External Monitor/Remarks,Tender Value in ₹,Product Category,Sub category,Contract Type,Bid Validity(Days),Period Of Work(Days),Location,Pincode,Pre Bid Meeting Place,Pre Bid Meeting Address,Pre Bid Meeting Date,Bid Opening Place,Should Allow NDA Tender,Allow Preferential Bidder,Publish Date,Bid Opening Date,Document Download / Sale Start Date,Document Download / Sale End Date,Clarification Start Date,Clarification End Date,Bid Submission Start Date,Bid Submission End Date,EMD Amount in ₹,EMD through BG/ST or EMD Exemption Allowed,EMD Fee Type,EMD Percentage,EMD Payable To,EMD Payable At
National Health Mission||State Programme Management Unit - NHM,2022_NHM_28534_29,NHM-32023/11/2022-CONS-NHM/88,Construction of Buildingless Sub Health Centre at NIKHARIMUKH in Hojai District for FY 2021 22 under PM ABHIM on Turnkey basis,"MD, NHM, Assam","O/o MD, NHM, Assam, Christanbasti, Guwahati-05",1.0,SBI Bank,National Health Mission||State Programme Management Unit - NHM,NHM-32023/11/2022-CONS-NHM/88,2022_NHM_28534_29,Open Tender,Turn-key,Works,2.0,No,No,Online,No,No,No,"1,500",Nil,Nil,No,1.0,Fee/PreQual/Technical,.pdf,SBD,Construction of Buildingless Sub Health Centre at NIKHARIMUKH in Hojai District for FY 2021 22 under PM ABHIM on Turnkey basis,Construction of Buildingless Sub Health Centre at NIKHARIMUKH in Hojai District for FY 2021 22 under PM ABHIM on Turnkey basis,Please refer Tender documents. ,NA ,"52,03,000",Civil Works - Building,NA ,Tender,180.0,180.0,Hojai,782435.0,NA ,NA ,NA ,"O/o MD, NHM, Assam",No ,No,29-Dec-2022 06:55 PM,20-Jan-2023 03:30 PM,29-Dec-2022 06:55 PM,18-Jan-2023 02:00 PM,NA ,NA ,29-Dec-2022 06:55 PM,18-Jan-2023 02:00 PM,"1,04,060",Yes,percentage,2.0%,Nil,Nil
,,,,,,,,,,,,,,,,,,,,,,,,,,,.pdf,EMD AND TENDER FEE,,,,,,,,,,,,,,,,,,,,,,,,,,,,,,,,
,,,,,,,,,,,,,,,,,,,,,,,,,,,.pdf,TECHNICAL QUALIFICATION,,,,,,,,,,,,,,,,,,,,,,,,,,,,,,,,
,,,,,,,,,,,,,,,,,,,,,,,,,2.0,Finance,.xls,BOQ,,,,,,,,,,,,,,,,,,,,,,,,,,,,,,,,
,,,,,,,,,,,,,,,,,,,,,,,,,,,.pdf,FOB,,,,,,,,,,,,,,,,,,,,,,,,,,,,,,,,
